# Created by FreeCAD <https://www.freecad.org>
v 17.000000 -76.594398 5.939863
v 17.000000 -113.594398 5.939863
v 17.000000 -113.594398 -20.310137
v 17.000000 -41.932716 11.482407
v 17.000000 -76.594398 22.939863
v 17.000000 -38.759323 14.655800
v 17.000000 -41.932716 -11.834794
v 17.000000 -27.100723 2.997200
v 17.000000 -30.274117 -0.176194
v 17.000000 -5.994400 22.939863
v 17.000000 -15.442123 14.655800
v 17.000000 -38.760696 -14.657172
v 17.000000 -27.100723 -2.997200
v 17.000000 -12.619745 11.131391
v 17.000000 -23.927330 -0.176194
v 17.000000 -15.440751 -14.657172
v 17.000000 -12.619745 -11.483778
v 17.000000 -5.994400 -20.310137
v -17.000000 -113.594398 5.939863
v -17.000000 -76.594398 5.939863
v -17.000000 -113.594398 -20.310137
v -17.000000 -76.594398 22.939863
v -17.000000 -41.932716 11.482407
v -17.000000 -38.759323 14.655800
v -17.000000 -27.100723 2.997200
v -17.000000 -30.274117 -0.176194
v -17.000000 -41.932716 -11.834794
v -17.000000 -5.994400 22.939863
v -17.000000 -15.442123 14.655800
v -17.000000 -27.100723 -2.997200
v -17.000000 -38.760696 -14.657172
v -17.000000 -23.927330 -0.176194
v -17.000000 -12.619745 11.131391
v -17.000000 -12.619745 -11.483778
v -17.000000 -15.440751 -14.657172
v -17.000000 -5.994400 -20.310137
v -14.750000 -5.994400 -20.310137
v -14.750000 -5.994400 22.939863
v 14.500000 -111.094398 5.939863
v 14.500000 -76.594398 5.939863
v 14.500000 -111.094398 -12.310137
v 14.500000 -76.594398 -12.310137
v -14.500000 -76.594398 -12.310137
v -14.500000 -111.094398 -12.310137
v -14.500000 -76.594398 5.939863
v -14.500000 -111.094398 5.939863
v -7.247089 -76.594398 14.999951
v -7.629720 -76.594398 15.366893
v -7.993794 -76.594398 15.752253
v -6.846833 -76.594398 14.652320
v -8.338428 -76.594398 16.155092
v -6.429926 -76.594398 14.324843
v -8.662783 -76.594398 16.574432
v -5.997381 -76.594398 14.018320
v -8.966068 -76.594398 17.009254
v -5.550250 -76.594398 13.733494
v -9.247549 -76.594398 17.458500
v -5.089620 -76.594398 13.471058
v -9.506538 -76.594398 17.921076
v -4.616612 -76.594398 13.231650
v -9.742408 -76.594398 18.395857
v -4.132377 -76.594398 13.015854
v -9.954584 -76.594398 18.881691
v -3.638091 -76.594398 12.824192
v -10.142550 -76.594398 19.377394
v -3.134957 -76.594398 12.657132
v -10.305848 -76.594398 19.881760
v -2.624199 -76.594398 12.515081
v -13.012013 -76.594398 22.939863
v -10.444082 -76.594398 20.393564
v -12.643456 -76.594398 22.912546
v -12.765810 -76.594398 22.927710
v -12.888762 -76.594398 22.936823
v -2.107059 -76.594398 12.398383
v -10.556917 -76.594398 20.911562
v -12.522000 -76.594398 22.891371
v -12.165946 -76.594398 22.792345
v -12.282954 -76.594398 22.831196
v -12.401734 -76.594398 22.864231
v -10.696994 -76.594398 21.383623
v -10.615305 -76.594398 21.151051
v -10.653281 -76.594398 21.268345
v -1.584795 -76.594398 12.307323
v -11.938383 -76.594398 22.697586
v -12.050996 -76.594398 22.747772
v -10.801190 -76.594398 21.607023
v -10.583158 -76.594398 21.032026
v -10.746337 -76.594398 21.496609
v -10.926882 -76.594398 21.819075
v -10.861421 -76.594398 21.714598
v -11.617274 -76.594398 22.514641
v -11.721258 -76.594398 22.580879
v -11.828382 -76.594398 22.641911
v -10.997413 -76.594398 21.920195
v -11.419726 -76.594398 22.367199
v -11.516682 -76.594398 22.443356
v -11.152991 -76.594398 22.111401
v -11.072845 -76.594398 22.017717
v -11.326644 -76.594398 22.286354
v -11.237660 -76.594398 22.201019
v -1.058676 -76.594398 12.242120
v -0.529982 -76.594398 12.202935
v 0.000000 -76.594398 12.189863
v 0.529982 -76.594398 12.202935
v 1.058676 -76.594398 12.242120
v 1.584795 -76.594398 12.307323
v 2.107059 -76.594398 12.398383
v 2.624199 -76.594398 12.515081
v 3.134957 -76.594398 12.657132
v 3.638091 -76.594398 12.824192
v 4.132377 -76.594398 13.015854
v 4.616612 -76.594398 13.231650
v 5.089620 -76.594398 13.471058
v 5.550250 -76.594398 13.733494
v 5.997381 -76.594398 14.018320
v 6.429926 -76.594398 14.324843
v 6.846833 -76.594398 14.652320
v 7.247089 -76.594398 14.999951
v 7.629720 -76.594398 15.366893
v 7.993794 -76.594398 15.752253
v 8.338428 -76.594398 16.155092
v 8.662783 -76.594398 16.574432
v 8.966068 -76.594398 17.009254
v 9.247549 -76.594398 17.458500
v 9.506538 -76.594398 17.921076
v 9.742408 -76.594398 18.395857
v 10.653281 -76.594398 21.268345
v 10.615305 -76.594398 21.151051
v 10.583158 -76.594398 21.032026
v 10.556917 -76.594398 20.911562
v 10.696994 -76.594398 21.383623
v 10.746337 -76.594398 21.496609
v 10.926882 -76.594398 21.819075
v 10.861421 -76.594398 21.714598
v 10.801190 -76.594398 21.607023
v 11.072845 -76.594398 22.017717
v 10.997413 -76.594398 21.920195
v 11.152991 -76.594398 22.111401
v 11.237660 -76.594398 22.201019
v 11.326644 -76.594398 22.286354
v 11.516682 -76.594398 22.443356
v 11.419726 -76.594398 22.367199
v 11.617274 -76.594398 22.514641
v 11.828382 -76.594398 22.641911
v 11.721258 -76.594398 22.580879
v 12.050996 -76.594398 22.747772
v 11.938383 -76.594398 22.697586
v 12.282954 -76.594398 22.831196
v 12.165946 -76.594398 22.792345
v 12.401734 -76.594398 22.864231
v 12.522000 -76.594398 22.891371
v 12.888762 -76.594398 22.936823
v 12.765810 -76.594398 22.927710
v 12.643456 -76.594398 22.912546
v 13.012013 -76.594398 22.939863
v 10.444082 -76.594398 20.393564
v 10.305848 -76.594398 19.881760
v 9.954584 -76.594398 18.881691
v 10.142550 -76.594398 19.377394
v -13.012013 -72.594398 22.939863
v -13.009499 -72.485825 22.939863
v -13.002020 -72.377693 22.939863
v -12.989675 -72.270180 22.939863
v -12.972563 -72.163460 22.939863
v -12.950781 -72.057701 22.939863
v -12.924429 -71.953079 22.939863
v -12.893604 -71.849754 22.939863
v -12.858405 -71.747917 22.939863
v -12.818931 -71.647720 22.939863
v -12.775278 -71.549347 22.939863
v -12.727547 -71.452965 22.939863
v -12.675835 -71.358749 22.939863
v -12.620240 -71.266869 22.939863
v -12.560862 -71.177498 22.939863
v 13.012013 -72.594398 22.939863
v 13.009979 -72.497375 22.939863
v 13.003921 -72.400528 22.939863
v 12.993347 -72.299538 22.939863
v 12.978520 -72.199051 22.939863
v 12.959517 -72.099228 22.939863
v 12.936414 -72.000229 22.939863
v 12.909290 -71.902199 22.939863
v 12.878222 -71.805313 22.939863
v 12.843288 -71.709717 22.939863
v 12.804565 -71.615570 22.939863
v 12.762132 -71.523041 22.939863
v 12.716063 -71.432266 22.939863
v 12.666439 -71.343422 22.939863
v 12.613336 -71.256660 22.939863
v 12.556831 -71.172134 22.939863
v -12.497797 -71.090805 22.939863
v -12.431145 -71.006966 22.939863
v -12.361004 -70.926147 22.939863
v -12.287472 -70.848526 22.939863
v -12.210649 -70.774269 22.939863
v -12.130669 -70.703484 22.939863
v -12.047691 -70.636246 22.939863
v -11.961880 -70.572617 22.939863
v -11.873395 -70.512657 22.939863
v -11.782401 -70.456436 22.939863
v -11.689059 -70.404007 22.939863
v -11.593533 -70.355446 22.939863
v -11.495982 -70.310806 22.939863
v -11.396571 -70.270164 22.939863
v -11.295462 -70.233566 22.939863
v -11.192816 -70.201096 22.939863
v -11.088797 -70.172798 22.939863
v -10.983565 -70.148750 22.939863
v -10.877285 -70.129013 22.939863
v -10.770118 -70.113647 22.939863
v -10.662226 -70.102715 22.939863
v -10.558928 -70.096489 22.939863
v -10.455262 -70.094398 22.939863
v 10.455262 -70.094398 22.939863
v 14.750000 -5.994400 22.939863
v 10.580806 -70.097511 22.939863
v 10.706059 -70.106773 22.939863
v 10.830733 -70.122101 22.939863
v 10.954547 -70.143394 22.939863
v 11.077212 -70.170570 22.939863
v 11.198445 -70.203522 22.939863
v 11.317961 -70.242157 22.939863
v 11.435473 -70.286385 22.939863
v 11.550697 -70.336113 22.939863
v 11.663347 -70.391251 22.939863
v 11.773139 -70.451691 22.939863
v 11.879786 -70.517349 22.939863
v 11.983005 -70.588135 22.939863
v 12.072733 -70.656143 22.939863
v 12.150744 -70.720779 22.939863
v 12.225999 -70.788605 22.939863
v 12.298347 -70.859573 22.939863
v 12.367683 -70.933563 22.939863
v 12.433928 -71.010429 22.939863
v 12.497003 -71.090004 22.939863
v 14.750000 -0.994400 22.939863
v -14.750000 -0.994400 22.939863
v 14.750000 -5.994400 -20.310137
v -14.750000 -0.994400 -20.310137
v 14.750000 -0.994400 -20.310137
v -12.914686 -113.594398 -11.123678
v -13.015165 -113.594398 -11.025674
v -13.110634 -113.594398 -10.922783
v -12.809447 -113.594398 -11.216552
v -13.200855 -113.594398 -10.815261
v -12.699709 -113.594398 -11.304065
v -13.285605 -113.594398 -10.703376
v -12.585746 -113.594398 -11.386000
v -13.364673 -113.594398 -10.587405
v -12.467840 -113.594398 -11.462151
v -13.437861 -113.594398 -10.467637
v -12.346285 -113.594398 -11.532331
v -13.504989 -113.594398 -10.344370
v -12.221383 -113.594398 -11.596364
v -13.565889 -113.594398 -10.217910
v -12.093444 -113.594398 -11.654093
v -13.620410 -113.594398 -10.088573
v -11.962787 -113.594398 -11.705372
v -13.668415 -113.594398 -9.956677
v -11.829736 -113.594398 -11.750074
v -13.709787 -113.594398 -9.822553
v -11.694622 -113.594398 -11.788090
v -13.744422 -113.594398 -9.686534
v -11.557781 -113.594398 -11.819323
v -13.772234 -113.594398 -9.548957
v -11.419554 -113.594398 -11.843696
v -13.793154 -113.594398 -9.410165
v -11.280284 -113.594398 -11.861149
v -13.807129 -113.594398 -9.270502
v -11.140316 -113.594398 -11.871637
v -13.814125 -113.594398 -9.130317
v -11.000000 -113.594398 -11.875137
v -13.814125 -113.594398 -8.989957
v -10.859684 -113.594398 -11.871637
v -13.807129 -113.594398 -8.849771
v -10.719716 -113.594398 -11.861149
v -10.580446 -113.594398 -11.843696
v -10.442219 -113.594398 -11.819323
v -10.305378 -113.594398 -11.788090
v -10.170264 -113.594398 -11.750074
v -10.037213 -113.594398 -11.705372
v -9.906556 -113.594398 -11.654093
v -9.778617 -113.594398 -11.596364
v -9.653715 -113.594398 -11.532331
v -9.532160 -113.594398 -11.462151
v -13.793154 -113.594398 -8.710110
v -13.772234 -113.594398 -8.571318
v -13.744422 -113.594398 -8.433741
v -13.709787 -113.594398 -8.297721
v -13.668415 -113.594398 -8.163597
v -13.620410 -113.594398 -8.031702
v -11.000000 -113.594398 -6.245137
v -10.859684 -113.594398 -6.248636
v -13.565889 -113.594398 -7.902364
v -10.719716 -113.594398 -6.259125
v -13.504989 -113.594398 -7.775904
v -10.580446 -113.594398 -6.276578
v -13.437861 -113.594398 -7.652637
v -10.442219 -113.594398 -6.300951
v -13.364673 -113.594398 -7.532869
v -10.305378 -113.594398 -6.332184
v -10.170264 -113.594398 -6.370200
v -13.285605 -113.594398 -7.416899
v -10.037213 -113.594398 -6.414902
v -13.200855 -113.594398 -7.305013
v -9.906556 -113.594398 -6.466182
v -13.110634 -113.594398 -7.197492
v -9.778617 -113.594398 -6.523910
v -13.015165 -113.594398 -7.094600
v -9.653715 -113.594398 -6.587944
v -12.914686 -113.594398 -6.996596
v -9.532160 -113.594398 -6.658123
v -12.809447 -113.594398 -6.903722
v -9.414254 -113.594398 -6.734275
v -12.699709 -113.594398 -6.816209
v -12.585746 -113.594398 -6.734275
v -12.467840 -113.594398 -6.658123
v -12.346285 -113.594398 -6.587944
v -12.221383 -113.594398 -6.523910
v -12.093444 -113.594398 -6.466182
v -11.962787 -113.594398 -6.414902
v -11.829736 -113.594398 -6.370200
v -11.694622 -113.594398 -6.332184
v -11.557781 -113.594398 -6.300951
v -11.419554 -113.594398 -6.276578
v -11.280284 -113.594398 -6.259125
v -11.140316 -113.594398 -6.248636
v 8.984835 -113.594398 -11.025674
v -8.889366 -113.594398 -10.922783
v -8.984835 -113.594398 -11.025674
v 9.085314 -113.594398 -11.123678
v -9.085314 -113.594398 -11.123678
v 8.889366 -113.594398 -10.922783
v -8.799145 -113.594398 -10.815261
v 9.190553 -113.594398 -11.216552
v -9.190553 -113.594398 -11.216552
v 8.799145 -113.594398 -10.815261
v 9.300291 -113.594398 -11.304065
v -9.300291 -113.594398 -11.304065
v 8.714395 -113.594398 -10.703376
v -8.714395 -113.594398 -10.703376
v 9.414254 -113.594398 -11.386000
v -9.414254 -113.594398 -11.386000
v 8.635327 -113.594398 -10.587405
v -8.562139 -113.594398 -10.467637
v -8.635327 -113.594398 -10.587405
v 9.532160 -113.594398 -11.462151
v 8.562139 -113.594398 -10.467637
v 9.653715 -113.594398 -11.532331
v 8.495011 -113.594398 -10.344370
v -8.434111 -113.594398 -10.217910
v -8.495011 -113.594398 -10.344370
v 9.778617 -113.594398 -11.596364
v 8.434111 -113.594398 -10.217910
v -8.379590 -113.594398 -10.088573
v 9.906556 -113.594398 -11.654093
v 8.379590 -113.594398 -10.088573
v 10.037213 -113.594398 -11.705372
v 8.331585 -113.594398 -9.956677
v -8.331585 -113.594398 -9.956677
v 10.170264 -113.594398 -11.750074
v 8.290213 -113.594398 -9.822553
v -8.255578 -113.594398 -9.686534
v -8.290213 -113.594398 -9.822553
v 10.305378 -113.594398 -11.788090
v 8.255578 -113.594398 -9.686534
v 10.442219 -113.594398 -11.819323
v 8.227766 -113.594398 -9.548957
v -8.227766 -113.594398 -9.548957
v 10.580446 -113.594398 -11.843696
v 8.206846 -113.594398 -9.410165
v -8.206846 -113.594398 -9.410165
v 10.719716 -113.594398 -11.861149
v 8.192871 -113.594398 -9.270502
v -8.192871 -113.594398 -9.270502
v 10.859684 -113.594398 -11.871637
v 8.185875 -113.594398 -9.130317
v -8.185875 -113.594398 -9.130317
v 11.000000 -113.594398 -11.875137
v 8.185875 -113.594398 -8.989957
v -8.192871 -113.594398 -8.849771
v -8.185875 -113.594398 -8.989957
v 11.140316 -113.594398 -11.871637
v 8.192871 -113.594398 -8.849771
v -8.206846 -113.594398 -8.710110
v 11.280284 -113.594398 -11.861149
v 8.206846 -113.594398 -8.710110
v -8.227766 -113.594398 -8.571318
v 11.419554 -113.594398 -11.843696
v 8.227766 -113.594398 -8.571318
v 11.557781 -113.594398 -11.819323
v 8.255578 -113.594398 -8.433741
v -8.290213 -113.594398 -8.297721
v -8.255578 -113.594398 -8.433741
v 11.694622 -113.594398 -11.788090
v 8.290213 -113.594398 -8.297721
v -8.331585 -113.594398 -8.163597
v 11.829736 -113.594398 -11.750074
v 8.331585 -113.594398 -8.163597
v 11.962787 -113.594398 -11.705372
v 8.379590 -113.594398 -8.031702
v -8.379590 -113.594398 -8.031702
v 12.093444 -113.594398 -11.654093
v 8.434111 -113.594398 -7.902364
v -8.434111 -113.594398 -7.902364
v 12.221383 -113.594398 -11.596364
v 8.495011 -113.594398 -7.775904
v -8.495011 -113.594398 -7.775904
v 12.346285 -113.594398 -11.532331
v 8.562139 -113.594398 -7.652637
v -8.635327 -113.594398 -7.532869
v -8.562139 -113.594398 -7.652637
v 12.467840 -113.594398 -11.462151
v 8.635327 -113.594398 -7.532869
v -8.714395 -113.594398 -7.416899
v 12.585746 -113.594398 -11.386000
v 8.714395 -113.594398 -7.416899
v -8.799145 -113.594398 -7.305013
v 12.699709 -113.594398 -11.304065
v 8.799145 -113.594398 -7.305013
v -8.889366 -113.594398 -7.197492
v 12.809447 -113.594398 -11.216552
v 8.889366 -113.594398 -7.197492
v 12.914686 -113.594398 -11.123678
v 8.984835 -113.594398 -7.094600
v -8.984835 -113.594398 -7.094600
v 13.015165 -113.594398 -11.025674
v 9.085314 -113.594398 -6.996596
v -9.085314 -113.594398 -6.996596
v 13.110634 -113.594398 -10.922783
v 9.190553 -113.594398 -6.903722
v -9.300291 -113.594398 -6.816209
v -9.190553 -113.594398 -6.903722
v 13.200855 -113.594398 -10.815261
v 9.300291 -113.594398 -6.816209
v 13.285605 -113.594398 -10.703376
v 9.414254 -113.594398 -6.734275
v 13.364673 -113.594398 -10.587405
v 13.437861 -113.594398 -10.467637
v 13.504989 -113.594398 -10.344370
v 13.565889 -113.594398 -10.217910
v 13.620410 -113.594398 -10.088573
v 13.668415 -113.594398 -9.956677
v 13.709787 -113.594398 -9.822553
v 13.744422 -113.594398 -9.686534
v 13.772234 -113.594398 -9.548957
v 13.793154 -113.594398 -9.410165
v 13.807129 -113.594398 -9.270502
v 13.814125 -113.594398 -9.130317
v 13.814125 -113.594398 -8.989957
v 13.807129 -113.594398 -8.849771
v 11.000000 -113.594398 -6.245137
v 11.140316 -113.594398 -6.248636
v 11.280284 -113.594398 -6.259125
v 11.419554 -113.594398 -6.276578
v 11.557781 -113.594398 -6.300951
v 11.694622 -113.594398 -6.332184
v 11.829736 -113.594398 -6.370200
v 11.962787 -113.594398 -6.414902
v 12.093444 -113.594398 -6.466182
v 12.221383 -113.594398 -6.523910
v 12.346285 -113.594398 -6.587944
v 12.467840 -113.594398 -6.658123
v 12.585746 -113.594398 -6.734275
v 12.699709 -113.594398 -6.816209
v 9.532160 -113.594398 -6.658123
v 12.809447 -113.594398 -6.903722
v 9.653715 -113.594398 -6.587944
v 12.914686 -113.594398 -6.996596
v 9.778617 -113.594398 -6.523910
v 13.015165 -113.594398 -7.094600
v 9.906556 -113.594398 -6.466182
v 13.110634 -113.594398 -7.197492
v 10.037213 -113.594398 -6.414902
v 13.200855 -113.594398 -7.305013
v 10.170264 -113.594398 -6.370200
v 13.285605 -113.594398 -7.416899
v 10.305378 -113.594398 -6.332184
v 13.364673 -113.594398 -7.532869
v 10.442219 -113.594398 -6.300951
v 13.437861 -113.594398 -7.652637
v 10.580446 -113.594398 -6.276578
v 13.504989 -113.594398 -7.775904
v 10.719716 -113.594398 -6.259125
v 13.565889 -113.594398 -7.902364
v 10.859684 -113.594398 -6.248636
v 13.620410 -113.594398 -8.031702
v 13.668415 -113.594398 -8.163597
v 13.709787 -113.594398 -8.297721
v 13.744422 -113.594398 -8.433741
v 13.772234 -113.594398 -8.571318
v 13.793154 -113.594398 -8.710110
v -11.966420 -111.094398 -10.002757
v -11.918233 -111.094398 -10.049757
v -12.012204 -111.094398 -9.953413
v -11.867764 -111.094398 -10.094297
v -12.055472 -111.094398 -9.901848
v -11.815136 -111.094398 -10.136266
v -12.096116 -111.094398 -9.848191
v -11.760482 -111.094398 -10.175559
v -12.134035 -111.094398 -9.792575
v -11.703938 -111.094398 -10.212080
v -12.169134 -111.094398 -9.735137
v -11.645643 -111.094398 -10.245736
v -12.201327 -111.094398 -9.676022
v -11.585743 -111.094398 -10.276445
v -12.230533 -111.094398 -9.615375
v -11.524387 -111.094398 -10.304130
v -12.256680 -111.094398 -9.553348
v -11.461727 -111.094398 -10.328722
v -12.279702 -111.094398 -9.490094
v -11.397920 -111.094398 -10.350161
v -12.299542 -111.094398 -9.425772
v -11.333122 -111.094398 -10.368391
v -12.316153 -111.094398 -9.360540
v -11.267497 -111.094398 -10.383370
v -12.329491 -111.094398 -9.294562
v -11.201207 -111.094398 -10.395059
v -12.339523 -111.094398 -9.228001
v -11.134417 -111.094398 -10.403429
v -12.346225 -111.094398 -9.161023
v -11.067292 -111.094398 -10.408459
v -12.349581 -111.094398 -9.093794
v -11.000000 -111.094398 -10.410137
v -12.349581 -111.094398 -9.026481
v -10.932708 -111.094398 -10.408459
v -12.346225 -111.094398 -8.959251
v -10.865583 -111.094398 -10.403429
v -12.339523 -111.094398 -8.892273
v -10.798793 -111.094398 -10.395059
v -12.329491 -111.094398 -8.825712
v -10.732503 -111.094398 -10.383370
v -12.316153 -111.094398 -8.759734
v -10.666878 -111.094398 -10.368391
v -12.299542 -111.094398 -8.694503
v -10.602080 -111.094398 -10.350161
v -12.279702 -111.094398 -8.630180
v -10.538273 -111.094398 -10.328722
v -12.256680 -111.094398 -8.566927
v -10.475613 -111.094398 -10.304130
v -11.000000 -111.094398 -7.710137
v -10.932708 -111.094398 -7.711815
v -12.230533 -111.094398 -8.504899
v -10.865583 -111.094398 -7.716846
v -12.201327 -111.094398 -8.444253
v -10.798793 -111.094398 -7.725215
v -12.169134 -111.094398 -8.385137
v -10.732503 -111.094398 -7.736904
v -12.134035 -111.094398 -8.327700
v -10.666878 -111.094398 -7.751883
v -12.096116 -111.094398 -8.272083
v -10.602080 -111.094398 -7.770114
v -12.055472 -111.094398 -8.218426
v -10.538273 -111.094398 -7.791552
v -10.475613 -111.094398 -7.816144
v -12.012204 -111.094398 -8.166862
v -10.414257 -111.094398 -7.843829
v -11.966420 -111.094398 -8.117517
v -10.354357 -111.094398 -7.874538
v -11.918233 -111.094398 -8.070517
v -10.296062 -111.094398 -7.908195
v -11.867764 -111.094398 -8.025977
v -10.239518 -111.094398 -7.944715
v -11.815136 -111.094398 -7.984008
v -10.184864 -111.094398 -7.984008
v -11.760482 -111.094398 -7.944715
v -10.132236 -111.094398 -8.025977
v -11.703938 -111.094398 -7.908195
v -10.081767 -111.094398 -8.070517
v -11.645643 -111.094398 -7.874538
v -11.585743 -111.094398 -7.843829
v -11.524387 -111.094398 -7.816144
v -11.461727 -111.094398 -7.791552
v -11.397920 -111.094398 -7.770114
v -11.333122 -111.094398 -7.751883
v -11.267497 -111.094398 -7.736904
v -11.201207 -111.094398 -7.725215
v -11.134417 -111.094398 -7.716846
v -11.067292 -111.094398 -7.711815
v -9.987796 -111.094398 -9.953413
v 10.033580 -111.094398 -10.002757
v -10.033580 -111.094398 -10.002757
v 10.081767 -111.094398 -10.049757
v -10.081767 -111.094398 -10.049757
v 9.987796 -111.094398 -9.953413
v 10.132236 -111.094398 -10.094297
v -10.132236 -111.094398 -10.094297
v -10.184864 -111.094398 -10.136266
v 9.944528 -111.094398 -9.901848
v -9.944528 -111.094398 -9.901848
v 10.184864 -111.094398 -10.136266
v 9.903884 -111.094398 -9.848191
v -9.903884 -111.094398 -9.848191
v 10.239518 -111.094398 -10.175559
v -10.239518 -111.094398 -10.175559
v -10.296062 -111.094398 -10.212080
v 9.865965 -111.094398 -9.792575
v -9.830866 -111.094398 -9.735137
v -9.865965 -111.094398 -9.792575
v 10.296062 -111.094398 -10.212080
v 9.830866 -111.094398 -9.735137
v 10.354357 -111.094398 -10.245736
v -10.354357 -111.094398 -10.245736
v -10.414257 -111.094398 -10.276445
v 9.798673 -111.094398 -9.676022
v -9.769467 -111.094398 -9.615375
v -9.798673 -111.094398 -9.676022
v 10.414257 -111.094398 -10.276445
v 9.769467 -111.094398 -9.615375
v 10.475613 -111.094398 -10.304130
v -9.720298 -111.094398 -9.490094
v 9.743320 -111.094398 -9.553348
v -9.743320 -111.094398 -9.553348
v 9.720298 -111.094398 -9.490094
v -9.700458 -111.094398 -9.425772
v 9.700458 -111.094398 -9.425772
v -9.670509 -111.094398 -9.294562
v 9.683847 -111.094398 -9.360540
v -9.683847 -111.094398 -9.360540
v 9.670509 -111.094398 -9.294562
v -9.653775 -111.094398 -9.161023
v 9.660477 -111.094398 -9.228001
v -9.660477 -111.094398 -9.228001
v 9.653775 -111.094398 -9.161023
v 9.650419 -111.094398 -9.093794
v -9.650419 -111.094398 -9.093794
v -9.653775 -111.094398 -8.959251
v 9.650419 -111.094398 -9.026481
v -9.650419 -111.094398 -9.026481
v 9.653775 -111.094398 -8.959251
v -9.670509 -111.094398 -8.825712
v 9.660477 -111.094398 -8.892273
v -9.660477 -111.094398 -8.892273
v 9.670509 -111.094398 -8.825712
v -9.683847 -111.094398 -8.759734
v 9.683847 -111.094398 -8.759734
v -9.720298 -111.094398 -8.630180
v 9.700458 -111.094398 -8.694503
v -9.700458 -111.094398 -8.694503
v 9.720298 -111.094398 -8.630180
v -9.769467 -111.094398 -8.504899
v 9.743320 -111.094398 -8.566927
v -9.743320 -111.094398 -8.566927
v -9.798673 -111.094398 -8.444253
v 9.769467 -111.094398 -8.504899
v -9.830866 -111.094398 -8.385137
v 9.798673 -111.094398 -8.444253
v 9.830866 -111.094398 -8.385137
v 9.865965 -111.094398 -8.327700
v -9.865965 -111.094398 -8.327700
v -9.944528 -111.094398 -8.218426
v 9.903884 -111.094398 -8.272083
v -9.903884 -111.094398 -8.272083
v 9.944528 -111.094398 -8.218426
v 9.987796 -111.094398 -8.166862
v -10.033580 -111.094398 -8.117517
v -9.987796 -111.094398 -8.166862
v 10.033580 -111.094398 -8.117517
v 10.081767 -111.094398 -8.070517
v 12.055472 -111.094398 -9.901848
v 12.012204 -111.094398 -9.953413
v 11.966420 -111.094398 -10.002757
v 11.918233 -111.094398 -10.049757
v 11.867764 -111.094398 -10.094297
v 11.815136 -111.094398 -10.136266
v 11.760482 -111.094398 -10.175559
v 11.703938 -111.094398 -10.212080
v 11.645643 -111.094398 -10.245736
v 11.585743 -111.094398 -10.276445
v 11.524387 -111.094398 -10.304130
v 11.461727 -111.094398 -10.328722
v 11.397920 -111.094398 -10.350161
v 11.333122 -111.094398 -10.368391
v 11.267497 -111.094398 -10.383370
v 11.201207 -111.094398 -10.395059
v 11.134417 -111.094398 -10.403429
v 11.067292 -111.094398 -10.408459
v 11.000000 -111.094398 -10.410137
v 10.932708 -111.094398 -10.408459
v 10.865583 -111.094398 -10.403429
v 10.798793 -111.094398 -10.395059
v 10.732503 -111.094398 -10.383370
v 10.666878 -111.094398 -10.368391
v 10.602080 -111.094398 -10.350161
v 10.538273 -111.094398 -10.328722
v 12.096116 -111.094398 -9.848191
v 12.134035 -111.094398 -9.792575
v 12.169134 -111.094398 -9.735137
v 12.201327 -111.094398 -9.676022
v 12.230533 -111.094398 -9.615375
v 12.256680 -111.094398 -9.553348
v 12.279702 -111.094398 -9.490094
v 12.299542 -111.094398 -9.425772
v 12.316153 -111.094398 -9.360540
v 12.329491 -111.094398 -9.294562
v 12.339523 -111.094398 -9.228001
v 12.346225 -111.094398 -9.161023
v 12.349581 -111.094398 -9.093794
v 12.349581 -111.094398 -9.026481
v 12.346225 -111.094398 -8.959251
v 12.339523 -111.094398 -8.892273
v 12.329491 -111.094398 -8.825712
v 12.316153 -111.094398 -8.759734
v 12.299542 -111.094398 -8.694503
v 12.279702 -111.094398 -8.630180
v 12.256680 -111.094398 -8.566927
v 11.000000 -111.094398 -7.710137
v 11.067292 -111.094398 -7.711815
v 11.134417 -111.094398 -7.716846
v 11.201207 -111.094398 -7.725215
v 11.267497 -111.094398 -7.736904
v 11.333122 -111.094398 -7.751883
v 11.397920 -111.094398 -7.770114
v 11.461727 -111.094398 -7.791552
v 11.524387 -111.094398 -7.816144
v 11.585743 -111.094398 -7.843829
v 11.645643 -111.094398 -7.874538
v 10.132236 -111.094398 -8.025977
v 11.703938 -111.094398 -7.908195
v 10.184864 -111.094398 -7.984008
v 11.760482 -111.094398 -7.944715
v 10.239518 -111.094398 -7.944715
v 11.815136 -111.094398 -7.984008
v 10.296062 -111.094398 -7.908195
v 11.867764 -111.094398 -8.025977
v 10.354357 -111.094398 -7.874538
v 11.918233 -111.094398 -8.070517
v 10.414257 -111.094398 -7.843829
v 11.966420 -111.094398 -8.117517
v 10.475613 -111.094398 -7.816144
v 12.012204 -111.094398 -8.166862
v 10.538273 -111.094398 -7.791552
v 12.055472 -111.094398 -8.218426
v 10.602080 -111.094398 -7.770114
v 12.096116 -111.094398 -8.272083
v 10.666878 -111.094398 -7.751883
v 12.134035 -111.094398 -8.327700
v 10.732503 -111.094398 -7.736904
v 12.169134 -111.094398 -8.385137
v 10.798793 -111.094398 -7.725215
v 12.201327 -111.094398 -8.444253
v 10.865583 -111.094398 -7.716846
v 12.230533 -111.094398 -8.504899
v 10.932708 -111.094398 -7.711815
v 12.250000 -0.994400 -19.435137
v -12.250000 -5.994400 -19.435137
v 12.250000 -5.994400 -19.435137
v -12.250000 -0.994400 -19.435137
v -12.250000 -5.994400 22.064863
v -12.250000 -0.994400 22.064863
v 12.250000 -0.994400 22.064863
v 12.250000 -5.994400 22.064863
v -7.564169 -5.994400 -12.210785
v -7.486177 -5.994400 -12.286856
v -7.638272 -5.994400 -12.130920
v -7.404491 -5.994400 -12.358944
v -7.708302 -5.994400 -12.047462
v -7.319313 -5.994400 -12.426871
v -7.774085 -5.994400 -11.960617
v -7.230855 -5.994400 -12.490469
v -7.835457 -5.994400 -11.870601
v -7.139336 -5.994400 -12.549578
v -7.892265 -5.994400 -11.777637
v -7.044985 -5.994400 -12.604052
v -7.944370 -5.994400 -11.681957
v -6.948036 -5.994400 -12.653754
v -7.991640 -5.994400 -11.583799
v -6.848730 -5.994400 -12.698563
v -8.033959 -5.994400 -11.483407
v -6.747314 -5.994400 -12.738365
v -8.071221 -5.994400 -11.381030
v -6.644040 -5.994400 -12.773064
v -8.103334 -5.994400 -11.276923
v -6.539165 -5.994400 -12.802571
v -8.130218 -5.994400 -11.171346
v -6.432950 -5.994400 -12.826814
v -8.151805 -5.994400 -11.064558
v -6.325657 -5.994400 -12.845733
v -8.168043 -5.994400 -10.956828
v -6.217556 -5.994400 -12.859280
v -8.178890 -5.994400 -10.848422
v -6.108913 -5.994400 -12.867421
v -8.184320 -5.994400 -10.739611
v -6.000000 -5.994400 -12.870137
v -8.184320 -5.994400 -10.630664
v -5.891087 -5.994400 -12.867421
v -8.178890 -5.994400 -10.521852
v -5.782444 -5.994400 -12.859280
v -8.168043 -5.994400 -10.413446
v -5.674343 -5.994400 -12.845733
v -8.151805 -5.994400 -10.305716
v -5.567050 -5.994400 -12.826814
v -8.130218 -5.994400 -10.198929
v -5.460835 -5.994400 -12.802571
v -8.103334 -5.994400 -10.093350
v -5.355960 -5.994400 -12.773064
v -5.252686 -5.994400 -12.738365
v -5.151270 -5.994400 -12.698563
v 4.435831 -5.994400 -12.210785
v 4.513823 -5.994400 -12.286856
v -4.435831 -5.994400 -12.210785
v -4.513823 -5.994400 -12.286856
v -4.595509 -5.994400 -12.358944
v 4.361728 -5.994400 -12.130920
v -4.361728 -5.994400 -12.130920
v 4.595509 -5.994400 -12.358944
v -4.680687 -5.994400 -12.426871
v -4.291698 -5.994400 -12.047462
v 4.291698 -5.994400 -12.047462
v 4.680687 -5.994400 -12.426871
v 4.225915 -5.994400 -11.960617
v -4.225915 -5.994400 -11.960617
v 4.769145 -5.994400 -12.490469
v -4.769145 -5.994400 -12.490469
v 4.164543 -5.994400 -11.870601
v -4.164543 -5.994400 -11.870601
v -4.860664 -5.994400 -12.549578
v 4.860664 -5.994400 -12.549578
v -4.955015 -5.994400 -12.604052
v 4.107735 -5.994400 -11.777637
v -4.107735 -5.994400 -11.777637
v -4.055630 -5.994400 -11.681957
v 4.955015 -5.994400 -12.604052
v 4.055630 -5.994400 -11.681957
v -5.051964 -5.994400 -12.653754
v 5.051964 -5.994400 -12.653754
v -4.008360 -5.994400 -11.583799
v 4.008360 -5.994400 -11.583799
v 5.151270 -5.994400 -12.698563
v 3.966041 -5.994400 -11.483407
v -3.966041 -5.994400 -11.483407
v 3.928779 -5.994400 -11.381030
v -3.928779 -5.994400 -11.381030
v -3.896666 -5.994400 -11.276923
v 3.896666 -5.994400 -11.276923
v 3.869782 -5.994400 -11.171346
v -3.869782 -5.994400 -11.171346
v -3.848195 -5.994400 -11.064558
v 3.848195 -5.994400 -11.064558
v 5.252686 -5.994400 -12.738365
v 5.355960 -5.994400 -12.773064
v 5.460835 -5.994400 -12.802571
v 5.567050 -5.994400 -12.826814
v 5.674343 -5.994400 -12.845733
v 3.831957 -5.994400 -10.956828
v -3.831957 -5.994400 -10.956828
v -3.821110 -5.994400 -10.848422
v 5.782444 -5.994400 -12.859280
v 3.821110 -5.994400 -10.848422
v 5.891087 -5.994400 -12.867421
v 3.815679 -5.994400 -10.739611
v -3.815679 -5.994400 -10.739611
v 6.000000 -5.994400 -12.870137
v 3.815679 -5.994400 -10.630664
v -3.815679 -5.994400 -10.630664
v -3.821110 -5.994400 -10.521852
v 6.108913 -5.994400 -12.867421
v 3.821110 -5.994400 -10.521852
v 6.217556 -5.994400 -12.859280
v 3.831957 -5.994400 -10.413446
v -3.831957 -5.994400 -10.413446
v -3.848195 -5.994400 -10.305716
v 6.325657 -5.994400 -12.845733
v 3.848195 -5.994400 -10.305716
v 6.432950 -5.994400 -12.826814
v 3.869782 -5.994400 -10.198929
v -3.869782 -5.994400 -10.198929
v 6.539165 -5.994400 -12.802571
v -3.896666 -5.994400 -10.093350
v 3.896666 -5.994400 -10.093350
v 6.644040 -5.994400 -12.773064
v 3.928779 -5.994400 -9.989244
v -3.928779 -5.994400 -9.989244
v 6.747314 -5.994400 -12.738365
v -3.966041 -5.994400 -9.886867
v 3.966041 -5.994400 -9.886867
v 6.848730 -5.994400 -12.698563
v 4.008360 -5.994400 -9.786475
v -4.008360 -5.994400 -9.786475
v -4.055630 -5.994400 -9.688316
v 6.948036 -5.994400 -12.653754
v 4.055630 -5.994400 -9.688316
v 7.044985 -5.994400 -12.604052
v 4.107735 -5.994400 -9.592637
v -4.107735 -5.994400 -9.592637
v -4.164543 -5.994400 -9.499674
v 7.139336 -5.994400 -12.549578
v 4.164543 -5.994400 -9.499674
v 7.230855 -5.994400 -12.490469
v 4.225915 -5.994400 -9.409657
v -4.225915 -5.994400 -9.409657
v 7.319313 -5.994400 -12.426871
v 4.291698 -5.994400 -9.322812
v -4.291698 -5.994400 -9.322812
v 7.404491 -5.994400 -12.358944
v 4.361728 -5.994400 -9.239353
v -4.361728 -5.994400 -9.239353
v 7.486177 -5.994400 -12.286856
v -4.435831 -5.994400 -9.159490
v 4.435831 -5.994400 -9.159490
v 7.564169 -5.994400 -12.210785
v -4.513823 -5.994400 -9.083419
v 4.513823 -5.994400 -9.083419
v 7.638272 -5.994400 -12.130920
v -4.595509 -5.994400 -9.011330
v 4.595509 -5.994400 -9.011330
v 7.708302 -5.994400 -12.047462
v 4.680687 -5.994400 -8.943402
v -4.680687 -5.994400 -8.943402
v 7.774085 -5.994400 -11.960617
v 4.769145 -5.994400 -8.879806
v -4.769145 -5.994400 -8.879806
v 7.835457 -5.994400 -11.870601
v -4.860664 -5.994400 -8.820697
v 4.860664 -5.994400 -8.820697
v 7.892265 -5.994400 -11.777637
v 4.955015 -5.994400 -8.766223
v -4.955015 -5.994400 -8.766223
v 7.944370 -5.994400 -11.681957
v -5.051964 -5.994400 -8.716520
v 5.051964 -5.994400 -8.716520
v 7.991640 -5.994400 -11.583799
v 8.033959 -5.994400 -11.483407
v 8.071221 -5.994400 -11.381030
v 8.103334 -5.994400 -11.276923
v 8.130218 -5.994400 -11.171346
v 8.151805 -5.994400 -11.064558
v 8.168043 -5.994400 -10.956828
v 8.178890 -5.994400 -10.848422
v 8.184320 -5.994400 -10.739611
v 8.184320 -5.994400 -10.630664
v 8.178890 -5.994400 -10.521852
v 8.168043 -5.994400 -10.413446
v 8.151805 -5.994400 -10.305716
v 8.130218 -5.994400 -10.198929
v 8.103334 -5.994400 -10.093350
v -7.564169 -5.994400 -9.159490
v -7.486177 -5.994400 11.713144
v -7.486177 -5.994400 -9.083419
v -7.564169 -5.994400 11.789215
v -7.638272 -5.994400 -9.239353
v -7.638272 -5.994400 11.869080
v -7.404491 -5.994400 -9.011330
v -7.404491 -5.994400 11.641056
v -7.319313 -5.994400 -8.943402
v -7.708302 -5.994400 -9.322812
v -7.708302 -5.994400 11.952538
v -7.774085 -5.994400 -9.409657
v -7.319313 -5.994400 11.573129
v -7.230855 -5.994400 -8.879806
v -7.774085 -5.994400 12.039383
v -7.230855 -5.994400 11.509531
v -7.835457 -5.994400 -9.499674
v -7.835457 -5.994400 12.129399
v -7.139336 -5.994400 11.450422
v -7.139336 -5.994400 -8.820697
v -7.892265 -5.994400 -9.592637
v -7.892265 -5.994400 12.222363
v -7.044985 -5.994400 11.395948
v -7.044985 -5.994400 -8.766223
v -7.944370 -5.994400 -9.688316
v -7.944370 -5.994400 12.318043
v -6.948036 -5.994400 -8.716520
v -6.948036 -5.994400 11.346246
v -6.848730 -5.994400 -8.671712
v -7.991640 -5.994400 -9.786475
v -7.991640 -5.994400 12.416201
v -6.848730 -5.994400 11.301437
v -8.033959 -5.994400 -9.886867
v -8.033959 -5.994400 12.516593
v -6.747314 -5.994400 11.261635
v -6.747314 -5.994400 -8.631908
v -8.071221 -5.994400 -9.989244
v -8.071221 -5.994400 12.618970
v -6.644040 -5.994400 11.226936
v -6.644040 -5.994400 -8.597211
v -8.103334 -5.994400 12.723077
v -6.539165 -5.994400 11.197429
v -6.539165 -5.994400 -8.567703
v -6.432950 -5.994400 11.173186
v -6.432950 -5.994400 -8.543460
v -6.325657 -5.994400 -8.524542
v -6.325657 -5.994400 11.154267
v -6.217556 -5.994400 11.140720
v -6.217556 -5.994400 -8.510995
v -6.108913 -5.994400 -8.502853
v -6.108913 -5.994400 11.132579
v -6.000000 -5.994400 11.129863
v -6.000000 -5.994400 -8.500137
v -5.891087 -5.994400 11.132579
v -5.891087 -5.994400 -8.502853
v -5.782444 -5.994400 11.140720
v -5.782444 -5.994400 -8.510995
v -5.674343 -5.994400 -8.524542
v -5.674343 -5.994400 11.154267
v -5.567050 -5.994400 -8.543460
v -5.567050 -5.994400 11.173186
v -5.460835 -5.994400 -8.567703
v -5.460835 -5.994400 11.197429
v -5.355960 -5.994400 -8.597211
v -5.355960 -5.994400 11.226936
v -5.252686 -5.994400 -8.631908
v -5.252686 -5.994400 11.261635
v -5.151270 -5.994400 11.301437
v -5.151270 -5.994400 -8.671712
v -5.051964 -5.994400 11.346246
v -5.782444 -5.994400 15.489005
v -5.674343 -5.994400 15.475458
v -5.891087 -5.994400 15.497147
v -6.000000 -5.994400 15.499863
v -6.108913 -5.994400 15.497147
v -6.217556 -5.994400 15.489005
v -6.325657 -5.994400 15.475458
v -6.432950 -5.994400 15.456540
v -6.539165 -5.994400 15.432297
v -6.644040 -5.994400 15.402789
v -6.747314 -5.994400 15.368092
v -6.848730 -5.994400 15.328288
v -6.948036 -5.994400 15.283480
v -7.044985 -5.994400 15.233777
v -7.139336 -5.994400 15.179303
v -7.230855 -5.994400 15.120194
v -7.319313 -5.994400 15.056598
v -7.404491 -5.994400 14.988670
v -7.486177 -5.994400 14.916581
v -7.564169 -5.994400 14.840510
v -7.638272 -5.994400 14.760647
v -7.708302 -5.994400 14.677188
v -7.774085 -5.994400 14.590343
v -7.835457 -5.994400 14.500326
v -7.892265 -5.994400 14.407363
v -7.944370 -5.994400 14.311684
v -7.991640 -5.994400 14.213525
v -8.033959 -5.994400 14.113133
v -8.071221 -5.994400 14.010756
v -8.103334 -5.994400 13.906650
v -8.130218 -5.994400 13.801071
v -8.151805 -5.994400 13.694284
v -8.168043 -5.994400 13.586554
v -8.178890 -5.994400 13.478148
v -8.184320 -5.994400 13.369336
v -8.184320 -5.994400 13.260389
v -8.178890 -5.994400 13.151578
v -8.168043 -5.994400 13.043172
v -8.151805 -5.994400 12.935442
v -8.130218 -5.994400 12.828654
v -5.567050 -5.994400 15.456540
v -5.460835 -5.994400 15.432297
v -5.355960 -5.994400 15.402789
v -5.252686 -5.994400 15.368092
v -5.151270 -5.994400 15.328288
v 4.435831 -5.994400 11.789215
v 4.513823 -5.994400 11.713144
v -4.435831 -5.994400 11.789215
v -4.513823 -5.994400 11.713144
v 4.361728 -5.994400 11.869080
v -4.361728 -5.994400 11.869080
v 4.595509 -5.994400 11.641056
v -4.595509 -5.994400 11.641056
v -4.680687 -5.994400 11.573129
v 4.291698 -5.994400 11.952538
v -4.291698 -5.994400 11.952538
v 4.680687 -5.994400 11.573129
v 4.225915 -5.994400 12.039383
v -4.225915 -5.994400 12.039383
v -4.769145 -5.994400 11.509531
v 4.769145 -5.994400 11.509531
v -4.860664 -5.994400 11.450422
v 4.164543 -5.994400 12.129399
v -4.164543 -5.994400 12.129399
v 4.860664 -5.994400 11.450422
v -4.107735 -5.994400 12.222363
v 4.107735 -5.994400 12.222363
v -4.955015 -5.994400 11.395948
v 4.955015 -5.994400 11.395948
v -4.055630 -5.994400 12.318043
v 4.055630 -5.994400 12.318043
v 5.051964 -5.994400 11.346246
v 5.151270 -5.994400 -8.671712
v -4.008360 -5.994400 12.416201
v 4.008360 -5.994400 12.416201
v 5.151270 -5.994400 11.301437
v -3.966041 -5.994400 12.516593
v 3.966041 -5.994400 12.516593
v -3.928779 -5.994400 12.618970
v 5.252686 -5.994400 11.261635
v 5.252686 -5.994400 -8.631908
v 3.928779 -5.994400 12.618970
v 5.355960 -5.994400 11.226936
v 5.355960 -5.994400 -8.597211
v -3.896666 -5.994400 12.723077
v 3.896666 -5.994400 12.723077
v -3.869782 -5.994400 12.828654
v 5.460835 -5.994400 11.197429
v 5.460835 -5.994400 -8.567703
v 3.869782 -5.994400 12.828654
v -3.848195 -5.994400 12.935442
v 5.567050 -5.994400 11.173186
v 5.567050 -5.994400 -8.543460
v 3.848195 -5.994400 12.935442
v 5.674343 -5.994400 11.154267
v 5.674343 -5.994400 -8.524542
v 3.831957 -5.994400 13.043172
v -3.831957 -5.994400 13.043172
v -3.821110 -5.994400 13.151578
v 5.782444 -5.994400 11.140720
v 5.782444 -5.994400 -8.510995
v 5.891087 -5.994400 -8.502853
v 3.821110 -5.994400 13.151578
v -3.815679 -5.994400 13.260389
v 5.891087 -5.994400 11.132579
v 3.815679 -5.994400 13.260389
v -3.815679 -5.994400 13.369336
v 6.000000 -5.994400 11.129863
v 6.000000 -5.994400 -8.500137
v 3.815679 -5.994400 13.369336
v 6.108913 -5.994400 11.132579
v 6.108913 -5.994400 -8.502853
v 3.821110 -5.994400 13.478148
v -3.821110 -5.994400 13.478148
v 6.217556 -5.994400 11.140720
v 6.217556 -5.994400 -8.510995
v 6.325657 -5.994400 -8.524542
v 3.831957 -5.994400 13.586554
v -3.831957 -5.994400 13.586554
v -3.848195 -5.994400 13.694284
v 6.325657 -5.994400 11.154267
v 3.848195 -5.994400 13.694284
v 6.432950 -5.994400 11.173186
v 6.432950 -5.994400 -8.543460
v 6.539165 -5.994400 -8.567703
v 3.869782 -5.994400 13.801071
v -3.869782 -5.994400 13.801071
v -3.896666 -5.994400 13.906650
v 6.539165 -5.994400 11.197429
v 6.644040 -5.994400 -8.597211
v 3.896666 -5.994400 13.906650
v 6.644040 -5.994400 11.226936
v 6.747314 -5.994400 -8.631908
v 3.928779 -5.994400 14.010756
v -3.928779 -5.994400 14.010756
v 6.747314 -5.994400 11.261635
v 6.848730 -5.994400 -8.671712
v 3.966041 -5.994400 14.113133
v -3.966041 -5.994400 14.113133
v 6.848730 -5.994400 11.301437
v -4.008360 -5.994400 14.213525
v 4.008360 -5.994400 14.213525
v -4.055630 -5.994400 14.311684
v 6.948036 -5.994400 11.346246
v 6.948036 -5.994400 -8.716520
v 7.044985 -5.994400 -8.766223
v 4.055630 -5.994400 14.311684
v -4.107735 -5.994400 14.407363
v 7.044985 -5.994400 11.395948
v 4.107735 -5.994400 14.407363
v -4.164543 -5.994400 14.500326
v 7.139336 -5.994400 11.450422
v 7.139336 -5.994400 -8.820697
v 4.164543 -5.994400 14.500326
v 7.230855 -5.994400 11.509531
v 7.230855 -5.994400 -8.879806
v 4.225915 -5.994400 14.590343
v -4.225915 -5.994400 14.590343
v 7.319313 -5.994400 11.573129
v 7.319313 -5.994400 -8.943402
v 4.291698 -5.994400 14.677188
v -4.291698 -5.994400 14.677188
v -4.361728 -5.994400 14.760647
v 7.404491 -5.994400 11.641056
v 7.404491 -5.994400 -9.011330
v 4.361728 -5.994400 14.760647
v 7.486177 -5.994400 -9.083419
v 7.486177 -5.994400 11.713144
v 7.564169 -5.994400 -9.159490
v 4.435831 -5.994400 14.840510
v -4.435831 -5.994400 14.840510
v 7.564169 -5.994400 11.789215
v -4.513823 -5.994400 14.916581
v 4.513823 -5.994400 14.916581
v -4.595509 -5.994400 14.988670
v 7.638272 -5.994400 11.869080
v 7.638272 -5.994400 -9.239353
v 4.595509 -5.994400 14.988670
v 7.708302 -5.994400 11.952538
v 7.708302 -5.994400 -9.322812
v -4.680687 -5.994400 15.056598
v 4.680687 -5.994400 15.056598
v 7.774085 -5.994400 12.039383
v 7.774085 -5.994400 -9.409657
v -4.769145 -5.994400 15.120194
v 4.769145 -5.994400 15.120194
v 7.835457 -5.994400 12.129399
v 7.835457 -5.994400 -9.499674
v -4.860664 -5.994400 15.179303
v 4.860664 -5.994400 15.179303
v 7.892265 -5.994400 12.222363
v 7.892265 -5.994400 -9.592637
v 4.955015 -5.994400 15.233777
v -4.955015 -5.994400 15.233777
v 7.944370 -5.994400 12.318043
v 7.944370 -5.994400 -9.688316
v 7.991640 -5.994400 -9.786475
v -5.051964 -5.994400 15.283480
v 5.051964 -5.994400 15.283480
v 7.991640 -5.994400 12.416201
v 5.151270 -5.994400 15.328288
v 8.033959 -5.994400 12.516593
v 8.033959 -5.994400 -9.886867
v 8.071221 -5.994400 12.618970
v 8.071221 -5.994400 -9.989244
v 8.103334 -5.994400 12.723077
v 8.130218 -5.994400 12.828654
v 8.151805 -5.994400 12.935442
v 8.168043 -5.994400 13.043172
v 8.178890 -5.994400 13.151578
v 8.184320 -5.994400 13.260389
v 8.184320 -5.994400 13.369336
v 8.178890 -5.994400 13.478148
v 8.168043 -5.994400 13.586554
v 8.151805 -5.994400 13.694284
v 8.130218 -5.994400 13.801071
v 8.103334 -5.994400 13.906650
v 8.071221 -5.994400 14.010756
v 8.033959 -5.994400 14.113133
v 7.991640 -5.994400 14.213525
v 7.944370 -5.994400 14.311684
v 7.892265 -5.994400 14.407363
v 7.835457 -5.994400 14.500326
v 7.774085 -5.994400 14.590343
v 7.708302 -5.994400 14.677188
v 7.638272 -5.994400 14.760647
v 7.564169 -5.994400 14.840510
v 7.486177 -5.994400 14.916581
v 7.404491 -5.994400 14.988670
v 7.319313 -5.994400 15.056598
v 7.230855 -5.994400 15.120194
v 7.139336 -5.994400 15.179303
v 7.044985 -5.994400 15.233777
v 6.948036 -5.994400 15.283480
v 6.848730 -5.994400 15.328288
v 6.747314 -5.994400 15.368092
v 6.644040 -5.994400 15.402789
v 6.539165 -5.994400 15.432297
v 6.432950 -5.994400 15.456540
v 6.325657 -5.994400 15.475458
v 6.217556 -5.994400 15.489005
v 6.108913 -5.994400 15.497147
v 6.000000 -5.994400 15.499863
v 5.891087 -5.994400 15.497147
v 5.782444 -5.994400 15.489005
v 5.674343 -5.994400 15.475458
v 5.567050 -5.994400 15.456540
v 5.460835 -5.994400 15.432297
v 5.355960 -5.994400 15.402789
v 5.252686 -5.994400 15.368092
v 11.000000 -112.129402 -7.710137
v 11.067292 -112.129402 -7.711815
v 11.134417 -112.129402 -7.716846
v 11.201207 -112.129402 -7.725215
v 11.267497 -112.129402 -7.736904
v 11.333122 -112.129402 -7.751883
v 11.397920 -112.129402 -7.770114
v 11.461727 -112.129402 -7.791552
v 11.524387 -112.129402 -7.816144
v 11.585743 -112.129402 -7.843829
v 11.645643 -112.129402 -7.874538
v 11.703938 -112.129402 -7.908195
v 11.760482 -112.129402 -7.944715
v 11.815136 -112.129402 -7.984008
v 11.867764 -112.129402 -8.025977
v 11.918233 -112.129402 -8.070517
v 11.966420 -112.129402 -8.117517
v 12.012204 -112.129402 -8.166862
v 12.055472 -112.129402 -8.218426
v 12.096116 -112.129402 -8.272083
v 12.134035 -112.129402 -8.327700
v 12.169134 -112.129402 -8.385137
v 12.201327 -112.129402 -8.444253
v 12.230533 -112.129402 -8.504899
v 12.256680 -112.129402 -8.566927
v 12.279702 -112.129402 -8.630180
v 12.299542 -112.129402 -8.694503
v 12.316153 -112.129402 -8.759734
v 12.329491 -112.129402 -8.825712
v 12.339523 -112.129402 -8.892273
v 12.346225 -112.129402 -8.959251
v 12.349581 -112.129402 -9.026481
v 12.349581 -112.129402 -9.093794
v 12.346225 -112.129402 -9.161023
v 12.339523 -112.129402 -9.228001
v 12.329491 -112.129402 -9.294562
v 12.316153 -112.129402 -9.360540
v 12.299542 -112.129402 -9.425772
v 12.279702 -112.129402 -9.490094
v 12.256680 -112.129402 -9.553348
v 12.230533 -112.129402 -9.615375
v 12.201327 -112.129402 -9.676022
v 12.169134 -112.129402 -9.735137
v 12.134035 -112.129402 -9.792575
v 12.096116 -112.129402 -9.848191
v 12.055472 -112.129402 -9.901848
v 12.012204 -112.129402 -9.953413
v 11.966420 -112.129402 -10.002757
v 11.918233 -112.129402 -10.049757
v 11.867764 -112.129402 -10.094297
v 11.815136 -112.129402 -10.136266
v 11.760482 -112.129402 -10.175559
v 11.703938 -112.129402 -10.212080
v 11.645643 -112.129402 -10.245736
v 11.585743 -112.129402 -10.276445
v 11.524387 -112.129402 -10.304130
v 11.461727 -112.129402 -10.328722
v 11.397920 -112.129402 -10.350161
v 11.333122 -112.129402 -10.368391
v 11.267497 -112.129402 -10.383370
v 11.201207 -112.129402 -10.395059
v 11.134417 -112.129402 -10.403429
v 11.067292 -112.129402 -10.408459
v 11.000000 -112.129402 -10.410137
v 10.932708 -112.129402 -10.408459
v 10.865583 -112.129402 -10.403429
v 10.798793 -112.129402 -10.395059
v 10.732503 -112.129402 -10.383370
v 10.666878 -112.129402 -10.368391
v 10.602080 -112.129402 -10.350161
v 10.538273 -112.129402 -10.328722
v 10.475613 -112.129402 -10.304130
v 10.414257 -112.129402 -10.276445
v 10.354357 -112.129402 -10.245736
v 10.296062 -112.129402 -10.212080
v 10.239518 -112.129402 -10.175559
v 10.184864 -112.129402 -10.136266
v 10.132236 -112.129402 -10.094297
v 10.081767 -112.129402 -10.049757
v 10.033580 -112.129402 -10.002757
v 9.987796 -112.129402 -9.953413
v 9.944528 -112.129402 -9.901848
v 9.903884 -112.129402 -9.848191
v 9.865965 -112.129402 -9.792575
v 9.830866 -112.129402 -9.735137
v 9.798673 -112.129402 -9.676022
v 9.769467 -112.129402 -9.615375
v 9.743320 -112.129402 -9.553348
v 9.720298 -112.129402 -9.490094
v 9.700458 -112.129402 -9.425772
v 9.683847 -112.129402 -9.360540
v 9.670509 -112.129402 -9.294562
v 9.660477 -112.129402 -9.228001
v 9.653775 -112.129402 -9.161023
v 9.650419 -112.129402 -9.093794
v 9.650419 -112.129402 -9.026481
v 9.653775 -112.129402 -8.959251
v 9.660477 -112.129402 -8.892273
v 9.670509 -112.129402 -8.825712
v 9.683847 -112.129402 -8.759734
v 9.700458 -112.129402 -8.694503
v 9.720298 -112.129402 -8.630180
v 9.743320 -112.129402 -8.566927
v 9.769467 -112.129402 -8.504899
v 9.798673 -112.129402 -8.444253
v 9.830866 -112.129402 -8.385137
v 9.865965 -112.129402 -8.327700
v 9.903884 -112.129402 -8.272083
v 9.944528 -112.129402 -8.218426
v 9.987796 -112.129402 -8.166862
v 10.033580 -112.129402 -8.117517
v 10.081767 -112.129402 -8.070517
v 10.132236 -112.129402 -8.025977
v 10.184864 -112.129402 -7.984008
v 10.239518 -112.129402 -7.944715
v 10.296062 -112.129402 -7.908195
v 10.354357 -112.129402 -7.874538
v 10.414257 -112.129402 -7.843829
v 10.475613 -112.129402 -7.816144
v 10.538273 -112.129402 -7.791552
v 10.602080 -112.129402 -7.770114
v 10.666878 -112.129402 -7.751883
v 10.732503 -112.129402 -7.736904
v 10.798793 -112.129402 -7.725215
v 10.865583 -112.129402 -7.716846
v 10.932708 -112.129402 -7.711815
v 11.000000 -112.495651 -7.343887
v 11.000000 -113.228149 -6.611387
v 10.829117 -112.495651 -7.352416
v 10.659932 -112.495651 -7.377916
v 10.494126 -112.495651 -7.420135
v 11.000000 -112.861900 -6.977637
v 10.792650 -112.861900 -6.987986
v 10.333349 -112.495651 -7.478653
v 10.587360 -112.861900 -7.018928
v 10.179196 -112.495651 -7.552889
v 10.386172 -112.861900 -7.070157
v 10.033202 -112.495651 -7.642105
v 10.756184 -113.228149 -6.623556
v 10.191085 -112.861900 -7.141163
v 9.896815 -112.495651 -7.745413
v 10.514790 -113.228149 -6.659940
v 10.004036 -112.861900 -7.231241
v 9.771394 -112.495651 -7.861788
v 10.278218 -113.228149 -6.720178
v 9.826886 -112.861900 -7.339495
v 9.658182 -112.495651 -7.990073
v 10.048820 -113.228149 -6.803672
v 9.661395 -112.861900 -7.464849
v 9.558306 -112.495651 -8.128992
v 9.828876 -113.228149 -6.909592
v 9.509208 -112.861900 -7.606059
v 9.472757 -112.495651 -8.277165
v 9.620570 -113.228149 -7.036885
v 9.371836 -112.861900 -7.761720
v 9.402388 -112.495651 -8.433121
v 9.425974 -113.228149 -7.184286
v 9.250646 -112.861900 -7.930285
v 9.347897 -112.495651 -8.595307
v 9.247021 -113.228149 -7.350330
v 9.146842 -112.861900 -8.110079
v 9.309824 -112.495651 -8.762114
v 9.085490 -113.228149 -7.533366
v 9.061456 -112.861900 -8.299314
v 9.288549 -112.495651 -8.931882
v 8.942986 -113.228149 -7.731577
v 8.995335 -112.861900 -8.496112
v 9.284284 -112.495651 -9.102924
v 8.820927 -113.228149 -7.942991
v 8.949138 -112.861900 -8.698515
v 9.297070 -112.495651 -9.273542
v 8.720523 -113.228149 -8.165508
v 8.923323 -112.861900 -8.904511
v 9.326780 -112.495651 -9.442039
v 8.642774 -113.228149 -8.396916
v 8.918147 -112.861900 -9.112055
v 9.373119 -112.495651 -9.606740
v 8.588452 -113.228149 -8.634916
v 8.933661 -112.861900 -9.319083
v 9.435628 -112.495651 -9.766008
v 8.558097 -113.228149 -8.877142
v 8.969712 -112.861900 -9.523537
v 9.513684 -112.495651 -9.918262
v 8.552011 -113.228149 -9.121186
v 9.025941 -112.861900 -9.723386
v 9.606511 -112.495651 -10.061987
v 8.570254 -113.228149 -9.364624
v 9.101789 -112.861900 -9.916642
v 9.713188 -112.495651 -10.195755
v 8.612645 -113.228149 -9.605035
v 9.196502 -112.861900 -10.101387
v 9.832654 -112.495651 -10.318237
v 8.678762 -113.228149 -9.840032
v 9.309139 -112.861900 -10.275784
v 9.963720 -112.495651 -10.428216
v 8.767950 -113.228149 -10.067276
v 9.438581 -112.861900 -10.438098
v 10.105087 -112.495651 -10.524597
v 8.879320 -113.228149 -10.284513
v 9.583540 -112.861900 -10.586718
v 10.255347 -112.495651 -10.606425
v 9.011766 -113.228149 -10.489579
v 9.742578 -112.861900 -10.720165
v 10.413008 -112.495651 -10.672885
v 9.163973 -113.228149 -10.680440
v 9.914111 -112.861900 -10.837115
v 10.576503 -112.495651 -10.723316
v 9.334427 -113.228149 -10.855198
v 10.096437 -112.861900 -10.936405
v 10.744206 -112.495651 -10.757218
v 9.521434 -113.228149 -11.012115
v 10.287743 -112.861900 -11.017047
v 10.914452 -112.495651 -10.774254
v 9.723136 -113.228149 -11.149633
v 10.486128 -112.861900 -11.078240
v 11.085548 -112.495651 -10.774254
v 9.937528 -113.228149 -11.266384
v 10.689619 -112.861900 -11.119377
v 11.255794 -112.495651 -10.757218
v 10.162478 -113.228149 -11.361209
v 10.896196 -112.861900 -11.140048
v 11.423497 -112.495651 -10.723316
v 10.395753 -113.228149 -11.433166
v 11.103804 -112.861900 -11.140048
v 11.586992 -112.495651 -10.672885
v 10.635033 -113.228149 -11.481537
v 11.310381 -112.861900 -11.119377
v 11.744653 -112.495651 -10.606425
v 10.877940 -113.228149 -11.505843
v 11.513872 -112.861900 -11.078240
v 11.894913 -112.495651 -10.524597
v 11.122060 -113.228149 -11.505843
v 11.712257 -112.861900 -11.017047
v 12.036280 -112.495651 -10.428216
v 11.364967 -113.228149 -11.481537
v 11.903563 -112.861900 -10.936405
v 12.167346 -112.495651 -10.318237
v 11.604247 -113.228149 -11.433166
v 12.085889 -112.861900 -10.837115
v 12.286812 -112.495651 -10.195755
v 11.837522 -113.228149 -11.361209
v 12.257422 -112.861900 -10.720165
v 12.393489 -112.495651 -10.061987
v 12.062472 -113.228149 -11.266384
v 12.416460 -112.861900 -10.586718
v 12.486316 -112.495651 -9.918262
v 12.276864 -113.228149 -11.149633
v 12.561419 -112.861900 -10.438098
v 12.564372 -112.495651 -9.766008
v 12.478566 -113.228149 -11.012115
v 12.690861 -112.861900 -10.275784
v 12.626881 -112.495651 -9.606740
v 12.665573 -113.228149 -10.855198
v 12.803498 -112.861900 -10.101387
v 12.673220 -112.495651 -9.442039
v 12.836027 -113.228149 -10.680440
v 12.898211 -112.861900 -9.916642
v 12.702930 -112.495651 -9.273542
v 12.988234 -113.228149 -10.489579
v 12.974059 -112.861900 -9.723386
v 12.715716 -112.495651 -9.102924
v 13.120680 -113.228149 -10.284513
v 13.030288 -112.861900 -9.523537
v 12.711451 -112.495651 -8.931882
v 13.232050 -113.228149 -10.067276
v 13.066339 -112.861900 -9.319083
v 12.690176 -112.495651 -8.762114
v 13.321238 -113.228149 -9.840032
v 13.081853 -112.861900 -9.112055
v 12.652103 -112.495651 -8.595307
v 13.387355 -113.228149 -9.605035
v 13.076677 -112.861900 -8.904511
v 12.597612 -112.495651 -8.433121
v 13.429746 -113.228149 -9.364624
v 13.050862 -112.861900 -8.698515
v 12.527243 -112.495651 -8.277165
v 13.447989 -113.228149 -9.121186
v 13.004665 -112.861900 -8.496112
v 12.441694 -112.495651 -8.128992
v 13.441903 -113.228149 -8.877142
v 12.938544 -112.861900 -8.299314
v 12.341818 -112.495651 -7.990073
v 13.411548 -113.228149 -8.634916
v 12.853158 -112.861900 -8.110079
v 12.228606 -112.495651 -7.861788
v 13.357226 -113.228149 -8.396916
v 12.749354 -112.861900 -7.930285
v 12.103185 -112.495651 -7.745413
v 13.279477 -113.228149 -8.165508
v 12.628164 -112.861900 -7.761720
v 11.966798 -112.495651 -7.642105
v 13.179073 -113.228149 -7.942991
v 12.490792 -112.861900 -7.606059
v 11.820804 -112.495651 -7.552889
v 13.057014 -113.228149 -7.731577
v 12.338605 -112.861900 -7.464849
v 11.666651 -112.495651 -7.478653
v 12.914510 -113.228149 -7.533366
v 12.173114 -112.861900 -7.339495
v 11.505874 -112.495651 -7.420135
v 12.752979 -113.228149 -7.350330
v 11.995964 -112.861900 -7.231241
v 11.340068 -112.495651 -7.377916
v 12.574026 -113.228149 -7.184286
v 11.808915 -112.861900 -7.141163
v 11.170883 -112.495651 -7.352416
v 12.379430 -113.228149 -7.036885
v 11.613828 -112.861900 -7.070157
v 12.171124 -113.228149 -6.909592
v 11.412640 -112.861900 -7.018928
v 11.951180 -113.228149 -6.803672
v 11.207350 -112.861900 -6.987986
v 11.721782 -113.228149 -6.720178
v 11.485210 -113.228149 -6.659940
v 11.243816 -113.228149 -6.623556
v -11.000000 -112.129402 -7.710137
v -10.932708 -112.129402 -7.711815
v -10.865583 -112.129402 -7.716846
v -10.798793 -112.129402 -7.725215
v -10.732503 -112.129402 -7.736904
v -10.666878 -112.129402 -7.751883
v -10.602080 -112.129402 -7.770114
v -10.538273 -112.129402 -7.791552
v -10.475613 -112.129402 -7.816144
v -10.414257 -112.129402 -7.843829
v -10.354357 -112.129402 -7.874538
v -10.296062 -112.129402 -7.908195
v -10.239518 -112.129402 -7.944715
v -10.184864 -112.129402 -7.984008
v -10.132236 -112.129402 -8.025977
v -10.081767 -112.129402 -8.070517
v -10.033580 -112.129402 -8.117517
v -9.987796 -112.129402 -8.166862
v -9.944528 -112.129402 -8.218426
v -9.903884 -112.129402 -8.272083
v -9.865965 -112.129402 -8.327700
v -9.830866 -112.129402 -8.385137
v -9.798673 -112.129402 -8.444253
v -9.769467 -112.129402 -8.504899
v -9.743320 -112.129402 -8.566927
v -9.720298 -112.129402 -8.630180
v -9.700458 -112.129402 -8.694503
v -9.683847 -112.129402 -8.759734
v -9.670509 -112.129402 -8.825712
v -9.660477 -112.129402 -8.892273
v -9.653775 -112.129402 -8.959251
v -9.650419 -112.129402 -9.026481
v -9.650419 -112.129402 -9.093794
v -9.653775 -112.129402 -9.161023
v -9.660477 -112.129402 -9.228001
v -9.670509 -112.129402 -9.294562
v -9.683847 -112.129402 -9.360540
v -9.700458 -112.129402 -9.425772
v -9.720298 -112.129402 -9.490094
v -9.743320 -112.129402 -9.553348
v -9.769467 -112.129402 -9.615375
v -9.798673 -112.129402 -9.676022
v -9.830866 -112.129402 -9.735137
v -9.865965 -112.129402 -9.792575
v -9.903884 -112.129402 -9.848191
v -9.944528 -112.129402 -9.901848
v -9.987796 -112.129402 -9.953413
v -10.033580 -112.129402 -10.002757
v -10.081767 -112.129402 -10.049757
v -10.132236 -112.129402 -10.094297
v -10.184864 -112.129402 -10.136266
v -10.239518 -112.129402 -10.175559
v -10.296062 -112.129402 -10.212080
v -10.354357 -112.129402 -10.245736
v -10.414257 -112.129402 -10.276445
v -10.475613 -112.129402 -10.304130
v -10.538273 -112.129402 -10.328722
v -10.602080 -112.129402 -10.350161
v -10.666878 -112.129402 -10.368391
v -10.732503 -112.129402 -10.383370
v -10.798793 -112.129402 -10.395059
v -10.865583 -112.129402 -10.403429
v -10.932708 -112.129402 -10.408459
v -11.000000 -112.129402 -10.410137
v -11.067292 -112.129402 -10.408459
v -11.134417 -112.129402 -10.403429
v -11.201207 -112.129402 -10.395059
v -11.267497 -112.129402 -10.383370
v -11.333122 -112.129402 -10.368391
v -11.397920 -112.129402 -10.350161
v -11.461727 -112.129402 -10.328722
v -11.524387 -112.129402 -10.304130
v -11.585743 -112.129402 -10.276445
v -11.645643 -112.129402 -10.245736
v -11.703938 -112.129402 -10.212080
v -11.760482 -112.129402 -10.175559
v -11.815136 -112.129402 -10.136266
v -11.867764 -112.129402 -10.094297
v -11.918233 -112.129402 -10.049757
v -11.966420 -112.129402 -10.002757
v -12.012204 -112.129402 -9.953413
v -12.055472 -112.129402 -9.901848
v -12.096116 -112.129402 -9.848191
v -12.134035 -112.129402 -9.792575
v -12.169134 -112.129402 -9.735137
v -12.201327 -112.129402 -9.676022
v -12.230533 -112.129402 -9.615375
v -12.256680 -112.129402 -9.553348
v -12.279702 -112.129402 -9.490094
v -12.299542 -112.129402 -9.425772
v -12.316153 -112.129402 -9.360540
v -12.329491 -112.129402 -9.294562
v -12.339523 -112.129402 -9.228001
v -12.346225 -112.129402 -9.161023
v -12.349581 -112.129402 -9.093794
v -12.349581 -112.129402 -9.026481
v -12.346225 -112.129402 -8.959251
v -12.339523 -112.129402 -8.892273
v -12.329491 -112.129402 -8.825712
v -12.316153 -112.129402 -8.759734
v -12.299542 -112.129402 -8.694503
v -12.279702 -112.129402 -8.630180
v -12.256680 -112.129402 -8.566927
v -12.230533 -112.129402 -8.504899
v -12.201327 -112.129402 -8.444253
v -12.169134 -112.129402 -8.385137
v -12.134035 -112.129402 -8.327700
v -12.096116 -112.129402 -8.272083
v -12.055472 -112.129402 -8.218426
v -12.012204 -112.129402 -8.166862
v -11.966420 -112.129402 -8.117517
v -11.918233 -112.129402 -8.070517
v -11.867764 -112.129402 -8.025977
v -11.815136 -112.129402 -7.984008
v -11.760482 -112.129402 -7.944715
v -11.703938 -112.129402 -7.908195
v -11.645643 -112.129402 -7.874538
v -11.585743 -112.129402 -7.843829
v -11.524387 -112.129402 -7.816144
v -11.461727 -112.129402 -7.791552
v -11.397920 -112.129402 -7.770114
v -11.333122 -112.129402 -7.751883
v -11.267497 -112.129402 -7.736904
v -11.201207 -112.129402 -7.725215
v -11.134417 -112.129402 -7.716846
v -11.067292 -112.129402 -7.711815
v -11.000000 -112.495651 -7.343887
v -11.000000 -113.228149 -6.611387
v -11.170883 -112.495651 -7.352416
v -11.340068 -112.495651 -7.377916
v -11.505874 -112.495651 -7.420135
v -11.000000 -112.861900 -6.977637
v -11.207350 -112.861900 -6.987986
v -11.666651 -112.495651 -7.478653
v -11.412640 -112.861900 -7.018928
v -11.820804 -112.495651 -7.552889
v -11.613828 -112.861900 -7.070157
v -11.966798 -112.495651 -7.642105
v -11.243816 -113.228149 -6.623556
v -11.808915 -112.861900 -7.141163
v -12.103185 -112.495651 -7.745413
v -11.485210 -113.228149 -6.659940
v -11.995964 -112.861900 -7.231241
v -12.228606 -112.495651 -7.861788
v -11.721782 -113.228149 -6.720178
v -12.173114 -112.861900 -7.339495
v -12.341818 -112.495651 -7.990073
v -11.951180 -113.228149 -6.803672
v -12.338605 -112.861900 -7.464849
v -12.441694 -112.495651 -8.128992
v -12.171124 -113.228149 -6.909592
v -12.490792 -112.861900 -7.606059
v -12.527243 -112.495651 -8.277165
v -12.379430 -113.228149 -7.036885
v -12.628164 -112.861900 -7.761720
v -12.597612 -112.495651 -8.433121
v -12.574026 -113.228149 -7.184286
v -12.749354 -112.861900 -7.930285
v -12.652103 -112.495651 -8.595307
v -12.752979 -113.228149 -7.350330
v -12.853158 -112.861900 -8.110079
v -12.690176 -112.495651 -8.762114
v -12.914510 -113.228149 -7.533366
v -12.938544 -112.861900 -8.299314
v -12.711451 -112.495651 -8.931882
v -13.057014 -113.228149 -7.731577
v -13.004665 -112.861900 -8.496112
v -12.715716 -112.495651 -9.102924
v -13.179073 -113.228149 -7.942991
v -13.050862 -112.861900 -8.698515
v -12.702930 -112.495651 -9.273542
v -13.279477 -113.228149 -8.165508
v -13.076677 -112.861900 -8.904511
v -12.673220 -112.495651 -9.442039
v -13.357226 -113.228149 -8.396916
v -13.081853 -112.861900 -9.112055
v -12.626881 -112.495651 -9.606740
v -13.411548 -113.228149 -8.634916
v -13.066339 -112.861900 -9.319083
v -12.564372 -112.495651 -9.766008
v -13.441903 -113.228149 -8.877142
v -13.030288 -112.861900 -9.523537
v -12.486316 -112.495651 -9.918262
v -13.447989 -113.228149 -9.121186
v -12.974059 -112.861900 -9.723386
v -12.393489 -112.495651 -10.061987
v -13.429746 -113.228149 -9.364624
v -12.898211 -112.861900 -9.916642
v -12.286812 -112.495651 -10.195755
v -13.387355 -113.228149 -9.605035
v -12.803498 -112.861900 -10.101387
v -12.167346 -112.495651 -10.318237
v -13.321238 -113.228149 -9.840032
v -12.690861 -112.861900 -10.275784
v -12.036280 -112.495651 -10.428216
v -13.232050 -113.228149 -10.067276
v -12.561419 -112.861900 -10.438098
v -11.894913 -112.495651 -10.524597
v -13.120680 -113.228149 -10.284513
v -12.416460 -112.861900 -10.586718
v -11.744653 -112.495651 -10.606425
v -12.988234 -113.228149 -10.489579
v -12.257422 -112.861900 -10.720165
v -11.586992 -112.495651 -10.672885
v -12.836027 -113.228149 -10.680440
v -12.085889 -112.861900 -10.837115
v -11.423497 -112.495651 -10.723316
v -12.665573 -113.228149 -10.855198
v -11.903563 -112.861900 -10.936405
v -11.255794 -112.495651 -10.757218
v -12.478566 -113.228149 -11.012115
v -11.712257 -112.861900 -11.017047
v -11.085548 -112.495651 -10.774254
v -12.276864 -113.228149 -11.149633
v -11.513872 -112.861900 -11.078240
v -10.914452 -112.495651 -10.774254
v -12.062472 -113.228149 -11.266384
v -11.310381 -112.861900 -11.119377
v -10.744206 -112.495651 -10.757218
v -11.837522 -113.228149 -11.361209
v -11.103804 -112.861900 -11.140048
v -10.576503 -112.495651 -10.723316
v -11.604247 -113.228149 -11.433166
v -10.896196 -112.861900 -11.140048
v -10.413008 -112.495651 -10.672885
v -11.364967 -113.228149 -11.481537
v -10.689619 -112.861900 -11.119377
v -10.255347 -112.495651 -10.606425
v -11.122060 -113.228149 -11.505843
v -10.486128 -112.861900 -11.078240
v -10.105087 -112.495651 -10.524597
v -10.877940 -113.228149 -11.505843
v -10.287743 -112.861900 -11.017047
v -9.963720 -112.495651 -10.428216
v -10.635033 -113.228149 -11.481537
v -10.096437 -112.861900 -10.936405
v -9.832654 -112.495651 -10.318237
v -10.395753 -113.228149 -11.433166
v -9.914111 -112.861900 -10.837115
v -9.713188 -112.495651 -10.195755
v -10.162478 -113.228149 -11.361209
v -9.742578 -112.861900 -10.720165
v -9.606511 -112.495651 -10.061987
v -9.937528 -113.228149 -11.266384
v -9.583540 -112.861900 -10.586718
v -9.513684 -112.495651 -9.918262
v -9.723136 -113.228149 -11.149633
v -9.438581 -112.861900 -10.438098
v -9.435628 -112.495651 -9.766008
v -9.521434 -113.228149 -11.012115
v -9.309139 -112.861900 -10.275784
v -9.373119 -112.495651 -9.606740
v -9.334427 -113.228149 -10.855198
v -9.196502 -112.861900 -10.101387
v -9.326780 -112.495651 -9.442039
v -9.163973 -113.228149 -10.680440
v -9.101789 -112.861900 -9.916642
v -9.297070 -112.495651 -9.273542
v -9.011766 -113.228149 -10.489579
v -9.025941 -112.861900 -9.723386
v -9.284284 -112.495651 -9.102924
v -8.879320 -113.228149 -10.284513
v -8.969712 -112.861900 -9.523537
v -9.288549 -112.495651 -8.931882
v -8.767950 -113.228149 -10.067276
v -8.933661 -112.861900 -9.319083
v -9.309824 -112.495651 -8.762114
v -8.678762 -113.228149 -9.840032
v -8.918147 -112.861900 -9.112055
v -9.347897 -112.495651 -8.595307
v -8.612645 -113.228149 -9.605035
v -8.923323 -112.861900 -8.904511
v -9.402388 -112.495651 -8.433121
v -8.570254 -113.228149 -9.364624
v -8.949138 -112.861900 -8.698515
v -9.472757 -112.495651 -8.277165
v -8.552011 -113.228149 -9.121186
v -8.995335 -112.861900 -8.496112
v -9.558306 -112.495651 -8.128992
v -8.558097 -113.228149 -8.877142
v -9.061456 -112.861900 -8.299314
v -9.658182 -112.495651 -7.990073
v -8.588452 -113.228149 -8.634916
v -9.146842 -112.861900 -8.110079
v -9.771394 -112.495651 -7.861788
v -8.642774 -113.228149 -8.396916
v -9.250646 -112.861900 -7.930285
v -9.896815 -112.495651 -7.745413
v -8.720523 -113.228149 -8.165508
v -9.371836 -112.861900 -7.761720
v -10.033202 -112.495651 -7.642105
v -8.820927 -113.228149 -7.942991
v -9.509208 -112.861900 -7.606059
v -10.179196 -112.495651 -7.552889
v -8.942986 -113.228149 -7.731577
v -9.661395 -112.861900 -7.464849
v -10.333349 -112.495651 -7.478653
v -9.085490 -113.228149 -7.533366
v -9.826886 -112.861900 -7.339495
v -10.494126 -112.495651 -7.420135
v -9.247021 -113.228149 -7.350330
v -10.004036 -112.861900 -7.231241
v -10.659932 -112.495651 -7.377916
v -9.425974 -113.228149 -7.184286
v -10.191085 -112.861900 -7.141163
v -10.829117 -112.495651 -7.352416
v -9.620570 -113.228149 -7.036885
v -10.386172 -112.861900 -7.070157
v -9.828876 -113.228149 -6.909592
v -10.587360 -112.861900 -7.018928
v -10.048820 -113.228149 -6.803672
v -10.792650 -112.861900 -6.987986
v -10.278218 -113.228149 -6.720178
v -10.514790 -113.228149 -6.659940
v -10.756184 -113.228149 -6.623556
v -10.556917 -72.594398 20.911562
v -10.525386 -72.594398 20.753828
v -10.491498 -72.594398 20.596582
v -10.455262 -72.594398 20.439863
v -10.318802 -72.594398 19.925758
v -10.157079 -72.594398 19.419033
v -9.970489 -72.594398 18.920927
v -9.759489 -72.594398 18.432659
v -9.524595 -72.594398 17.955429
v -9.266383 -72.594398 17.490400
v -8.985484 -72.594398 17.038712
v -8.682587 -72.594398 16.601473
v -8.358432 -72.594398 16.179750
v -8.013814 -72.594398 15.774580
v -7.649577 -72.594398 15.386951
v -7.266611 -72.594398 15.017814
v -6.865855 -72.594398 14.668071
v -6.448289 -72.594398 14.338580
v -6.014937 -72.594398 14.030148
v -5.566858 -72.594398 13.743527
v -5.105151 -72.594398 13.479423
v -4.630945 -72.594398 13.238479
v -4.145401 -72.594398 13.021287
v -3.649708 -72.594398 12.828378
v -3.145080 -72.594398 12.660224
v -2.632752 -72.594398 12.517238
v -2.113978 -72.594398 12.399768
v -1.590029 -72.594398 12.308104
v -1.062187 -72.594398 12.242468
v -0.531744 -72.594398 12.203022
v 0.000000 -72.594398 12.189863
v 0.531744 -72.594398 12.203022
v 1.062187 -72.594398 12.242468
v 1.590029 -72.594398 12.308104
v 2.113978 -72.594398 12.399768
v 2.632752 -72.594398 12.517238
v 3.145080 -72.594398 12.660224
v 3.649708 -72.594398 12.828378
v 4.145401 -72.594398 13.021287
v 4.630945 -72.594398 13.238479
v 5.105151 -72.594398 13.479423
v 5.566858 -72.594398 13.743527
v 6.014937 -72.594398 14.030148
v 6.448289 -72.594398 14.338580
v 6.865855 -72.594398 14.668071
v 7.266611 -72.594398 15.017814
v 7.649577 -72.594398 15.386951
v 8.013814 -72.594398 15.774580
v 8.358432 -72.594398 16.179750
v 8.682587 -72.594398 16.601473
v 8.985484 -72.594398 17.038712
v 9.266383 -72.594398 17.490400
v 9.524595 -72.594398 17.955429
v 9.759489 -72.594398 18.432659
v 9.970489 -72.594398 18.920927
v 10.157079 -72.594398 19.419033
v 10.318802 -72.594398 19.925758
v 10.455262 -72.594398 20.439863
v 10.491498 -72.594398 20.596582
v 10.525386 -72.594398 20.753828
v 10.556917 -72.594398 20.911562
v -10.580182 -72.594398 21.019304
v -10.608301 -72.594398 21.125875
v -10.641163 -72.594398 21.231089
v -10.678654 -72.594398 21.334759
v -10.720662 -72.594398 21.436701
v -10.767077 -72.594398 21.536730
v -10.817786 -72.594398 21.634659
v -10.872678 -72.594398 21.730303
v -10.931641 -72.594398 21.823477
v -10.994561 -72.594398 21.913996
v -11.061329 -72.594398 22.001675
v -11.131831 -72.594398 22.086327
v -11.205956 -72.594398 22.167765
v -11.283593 -72.594398 22.245808
v -11.364630 -72.594398 22.320269
v -11.448952 -72.594398 22.390961
v -11.536414 -72.594398 22.457743
v -11.626819 -72.594398 22.520535
v -11.719959 -72.594398 22.579260
v -11.815636 -72.594398 22.633846
v -11.913643 -72.594398 22.684216
v -12.013779 -72.594398 22.730297
v -12.115840 -72.594398 22.772013
v -12.219623 -72.594398 22.809288
v -12.324924 -72.594398 22.842049
v -12.431540 -72.594398 22.870220
v -12.539268 -72.594398 22.893726
v -12.647906 -72.594398 22.912495
v -12.757250 -72.594398 22.926447
v -12.867096 -72.594398 22.935511
v -12.939519 -72.594398 22.938772
v -10.544183 -72.461739 21.285919
v -10.519004 -72.526016 21.061356
v -10.492059 -72.502991 21.119846
v -10.497035 -72.472641 21.220478
v -10.532826 -72.425781 21.367512
v -10.578897 -72.376877 21.506968
v -10.494468 -72.488304 21.170435
v -10.590876 -72.460014 21.342190
v -10.550625 -72.493973 21.205008
v -10.552947 -72.522263 21.124670
v -10.515177 -72.537346 21.012718
v -10.526677 -72.566803 20.906244
v -10.511649 -72.547783 20.963671
v -10.584456 -72.524376 21.177803
v -10.545210 -72.581749 20.898012
v -10.572331 -72.567337 21.035927
v -10.567560 -72.571274 21.010136
v -10.579987 -72.547997 21.107479
v -10.562979 -72.575050 20.984148
v -10.558586 -72.578667 20.957947
v -10.554383 -72.582130 20.931509
v -10.551937 -72.546501 21.044775
v -10.524631 -72.570633 20.882708
v -10.522676 -72.574295 20.858973
v -10.543555 -72.583458 20.885046
v -10.550371 -72.585442 20.904812
v -10.541937 -72.585136 20.871981
v -10.540356 -72.586769 20.858805
v -10.546553 -72.588585 20.877831
v -10.538811 -72.588371 20.845507
v -10.537302 -72.589935 20.832069
v -10.542930 -72.591576 20.850536
v -10.535829 -72.591461 20.818481
v -10.534391 -72.592949 20.804726
v -10.504427 -72.589066 20.706133
v -10.520818 -72.577774 20.835026
v -10.505501 -72.565956 20.864279
v -10.519053 -72.581078 20.810846
v -10.939031 -72.119507 22.120844
v -10.872946 -72.045120 22.142941
v -11.114129 -71.993073 22.327637
v -10.989537 -72.200386 22.096596
v -10.876922 -72.215736 21.987055
v -10.782291 -72.171349 21.959217
v -10.803621 -72.420822 21.708458
v -10.776942 -72.372154 21.723532
v -10.863574 -72.358994 21.842161
v -10.684195 -72.483025 21.447920
v -10.958150 -72.359840 21.952595
v -10.817854 -72.470619 21.688084
v -10.695619 -72.512741 21.432611
v -10.698538 -72.541565 21.410765
v -10.688796 -72.545090 21.385765
v -10.649416 -72.544556 21.292192
v -10.746190 -72.325905 21.744547
v -10.705079 -72.283615 21.762541
v -10.699990 -72.396545 21.596375
v -10.641375 -72.380234 21.555840
v -10.620081 -72.530472 21.242817
v -10.629681 -72.501534 21.316658
v -10.607114 -72.554024 21.167299
v -10.594213 -72.550255 21.139437
v -10.600722 -72.558174 21.141710
v -10.594527 -72.562195 21.115906
v -10.516334 -72.591499 20.732754
v -10.504300 -72.593163 20.667358
v -10.515742 -72.593697 20.713402
v -10.504284 -72.594093 20.657717
v -10.515601 -72.594223 20.708574
v -10.504280 -72.594322 20.655308
v -10.515566 -72.594353 20.707369
v -10.455262 -70.203934 22.937346
v -11.398496 -72.420403 22.364691
v -10.625077 -71.839813 22.245167
v -10.455262 -71.868568 22.201200
v -10.455262 -71.789864 22.276957
v -12.659925 -72.074219 22.923201
v -12.647831 -72.028343 22.923183
v -12.634741 -71.982773 22.923164
v -12.583733 -71.997765 22.916412
v -12.569961 -71.953636 22.916384
v -12.555231 -71.909843 22.916351
v -12.539553 -71.866394 22.916319
v -12.489825 -71.884613 22.908422
v -12.473576 -71.842621 22.908375
v -11.632041 -72.372223 22.539635
v -11.586532 -72.381607 22.508865
v -11.645932 -72.251450 22.567532
v -11.692056 -72.236977 22.596611
v -11.676521 -71.434570 22.792192
v -11.901101 -71.255699 22.876076
v -11.702820 -71.459145 22.792685
v -11.860404 -71.217010 22.875797
v -11.541867 -72.390823 22.477184
v -11.337725 -72.257645 22.357359
v -11.600670 -72.265663 22.537518
v -11.646122 -72.125641 22.594091
v -11.691544 -72.106201 22.622437
v -11.649639 -71.410599 22.791687
v -11.818586 -71.179581 22.875507
v -11.622258 -71.387276 22.791168
v -11.208433 -70.633873 22.906485
v -11.137290 -70.559143 22.913914
v -11.061345 -70.486038 22.920496
v -10.980584 -70.414787 22.926193
v -11.165514 -70.619781 22.906332
v -11.092865 -70.546417 22.913794
v -11.015436 -70.474777 22.920404
v -10.933215 -70.405090 22.926128
v -11.191701 -70.680107 22.897861
v -11.122308 -70.606575 22.906178
v -11.048175 -70.534615 22.913671
v -10.455262 -70.637650 22.878328
v -10.455262 -70.530273 22.900257
v -10.969287 -70.464470 22.920313
v -10.885633 -70.396362 22.926062
v -10.455262 -70.313217 22.929850
v -10.455262 -70.422066 22.917459
v -11.290606 -72.442665 22.267776
v -11.251345 -72.450760 22.229525
v -11.212803 -72.458717 22.190268
v -11.174982 -72.466515 22.149986
v -11.154856 -72.405609 22.145809
v -11.118710 -72.416962 22.104279
v -11.083286 -72.428078 22.061686
v -11.058478 -72.377167 22.055244
v -10.802829 -71.529076 22.521225
v -10.815484 -71.485741 22.550577
v -10.933635 -71.511795 22.559450
v -10.790429 -71.571541 22.491098
v -10.778281 -71.613136 22.460207
v -10.670365 -71.603386 22.448332
v -10.455262 -71.534218 22.482067
v -10.455262 -71.443161 22.542770
v -10.455262 -71.622490 22.417475
v -10.662314 -71.645424 22.415884
v -10.455262 -71.707764 22.349077
v -10.654430 -71.686584 22.382671
v -10.796890 -71.854668 22.277632
v -10.596876 -71.987053 22.088509
v -10.650048 -72.052193 22.028919
v -10.640681 -72.084274 21.987431
v -10.679862 -72.148087 21.925247
v -10.590322 -72.021294 22.047901
v -10.528563 -71.960541 22.107061
v -10.455262 -71.943733 22.121914
v -10.455262 -72.015236 22.039278
v -10.631513 -72.115669 21.944996
v -10.583903 -72.054810 22.006371
v -10.525197 -71.996033 22.066343
v -10.455262 -72.083008 21.953489
v -10.622544 -72.146378 21.901594
v -10.477590 -72.573181 20.776196
v -10.455262 -72.574387 20.749483
v -10.455262 -72.557983 20.857813
v -10.455262 -72.585976 20.640551
v -10.476661 -72.579597 20.724457
v -10.475881 -72.584976 20.672279
v -10.455262 -72.592285 20.540302
v -10.475252 -72.589302 20.619637
v -10.474813 -72.592316 20.570927
v -12.227633 -71.192444 22.924593
v -12.196338 -71.156067 22.924549
v -12.164217 -71.120346 22.924505
v -12.131279 -71.085304 22.924459
v -12.097533 -71.050949 22.924412
v -12.074591 -71.028442 22.924379
v -12.039536 -70.995293 22.924330
v -12.015794 -70.973656 22.924295
v -11.979640 -70.941895 22.924244
v -11.975449 -72.301384 22.728455
v -12.075066 -71.970467 22.803988
v -11.942857 -70.910973 22.924191
v -12.098662 -71.592987 22.862545
v -11.905460 -70.880905 22.924137
v -11.925500 -72.311684 22.705347
v -11.876293 -72.321838 22.681215
v -11.734665 -71.800484 22.715483
v -11.437074 -72.103531 22.478506
v -11.241610 -72.112885 22.345066
v -11.396247 -72.006218 22.489929
v -11.391788 -71.734077 22.599325
v -11.381439 -71.725288 22.598734
v -11.376761 -72.019661 22.473200
v -11.370980 -71.716621 22.598133
v -11.360426 -71.708084 22.597525
v -11.255461 -71.406982 22.691549
v -11.066101 -71.106575 22.772276
v -10.788045 -70.826965 22.838821
v -10.455262 -70.743996 22.851755
v -10.455262 -70.849121 22.820623
v -10.455262 -70.952827 22.785015
v -10.455262 -71.054909 22.745014
v -11.079977 -72.513603 22.034201
v -11.045547 -72.518913 21.991154
v -11.011950 -72.524094 21.947189
v -11.154652 -72.259392 22.205673
v -10.979194 -72.529137 21.902290
v -10.973866 -72.508018 21.900383
v -11.110428 -72.203377 22.197229
v -11.058041 -71.757645 22.448650
v -10.962563 -71.905922 22.305107
v -10.733986 -71.271156 22.659502
v -10.664346 -71.266205 22.655994
v -10.455262 -71.155182 22.700706
v -10.455262 -71.253448 22.652174
v -10.455262 -71.349503 22.599501
v -10.962173 -71.718102 22.438524
v -10.804976 -72.023468 22.126514
v -10.512488 -72.130013 21.894615
v -10.455262 -72.146957 21.864744
v -10.455262 -72.207008 21.773239
v -10.535191 -72.170380 21.840925
v -10.531001 -72.199707 21.796124
v -10.455262 -72.263069 21.679169
v -10.526934 -72.228180 21.750511
v -10.541277 -72.277321 21.672636
v -10.522987 -72.255806 21.704073
v -10.455262 -72.315063 21.582731
v -10.519164 -72.282555 21.656796
v -10.455262 -72.480644 21.177214
v -10.455262 -72.445770 21.281166
v -10.455262 -72.511024 21.071875
v -10.508423 -72.557327 20.914196
v -10.455262 -72.536835 20.965342
v -10.489811 -72.516685 21.068705
v -10.487726 -72.529381 21.016993
v -10.495742 -72.552177 20.921383
v -10.494650 -72.556747 20.896786
v -10.811610 -72.564438 21.629927
v -10.894139 -72.481956 21.797544
v -10.753216 -72.547462 21.523247
v -10.786207 -72.567413 21.581402
v -10.761773 -72.570282 21.532127
v -10.750101 -72.571655 21.507589
v -10.730795 -72.552765 21.473921
v -10.727242 -72.574333 21.457422
v -10.709352 -72.557846 21.423929
v -10.716370 -72.575607 21.432486
v -10.705697 -72.576866 21.407259
v -10.688895 -72.562691 21.373259
v -10.685053 -72.579285 21.356142
v -10.669437 -72.567299 21.321894
v -10.675195 -72.580444 21.330523
v -10.670513 -72.580994 21.318058
v -10.660417 -72.569435 21.296877
v -10.651812 -72.583191 21.266115
v -10.642560 -72.573662 21.244749
v -10.642929 -72.584229 21.240110
v -10.634347 -72.575607 21.219458
v -10.638736 -72.584724 21.227499
v -10.634577 -72.585213 21.214767
v -10.626348 -72.577499 21.193914
v -10.618153 -72.587143 21.162054
v -10.610718 -72.581200 21.141047
v -10.679255 -72.548546 21.360508
v -10.669912 -72.551926 21.334972
v -10.603116 -72.588913 21.109810
v -10.603536 -72.582901 21.115234
v -10.596569 -72.584557 21.089138
v -10.660766 -72.555237 21.309137
v -10.656427 -72.556808 21.296568
v -10.589002 -72.590569 21.056419
v -10.577066 -72.589172 21.009258
v -10.647958 -72.559875 21.271412
v -10.633547 -72.552460 21.241529
v -10.639440 -72.562965 21.245218
v -10.576193 -72.592072 21.003292
v -10.571152 -72.590576 20.982565
v -10.631469 -72.565849 21.219809
v -10.618620 -72.559883 21.190367
v -10.627588 -72.567253 21.207098
v -10.616261 -72.571358 21.168598
v -10.604641 -72.566841 21.138695
v -10.601843 -72.576576 21.116108
v -10.591619 -72.573326 21.086500
v -10.598462 -72.577805 21.103144
v -10.588637 -72.581360 21.063829
v -10.579560 -72.579330 21.033766
v -10.579272 -72.584755 21.023705
v -10.568479 -72.584846 20.980471
v -10.573454 -72.586861 20.997229
v -10.623942 -72.271950 21.721184
v -10.565164 -72.589867 20.957033
v -10.558387 -72.589874 20.926588
v -10.636173 -72.328552 21.638666
v -10.640556 -72.426643 21.472681
v -10.588531 -72.566086 21.089863
v -10.582730 -72.569855 21.063560
v -10.580005 -72.571625 21.050783
v -10.574529 -72.575180 21.024210
v -10.571969 -72.576836 21.011339
v -10.569448 -72.578476 20.998352
v -10.564429 -72.581734 20.971504
v -10.562075 -72.583267 20.958406
v -10.559758 -72.584770 20.945169
v -10.553057 -72.589119 20.904663
v -10.550946 -72.590492 20.891123
v -10.492161 -72.344284 21.532997
v -10.455262 -72.362900 21.484119
v -10.455262 -72.406494 21.383533
v -10.515754 -72.386459 21.449860
v 10.455262 -70.194839 22.937746
v 10.455262 -70.295090 22.931437
v 10.455262 -70.404022 22.919853
v 10.455262 -70.512352 22.903444
v 10.455262 -70.619881 22.882296
v 10.455262 -70.726410 22.856487
v 10.455262 -70.831749 22.826107
v 10.455262 -70.935699 22.791237
v 10.455262 -71.038071 22.751961
v 10.455262 -71.138657 22.708363
v 10.455262 -71.237267 22.660526
v 10.455262 -71.333710 22.608534
v 10.455262 -71.427773 22.552471
v 10.455262 -71.519279 22.492424
v 10.455262 -71.608025 22.428471
v 10.455262 -71.693817 22.360701
v 10.455262 -71.776451 22.289192
v 10.455262 -71.855736 22.214035
v 10.455262 -71.931496 22.135323
v 10.455262 -72.003616 22.053230
v 10.455262 -72.072014 21.967951
v 10.455262 -72.136604 21.879684
v 10.455262 -72.197304 21.788624
v 10.455262 -72.254036 21.694967
v 10.455262 -72.306709 21.598909
v 10.455262 -72.355240 21.500645
v 10.455262 -72.399551 21.400373
v 10.455262 -72.439552 21.298288
v 10.455262 -72.475159 21.194586
v 10.455262 -72.506294 21.089462
v 10.455262 -72.532867 20.983114
v 10.455262 -72.554794 20.875738
v 10.455262 -72.571999 20.767529
v 10.455262 -72.584389 20.658682
v 10.455262 -72.591881 20.549395
v 10.627051 -72.586143 21.191238
v 10.644098 -72.584160 21.243717
v 10.634043 -72.575737 21.218723
v 10.652493 -72.594398 21.263964
v 10.618160 -72.594398 21.159218
v 10.615179 -72.587532 21.152159
v 10.617906 -72.579552 21.166079
v 10.610469 -72.581306 21.140352
v 10.611392 -72.587975 21.139191
v 10.603248 -72.583015 21.114346
v 10.596646 -72.589699 21.086010
v 10.589363 -72.586288 21.061035
v 10.582969 -72.587799 21.034758
v 10.588533 -72.594398 21.053055
v 10.577968 -72.591881 21.011019
v 10.569046 -72.591095 20.972792
v 10.571667 -72.594398 20.982548
v 10.569064 -72.592926 20.971329
v 10.565373 -72.591957 20.955133
v 10.938142 -72.121277 22.118765
v 11.115064 -72.199623 22.203619
v 11.114289 -71.993187 22.327660
v 10.984208 -72.204575 22.089016
v 10.784178 -72.169563 21.962770
v 10.877072 -72.215836 21.987099
v 10.875220 -72.043236 22.146244
v 10.745483 -72.327225 21.742201
v 10.706602 -72.281990 21.766281
v 10.700089 -72.396606 21.596432
v 10.773042 -72.375465 21.714983
v 10.642561 -72.378822 21.559698
v 10.615283 -72.534134 21.224897
v 10.627210 -72.503815 21.307632
v 10.578187 -72.549728 21.098400
v 10.677941 -72.487617 21.430269
v 10.600392 -72.558266 21.140770
v 10.638280 -72.550034 21.257431
v 10.590118 -72.553436 21.121468
v 10.594232 -72.562271 21.115032
v 10.568920 -72.570038 21.017962
v 10.588268 -72.566154 21.089067
v 12.901816 -72.594398 22.937344
v 10.624536 -71.840126 22.245037
v 11.398228 -72.421379 22.364773
v 11.390878 -72.594398 22.342981
v 11.476211 -72.594398 22.412451
v 10.961306 -70.403259 22.927044
v 10.950448 -70.453125 22.921320
v 11.004672 -70.465004 22.921423
v 11.058615 -70.478188 22.921524
v 11.045544 -70.526833 22.914862
v 11.098042 -70.540833 22.914997
v 11.150202 -70.556076 22.915131
v 11.134993 -70.603424 22.907564
v 11.180634 -70.617744 22.907721
v 11.221445 -70.631477 22.907858
v 11.204487 -70.677612 22.899403
v 10.554278 -71.683182 22.373795
v 10.670983 -71.596695 22.453556
v 10.817126 -71.479195 22.555326
v 10.804455 -71.522652 22.526100
v 10.662939 -71.638870 22.421232
v 10.792039 -71.565239 22.496096
v 10.936510 -71.505829 22.564123
v 10.655061 -71.680161 22.388140
v 10.797030 -71.855377 22.277607
v 11.655248 -71.415512 22.791792
v 11.828572 -71.188339 22.875578
v 11.629737 -71.393578 22.791309
v 11.867474 -71.223564 22.875845
v 10.779875 -71.606949 22.465326
v 11.680271 -71.438019 22.792263
v 11.905340 -71.259926 22.876104
v 12.569335 -71.905128 22.918610
v 12.489017 -71.841576 22.910994
v 11.704788 -71.461082 22.792721
v 12.660575 -72.017403 22.925077
v 12.583503 -71.946968 22.918636
v 12.504522 -71.881767 22.911036
v 12.672402 -72.061096 22.925093
v 12.596814 -71.989082 22.918661
v 12.519206 -71.922264 22.911074
v 12.683329 -72.105019 22.925106
v 12.791854 -72.594398 22.929838
v 12.682330 -72.594398 22.917419
v 12.573447 -72.594398 22.900162
v 12.439859 -71.860680 22.902325
v 12.609261 -72.031456 22.918684
v 10.528693 -71.954681 22.113613
v 10.525339 -71.990295 22.073040
v 10.597547 -71.981575 22.095009
v 10.590995 -72.015915 22.054546
v 10.584579 -72.049545 22.013163
v 10.651458 -72.047211 22.035597
v 10.642076 -72.079376 21.994259
v 10.632889 -72.110863 21.951977
v 10.681975 -72.143631 21.932329
v 10.623902 -72.141670 21.908731
v 11.659716 -72.248085 22.576838
v 11.706087 -72.233574 22.605618
v 11.659378 -72.120293 22.603138
v 11.614209 -72.262329 22.547119
v 11.646225 -72.370506 22.549206
v 11.749875 -72.594398 22.596928
v 11.846308 -72.594398 22.650192
v 11.655911 -72.594398 22.539499
v 11.600460 -72.379890 22.518728
v 11.564623 -72.594398 22.477983
v 11.555546 -72.389107 22.487339
v 11.511466 -72.398148 22.455042
v 11.337008 -72.258179 22.357363
v 10.477726 -72.572029 20.784542
v 10.476770 -72.578613 20.732874
v 10.475963 -72.584167 20.680767
v 11.263429 -72.449036 22.241796
v 11.166025 -72.402626 22.158764
v 10.475306 -72.588661 20.628201
v 11.129676 -72.414001 22.117567
v 11.068682 -72.372955 22.068897
v 11.224674 -72.456985 22.202864
v 10.474802 -72.592079 20.575140
v 10.505896 -72.564636 20.872240
v 11.094045 -72.425156 22.075315
v 11.035062 -72.387337 22.025265
v 11.186639 -72.464790 22.162912
v 11.154827 -72.594398 22.112370
v 11.230072 -72.594398 22.192759
v 11.277378 -72.521057 22.244024
v 11.308793 -72.594398 22.269690
v 10.793659 -70.815811 22.842501
v 11.921964 -70.894341 22.924162
v 11.960740 -70.926025 22.924217
v 11.994999 -70.955307 22.924267
v 12.028632 -70.985298 22.924314
v 12.050698 -71.005692 22.924345
v 12.083249 -71.036873 22.924393
v 12.104576 -71.058044 22.924421
v 12.135999 -71.090385 22.924465
v 10.665012 -71.254555 22.662209
v 12.166734 -71.123390 22.924509
v 12.196772 -71.157043 22.924551
v 11.073016 -71.101685 22.775461
v 10.735229 -71.259842 22.665634
v 12.226105 -71.191338 22.924591
v 11.262000 -71.406898 22.693571
v 10.964388 -71.715965 22.441202
v 10.963338 -71.906700 22.305201
v 11.363420 -71.710495 22.597698
v 10.512908 -72.122246 21.905439
v 11.060827 -71.755669 22.451311
v 11.373263 -71.718498 22.598265
v 11.383015 -71.726616 22.598824
v 11.392671 -71.734848 22.599377
v 11.719413 -71.811104 22.707329
v 12.041180 -71.986504 22.791346
v 12.331614 -72.261002 22.854410
v 12.465410 -72.594398 22.878141
v 12.358421 -72.594398 22.851433
v 12.252683 -72.594398 22.820112
v 12.148399 -72.594398 22.784252
v 10.535935 -72.163025 21.851881
v 10.531735 -72.192566 21.807249
v 10.527656 -72.221268 21.761808
v 10.523697 -72.249115 21.715542
v 10.806818 -72.021469 22.129820
v 10.519859 -72.276100 21.668434
v 10.542315 -72.270927 21.684139
v 11.381972 -72.015244 22.478439
v 11.240838 -72.112740 22.344995
v 11.923666 -72.313599 22.704712
v 11.937473 -72.382973 22.705145
v 12.045774 -72.594398 22.743929
v 11.945009 -72.594398 22.699219
v 11.442577 -72.100128 22.483706
v 10.497526 -72.468689 21.232487
v 10.494929 -72.484604 21.182529
v 10.492490 -72.499535 21.132027
v 10.490210 -72.513481 21.080969
v 10.519603 -72.524147 21.069057
v 10.488090 -72.526428 21.029341
v 11.159567 -72.256432 22.212023
v 11.098347 -72.211166 22.182955
v 10.486135 -72.538353 20.977125
v 10.496058 -72.550629 20.929354
v 10.512150 -72.546188 20.971497
v 10.515728 -72.535614 21.020483
v 10.494948 -72.555275 20.904781
v 10.508871 -72.555862 20.922089
v 10.527034 -72.566185 20.910046
v 11.096576 -72.511597 22.054508
v 11.083169 -72.594398 22.028711
v 10.524967 -72.570045 20.886538
v 10.522994 -72.573730 20.862837
v 11.061731 -72.516930 22.011866
v 10.521115 -72.577232 20.838926
v 11.005177 -72.502029 21.944136
v 10.519331 -72.580559 20.814785
v 11.027714 -72.522133 21.968304
v 11.015211 -72.594398 21.941969
v 10.951065 -72.594398 21.852325
v 10.972845 -72.508667 21.899248
v 10.941362 -72.515129 21.853426
v 10.890842 -72.594398 21.759968
v 10.492629 -72.337402 21.547039
v 10.516502 -72.381271 21.461716
v 10.580185 -72.373627 21.514626
v 10.625627 -72.268059 21.728621
v 10.533733 -72.422028 21.377272
v 10.854329 -72.365326 21.825747
v 10.545110 -72.459175 21.293665
v 10.591756 -72.458847 21.346094
v 10.551442 -72.492348 21.210802
v 10.641238 -72.426071 21.474682
v 10.584499 -72.524399 21.177849
v 10.942354 -72.368599 21.929054
v 10.800495 -72.478607 21.654833
v 10.553552 -72.521370 21.128555
v 10.691980 -72.445511 21.514082
v 10.552261 -72.546143 21.046753
v 10.736065 -72.478424 21.545937
v 10.869632 -72.490250 21.757223
v 10.730174 -72.553055 21.472826
v 10.544033 -72.582924 20.888992
v 10.564286 -72.573868 20.992035
v 10.559842 -72.577538 20.965900
v 10.555587 -72.581055 20.939537
v 10.551522 -72.584412 20.912922
v 10.542405 -72.584610 20.875959
v 10.540813 -72.586258 20.862820
v 10.547649 -72.587608 20.886030
v 10.539259 -72.587875 20.849562
v 10.623077 -72.557610 21.206425
v 10.608820 -72.564720 21.154913
v 10.537740 -72.589447 20.836170
v 10.543971 -72.590652 20.858835
v 10.536257 -72.590981 20.822630
v 10.541659 -72.592560 20.840765
v 10.595514 -72.571350 21.102882
v 10.534809 -72.592484 20.808928
v 10.533876 -72.593452 20.799818
v 10.672621 -72.550980 21.342840
v 10.708830 -72.558090 21.422972
v 10.669111 -72.567459 21.321266
v 10.688473 -72.562889 21.372458
v 10.582502 -72.569908 21.062853
v 10.583170 -72.577499 21.050318
v 10.663515 -72.554276 21.317360
v 10.781351 -72.568153 21.571995
v 10.834655 -72.594398 21.665083
v 10.782614 -72.594398 21.567854
v 10.576935 -72.573532 21.036364
v 10.574327 -72.575226 21.023521
v 10.654610 -72.557495 21.291592
v 10.650757 -72.571793 21.269381
v 10.571758 -72.576897 21.010567
v 10.571797 -72.583168 20.997200
v 10.757218 -72.570961 21.522802
v 10.734833 -72.594398 21.468468
v 10.645902 -72.560646 21.265511
v 10.566645 -72.580223 20.983809
v 10.564242 -72.581787 20.970747
v 10.637737 -72.563606 21.240185
v 10.642293 -72.573792 21.244175
v 10.561877 -72.583328 20.957548
v 10.561408 -72.588348 20.943502
v 10.633759 -72.565041 21.227516
v 10.734068 -72.573662 21.472874
v 10.629816 -72.566467 21.214727
v 10.557225 -72.586357 20.930506
v 10.555029 -72.587784 20.917179
v 10.555120 -72.591484 20.907856
v 10.723044 -72.574944 21.448044
v 10.622141 -72.569244 21.189144
v 10.550097 -72.590996 20.885744
v 10.548755 -72.591866 20.876783
v 10.701489 -72.577461 21.397255
v 10.691422 -72.594398 21.367109
v 10.607330 -72.574608 21.136847
v 10.603851 -72.575867 21.123922
v 10.691275 -72.578651 21.372044
v 10.681262 -72.579819 21.346537
v 10.593729 -72.579529 21.084738
v 10.661948 -72.582077 21.294851
v 10.581017 -72.584129 21.031563
v 10.578043 -72.585205 21.018372
v 10.652758 -72.583145 21.268969
v 10.648411 -72.583656 21.256403
v 10.571306 -72.587646 20.987240
v 10.565846 -72.589622 20.960566
v 10.560688 -72.591492 20.933975
v 6.000000 -8.833878 -12.471074
v 6.000000 -8.428238 -12.528084
v 5.910978 -8.833878 -12.468855
v 6.000000 -6.400040 -12.813128
v 6.089022 -8.833878 -12.468855
v 5.816502 -8.428238 -12.518926
v 5.822178 -8.833878 -12.462200
v 5.733820 -8.833878 -12.451127
v 5.634827 -8.428238 -12.491543
v 5.646123 -8.833878 -12.435664
v 5.559307 -8.833878 -12.415849
v 5.456782 -8.428238 -12.446207
v 5.473586 -8.833878 -12.391730
v 5.389174 -8.833878 -12.363369
v 5.810825 -8.022598 -12.575651
v 6.000000 -8.022598 -12.585093
v 5.284135 -8.428238 -12.383368
v 5.306280 -8.833878 -12.330836
v 5.225111 -8.833878 -12.294211
v 5.623531 -8.022598 -12.547421
v 5.118604 -8.428238 -12.303653
v 5.145868 -8.833878 -12.253586
v 5.068749 -8.833878 -12.209062
v 5.439978 -8.022598 -12.500683
v 5.805149 -7.616959 -12.632377
v 6.000000 -7.616959 -12.642101
v 4.961831 -8.428238 -12.207850
v 4.993946 -8.833878 -12.160748
v 4.921643 -8.833878 -12.108766
v 5.261991 -8.022598 -12.435901
v 5.612235 -7.616959 -12.603300
v 4.815377 -8.428238 -12.096916
v 4.852022 -8.833878 -12.053245
v 4.785254 -8.833878 -11.994322
v 5.091339 -8.022598 -12.353719
v 5.423175 -7.616959 -12.555159
v 5.799473 -7.211319 -12.689102
v 6.000000 -7.211319 -12.699110
v 4.680696 -8.428238 -11.971951
v 4.721507 -8.833878 -11.932144
v 4.660938 -8.833878 -11.866867
v 4.929717 -8.022598 -12.254954
v 5.239847 -7.616959 -12.488433
v 5.600939 -7.211319 -12.659178
v 4.559126 -8.428238 -11.834195
v 4.603698 -8.833878 -11.798651
v 4.549930 -8.833878 -11.727667
v 4.778732 -8.022598 -12.140587
v 5.064074 -7.616959 -12.403786
v 5.406371 -7.211319 -12.609635
v 5.793797 -6.805679 -12.745828
v 6.000000 -6.805679 -12.756119
v 4.451877 -8.428238 -11.685020
v 4.499766 -8.833878 -11.654091
v 4.453333 -8.833878 -11.578106
v 4.639885 -8.022598 -12.011756
v 4.897603 -7.616959 -12.302057
v 5.217703 -7.211319 -12.540965
v 5.589643 -6.805679 -12.715056
v 4.360014 -8.428238 -11.525908
v 4.410745 -8.833878 -11.499901
v 4.372108 -8.833878 -11.419670
v 4.514555 -8.022598 -11.869740
v 4.742088 -7.616959 -12.184258
v 5.036809 -7.211319 -12.453852
v 5.389567 -6.805679 -12.664111
v 5.788121 -6.400040 -12.802554
v 4.284450 -8.428238 -11.358441
v 4.337518 -8.833878 -11.337613
v 4.307061 -8.833878 -11.253934
v 4.403988 -8.022598 -11.715951
v 4.599074 -7.616959 -12.051561
v 4.865489 -7.211319 -12.349160
v 5.195559 -6.805679 -12.593498
v 5.578347 -6.400040 -12.770935
v 4.225935 -8.428238 -11.184281
v 4.280813 -8.833878 -11.168841
v 4.258840 -8.833878 -11.082545
v 4.309283 -8.022598 -11.551917
v 4.469984 -7.616959 -11.905284
v 4.705443 -7.211319 -12.227930
v 5.009544 -6.805679 -12.503919
v 5.372764 -6.400040 -12.718588
v 4.185052 -8.428238 -11.005161
v 4.241195 -8.833878 -10.995262
v 4.227923 -8.833878 -10.907207
v 4.231381 -8.022598 -11.379269
v 4.356099 -7.616959 -11.746881
v 4.558263 -7.211319 -12.091368
v 4.833374 -6.805679 -12.396263
v 5.173414 -6.400040 -12.646030
v 4.162207 -8.428238 -10.822861
v 4.219056 -8.833878 -10.818601
v 4.214618 -8.833878 -10.729662
v 4.171057 -8.022598 -11.199722
v 4.258553 -7.616959 -11.577925
v 4.425412 -7.211319 -11.940829
v 4.668798 -6.805679 -12.271602
v 4.982280 -6.400040 -12.553985
v 4.157627 -8.428238 -10.639192
v 4.214618 -8.833878 -10.640613
v 4.219056 -8.833878 -10.551674
v 4.128909 -8.022598 -11.015060
v 4.178313 -7.616959 -11.400097
v 4.308210 -7.211319 -11.777811
v 4.517453 -6.805679 -12.131173
v 4.801260 -6.400040 -12.443366
v 4.171356 -8.428238 -10.455978
v 4.227923 -8.833878 -10.463067
v 4.241195 -8.833878 -10.375012
v 4.105357 -8.022598 -10.827121
v 4.116179 -7.616959 -11.215162
v 4.207822 -7.211319 -11.603933
v 4.380841 -6.805679 -11.976374
v 4.632154 -6.400040 -12.315273
v 4.203260 -8.428238 -10.275043
v 4.258840 -8.833878 -10.287728
v 4.280813 -8.833878 -10.201433
v 4.100635 -8.022598 -10.637770
v 4.072766 -7.616959 -11.024961
v 4.125245 -7.211319 -11.420924
v 4.260321 -6.805679 -11.808741
v 4.476642 -6.400040 -12.170979
v 4.253021 -8.428238 -10.098184
v 4.307061 -8.833878 -10.116340
v 4.337518 -8.833878 -10.032660
v 4.114790 -8.022598 -10.448890
v 4.048508 -7.616959 -10.831381
v 4.061301 -7.211319 -11.230602
v 4.157091 -6.805679 -11.629941
v 4.336269 -6.400040 -12.011918
v 4.320144 -8.428238 -9.927157
v 4.372108 -8.833878 -9.950604
v 4.410745 -8.833878 -9.870374
v 4.147680 -8.022598 -10.262358
v 4.043644 -7.616959 -10.636349
v 4.016623 -7.211319 -11.034860
v 4.072177 -6.805679 -11.441751
v 4.212432 -6.400040 -11.839671
v 4.403962 -8.428238 -9.763664
v 4.453333 -8.833878 -9.792169
v 4.499766 -8.833878 -9.716184
v 4.198980 -8.022598 -10.080027
v 4.058223 -7.616959 -10.441801
v 3.991658 -7.211319 -10.835642
v 4.006423 -6.805679 -11.246043
v 4.106361 -6.400040 -11.655950
v 4.503642 -8.428238 -9.609329
v 4.549930 -8.833878 -9.642608
v 4.603698 -8.833878 -9.571623
v 4.268179 -8.022598 -9.903710
v 4.092101 -7.616959 -10.249672
v 3.986653 -7.211319 -10.634928
v 3.960481 -6.805679 -11.044760
v 4.019109 -6.400040 -11.462580
v 4.618194 -8.428238 -9.465686
v 4.660938 -8.833878 -9.503407
v 4.721507 -8.833878 -9.438129
v 4.354590 -8.022598 -9.735160
v 4.144940 -7.616959 -10.061870
v 4.001657 -7.211319 -10.434712
v 3.934809 -6.805679 -10.839902
v 3.951544 -6.400040 -11.261483
v 4.746478 -8.428238 -9.334162
v 4.785254 -8.833878 -9.375953
v 4.852022 -8.833878 -9.317030
v 4.457354 -8.022598 -9.576050
v 4.216216 -7.616959 -9.880263
v 4.036521 -7.211319 -10.236986
v 3.929662 -6.805679 -10.633506
v 3.904338 -6.400040 -11.054659
v 4.887221 -8.428238 -9.216064
v 4.921643 -8.833878 -9.261508
v 4.993946 -8.833878 -9.209526
v 4.575449 -8.022598 -9.427963
v 4.305219 -7.616959 -9.706655
v 4.090900 -7.211319 -10.043714
v 3.945090 -6.805679 -10.427624
v 3.877959 -6.400040 -10.844162
v 5.039023 -8.428238 -9.112568
v 5.068749 -8.833878 -9.161213
v 5.145868 -8.833878 -9.116688
v 4.707702 -8.022598 -9.292371
v 4.411067 -7.616959 -9.542771
v 4.164252 -7.211319 -9.856816
v 3.980942 -6.805679 -10.224300
v 3.872670 -6.400040 -10.632085
v 5.200376 -8.428238 -9.024700
v 5.225111 -8.833878 -9.076063
v 5.306280 -8.833878 -9.039438
v 4.852798 -8.022598 -9.170621
v 4.532705 -7.616959 -9.390242
v 4.255848 -7.211319 -9.678150
v 4.036860 -6.805679 -10.025557
v 3.888524 -6.400040 -10.420535
v 5.369675 -8.428238 -8.953334
v 5.389174 -8.833878 -9.006905
v 5.473586 -8.833878 -8.978544
v 5.009296 -8.022598 -9.063923
v 4.668926 -7.616959 -9.250581
v 4.364779 -7.211319 -9.509493
v 4.112288 -6.805679 -9.833369
v 3.925362 -6.400040 -10.211615
v 5.545239 -8.428238 -8.899179
v 5.559307 -8.833878 -8.954426
v 5.646123 -8.833878 -8.934610
v 5.175640 -8.022598 -8.973336
v 4.818377 -7.616959 -9.125177
v 4.489961 -7.211319 -9.352520
v 4.206477 -6.805679 -9.649646
v 3.982819 -6.400040 -10.007401
v 5.725323 -8.428238 -8.862775
v 5.733820 -8.833878 -8.919147
v 5.822178 -8.833878 -8.908074
v 5.350177 -8.022598 -8.899763
v 4.979570 -7.616959 -9.015277
v 4.630150 -7.211319 -9.208790
v 4.318491 -6.805679 -9.476214
v 4.060324 -6.400040 -9.809922
v 5.908137 -8.428238 -8.844481
v 5.910978 -8.833878 -8.901420
v 6.000000 -8.833878 -8.899199
v 5.531172 -8.022598 -8.843933
v 5.150905 -7.616959 -8.921973
v 4.783954 -7.211319 -9.079734
v 4.447217 -6.805679 -9.314797
v 4.157105 -6.400040 -9.621141
v 6.091863 -8.428238 -8.844481
v 6.089022 -8.833878 -8.901420
v 6.177822 -8.833878 -8.908074
v 5.716826 -8.022598 -8.806402
v 5.330679 -7.616959 -8.846192
v 4.949843 -7.211319 -8.966632
v 4.591374 -6.805679 -9.167000
v 4.272203 -6.400040 -9.442936
v 6.274677 -8.428238 -8.862775
v 6.266180 -8.833878 -8.919147
v 6.353877 -8.833878 -8.934610
v 5.905295 -8.022598 -8.787543
v 5.517105 -7.616959 -8.788688
v 5.126170 -7.211319 -8.870610
v 4.749532 -6.805679 -9.034290
v 4.404472 -6.400040 -9.277076
v 6.454761 -8.428238 -8.899179
v 6.440693 -8.833878 -8.954426
v 6.526414 -8.833878 -8.978544
v 6.094705 -8.022598 -8.787543
v 5.708330 -7.616959 -8.750031
v 5.311181 -7.211319 -8.792622
v 4.920117 -6.805679 -8.917987
v 4.552598 -6.400040 -9.125209
v 6.630325 -8.428238 -8.953334
v 6.610826 -8.833878 -9.006905
v 6.693720 -8.833878 -9.039438
v 6.283174 -8.022598 -8.806402
v 5.902453 -7.616959 -8.730605
v 5.503037 -7.211319 -8.733441
v 5.101435 -6.805679 -8.819246
v 4.715110 -6.400040 -8.988846
v 6.799624 -8.428238 -9.024700
v 6.774889 -8.833878 -9.076063
v 6.854132 -8.833878 -9.116688
v 6.468828 -8.022598 -8.843933
v 6.097547 -7.616959 -8.730605
v 5.699833 -7.211319 -8.693658
v 5.291682 -6.805679 -8.739051
v 4.890390 -6.400040 -8.869342
v 6.960977 -8.428238 -9.112568
v 6.931251 -8.833878 -9.161213
v 7.006054 -8.833878 -9.209526
v 6.649823 -8.022598 -8.899763
v 6.291670 -7.616959 -8.750031
v 5.899612 -7.211319 -8.673667
v 5.488970 -6.805679 -8.678195
v 5.076699 -6.400040 -8.767883
v 7.112779 -8.428238 -9.216064
v 7.078357 -8.833878 -9.261508
v 7.147978 -8.833878 -9.317030
v 6.824360 -8.022598 -8.973336
v 6.482895 -7.616959 -8.788688
v 6.100388 -7.211319 -8.673667
v 5.691336 -6.805679 -8.637286
v 5.272184 -6.400040 -8.685479
v 7.253522 -8.428238 -9.334162
v 7.214746 -8.833878 -9.375953
v 7.278493 -8.833878 -9.438129
v 6.990704 -8.022598 -9.063923
v 6.669321 -7.616959 -8.846192
v 6.300167 -7.211319 -8.693658
v 5.896770 -6.805679 -8.616730
v 5.474903 -6.400040 -8.622950
v 7.381806 -8.428238 -9.465686
v 7.339062 -8.833878 -9.503407
v 7.396302 -8.833878 -9.571623
v 7.147202 -8.022598 -9.170621
v 6.849095 -7.616959 -8.921973
v 6.496963 -7.211319 -8.733441
v 6.103230 -6.805679 -8.616730
v 5.682839 -6.400040 -8.580914
v 7.496358 -8.428238 -9.609329
v 7.450070 -8.833878 -9.642608
v 7.500234 -8.833878 -9.716184
v 7.292298 -8.022598 -9.292371
v 7.020430 -7.616959 -9.015277
v 6.688819 -7.211319 -8.792622
v 6.308664 -6.805679 -8.637286
v 5.893929 -6.400040 -8.559792
v 7.596038 -8.428238 -9.763664
v 7.546667 -8.833878 -9.792169
v 7.589255 -8.833878 -9.870374
v 7.424551 -8.022598 -9.427963
v 7.181623 -7.616959 -9.125177
v 6.873830 -7.211319 -8.870610
v 6.511030 -6.805679 -8.678195
v 6.106071 -6.400040 -8.559792
v 7.679856 -8.428238 -9.927157
v 7.627892 -8.833878 -9.950604
v 7.662482 -8.833878 -10.032660
v 7.542646 -8.022598 -9.576050
v 7.331074 -7.616959 -9.250581
v 7.050157 -7.211319 -8.966632
v 6.708318 -6.805679 -8.739051
v 6.317161 -6.400040 -8.580914
v 7.746979 -8.428238 -10.098184
v 7.692939 -8.833878 -10.116340
v 7.719187 -8.833878 -10.201433
v 7.645410 -8.022598 -9.735160
v 7.467295 -7.616959 -9.390242
v 7.216046 -7.211319 -9.079734
v 6.898565 -6.805679 -8.819246
v 6.525097 -6.400040 -8.622950
v 7.796740 -8.428238 -10.275043
v 7.741160 -8.833878 -10.287728
v 7.758805 -8.833878 -10.375012
v 7.731821 -8.022598 -9.903710
v 7.588933 -7.616959 -9.542771
v 7.369850 -7.211319 -9.208790
v 7.079883 -6.805679 -8.917987
v 6.727816 -6.400040 -8.685479
v 7.828644 -8.428238 -10.455978
v 7.772077 -8.833878 -10.463067
v 7.780944 -8.833878 -10.551674
v 7.801020 -8.022598 -10.080027
v 7.694781 -7.616959 -9.706655
v 7.510039 -7.211319 -9.352520
v 7.250468 -6.805679 -9.034290
v 6.923301 -6.400040 -8.767883
v 7.842373 -8.428238 -10.639192
v 7.785382 -8.833878 -10.640613
v 7.785382 -8.833878 -10.729662
v 7.852320 -8.022598 -10.262358
v 7.783784 -7.616959 -9.880263
v 7.635221 -7.211319 -9.509493
v 7.408626 -6.805679 -9.167000
v 7.109610 -6.400040 -8.869342
v 7.837793 -8.428238 -10.822861
v 7.780944 -8.833878 -10.818601
v 7.772077 -8.833878 -10.907207
v 7.885210 -8.022598 -10.448890
v 7.855060 -7.616959 -10.061870
v 7.744152 -7.211319 -9.678150
v 7.552783 -6.805679 -9.314797
v 7.284890 -6.400040 -8.988846
v 7.814948 -8.428238 -11.005161
v 7.758805 -8.833878 -10.995262
v 7.741160 -8.833878 -11.082545
v 7.899365 -8.022598 -10.637770
v 7.907899 -7.616959 -10.249672
v 7.835748 -7.211319 -9.856816
v 7.681509 -6.805679 -9.476214
v 7.447402 -6.400040 -9.125209
v 7.774065 -8.428238 -11.184281
v 7.719187 -8.833878 -11.168841
v 7.692939 -8.833878 -11.253934
v 7.894643 -8.022598 -10.827121
v 7.941777 -7.616959 -10.441801
v 7.909100 -7.211319 -10.043714
v 7.793523 -6.805679 -9.649646
v 7.595528 -6.400040 -9.277076
v 7.715550 -8.428238 -11.358441
v 7.662482 -8.833878 -11.337613
v 7.627892 -8.833878 -11.419670
v 7.871091 -8.022598 -11.015060
v 7.956356 -7.616959 -10.636349
v 7.963479 -7.211319 -10.236986
v 7.887712 -6.805679 -9.833369
v 7.727797 -6.400040 -9.442936
v 7.639986 -8.428238 -11.525908
v 7.589255 -8.833878 -11.499901
v 7.546667 -8.833878 -11.578106
v 7.828943 -8.022598 -11.199722
v 7.951492 -7.616959 -10.831381
v 7.998343 -7.211319 -10.434712
v 7.963140 -6.805679 -10.025557
v 7.842895 -6.400040 -9.621141
v 7.548123 -8.428238 -11.685020
v 7.500234 -8.833878 -11.654091
v 7.450070 -8.833878 -11.727667
v 7.768619 -8.022598 -11.379269
v 7.927234 -7.616959 -11.024961
v 8.013348 -7.211319 -10.634928
v 8.019058 -6.805679 -10.224300
v 7.939676 -6.400040 -9.809922
v 7.440874 -8.428238 -11.834195
v 7.396302 -8.833878 -11.798651
v 7.339062 -8.833878 -11.866867
v 7.690717 -8.022598 -11.551917
v 7.883821 -7.616959 -11.215162
v 8.008342 -7.211319 -10.835642
v 8.054910 -6.805679 -10.427624
v 8.017181 -6.400040 -10.007401
v 7.319304 -8.428238 -11.971951
v 7.278493 -8.833878 -11.932144
v 7.214746 -8.833878 -11.994322
v 7.596012 -8.022598 -11.715951
v 7.821687 -7.616959 -11.400097
v 7.983377 -7.211319 -11.034860
v 8.070338 -6.805679 -10.633506
v 8.074638 -6.400040 -10.211615
v 7.184623 -8.428238 -12.096916
v 7.147978 -8.833878 -12.053245
v 7.078357 -8.833878 -12.108766
v 7.485445 -8.022598 -11.869740
v 7.741447 -7.616959 -11.577925
v 7.938699 -7.211319 -11.230602
v 8.065191 -6.805679 -10.839902
v 8.111476 -6.400040 -10.420535
v 7.038169 -8.428238 -12.207850
v 7.006054 -8.833878 -12.160748
v 6.931251 -8.833878 -12.209062
v 7.360115 -8.022598 -12.011756
v 7.643901 -7.616959 -11.746881
v 7.874755 -7.211319 -11.420924
v 8.039519 -6.805679 -11.044760
v 8.127330 -6.400040 -10.632085
v 6.881396 -8.428238 -12.303653
v 6.854132 -8.833878 -12.253586
v 6.774889 -8.833878 -12.294211
v 7.221268 -8.022598 -12.140587
v 7.530016 -7.616959 -11.905284
v 7.792178 -7.211319 -11.603933
v 7.993577 -6.805679 -11.246043
v 8.122041 -6.400040 -10.844162
v 6.715865 -8.428238 -12.383368
v 6.693720 -8.833878 -12.330836
v 6.610826 -8.833878 -12.363369
v 7.070283 -8.022598 -12.254954
v 7.400926 -7.616959 -12.051561
v 7.691790 -7.211319 -11.777811
v 7.927823 -6.805679 -11.441751
v 8.095662 -6.400040 -11.054659
v 6.543218 -8.428238 -12.446207
v 6.526414 -8.833878 -12.391730
v 6.440693 -8.833878 -12.415849
v 6.908661 -8.022598 -12.353719
v 7.257912 -7.616959 -12.184258
v 7.574588 -7.211319 -11.940829
v 7.842909 -6.805679 -11.629941
v 8.048456 -6.400040 -11.261483
v 6.365173 -8.428238 -12.491543
v 6.353877 -8.833878 -12.435664
v 6.266180 -8.833878 -12.451127
v 6.738009 -8.022598 -12.435901
v 7.102397 -7.616959 -12.302057
v 7.441737 -7.211319 -12.091368
v 7.739679 -6.805679 -11.808741
v 7.980891 -6.400040 -11.462580
v 6.183498 -8.428238 -12.518926
v 6.177822 -8.833878 -12.462200
v 6.560022 -8.022598 -12.500683
v 6.935926 -7.616959 -12.403786
v 7.294557 -7.211319 -12.227930
v 7.619159 -6.805679 -11.976374
v 7.893639 -6.400040 -11.655950
v 6.376469 -8.022598 -12.547421
v 6.760153 -7.616959 -12.488433
v 7.134511 -7.211319 -12.349160
v 7.482547 -6.805679 -12.131173
v 7.787568 -6.400040 -11.839671
v 6.189175 -8.022598 -12.575651
v 6.576825 -7.616959 -12.555159
v 6.963191 -7.211319 -12.453852
v 7.331202 -6.805679 -12.271602
v 7.663731 -6.400040 -12.011918
v 6.387765 -7.616959 -12.603300
v 6.782297 -7.211319 -12.540965
v 7.166626 -6.805679 -12.396263
v 7.523358 -6.400040 -12.170979
v 6.194851 -7.616959 -12.632377
v 6.593629 -7.211319 -12.609635
v 6.990456 -6.805679 -12.503919
v 7.367846 -6.400040 -12.315273
v 6.399061 -7.211319 -12.659178
v 6.804441 -6.805679 -12.593498
v 7.198740 -6.400040 -12.443366
v 6.200527 -7.211319 -12.689102
v 6.610433 -6.805679 -12.664111
v 7.017720 -6.400040 -12.553985
v 6.410357 -6.805679 -12.715056
v 6.826586 -6.400040 -12.646030
v 6.206203 -6.805679 -12.745828
v 6.627236 -6.400040 -12.718588
v 6.421653 -6.400040 -12.770935
v 6.211879 -6.400040 -12.802554
v -6.000000 -8.833878 -12.471074
v -6.000000 -8.428238 -12.528084
v -6.089022 -8.833878 -12.468855
v -6.000000 -6.400040 -12.813128
v -5.910978 -8.833878 -12.468855
v -6.183498 -8.428238 -12.518926
v -6.177822 -8.833878 -12.462200
v -6.266180 -8.833878 -12.451127
v -6.365173 -8.428238 -12.491543
v -6.353877 -8.833878 -12.435664
v -6.440693 -8.833878 -12.415849
v -6.543218 -8.428238 -12.446207
v -6.526414 -8.833878 -12.391730
v -6.610826 -8.833878 -12.363369
v -6.189175 -8.022598 -12.575651
v -6.000000 -8.022598 -12.585093
v -6.715865 -8.428238 -12.383368
v -6.693720 -8.833878 -12.330836
v -6.774889 -8.833878 -12.294211
v -6.376469 -8.022598 -12.547421
v -6.881396 -8.428238 -12.303653
v -6.854132 -8.833878 -12.253586
v -6.931251 -8.833878 -12.209062
v -6.560022 -8.022598 -12.500683
v -6.194851 -7.616959 -12.632377
v -6.000000 -7.616959 -12.642101
v -7.038169 -8.428238 -12.207850
v -7.006054 -8.833878 -12.160748
v -7.078357 -8.833878 -12.108766
v -6.738009 -8.022598 -12.435901
v -6.387765 -7.616959 -12.603300
v -7.184623 -8.428238 -12.096916
v -7.147978 -8.833878 -12.053245
v -7.214746 -8.833878 -11.994322
v -6.908661 -8.022598 -12.353719
v -6.576825 -7.616959 -12.555159
v -6.200527 -7.211319 -12.689102
v -6.000000 -7.211319 -12.699110
v -7.319304 -8.428238 -11.971951
v -7.278493 -8.833878 -11.932144
v -7.339062 -8.833878 -11.866867
v -7.070283 -8.022598 -12.254954
v -6.760153 -7.616959 -12.488433
v -6.399061 -7.211319 -12.659178
v -7.440874 -8.428238 -11.834195
v -7.396302 -8.833878 -11.798651
v -7.450070 -8.833878 -11.727667
v -7.221268 -8.022598 -12.140587
v -6.935926 -7.616959 -12.403786
v -6.593629 -7.211319 -12.609635
v -6.206203 -6.805679 -12.745828
v -6.000000 -6.805679 -12.756119
v -7.548123 -8.428238 -11.685020
v -7.500234 -8.833878 -11.654091
v -7.546667 -8.833878 -11.578106
v -7.360115 -8.022598 -12.011756
v -7.102397 -7.616959 -12.302057
v -6.782297 -7.211319 -12.540965
v -6.410357 -6.805679 -12.715056
v -7.639986 -8.428238 -11.525908
v -7.589255 -8.833878 -11.499901
v -7.627892 -8.833878 -11.419670
v -7.485445 -8.022598 -11.869740
v -7.257912 -7.616959 -12.184258
v -6.963191 -7.211319 -12.453852
v -6.610433 -6.805679 -12.664111
v -6.211879 -6.400040 -12.802554
v -7.715550 -8.428238 -11.358441
v -7.662482 -8.833878 -11.337613
v -7.692939 -8.833878 -11.253934
v -7.596012 -8.022598 -11.715951
v -7.400926 -7.616959 -12.051561
v -7.134511 -7.211319 -12.349160
v -6.804441 -6.805679 -12.593498
v -6.421653 -6.400040 -12.770935
v -7.774065 -8.428238 -11.184281
v -7.719187 -8.833878 -11.168841
v -7.741160 -8.833878 -11.082545
v -7.690717 -8.022598 -11.551917
v -7.530016 -7.616959 -11.905284
v -7.294557 -7.211319 -12.227930
v -6.990456 -6.805679 -12.503919
v -6.627236 -6.400040 -12.718588
v -7.814948 -8.428238 -11.005161
v -7.758805 -8.833878 -10.995262
v -7.772077 -8.833878 -10.907207
v -7.768619 -8.022598 -11.379269
v -7.643901 -7.616959 -11.746881
v -7.441737 -7.211319 -12.091368
v -7.166626 -6.805679 -12.396263
v -6.826586 -6.400040 -12.646030
v -7.837793 -8.428238 -10.822861
v -7.780944 -8.833878 -10.818601
v -7.785382 -8.833878 -10.729662
v -7.828943 -8.022598 -11.199722
v -7.741447 -7.616959 -11.577925
v -7.574588 -7.211319 -11.940829
v -7.331202 -6.805679 -12.271602
v -7.017720 -6.400040 -12.553985
v -7.842373 -8.428238 -10.639192
v -7.785382 -8.833878 -10.640613
v -7.780944 -8.833878 -10.551674
v -7.871091 -8.022598 -11.015060
v -7.821687 -7.616959 -11.400097
v -7.691790 -7.211319 -11.777811
v -7.482547 -6.805679 -12.131173
v -7.198740 -6.400040 -12.443366
v -7.828644 -8.428238 -10.455978
v -7.772077 -8.833878 -10.463067
v -7.758805 -8.833878 -10.375012
v -7.894643 -8.022598 -10.827121
v -7.883821 -7.616959 -11.215162
v -7.792178 -7.211319 -11.603933
v -7.619159 -6.805679 -11.976374
v -7.367846 -6.400040 -12.315273
v -7.796740 -8.428238 -10.275043
v -7.741160 -8.833878 -10.287728
v -7.719187 -8.833878 -10.201433
v -7.899365 -8.022598 -10.637770
v -7.927234 -7.616959 -11.024961
v -7.874755 -7.211319 -11.420924
v -7.739679 -6.805679 -11.808741
v -7.523358 -6.400040 -12.170979
v -7.746979 -8.428238 -10.098184
v -7.692939 -8.833878 -10.116340
v -7.662482 -8.833878 -10.032660
v -7.885210 -8.022598 -10.448890
v -7.951492 -7.616959 -10.831381
v -7.938699 -7.211319 -11.230602
v -7.842909 -6.805679 -11.629941
v -7.663731 -6.400040 -12.011918
v -7.679856 -8.428238 -9.927157
v -7.627892 -8.833878 -9.950604
v -7.589255 -8.833878 -9.870374
v -7.852320 -8.022598 -10.262358
v -7.956356 -7.616959 -10.636349
v -7.983377 -7.211319 -11.034860
v -7.927823 -6.805679 -11.441751
v -7.787568 -6.400040 -11.839671
v -7.596038 -8.428238 -9.763664
v -7.546667 -8.833878 -9.792169
v -7.500234 -8.833878 -9.716184
v -7.801020 -8.022598 -10.080027
v -7.941777 -7.616959 -10.441801
v -8.008342 -7.211319 -10.835642
v -7.993577 -6.805679 -11.246043
v -7.893639 -6.400040 -11.655950
v -7.496358 -8.428238 -9.609329
v -7.450070 -8.833878 -9.642608
v -7.396302 -8.833878 -9.571623
v -7.731821 -8.022598 -9.903710
v -7.907899 -7.616959 -10.249672
v -8.013348 -7.211319 -10.634928
v -8.039519 -6.805679 -11.044760
v -7.980891 -6.400040 -11.462580
v -7.381806 -8.428238 -9.465686
v -7.339062 -8.833878 -9.503407
v -7.278493 -8.833878 -9.438129
v -7.645410 -8.022598 -9.735160
v -7.855060 -7.616959 -10.061870
v -7.998343 -7.211319 -10.434712
v -8.065191 -6.805679 -10.839902
v -8.048456 -6.400040 -11.261483
v -7.253522 -8.428238 -9.334162
v -7.214746 -8.833878 -9.375953
v -7.147978 -8.833878 -9.317030
v -7.542646 -8.022598 -9.576050
v -7.783784 -7.616959 -9.880263
v -7.963479 -7.211319 -10.236986
v -8.070338 -6.805679 -10.633506
v -8.095662 -6.400040 -11.054659
v -7.112779 -8.428238 -9.216064
v -7.078357 -8.833878 -9.261508
v -7.006054 -8.833878 -9.209526
v -7.424551 -8.022598 -9.427963
v -7.694781 -7.616959 -9.706655
v -7.909100 -7.211319 -10.043714
v -8.054910 -6.805679 -10.427624
v -8.122041 -6.400040 -10.844162
v -6.960977 -8.428238 -9.112568
v -6.931251 -8.833878 -9.161213
v -6.854132 -8.833878 -9.116688
v -7.292298 -8.022598 -9.292371
v -7.588933 -7.616959 -9.542771
v -7.835748 -7.211319 -9.856816
v -8.019058 -6.805679 -10.224300
v -8.127330 -6.400040 -10.632085
v -6.799624 -8.428238 -9.024700
v -6.774889 -8.833878 -9.076063
v -6.693720 -8.833878 -9.039438
v -7.147202 -8.022598 -9.170621
v -7.467295 -7.616959 -9.390242
v -7.744152 -7.211319 -9.678150
v -7.963140 -6.805679 -10.025557
v -8.111476 -6.400040 -10.420535
v -6.630325 -8.428238 -8.953334
v -6.610826 -8.833878 -9.006905
v -6.526414 -8.833878 -8.978544
v -6.990704 -8.022598 -9.063923
v -7.331074 -7.616959 -9.250581
v -7.635221 -7.211319 -9.509493
v -7.887712 -6.805679 -9.833369
v -8.074638 -6.400040 -10.211615
v -6.454761 -8.428238 -8.899179
v -6.440693 -8.833878 -8.954426
v -6.353877 -8.833878 -8.934610
v -6.824360 -8.022598 -8.973336
v -7.181623 -7.616959 -9.125177
v -7.510039 -7.211319 -9.352520
v -7.793523 -6.805679 -9.649646
v -8.017181 -6.400040 -10.007401
v -6.274677 -8.428238 -8.862775
v -6.266180 -8.833878 -8.919147
v -6.177822 -8.833878 -8.908074
v -6.649823 -8.022598 -8.899763
v -7.020430 -7.616959 -9.015277
v -7.369850 -7.211319 -9.208790
v -7.681509 -6.805679 -9.476214
v -7.939676 -6.400040 -9.809922
v -6.091863 -8.428238 -8.844481
v -6.089022 -8.833878 -8.901420
v -6.000000 -8.833878 -8.899199
v -6.468828 -8.022598 -8.843933
v -6.849095 -7.616959 -8.921973
v -7.216046 -7.211319 -9.079734
v -7.552783 -6.805679 -9.314797
v -7.842895 -6.400040 -9.621141
v -5.908137 -8.428238 -8.844481
v -5.910978 -8.833878 -8.901420
v -5.822178 -8.833878 -8.908074
v -6.283174 -8.022598 -8.806402
v -6.669321 -7.616959 -8.846192
v -7.050157 -7.211319 -8.966632
v -7.408626 -6.805679 -9.167000
v -7.727797 -6.400040 -9.442936
v -5.725323 -8.428238 -8.862775
v -5.733820 -8.833878 -8.919147
v -5.646123 -8.833878 -8.934610
v -6.094705 -8.022598 -8.787543
v -6.482895 -7.616959 -8.788688
v -6.873830 -7.211319 -8.870610
v -7.250468 -6.805679 -9.034290
v -7.595528 -6.400040 -9.277076
v -5.545239 -8.428238 -8.899179
v -5.559307 -8.833878 -8.954426
v -5.473586 -8.833878 -8.978544
v -5.905295 -8.022598 -8.787543
v -6.291670 -7.616959 -8.750031
v -6.688819 -7.211319 -8.792622
v -7.079883 -6.805679 -8.917987
v -7.447402 -6.400040 -9.125209
v -5.369675 -8.428238 -8.953334
v -5.389174 -8.833878 -9.006905
v -5.306280 -8.833878 -9.039438
v -5.716826 -8.022598 -8.806402
v -6.097547 -7.616959 -8.730605
v -6.496963 -7.211319 -8.733441
v -6.898565 -6.805679 -8.819246
v -7.284890 -6.400040 -8.988846
v -5.200376 -8.428238 -9.024700
v -5.225111 -8.833878 -9.076063
v -5.145868 -8.833878 -9.116688
v -5.531172 -8.022598 -8.843933
v -5.902453 -7.616959 -8.730605
v -6.300167 -7.211319 -8.693658
v -6.708318 -6.805679 -8.739051
v -7.109610 -6.400040 -8.869342
v -5.039023 -8.428238 -9.112568
v -5.068749 -8.833878 -9.161213
v -4.993946 -8.833878 -9.209526
v -5.350177 -8.022598 -8.899763
v -5.708330 -7.616959 -8.750031
v -6.100388 -7.211319 -8.673667
v -6.511030 -6.805679 -8.678195
v -6.923301 -6.400040 -8.767883
v -4.887221 -8.428238 -9.216064
v -4.921643 -8.833878 -9.261508
v -4.852022 -8.833878 -9.317030
v -5.175640 -8.022598 -8.973336
v -5.517105 -7.616959 -8.788688
v -5.899612 -7.211319 -8.673667
v -6.308664 -6.805679 -8.637286
v -6.727816 -6.400040 -8.685479
v -4.746478 -8.428238 -9.334162
v -4.785254 -8.833878 -9.375953
v -4.721507 -8.833878 -9.438129
v -5.009296 -8.022598 -9.063923
v -5.330679 -7.616959 -8.846192
v -5.699833 -7.211319 -8.693658
v -6.103230 -6.805679 -8.616730
v -6.525097 -6.400040 -8.622950
v -4.618194 -8.428238 -9.465686
v -4.660938 -8.833878 -9.503407
v -4.603698 -8.833878 -9.571623
v -4.852798 -8.022598 -9.170621
v -5.150905 -7.616959 -8.921973
v -5.503037 -7.211319 -8.733441
v -5.896770 -6.805679 -8.616730
v -6.317161 -6.400040 -8.580914
v -4.503642 -8.428238 -9.609329
v -4.549930 -8.833878 -9.642608
v -4.499766 -8.833878 -9.716184
v -4.707702 -8.022598 -9.292371
v -4.979570 -7.616959 -9.015277
v -5.311181 -7.211319 -8.792622
v -5.691336 -6.805679 -8.637286
v -6.106071 -6.400040 -8.559792
v -4.403962 -8.428238 -9.763664
v -4.453333 -8.833878 -9.792169
v -4.410745 -8.833878 -9.870374
v -4.575449 -8.022598 -9.427963
v -4.818377 -7.616959 -9.125177
v -5.126170 -7.211319 -8.870610
v -5.488970 -6.805679 -8.678195
v -5.893929 -6.400040 -8.559792
v -4.320144 -8.428238 -9.927157
v -4.372108 -8.833878 -9.950604
v -4.337518 -8.833878 -10.032660
v -4.457354 -8.022598 -9.576050
v -4.668926 -7.616959 -9.250581
v -4.949843 -7.211319 -8.966632
v -5.291682 -6.805679 -8.739051
v -5.682839 -6.400040 -8.580914
v -4.253021 -8.428238 -10.098184
v -4.307061 -8.833878 -10.116340
v -4.280813 -8.833878 -10.201433
v -4.354590 -8.022598 -9.735160
v -4.532705 -7.616959 -9.390242
v -4.783954 -7.211319 -9.079734
v -5.101435 -6.805679 -8.819246
v -5.474903 -6.400040 -8.622950
v -4.203260 -8.428238 -10.275043
v -4.258840 -8.833878 -10.287728
v -4.241195 -8.833878 -10.375012
v -4.268179 -8.022598 -9.903710
v -4.411067 -7.616959 -9.542771
v -4.630150 -7.211319 -9.208790
v -4.920117 -6.805679 -8.917987
v -5.272184 -6.400040 -8.685479
v -4.171356 -8.428238 -10.455978
v -4.227923 -8.833878 -10.463067
v -4.219056 -8.833878 -10.551674
v -4.198980 -8.022598 -10.080027
v -4.305219 -7.616959 -9.706655
v -4.489961 -7.211319 -9.352520
v -4.749532 -6.805679 -9.034290
v -5.076699 -6.400040 -8.767883
v -4.157627 -8.428238 -10.639192
v -4.214618 -8.833878 -10.640613
v -4.214618 -8.833878 -10.729662
v -4.147680 -8.022598 -10.262358
v -4.216216 -7.616959 -9.880263
v -4.364779 -7.211319 -9.509493
v -4.591374 -6.805679 -9.167000
v -4.890390 -6.400040 -8.869342
v -4.162207 -8.428238 -10.822861
v -4.219056 -8.833878 -10.818601
v -4.227923 -8.833878 -10.907207
v -4.114790 -8.022598 -10.448890
v -4.144940 -7.616959 -10.061870
v -4.255848 -7.211319 -9.678150
v -4.447217 -6.805679 -9.314797
v -4.715110 -6.400040 -8.988846
v -4.185052 -8.428238 -11.005161
v -4.241195 -8.833878 -10.995262
v -4.258840 -8.833878 -11.082545
v -4.100635 -8.022598 -10.637770
v -4.092101 -7.616959 -10.249672
v -4.164252 -7.211319 -9.856816
v -4.318491 -6.805679 -9.476214
v -4.552598 -6.400040 -9.125209
v -4.225935 -8.428238 -11.184281
v -4.280813 -8.833878 -11.168841
v -4.307061 -8.833878 -11.253934
v -4.105357 -8.022598 -10.827121
v -4.058223 -7.616959 -10.441801
v -4.090900 -7.211319 -10.043714
v -4.206477 -6.805679 -9.649646
v -4.404472 -6.400040 -9.277076
v -4.284450 -8.428238 -11.358441
v -4.337518 -8.833878 -11.337613
v -4.372108 -8.833878 -11.419670
v -4.128909 -8.022598 -11.015060
v -4.043644 -7.616959 -10.636349
v -4.036521 -7.211319 -10.236986
v -4.112288 -6.805679 -9.833369
v -4.272203 -6.400040 -9.442936
v -4.360014 -8.428238 -11.525908
v -4.410745 -8.833878 -11.499901
v -4.453333 -8.833878 -11.578106
v -4.171057 -8.022598 -11.199722
v -4.048508 -7.616959 -10.831381
v -4.001657 -7.211319 -10.434712
v -4.036860 -6.805679 -10.025557
v -4.157105 -6.400040 -9.621141
v -4.451877 -8.428238 -11.685020
v -4.499766 -8.833878 -11.654091
v -4.549930 -8.833878 -11.727667
v -4.231381 -8.022598 -11.379269
v -4.072766 -7.616959 -11.024961
v -3.986653 -7.211319 -10.634928
v -3.980942 -6.805679 -10.224300
v -4.060324 -6.400040 -9.809922
v -4.559126 -8.428238 -11.834195
v -4.603698 -8.833878 -11.798651
v -4.660938 -8.833878 -11.866867
v -4.309283 -8.022598 -11.551917
v -4.116179 -7.616959 -11.215162
v -3.991658 -7.211319 -10.835642
v -3.945090 -6.805679 -10.427624
v -3.982819 -6.400040 -10.007401
v -4.680696 -8.428238 -11.971951
v -4.721507 -8.833878 -11.932144
v -4.785254 -8.833878 -11.994322
v -4.403988 -8.022598 -11.715951
v -4.178313 -7.616959 -11.400097
v -4.016623 -7.211319 -11.034860
v -3.929662 -6.805679 -10.633506
v -3.925362 -6.400040 -10.211615
v -4.815377 -8.428238 -12.096916
v -4.852022 -8.833878 -12.053245
v -4.921643 -8.833878 -12.108766
v -4.514555 -8.022598 -11.869740
v -4.258553 -7.616959 -11.577925
v -4.061301 -7.211319 -11.230602
v -3.934809 -6.805679 -10.839902
v -3.888524 -6.400040 -10.420535
v -4.961831 -8.428238 -12.207850
v -4.993946 -8.833878 -12.160748
v -5.068749 -8.833878 -12.209062
v -4.639885 -8.022598 -12.011756
v -4.356099 -7.616959 -11.746881
v -4.125245 -7.211319 -11.420924
v -3.960481 -6.805679 -11.044760
v -3.872670 -6.400040 -10.632085
v -5.118604 -8.428238 -12.303653
v -5.145868 -8.833878 -12.253586
v -5.225111 -8.833878 -12.294211
v -4.778732 -8.022598 -12.140587
v -4.469984 -7.616959 -11.905284
v -4.207822 -7.211319 -11.603933
v -4.006423 -6.805679 -11.246043
v -3.877959 -6.400040 -10.844162
v -5.284135 -8.428238 -12.383368
v -5.306280 -8.833878 -12.330836
v -5.389174 -8.833878 -12.363369
v -4.929717 -8.022598 -12.254954
v -4.599074 -7.616959 -12.051561
v -4.308210 -7.211319 -11.777811
v -4.072177 -6.805679 -11.441751
v -3.904338 -6.400040 -11.054659
v -5.456782 -8.428238 -12.446207
v -5.473586 -8.833878 -12.391730
v -5.559307 -8.833878 -12.415849
v -5.091339 -8.022598 -12.353719
v -4.742088 -7.616959 -12.184258
v -4.425412 -7.211319 -11.940829
v -4.157091 -6.805679 -11.629941
v -3.951544 -6.400040 -11.261483
v -5.634827 -8.428238 -12.491543
v -5.646123 -8.833878 -12.435664
v -5.733820 -8.833878 -12.451127
v -5.261991 -8.022598 -12.435901
v -4.897603 -7.616959 -12.302057
v -4.558263 -7.211319 -12.091368
v -4.260321 -6.805679 -11.808741
v -4.019109 -6.400040 -11.462580
v -5.816502 -8.428238 -12.518926
v -5.822178 -8.833878 -12.462200
v -5.439978 -8.022598 -12.500683
v -5.064074 -7.616959 -12.403786
v -4.705443 -7.211319 -12.227930
v -4.380841 -6.805679 -11.976374
v -4.106361 -6.400040 -11.655950
v -5.623531 -8.022598 -12.547421
v -5.239847 -7.616959 -12.488433
v -4.865489 -7.211319 -12.349160
v -4.517453 -6.805679 -12.131173
v -4.212432 -6.400040 -11.839671
v -5.810825 -8.022598 -12.575651
v -5.423175 -7.616959 -12.555159
v -5.036809 -7.211319 -12.453852
v -4.668798 -6.805679 -12.271602
v -4.336269 -6.400040 -12.011918
v -5.612235 -7.616959 -12.603300
v -5.217703 -7.211319 -12.540965
v -4.833374 -6.805679 -12.396263
v -4.476642 -6.400040 -12.170979
v -5.805149 -7.616959 -12.632377
v -5.406371 -7.211319 -12.609635
v -5.009544 -6.805679 -12.503919
v -4.632154 -6.400040 -12.315273
v -5.600939 -7.211319 -12.659178
v -5.195559 -6.805679 -12.593498
v -4.801260 -6.400040 -12.443366
v -5.799473 -7.211319 -12.689102
v -5.389567 -6.805679 -12.664111
v -4.982280 -6.400040 -12.553985
v -5.589643 -6.805679 -12.715056
v -5.173414 -6.400040 -12.646030
v -5.793797 -6.805679 -12.745828
v -5.372764 -6.400040 -12.718588
v -5.578347 -6.400040 -12.770935
v -5.788121 -6.400040 -12.802554
v -6.000000 -8.833878 11.528926
v -6.000000 -8.428238 11.471916
v -6.089022 -8.833878 11.531145
v -6.000000 -6.400040 11.186872
v -5.910978 -8.833878 11.531145
v -6.183498 -8.428238 11.481074
v -6.177822 -8.833878 11.537800
v -6.266180 -8.833878 11.548873
v -6.365173 -8.428238 11.508457
v -6.353877 -8.833878 11.564336
v -6.440693 -8.833878 11.584151
v -6.543218 -8.428238 11.553793
v -6.526414 -8.833878 11.608270
v -6.610826 -8.833878 11.636631
v -6.189175 -8.022598 11.424349
v -6.000000 -8.022598 11.414907
v -6.715865 -8.428238 11.616632
v -6.693720 -8.833878 11.669164
v -6.774889 -8.833878 11.705789
v -6.376469 -8.022598 11.452579
v -6.881396 -8.428238 11.696347
v -6.854132 -8.833878 11.746414
v -6.931251 -8.833878 11.790938
v -6.560022 -8.022598 11.499317
v -6.194851 -7.616959 11.367623
v -6.000000 -7.616959 11.357899
v -7.038169 -8.428238 11.792150
v -7.006054 -8.833878 11.839252
v -7.078357 -8.833878 11.891234
v -6.738009 -8.022598 11.564099
v -6.387765 -7.616959 11.396700
v -7.184623 -8.428238 11.903084
v -7.147978 -8.833878 11.946755
v -7.214746 -8.833878 12.005678
v -6.908661 -8.022598 11.646281
v -6.576825 -7.616959 11.444841
v -6.200527 -7.211319 11.310898
v -6.000000 -7.211319 11.300890
v -7.319304 -8.428238 12.028049
v -7.278493 -8.833878 12.067856
v -7.339062 -8.833878 12.133133
v -7.070283 -8.022598 11.745046
v -6.760153 -7.616959 11.511567
v -6.399061 -7.211319 11.340822
v -7.440874 -8.428238 12.165805
v -7.396302 -8.833878 12.201349
v -7.450070 -8.833878 12.272333
v -7.221268 -8.022598 11.859413
v -6.935926 -7.616959 11.596214
v -6.593629 -7.211319 11.390365
v -6.206203 -6.805679 11.254172
v -6.000000 -6.805679 11.243881
v -7.548123 -8.428238 12.314980
v -7.500234 -8.833878 12.345909
v -7.546667 -8.833878 12.421894
v -7.360115 -8.022598 11.988244
v -7.102397 -7.616959 11.697943
v -6.782297 -7.211319 11.459035
v -6.410357 -6.805679 11.284944
v -7.639986 -8.428238 12.474092
v -7.589255 -8.833878 12.500099
v -7.627892 -8.833878 12.580330
v -7.485445 -8.022598 12.130260
v -7.257912 -7.616959 11.815742
v -6.963191 -7.211319 11.546148
v -6.610433 -6.805679 11.335889
v -6.211879 -6.400040 11.197446
v -7.715550 -8.428238 12.641559
v -7.662482 -8.833878 12.662387
v -7.692939 -8.833878 12.746066
v -7.596012 -8.022598 12.284049
v -7.400926 -7.616959 11.948439
v -7.134511 -7.211319 11.650840
v -6.804441 -6.805679 11.406502
v -6.421653 -6.400040 11.229065
v -7.774065 -8.428238 12.815719
v -7.719187 -8.833878 12.831159
v -7.741160 -8.833878 12.917455
v -7.690717 -8.022598 12.448083
v -7.530016 -7.616959 12.094716
v -7.294557 -7.211319 11.772070
v -6.990456 -6.805679 11.496081
v -6.627236 -6.400040 11.281412
v -7.814948 -8.428238 12.994839
v -7.758805 -8.833878 13.004738
v -7.772077 -8.833878 13.092793
v -7.768619 -8.022598 12.620731
v -7.643901 -7.616959 12.253119
v -7.441737 -7.211319 11.908632
v -7.166626 -6.805679 11.603737
v -6.826586 -6.400040 11.353970
v -7.837793 -8.428238 13.177139
v -7.780944 -8.833878 13.181399
v -7.785382 -8.833878 13.270338
v -7.828943 -8.022598 12.800278
v -7.741447 -7.616959 12.422075
v -7.574588 -7.211319 12.059171
v -7.331202 -6.805679 11.728398
v -7.017720 -6.400040 11.446015
v -7.842373 -8.428238 13.360808
v -7.785382 -8.833878 13.359387
v -7.780944 -8.833878 13.448326
v -7.871091 -8.022598 12.984940
v -7.821687 -7.616959 12.599903
v -7.691790 -7.211319 12.222189
v -7.482547 -6.805679 11.868827
v -7.198740 -6.400040 11.556634
v -7.828644 -8.428238 13.544022
v -7.772077 -8.833878 13.536933
v -7.758805 -8.833878 13.624988
v -7.894643 -8.022598 13.172879
v -7.883821 -7.616959 12.784838
v -7.792178 -7.211319 12.396067
v -7.619159 -6.805679 12.023626
v -7.367846 -6.400040 11.684727
v -7.796740 -8.428238 13.724957
v -7.741160 -8.833878 13.712272
v -7.719187 -8.833878 13.798567
v -7.899365 -8.022598 13.362230
v -7.927234 -7.616959 12.975039
v -7.874755 -7.211319 12.579076
v -7.739679 -6.805679 12.191259
v -7.523358 -6.400040 11.829021
v -7.746979 -8.428238 13.901816
v -7.692939 -8.833878 13.883660
v -7.662482 -8.833878 13.967340
v -7.885210 -8.022598 13.551110
v -7.951492 -7.616959 13.168619
v -7.938699 -7.211319 12.769398
v -7.842909 -6.805679 12.370059
v -7.663731 -6.400040 11.988082
v -7.679856 -8.428238 14.072843
v -7.627892 -8.833878 14.049396
v -7.589255 -8.833878 14.129626
v -7.852320 -8.022598 13.737642
v -7.956356 -7.616959 13.363651
v -7.983377 -7.211319 12.965140
v -7.927823 -6.805679 12.558249
v -7.787568 -6.400040 12.160329
v -7.596038 -8.428238 14.236336
v -7.546667 -8.833878 14.207831
v -7.500234 -8.833878 14.283816
v -7.801020 -8.022598 13.919973
v -7.941777 -7.616959 13.558199
v -8.008342 -7.211319 13.164358
v -7.993577 -6.805679 12.753957
v -7.893639 -6.400040 12.344050
v -7.496358 -8.428238 14.390671
v -7.450070 -8.833878 14.357392
v -7.396302 -8.833878 14.428377
v -7.731821 -8.022598 14.096290
v -7.907899 -7.616959 13.750328
v -8.013348 -7.211319 13.365072
v -8.039519 -6.805679 12.955240
v -7.980891 -6.400040 12.537420
v -7.381806 -8.428238 14.534314
v -7.339062 -8.833878 14.496593
v -7.278493 -8.833878 14.561871
v -7.645410 -8.022598 14.264840
v -7.855060 -7.616959 13.938130
v -7.998343 -7.211319 13.565288
v -8.065191 -6.805679 13.160098
v -8.048456 -6.400040 12.738517
v -7.253522 -8.428238 14.665838
v -7.214746 -8.833878 14.624047
v -7.147978 -8.833878 14.682970
v -7.542646 -8.022598 14.423950
v -7.783784 -7.616959 14.119737
v -7.963479 -7.211319 13.763014
v -8.070338 -6.805679 13.366494
v -8.095662 -6.400040 12.945341
v -7.112779 -8.428238 14.783936
v -7.078357 -8.833878 14.738492
v -7.006054 -8.833878 14.790474
v -7.424551 -8.022598 14.572037
v -7.694781 -7.616959 14.293345
v -7.909100 -7.211319 13.956286
v -8.054910 -6.805679 13.572376
v -8.122041 -6.400040 13.155838
v -6.960977 -8.428238 14.887432
v -6.931251 -8.833878 14.838787
v -6.854132 -8.833878 14.883312
v -7.292298 -8.022598 14.707629
v -7.588933 -7.616959 14.457229
v -7.835748 -7.211319 14.143184
v -8.019058 -6.805679 13.775700
v -8.127330 -6.400040 13.367915
v -6.799624 -8.428238 14.975300
v -6.774889 -8.833878 14.923937
v -6.693720 -8.833878 14.960562
v -7.147202 -8.022598 14.829379
v -7.467295 -7.616959 14.609758
v -7.744152 -7.211319 14.321850
v -7.963140 -6.805679 13.974443
v -8.111476 -6.400040 13.579465
v -6.630325 -8.428238 15.046666
v -6.610826 -8.833878 14.993095
v -6.526414 -8.833878 15.021456
v -6.990704 -8.022598 14.936077
v -7.331074 -7.616959 14.749419
v -7.635221 -7.211319 14.490507
v -7.887712 -6.805679 14.166631
v -8.074638 -6.400040 13.788385
v -6.454761 -8.428238 15.100821
v -6.440693 -8.833878 15.045574
v -6.353877 -8.833878 15.065390
v -6.824360 -8.022598 15.026664
v -7.181623 -7.616959 14.874823
v -7.510039 -7.211319 14.647480
v -7.793523 -6.805679 14.350354
v -8.017181 -6.400040 13.992599
v -6.274677 -8.428238 15.137225
v -6.266180 -8.833878 15.080853
v -6.177822 -8.833878 15.091926
v -6.649823 -8.022598 15.100237
v -7.020430 -7.616959 14.984723
v -7.369850 -7.211319 14.791210
v -7.681509 -6.805679 14.523786
v -7.939676 -6.400040 14.190078
v -6.091863 -8.428238 15.155519
v -6.089022 -8.833878 15.098580
v -6.000000 -8.833878 15.100801
v -6.468828 -8.022598 15.156067
v -6.849095 -7.616959 15.078027
v -7.216046 -7.211319 14.920266
v -7.552783 -6.805679 14.685203
v -7.842895 -6.400040 14.378859
v -5.908137 -8.428238 15.155519
v -5.910978 -8.833878 15.098580
v -5.822178 -8.833878 15.091926
v -6.283174 -8.022598 15.193598
v -6.669321 -7.616959 15.153808
v -7.050157 -7.211319 15.033368
v -7.408626 -6.805679 14.833000
v -7.727797 -6.400040 14.557064
v -5.725323 -8.428238 15.137225
v -5.733820 -8.833878 15.080853
v -5.646123 -8.833878 15.065390
v -6.094705 -8.022598 15.212457
v -6.482895 -7.616959 15.211312
v -6.873830 -7.211319 15.129390
v -7.250468 -6.805679 14.965710
v -7.595528 -6.400040 14.722924
v -5.545239 -8.428238 15.100821
v -5.559307 -8.833878 15.045574
v -5.473586 -8.833878 15.021456
v -5.905295 -8.022598 15.212457
v -6.291670 -7.616959 15.249969
v -6.688819 -7.211319 15.207378
v -7.079883 -6.805679 15.082013
v -7.447402 -6.400040 14.874791
v -5.369675 -8.428238 15.046666
v -5.389174 -8.833878 14.993095
v -5.306280 -8.833878 14.960562
v -5.716826 -8.022598 15.193598
v -6.097547 -7.616959 15.269395
v -6.496963 -7.211319 15.266559
v -6.898565 -6.805679 15.180754
v -7.284890 -6.400040 15.011154
v -5.200376 -8.428238 14.975300
v -5.225111 -8.833878 14.923937
v -5.145868 -8.833878 14.883312
v -5.531172 -8.022598 15.156067
v -5.902453 -7.616959 15.269395
v -6.300167 -7.211319 15.306342
v -6.708318 -6.805679 15.260949
v -7.109610 -6.400040 15.130658
v -5.039023 -8.428238 14.887432
v -5.068749 -8.833878 14.838787
v -4.993946 -8.833878 14.790474
v -5.350177 -8.022598 15.100237
v -5.708330 -7.616959 15.249969
v -6.100388 -7.211319 15.326333
v -6.511030 -6.805679 15.321805
v -6.923301 -6.400040 15.232117
v -4.887221 -8.428238 14.783936
v -4.921643 -8.833878 14.738492
v -4.852022 -8.833878 14.682970
v -5.175640 -8.022598 15.026664
v -5.517105 -7.616959 15.211312
v -5.899612 -7.211319 15.326333
v -6.308664 -6.805679 15.362714
v -6.727816 -6.400040 15.314521
v -4.746478 -8.428238 14.665838
v -4.785254 -8.833878 14.624047
v -4.721507 -8.833878 14.561871
v -5.009296 -8.022598 14.936077
v -5.330679 -7.616959 15.153808
v -5.699833 -7.211319 15.306342
v -6.103230 -6.805679 15.383270
v -6.525097 -6.400040 15.377050
v -4.618194 -8.428238 14.534314
v -4.660938 -8.833878 14.496593
v -4.603698 -8.833878 14.428377
v -4.852798 -8.022598 14.829379
v -5.150905 -7.616959 15.078027
v -5.503037 -7.211319 15.266559
v -5.896770 -6.805679 15.383270
v -6.317161 -6.400040 15.419086
v -4.503642 -8.428238 14.390671
v -4.549930 -8.833878 14.357392
v -4.499766 -8.833878 14.283816
v -4.707702 -8.022598 14.707629
v -4.979570 -7.616959 14.984723
v -5.311181 -7.211319 15.207378
v -5.691336 -6.805679 15.362714
v -6.106071 -6.400040 15.440208
v -4.403962 -8.428238 14.236336
v -4.453333 -8.833878 14.207831
v -4.410745 -8.833878 14.129626
v -4.575449 -8.022598 14.572037
v -4.818377 -7.616959 14.874823
v -5.126170 -7.211319 15.129390
v -5.488970 -6.805679 15.321805
v -5.893929 -6.400040 15.440208
v -4.320144 -8.428238 14.072843
v -4.372108 -8.833878 14.049396
v -4.337518 -8.833878 13.967340
v -4.457354 -8.022598 14.423950
v -4.668926 -7.616959 14.749419
v -4.949843 -7.211319 15.033368
v -5.291682 -6.805679 15.260949
v -5.682839 -6.400040 15.419086
v -4.253021 -8.428238 13.901816
v -4.307061 -8.833878 13.883660
v -4.280813 -8.833878 13.798567
v -4.354590 -8.022598 14.264840
v -4.532705 -7.616959 14.609758
v -4.783954 -7.211319 14.920266
v -5.101435 -6.805679 15.180754
v -5.474903 -6.400040 15.377050
v -4.203260 -8.428238 13.724957
v -4.258840 -8.833878 13.712272
v -4.241195 -8.833878 13.624988
v -4.268179 -8.022598 14.096290
v -4.411067 -7.616959 14.457229
v -4.630150 -7.211319 14.791210
v -4.920117 -6.805679 15.082013
v -5.272184 -6.400040 15.314521
v -4.171356 -8.428238 13.544022
v -4.227923 -8.833878 13.536933
v -4.219056 -8.833878 13.448326
v -4.198980 -8.022598 13.919973
v -4.305219 -7.616959 14.293345
v -4.489961 -7.211319 14.647480
v -4.749532 -6.805679 14.965710
v -5.076699 -6.400040 15.232117
v -4.157627 -8.428238 13.360808
v -4.214618 -8.833878 13.359387
v -4.214618 -8.833878 13.270338
v -4.147680 -8.022598 13.737642
v -4.216216 -7.616959 14.119737
v -4.364779 -7.211319 14.490507
v -4.591374 -6.805679 14.833000
v -4.890390 -6.400040 15.130658
v -4.162207 -8.428238 13.177139
v -4.219056 -8.833878 13.181399
v -4.227923 -8.833878 13.092793
v -4.114790 -8.022598 13.551110
v -4.144940 -7.616959 13.938130
v -4.255848 -7.211319 14.321850
v -4.447217 -6.805679 14.685203
v -4.715110 -6.400040 15.011154
v -4.185052 -8.428238 12.994839
v -4.241195 -8.833878 13.004738
v -4.258840 -8.833878 12.917455
v -4.100635 -8.022598 13.362230
v -4.092101 -7.616959 13.750328
v -4.164252 -7.211319 14.143184
v -4.318491 -6.805679 14.523786
v -4.552598 -6.400040 14.874791
v -4.225935 -8.428238 12.815719
v -4.280813 -8.833878 12.831159
v -4.307061 -8.833878 12.746066
v -4.105357 -8.022598 13.172879
v -4.058223 -7.616959 13.558199
v -4.090900 -7.211319 13.956286
v -4.206477 -6.805679 14.350354
v -4.404472 -6.400040 14.722924
v -4.284450 -8.428238 12.641559
v -4.337518 -8.833878 12.662387
v -4.372108 -8.833878 12.580330
v -4.128909 -8.022598 12.984940
v -4.043644 -7.616959 13.363651
v -4.036521 -7.211319 13.763014
v -4.112288 -6.805679 14.166631
v -4.272203 -6.400040 14.557064
v -4.360014 -8.428238 12.474092
v -4.410745 -8.833878 12.500099
v -4.453333 -8.833878 12.421894
v -4.171057 -8.022598 12.800278
v -4.048508 -7.616959 13.168619
v -4.001657 -7.211319 13.565288
v -4.036860 -6.805679 13.974443
v -4.157105 -6.400040 14.378859
v -4.451877 -8.428238 12.314980
v -4.499766 -8.833878 12.345909
v -4.549930 -8.833878 12.272333
v -4.231381 -8.022598 12.620731
v -4.072766 -7.616959 12.975039
v -3.986653 -7.211319 13.365072
v -3.980942 -6.805679 13.775700
v -4.060324 -6.400040 14.190078
v -4.559126 -8.428238 12.165805
v -4.603698 -8.833878 12.201349
v -4.660938 -8.833878 12.133133
v -4.309283 -8.022598 12.448083
v -4.116179 -7.616959 12.784838
v -3.991658 -7.211319 13.164358
v -3.945090 -6.805679 13.572376
v -3.982819 -6.400040 13.992599
v -4.680696 -8.428238 12.028049
v -4.721507 -8.833878 12.067856
v -4.785254 -8.833878 12.005678
v -4.403988 -8.022598 12.284049
v -4.178313 -7.616959 12.599903
v -4.016623 -7.211319 12.965140
v -3.929662 -6.805679 13.366494
v -3.925362 -6.400040 13.788385
v -4.815377 -8.428238 11.903084
v -4.852022 -8.833878 11.946755
v -4.921643 -8.833878 11.891234
v -4.514555 -8.022598 12.130260
v -4.258553 -7.616959 12.422075
v -4.061301 -7.211319 12.769398
v -3.934809 -6.805679 13.160098
v -3.888524 -6.400040 13.579465
v -4.961831 -8.428238 11.792150
v -4.993946 -8.833878 11.839252
v -5.068749 -8.833878 11.790938
v -4.639885 -8.022598 11.988244
v -4.356099 -7.616959 12.253119
v -4.125245 -7.211319 12.579076
v -3.960481 -6.805679 12.955240
v -3.872670 -6.400040 13.367915
v -5.118604 -8.428238 11.696347
v -5.145868 -8.833878 11.746414
v -5.225111 -8.833878 11.705789
v -4.778732 -8.022598 11.859413
v -4.469984 -7.616959 12.094716
v -4.207822 -7.211319 12.396067
v -4.006423 -6.805679 12.753957
v -3.877959 -6.400040 13.155838
v -5.284135 -8.428238 11.616632
v -5.306280 -8.833878 11.669164
v -5.389174 -8.833878 11.636631
v -4.929717 -8.022598 11.745046
v -4.599074 -7.616959 11.948439
v -4.308210 -7.211319 12.222189
v -4.072177 -6.805679 12.558249
v -3.904338 -6.400040 12.945341
v -5.456782 -8.428238 11.553793
v -5.473586 -8.833878 11.608270
v -5.559307 -8.833878 11.584151
v -5.091339 -8.022598 11.646281
v -4.742088 -7.616959 11.815742
v -4.425412 -7.211319 12.059171
v -4.157091 -6.805679 12.370059
v -3.951544 -6.400040 12.738517
v -5.634827 -8.428238 11.508457
v -5.646123 -8.833878 11.564336
v -5.733820 -8.833878 11.548873
v -5.261991 -8.022598 11.564099
v -4.897603 -7.616959 11.697943
v -4.558263 -7.211319 11.908632
v -4.260321 -6.805679 12.191259
v -4.019109 -6.400040 12.537420
v -5.816502 -8.428238 11.481074
v -5.822178 -8.833878 11.537800
v -5.439978 -8.022598 11.499317
v -5.064074 -7.616959 11.596214
v -4.705443 -7.211319 11.772070
v -4.380841 -6.805679 12.023626
v -4.106361 -6.400040 12.344050
v -5.623531 -8.022598 11.452579
v -5.239847 -7.616959 11.511567
v -4.865489 -7.211319 11.650840
v -4.517453 -6.805679 11.868827
v -4.212432 -6.400040 12.160329
v -5.810825 -8.022598 11.424349
v -5.423175 -7.616959 11.444841
v -5.036809 -7.211319 11.546148
v -4.668798 -6.805679 11.728398
v -4.336269 -6.400040 11.988082
v -5.612235 -7.616959 11.396700
v -5.217703 -7.211319 11.459035
v -4.833374 -6.805679 11.603737
v -4.476642 -6.400040 11.829021
v -5.805149 -7.616959 11.367623
v -5.406371 -7.211319 11.390365
v -5.009544 -6.805679 11.496081
v -4.632154 -6.400040 11.684727
v -5.600939 -7.211319 11.340822
v -5.195559 -6.805679 11.406502
v -4.801260 -6.400040 11.556634
v -5.799473 -7.211319 11.310898
v -5.389567 -6.805679 11.335889
v -4.982280 -6.400040 11.446015
v -5.589643 -6.805679 11.284944
v -5.173414 -6.400040 11.353970
v -5.793797 -6.805679 11.254172
v -5.372764 -6.400040 11.281412
v -5.578347 -6.400040 11.229065
v -5.788121 -6.400040 11.197446
v 6.000000 -8.833878 11.528926
v 6.000000 -8.428238 11.471916
v 5.910978 -8.833878 11.531145
v 6.000000 -6.400040 11.186872
v 6.089022 -8.833878 11.531145
v 5.816502 -8.428238 11.481074
v 5.822178 -8.833878 11.537800
v 5.733820 -8.833878 11.548873
v 5.634827 -8.428238 11.508457
v 5.646123 -8.833878 11.564336
v 5.559307 -8.833878 11.584151
v 5.456782 -8.428238 11.553793
v 5.473586 -8.833878 11.608270
v 5.389174 -8.833878 11.636631
v 5.810825 -8.022598 11.424349
v 6.000000 -8.022598 11.414907
v 5.284135 -8.428238 11.616632
v 5.306280 -8.833878 11.669164
v 5.225111 -8.833878 11.705789
v 5.623531 -8.022598 11.452579
v 5.118604 -8.428238 11.696347
v 5.145868 -8.833878 11.746414
v 5.068749 -8.833878 11.790938
v 5.439978 -8.022598 11.499317
v 5.805149 -7.616959 11.367623
v 6.000000 -7.616959 11.357899
v 4.961831 -8.428238 11.792150
v 4.993946 -8.833878 11.839252
v 4.921643 -8.833878 11.891234
v 5.261991 -8.022598 11.564099
v 5.612235 -7.616959 11.396700
v 4.815377 -8.428238 11.903084
v 4.852022 -8.833878 11.946755
v 4.785254 -8.833878 12.005678
v 5.091339 -8.022598 11.646281
v 5.423175 -7.616959 11.444841
v 5.799473 -7.211319 11.310898
v 6.000000 -7.211319 11.300890
v 4.680696 -8.428238 12.028049
v 4.721507 -8.833878 12.067856
v 4.660938 -8.833878 12.133133
v 4.929717 -8.022598 11.745046
v 5.239847 -7.616959 11.511567
v 5.600939 -7.211319 11.340822
v 4.559126 -8.428238 12.165805
v 4.603698 -8.833878 12.201349
v 4.549930 -8.833878 12.272333
v 4.778732 -8.022598 11.859413
v 5.064074 -7.616959 11.596214
v 5.406371 -7.211319 11.390365
v 5.793797 -6.805679 11.254172
v 6.000000 -6.805679 11.243881
v 4.451877 -8.428238 12.314980
v 4.499766 -8.833878 12.345909
v 4.453333 -8.833878 12.421894
v 4.639885 -8.022598 11.988244
v 4.897603 -7.616959 11.697943
v 5.217703 -7.211319 11.459035
v 5.589643 -6.805679 11.284944
v 4.360014 -8.428238 12.474092
v 4.410745 -8.833878 12.500099
v 4.372108 -8.833878 12.580330
v 4.514555 -8.022598 12.130260
v 4.742088 -7.616959 11.815742
v 5.036809 -7.211319 11.546148
v 5.389567 -6.805679 11.335889
v 5.788121 -6.400040 11.197446
v 4.284450 -8.428238 12.641559
v 4.337518 -8.833878 12.662387
v 4.307061 -8.833878 12.746066
v 4.403988 -8.022598 12.284049
v 4.599074 -7.616959 11.948439
v 4.865489 -7.211319 11.650840
v 5.195559 -6.805679 11.406502
v 5.578347 -6.400040 11.229065
v 4.225935 -8.428238 12.815719
v 4.280813 -8.833878 12.831159
v 4.258840 -8.833878 12.917455
v 4.309283 -8.022598 12.448083
v 4.469984 -7.616959 12.094716
v 4.705443 -7.211319 11.772070
v 5.009544 -6.805679 11.496081
v 5.372764 -6.400040 11.281412
v 4.185052 -8.428238 12.994839
v 4.241195 -8.833878 13.004738
v 4.227923 -8.833878 13.092793
v 4.231381 -8.022598 12.620731
v 4.356099 -7.616959 12.253119
v 4.558263 -7.211319 11.908632
v 4.833374 -6.805679 11.603737
v 5.173414 -6.400040 11.353970
v 4.162207 -8.428238 13.177139
v 4.219056 -8.833878 13.181399
v 4.214618 -8.833878 13.270338
v 4.171057 -8.022598 12.800278
v 4.258553 -7.616959 12.422075
v 4.425412 -7.211319 12.059171
v 4.668798 -6.805679 11.728398
v 4.982280 -6.400040 11.446015
v 4.157627 -8.428238 13.360808
v 4.214618 -8.833878 13.359387
v 4.219056 -8.833878 13.448326
v 4.128909 -8.022598 12.984940
v 4.178313 -7.616959 12.599903
v 4.308210 -7.211319 12.222189
v 4.517453 -6.805679 11.868827
v 4.801260 -6.400040 11.556634
v 4.171356 -8.428238 13.544022
v 4.227923 -8.833878 13.536933
v 4.241195 -8.833878 13.624988
v 4.105357 -8.022598 13.172879
v 4.116179 -7.616959 12.784838
v 4.207822 -7.211319 12.396067
v 4.380841 -6.805679 12.023626
v 4.632154 -6.400040 11.684727
v 4.203260 -8.428238 13.724957
v 4.258840 -8.833878 13.712272
v 4.280813 -8.833878 13.798567
v 4.100635 -8.022598 13.362230
v 4.072766 -7.616959 12.975039
v 4.125245 -7.211319 12.579076
v 4.260321 -6.805679 12.191259
v 4.476642 -6.400040 11.829021
v 4.253021 -8.428238 13.901816
v 4.307061 -8.833878 13.883660
v 4.337518 -8.833878 13.967340
v 4.114790 -8.022598 13.551110
v 4.048508 -7.616959 13.168619
v 4.061301 -7.211319 12.769398
v 4.157091 -6.805679 12.370059
v 4.336269 -6.400040 11.988082
v 4.320144 -8.428238 14.072843
v 4.372108 -8.833878 14.049396
v 4.410745 -8.833878 14.129626
v 4.147680 -8.022598 13.737642
v 4.043644 -7.616959 13.363651
v 4.016623 -7.211319 12.965140
v 4.072177 -6.805679 12.558249
v 4.212432 -6.400040 12.160329
v 4.403962 -8.428238 14.236336
v 4.453333 -8.833878 14.207831
v 4.499766 -8.833878 14.283816
v 4.198980 -8.022598 13.919973
v 4.058223 -7.616959 13.558199
v 3.991658 -7.211319 13.164358
v 4.006423 -6.805679 12.753957
v 4.106361 -6.400040 12.344050
v 4.503642 -8.428238 14.390671
v 4.549930 -8.833878 14.357392
v 4.603698 -8.833878 14.428377
v 4.268179 -8.022598 14.096290
v 4.092101 -7.616959 13.750328
v 3.986653 -7.211319 13.365072
v 3.960481 -6.805679 12.955240
v 4.019109 -6.400040 12.537420
v 4.618194 -8.428238 14.534314
v 4.660938 -8.833878 14.496593
v 4.721507 -8.833878 14.561871
v 4.354590 -8.022598 14.264840
v 4.144940 -7.616959 13.938130
v 4.001657 -7.211319 13.565288
v 3.934809 -6.805679 13.160098
v 3.951544 -6.400040 12.738517
v 4.746478 -8.428238 14.665838
v 4.785254 -8.833878 14.624047
v 4.852022 -8.833878 14.682970
v 4.457354 -8.022598 14.423950
v 4.216216 -7.616959 14.119737
v 4.036521 -7.211319 13.763014
v 3.929662 -6.805679 13.366494
v 3.904338 -6.400040 12.945341
v 4.887221 -8.428238 14.783936
v 4.921643 -8.833878 14.738492
v 4.993946 -8.833878 14.790474
v 4.575449 -8.022598 14.572037
v 4.305219 -7.616959 14.293345
v 4.090900 -7.211319 13.956286
v 3.945090 -6.805679 13.572376
v 3.877959 -6.400040 13.155838
v 5.039023 -8.428238 14.887432
v 5.068749 -8.833878 14.838787
v 5.145868 -8.833878 14.883312
v 4.707702 -8.022598 14.707629
v 4.411067 -7.616959 14.457229
v 4.164252 -7.211319 14.143184
v 3.980942 -6.805679 13.775700
v 3.872670 -6.400040 13.367915
v 5.200376 -8.428238 14.975300
v 5.225111 -8.833878 14.923937
v 5.306280 -8.833878 14.960562
v 4.852798 -8.022598 14.829379
v 4.532705 -7.616959 14.609758
v 4.255848 -7.211319 14.321850
v 4.036860 -6.805679 13.974443
v 3.888524 -6.400040 13.579465
v 5.369675 -8.428238 15.046666
v 5.389174 -8.833878 14.993095
v 5.473586 -8.833878 15.021456
v 5.009296 -8.022598 14.936077
v 4.668926 -7.616959 14.749419
v 4.364779 -7.211319 14.490507
v 4.112288 -6.805679 14.166631
v 3.925362 -6.400040 13.788385
v 5.545239 -8.428238 15.100821
v 5.559307 -8.833878 15.045574
v 5.646123 -8.833878 15.065390
v 5.175640 -8.022598 15.026664
v 4.818377 -7.616959 14.874823
v 4.489961 -7.211319 14.647480
v 4.206477 -6.805679 14.350354
v 3.982819 -6.400040 13.992599
v 5.725323 -8.428238 15.137225
v 5.733820 -8.833878 15.080853
v 5.822178 -8.833878 15.091926
v 5.350177 -8.022598 15.100237
v 4.979570 -7.616959 14.984723
v 4.630150 -7.211319 14.791210
v 4.318491 -6.805679 14.523786
v 4.060324 -6.400040 14.190078
v 5.908137 -8.428238 15.155519
v 5.910978 -8.833878 15.098580
v 6.000000 -8.833878 15.100801
v 5.531172 -8.022598 15.156067
v 5.150905 -7.616959 15.078027
v 4.783954 -7.211319 14.920266
v 4.447217 -6.805679 14.685203
v 4.157105 -6.400040 14.378859
v 6.091863 -8.428238 15.155519
v 6.089022 -8.833878 15.098580
v 6.177822 -8.833878 15.091926
v 5.716826 -8.022598 15.193598
v 5.330679 -7.616959 15.153808
v 4.949843 -7.211319 15.033368
v 4.591374 -6.805679 14.833000
v 4.272203 -6.400040 14.557064
v 6.274677 -8.428238 15.137225
v 6.266180 -8.833878 15.080853
v 6.353877 -8.833878 15.065390
v 5.905295 -8.022598 15.212457
v 5.517105 -7.616959 15.211312
v 5.126170 -7.211319 15.129390
v 4.749532 -6.805679 14.965710
v 4.404472 -6.400040 14.722924
v 6.454761 -8.428238 15.100821
v 6.440693 -8.833878 15.045574
v 6.526414 -8.833878 15.021456
v 6.094705 -8.022598 15.212457
v 5.708330 -7.616959 15.249969
v 5.311181 -7.211319 15.207378
v 4.920117 -6.805679 15.082013
v 4.552598 -6.400040 14.874791
v 6.630325 -8.428238 15.046666
v 6.610826 -8.833878 14.993095
v 6.693720 -8.833878 14.960562
v 6.283174 -8.022598 15.193598
v 5.902453 -7.616959 15.269395
v 5.503037 -7.211319 15.266559
v 5.101435 -6.805679 15.180754
v 4.715110 -6.400040 15.011154
v 6.799624 -8.428238 14.975300
v 6.774889 -8.833878 14.923937
v 6.854132 -8.833878 14.883312
v 6.468828 -8.022598 15.156067
v 6.097547 -7.616959 15.269395
v 5.699833 -7.211319 15.306342
v 5.291682 -6.805679 15.260949
v 4.890390 -6.400040 15.130658
v 6.960977 -8.428238 14.887432
v 6.931251 -8.833878 14.838787
v 7.006054 -8.833878 14.790474
v 6.649823 -8.022598 15.100237
v 6.291670 -7.616959 15.249969
v 5.899612 -7.211319 15.326333
v 5.488970 -6.805679 15.321805
v 5.076699 -6.400040 15.232117
v 7.112779 -8.428238 14.783936
v 7.078357 -8.833878 14.738492
v 7.147978 -8.833878 14.682970
v 6.824360 -8.022598 15.026664
v 6.482895 -7.616959 15.211312
v 6.100388 -7.211319 15.326333
v 5.691336 -6.805679 15.362714
v 5.272184 -6.400040 15.314521
v 7.253522 -8.428238 14.665838
v 7.214746 -8.833878 14.624047
v 7.278493 -8.833878 14.561871
v 6.990704 -8.022598 14.936077
v 6.669321 -7.616959 15.153808
v 6.300167 -7.211319 15.306342
v 5.896770 -6.805679 15.383270
v 5.474903 -6.400040 15.377050
v 7.381806 -8.428238 14.534314
v 7.339062 -8.833878 14.496593
v 7.396302 -8.833878 14.428377
v 7.147202 -8.022598 14.829379
v 6.849095 -7.616959 15.078027
v 6.496963 -7.211319 15.266559
v 6.103230 -6.805679 15.383270
v 5.682839 -6.400040 15.419086
v 7.496358 -8.428238 14.390671
v 7.450070 -8.833878 14.357392
v 7.500234 -8.833878 14.283816
v 7.292298 -8.022598 14.707629
v 7.020430 -7.616959 14.984723
v 6.688819 -7.211319 15.207378
v 6.308664 -6.805679 15.362714
v 5.893929 -6.400040 15.440208
v 7.596038 -8.428238 14.236336
v 7.546667 -8.833878 14.207831
v 7.589255 -8.833878 14.129626
v 7.424551 -8.022598 14.572037
v 7.181623 -7.616959 14.874823
v 6.873830 -7.211319 15.129390
v 6.511030 -6.805679 15.321805
v 6.106071 -6.400040 15.440208
v 7.679856 -8.428238 14.072843
v 7.627892 -8.833878 14.049396
v 7.662482 -8.833878 13.967340
v 7.542646 -8.022598 14.423950
v 7.331074 -7.616959 14.749419
v 7.050157 -7.211319 15.033368
v 6.708318 -6.805679 15.260949
v 6.317161 -6.400040 15.419086
v 7.746979 -8.428238 13.901816
v 7.692939 -8.833878 13.883660
v 7.719187 -8.833878 13.798567
v 7.645410 -8.022598 14.264840
v 7.467295 -7.616959 14.609758
v 7.216046 -7.211319 14.920266
v 6.898565 -6.805679 15.180754
v 6.525097 -6.400040 15.377050
v 7.796740 -8.428238 13.724957
v 7.741160 -8.833878 13.712272
v 7.758805 -8.833878 13.624988
v 7.731821 -8.022598 14.096290
v 7.588933 -7.616959 14.457229
v 7.369850 -7.211319 14.791210
v 7.079883 -6.805679 15.082013
v 6.727816 -6.400040 15.314521
v 7.828644 -8.428238 13.544022
v 7.772077 -8.833878 13.536933
v 7.780944 -8.833878 13.448326
v 7.801020 -8.022598 13.919973
v 7.694781 -7.616959 14.293345
v 7.510039 -7.211319 14.647480
v 7.250468 -6.805679 14.965710
v 6.923301 -6.400040 15.232117
v 7.842373 -8.428238 13.360808
v 7.785382 -8.833878 13.359387
v 7.785382 -8.833878 13.270338
v 7.852320 -8.022598 13.737642
v 7.783784 -7.616959 14.119737
v 7.635221 -7.211319 14.490507
v 7.408626 -6.805679 14.833000
v 7.109610 -6.400040 15.130658
v 7.837793 -8.428238 13.177139
v 7.780944 -8.833878 13.181399
v 7.772077 -8.833878 13.092793
v 7.885210 -8.022598 13.551110
v 7.855060 -7.616959 13.938130
v 7.744152 -7.211319 14.321850
v 7.552783 -6.805679 14.685203
v 7.284890 -6.400040 15.011154
v 7.814948 -8.428238 12.994839
v 7.758805 -8.833878 13.004738
v 7.741160 -8.833878 12.917455
v 7.899365 -8.022598 13.362230
v 7.907899 -7.616959 13.750328
v 7.835748 -7.211319 14.143184
v 7.681509 -6.805679 14.523786
v 7.447402 -6.400040 14.874791
v 7.774065 -8.428238 12.815719
v 7.719187 -8.833878 12.831159
v 7.692939 -8.833878 12.746066
v 7.894643 -8.022598 13.172879
v 7.941777 -7.616959 13.558199
v 7.909100 -7.211319 13.956286
v 7.793523 -6.805679 14.350354
v 7.595528 -6.400040 14.722924
v 7.715550 -8.428238 12.641559
v 7.662482 -8.833878 12.662387
v 7.627892 -8.833878 12.580330
v 7.871091 -8.022598 12.984940
v 7.956356 -7.616959 13.363651
v 7.963479 -7.211319 13.763014
v 7.887712 -6.805679 14.166631
v 7.727797 -6.400040 14.557064
v 7.639986 -8.428238 12.474092
v 7.589255 -8.833878 12.500099
v 7.546667 -8.833878 12.421894
v 7.828943 -8.022598 12.800278
v 7.951492 -7.616959 13.168619
v 7.998343 -7.211319 13.565288
v 7.963140 -6.805679 13.974443
v 7.842895 -6.400040 14.378859
v 7.548123 -8.428238 12.314980
v 7.500234 -8.833878 12.345909
v 7.450070 -8.833878 12.272333
v 7.768619 -8.022598 12.620731
v 7.927234 -7.616959 12.975039
v 8.013348 -7.211319 13.365072
v 8.019058 -6.805679 13.775700
v 7.939676 -6.400040 14.190078
v 7.440874 -8.428238 12.165805
v 7.396302 -8.833878 12.201349
v 7.339062 -8.833878 12.133133
v 7.690717 -8.022598 12.448083
v 7.883821 -7.616959 12.784838
v 8.008342 -7.211319 13.164358
v 8.054910 -6.805679 13.572376
v 8.017181 -6.400040 13.992599
v 7.319304 -8.428238 12.028049
v 7.278493 -8.833878 12.067856
v 7.214746 -8.833878 12.005678
v 7.596012 -8.022598 12.284049
v 7.821687 -7.616959 12.599903
v 7.983377 -7.211319 12.965140
v 8.070338 -6.805679 13.366494
v 8.074638 -6.400040 13.788385
v 7.184623 -8.428238 11.903084
v 7.147978 -8.833878 11.946755
v 7.078357 -8.833878 11.891234
v 7.485445 -8.022598 12.130260
v 7.741447 -7.616959 12.422075
v 7.938699 -7.211319 12.769398
v 8.065191 -6.805679 13.160098
v 8.111476 -6.400040 13.579465
v 7.038169 -8.428238 11.792150
v 7.006054 -8.833878 11.839252
v 6.931251 -8.833878 11.790938
v 7.360115 -8.022598 11.988244
v 7.643901 -7.616959 12.253119
v 7.874755 -7.211319 12.579076
v 8.039519 -6.805679 12.955240
v 8.127330 -6.400040 13.367915
v 6.881396 -8.428238 11.696347
v 6.854132 -8.833878 11.746414
v 6.774889 -8.833878 11.705789
v 7.221268 -8.022598 11.859413
v 7.530016 -7.616959 12.094716
v 7.792178 -7.211319 12.396067
v 7.993577 -6.805679 12.753957
v 8.122041 -6.400040 13.155838
v 6.715865 -8.428238 11.616632
v 6.693720 -8.833878 11.669164
v 6.610826 -8.833878 11.636631
v 7.070283 -8.022598 11.745046
v 7.400926 -7.616959 11.948439
v 7.691790 -7.211319 12.222189
v 7.927823 -6.805679 12.558249
v 8.095662 -6.400040 12.945341
v 6.543218 -8.428238 11.553793
v 6.526414 -8.833878 11.608270
v 6.440693 -8.833878 11.584151
v 6.908661 -8.022598 11.646281
v 7.257912 -7.616959 11.815742
v 7.574588 -7.211319 12.059171
v 7.842909 -6.805679 12.370059
v 8.048456 -6.400040 12.738517
v 6.365173 -8.428238 11.508457
v 6.353877 -8.833878 11.564336
v 6.266180 -8.833878 11.548873
v 6.738009 -8.022598 11.564099
v 7.102397 -7.616959 11.697943
v 7.441737 -7.211319 11.908632
v 7.739679 -6.805679 12.191259
v 7.980891 -6.400040 12.537420
v 6.183498 -8.428238 11.481074
v 6.177822 -8.833878 11.537800
v 6.560022 -8.022598 11.499317
v 6.935926 -7.616959 11.596214
v 7.294557 -7.211319 11.772070
v 7.619159 -6.805679 12.023626
v 7.893639 -6.400040 12.344050
v 6.376469 -8.022598 11.452579
v 6.760153 -7.616959 11.511567
v 7.134511 -7.211319 11.650840
v 7.482547 -6.805679 11.868827
v 7.787568 -6.400040 12.160329
v 6.189175 -8.022598 11.424349
v 6.576825 -7.616959 11.444841
v 6.963191 -7.211319 11.546148
v 7.331202 -6.805679 11.728398
v 7.663731 -6.400040 11.988082
v 6.387765 -7.616959 11.396700
v 6.782297 -7.211319 11.459035
v 7.166626 -6.805679 11.603737
v 7.523358 -6.400040 11.829021
v 6.194851 -7.616959 11.367623
v 6.593629 -7.211319 11.390365
v 6.990456 -6.805679 11.496081
v 7.367846 -6.400040 11.684727
v 6.399061 -7.211319 11.340822
v 6.804441 -6.805679 11.406502
v 7.198740 -6.400040 11.556634
v 6.200527 -7.211319 11.310898
v 6.610433 -6.805679 11.335889
v 7.017720 -6.400040 11.446015
v 6.410357 -6.805679 11.284944
v 6.826586 -6.400040 11.353970
v 6.206203 -6.805679 11.254172
v 6.627236 -6.400040 11.281412
v 6.421653 -6.400040 11.229065
v 6.211879 -6.400040 11.197446
v 4.721507 -9.744400 -11.932144
v 4.852022 -9.744400 -12.053245
v 4.785254 -9.744400 -11.994322
v 4.603698 -9.744400 -11.798651
v 4.549930 -9.744400 -11.727667
v 4.660938 -9.744400 -11.866867
v 5.068749 -9.744400 -12.209062
v 4.921643 -9.744400 -12.108766
v 4.993946 -9.744400 -12.160748
v 4.499766 -9.744400 -11.654091
v 4.453333 -9.744400 -11.578106
v 4.410745 -9.744400 -11.499901
v 4.372108 -9.744400 -11.419670
v 5.306280 -9.744400 -12.330836
v 5.145868 -9.744400 -12.253586
v 5.225111 -9.744400 -12.294211
v 4.307061 -9.744400 -11.253934
v 4.280813 -9.744400 -11.168841
v 4.337518 -9.744400 -11.337613
v 5.559307 -9.744400 -12.415849
v 5.389174 -9.744400 -12.363369
v 5.473586 -9.744400 -12.391730
v 4.258840 -9.744400 -11.082545
v 4.241195 -9.744400 -10.995262
v 5.822178 -9.744400 -12.462200
v 5.646123 -9.744400 -12.435664
v 5.733820 -9.744400 -12.451127
v 4.219056 -9.744400 -10.818601
v 4.227923 -9.744400 -10.907207
v 6.000000 -9.744400 -12.471074
v 5.910978 -9.744400 -12.468855
v 4.214618 -9.744400 -10.640613
v 4.214618 -9.744400 -10.729662
v 4.219056 -9.744400 -10.551674
v 4.227923 -9.744400 -10.463067
v 6.266180 -9.744400 -12.451127
v 6.089022 -9.744400 -12.468855
v 6.177822 -9.744400 -12.462200
v 4.258840 -9.744400 -10.287728
v 4.241195 -9.744400 -10.375012
v 6.440693 -9.744400 -12.415849
v 6.353877 -9.744400 -12.435664
v 4.280813 -9.744400 -10.201433
v 4.307061 -9.744400 -10.116340
v 6.526414 -9.744400 -12.391730
v 6.774889 -9.744400 -12.294211
v 6.610826 -9.744400 -12.363369
v 6.693720 -9.744400 -12.330836
v 4.372108 -9.744400 -9.950604
v 4.410745 -9.744400 -9.870374
v 4.337518 -9.744400 -10.032660
v 6.854132 -9.744400 -12.253586
v 4.453333 -9.744400 -9.792169
v 4.499766 -9.744400 -9.716184
v 4.603698 -9.744400 -9.571623
v 4.549930 -9.744400 -9.642608
v 7.006054 -9.744400 -12.160748
v 7.147978 -9.744400 -12.053245
v 7.078357 -9.744400 -12.108766
v 4.721507 -9.744400 -9.438129
v 4.660938 -9.744400 -9.503407
v 7.278493 -9.744400 -11.932144
v 6.931251 -9.744400 -12.209062
v 7.214746 -9.744400 -11.994322
v 4.785254 -9.744400 -9.375953
v 4.852022 -9.744400 -9.317030
v 4.921643 -9.744400 -9.261508
v 7.500234 -9.744400 -11.654091
v 7.339062 -9.744400 -11.866867
v 7.396302 -9.744400 -11.798651
v 7.450070 -9.744400 -11.727667
v 5.068749 -9.744400 -9.161213
v 4.993946 -9.744400 -9.209526
v 7.546667 -9.744400 -11.578106
v 5.145868 -9.744400 -9.116688
v 5.225111 -9.744400 -9.076063
v 7.627892 -9.744400 -11.419670
v 7.589255 -9.744400 -11.499901
v 5.306280 -9.744400 -9.039438
v 5.389174 -9.744400 -9.006905
v 7.692939 -9.744400 -11.253934
v 7.662482 -9.744400 -11.337613
v 5.473586 -9.744400 -8.978544
v 5.559307 -9.744400 -8.954426
v 7.741160 -9.744400 -11.082545
v 7.719187 -9.744400 -11.168841
v 5.822178 -9.744400 -8.908074
v 5.733820 -9.744400 -8.919147
v 5.646123 -9.744400 -8.934610
v 7.785382 -9.744400 -10.729662
v 7.758805 -9.744400 -10.995262
v 7.772077 -9.744400 -10.907207
v 7.780944 -9.744400 -10.818601
v 5.910978 -9.744400 -8.901420
v 6.000000 -9.744400 -8.899199
v 6.089022 -9.744400 -8.901420
v 7.772077 -9.744400 -10.463067
v 7.785382 -9.744400 -10.640613
v 7.780944 -9.744400 -10.551674
v 6.266180 -9.744400 -8.919147
v 6.353877 -9.744400 -8.934610
v 6.177822 -9.744400 -8.908074
v 7.741160 -9.744400 -10.287728
v 7.758805 -9.744400 -10.375012
v 6.440693 -9.744400 -8.954426
v 6.526414 -9.744400 -8.978544
v 6.610826 -9.744400 -9.006905
v 6.693720 -9.744400 -9.039438
v 7.627892 -9.744400 -9.950604
v 7.719187 -9.744400 -10.201433
v 7.692939 -9.744400 -10.116340
v 7.662482 -9.744400 -10.032660
v 6.774889 -9.744400 -9.076063
v 6.854132 -9.744400 -9.116688
v 7.500234 -9.744400 -9.716184
v 7.589255 -9.744400 -9.870374
v 7.546667 -9.744400 -9.792169
v 6.931251 -9.744400 -9.161213
v 7.006054 -9.744400 -9.209526
v 7.450070 -9.744400 -9.642608
v 7.078357 -9.744400 -9.261508
v 7.147978 -9.744400 -9.317030
v 7.214746 -9.744400 -9.375953
v 7.278493 -9.744400 -9.438129
v 7.396302 -9.744400 -9.571623
v 7.339062 -9.744400 -9.503407
v -7.278493 -9.744400 -11.932144
v -7.147978 -9.744400 -12.053245
v -7.214746 -9.744400 -11.994322
v -7.396302 -9.744400 -11.798651
v -7.450070 -9.744400 -11.727667
v -7.339062 -9.744400 -11.866867
v -6.931251 -9.744400 -12.209062
v -7.078357 -9.744400 -12.108766
v -7.006054 -9.744400 -12.160748
v -7.500234 -9.744400 -11.654091
v -7.546667 -9.744400 -11.578106
v -7.589255 -9.744400 -11.499901
v -7.627892 -9.744400 -11.419670
v -6.693720 -9.744400 -12.330836
v -6.854132 -9.744400 -12.253586
v -6.774889 -9.744400 -12.294211
v -7.692939 -9.744400 -11.253934
v -7.719187 -9.744400 -11.168841
v -7.662482 -9.744400 -11.337613
v -6.440693 -9.744400 -12.415849
v -6.610826 -9.744400 -12.363369
v -6.526414 -9.744400 -12.391730
v -7.741160 -9.744400 -11.082545
v -7.758805 -9.744400 -10.995262
v -6.177822 -9.744400 -12.462200
v -6.353877 -9.744400 -12.435664
v -6.266180 -9.744400 -12.451127
v -7.780944 -9.744400 -10.818601
v -7.772077 -9.744400 -10.907207
v -6.000000 -9.744400 -12.471074
v -6.089022 -9.744400 -12.468855
v -7.785382 -9.744400 -10.640613
v -7.785382 -9.744400 -10.729662
v -7.780944 -9.744400 -10.551674
v -7.772077 -9.744400 -10.463067
v -5.733820 -9.744400 -12.451127
v -5.910978 -9.744400 -12.468855
v -5.822178 -9.744400 -12.462200
v -7.741160 -9.744400 -10.287728
v -7.758805 -9.744400 -10.375012
v -5.559307 -9.744400 -12.415849
v -5.646123 -9.744400 -12.435664
v -7.719187 -9.744400 -10.201433
v -7.692939 -9.744400 -10.116340
v -5.473586 -9.744400 -12.391730
v -5.225111 -9.744400 -12.294211
v -5.389174 -9.744400 -12.363369
v -5.306280 -9.744400 -12.330836
v -7.627892 -9.744400 -9.950604
v -7.589255 -9.744400 -9.870374
v -7.662482 -9.744400 -10.032660
v -5.145868 -9.744400 -12.253586
v -7.546667 -9.744400 -9.792169
v -7.500234 -9.744400 -9.716184
v -7.396302 -9.744400 -9.571623
v -7.450070 -9.744400 -9.642608
v -4.993946 -9.744400 -12.160748
v -4.852022 -9.744400 -12.053245
v -4.921643 -9.744400 -12.108766
v -7.278493 -9.744400 -9.438129
v -7.339062 -9.744400 -9.503407
v -4.721507 -9.744400 -11.932144
v -5.068749 -9.744400 -12.209062
v -4.785254 -9.744400 -11.994322
v -7.214746 -9.744400 -9.375953
v -7.147978 -9.744400 -9.317030
v -7.078357 -9.744400 -9.261508
v -4.499766 -9.744400 -11.654091
v -4.660938 -9.744400 -11.866867
v -4.603698 -9.744400 -11.798651
v -4.549930 -9.744400 -11.727667
v -6.931251 -9.744400 -9.161213
v -7.006054 -9.744400 -9.209526
v -4.453333 -9.744400 -11.578106
v -6.854132 -9.744400 -9.116688
v -6.774889 -9.744400 -9.076063
v -4.372108 -9.744400 -11.419670
v -4.410745 -9.744400 -11.499901
v -6.693720 -9.744400 -9.039438
v -6.610826 -9.744400 -9.006905
v -4.307061 -9.744400 -11.253934
v -4.337518 -9.744400 -11.337613
v -6.526414 -9.744400 -8.978544
v -6.440693 -9.744400 -8.954426
v -4.258840 -9.744400 -11.082545
v -4.280813 -9.744400 -11.168841
v -6.177822 -9.744400 -8.908074
v -6.266180 -9.744400 -8.919147
v -6.353877 -9.744400 -8.934610
v -4.214618 -9.744400 -10.729662
v -4.241195 -9.744400 -10.995262
v -4.227923 -9.744400 -10.907207
v -4.219056 -9.744400 -10.818601
v -6.089022 -9.744400 -8.901420
v -6.000000 -9.744400 -8.899199
v -5.910978 -9.744400 -8.901420
v -4.227923 -9.744400 -10.463067
v -4.214618 -9.744400 -10.640613
v -4.219056 -9.744400 -10.551674
v -5.733820 -9.744400 -8.919147
v -5.646123 -9.744400 -8.934610
v -5.822178 -9.744400 -8.908074
v -4.258840 -9.744400 -10.287728
v -4.241195 -9.744400 -10.375012
v -5.559307 -9.744400 -8.954426
v -5.473586 -9.744400 -8.978544
v -5.389174 -9.744400 -9.006905
v -5.306280 -9.744400 -9.039438
v -4.372108 -9.744400 -9.950604
v -4.280813 -9.744400 -10.201433
v -4.307061 -9.744400 -10.116340
v -4.337518 -9.744400 -10.032660
v -5.225111 -9.744400 -9.076063
v -5.145868 -9.744400 -9.116688
v -4.499766 -9.744400 -9.716184
v -4.410745 -9.744400 -9.870374
v -4.453333 -9.744400 -9.792169
v -5.068749 -9.744400 -9.161213
v -4.993946 -9.744400 -9.209526
v -4.549930 -9.744400 -9.642608
v -4.921643 -9.744400 -9.261508
v -4.852022 -9.744400 -9.317030
v -4.785254 -9.744400 -9.375953
v -4.721507 -9.744400 -9.438129
v -4.603698 -9.744400 -9.571623
v -4.660938 -9.744400 -9.503407
v -7.278493 -9.744400 12.067856
v -7.078357 -9.744400 11.891234
v -7.214746 -9.744400 12.005678
v -7.147978 -9.744400 11.946755
v -6.931251 -9.744400 11.790938
v -7.006054 -9.744400 11.839252
v -7.500234 -9.744400 12.345909
v -7.546667 -9.744400 12.421894
v -7.450070 -9.744400 12.272333
v -7.589255 -9.744400 12.500099
v -7.627892 -9.744400 12.580330
v -6.693720 -9.744400 11.669164
v -6.854132 -9.744400 11.746414
v -6.774889 -9.744400 11.705789
v -7.396302 -9.744400 12.201349
v -6.526414 -9.744400 11.608270
v -7.339062 -9.744400 12.133133
v -6.610826 -9.744400 11.636631
v -7.692939 -9.744400 12.746066
v -7.719187 -9.744400 12.831159
v -7.662482 -9.744400 12.662387
v -6.353877 -9.744400 11.564336
v -6.440693 -9.744400 11.584151
v -7.741160 -9.744400 12.917455
v -7.758805 -9.744400 13.004738
v -6.177822 -9.744400 11.537800
v -6.266180 -9.744400 11.548873
v -7.780944 -9.744400 13.181399
v -7.772077 -9.744400 13.092793
v -6.000000 -9.744400 11.528926
v -6.089022 -9.744400 11.531145
v -7.785382 -9.744400 13.359387
v -7.785382 -9.744400 13.270338
v -7.780944 -9.744400 13.448326
v -7.772077 -9.744400 13.536933
v -5.733820 -9.744400 11.548873
v -5.910978 -9.744400 11.531145
v -5.822178 -9.744400 11.537800
v -7.741160 -9.744400 13.712272
v -7.758805 -9.744400 13.624988
v -5.559307 -9.744400 11.584151
v -5.646123 -9.744400 11.564336
v -7.719187 -9.744400 13.798567
v -7.692939 -9.744400 13.883660
v -5.473586 -9.744400 11.608270
v -5.306280 -9.744400 11.669164
v -5.389174 -9.744400 11.636631
v -5.145868 -9.744400 11.746414
v -5.225111 -9.744400 11.705789
v -7.589255 -9.744400 14.129626
v -7.546667 -9.744400 14.207831
v -7.627892 -9.744400 14.049396
v -7.662482 -9.744400 13.967340
v -7.500234 -9.744400 14.283816
v -7.396302 -9.744400 14.428377
v -7.450070 -9.744400 14.357392
v -4.993946 -9.744400 11.839252
v -4.852022 -9.744400 11.946755
v -4.921643 -9.744400 11.891234
v -7.339062 -9.744400 14.496593
v -7.278493 -9.744400 14.561871
v -5.068749 -9.744400 11.790938
v -4.721507 -9.744400 12.067856
v -4.785254 -9.744400 12.005678
v -7.078357 -9.744400 14.738492
v -7.147978 -9.744400 14.682970
v -7.214746 -9.744400 14.624047
v -4.499766 -9.744400 12.345909
v -4.660938 -9.744400 12.133133
v -4.603698 -9.744400 12.201349
v -4.549930 -9.744400 12.272333
v -6.931251 -9.744400 14.838787
v -7.006054 -9.744400 14.790474
v -4.453333 -9.744400 12.421894
v -6.854132 -9.744400 14.883312
v -6.774889 -9.744400 14.923937
v -4.372108 -9.744400 12.580330
v -4.410745 -9.744400 12.500099
v -6.693720 -9.744400 14.960562
v -6.610826 -9.744400 14.993095
v -4.307061 -9.744400 12.746066
v -4.337518 -9.744400 12.662387
v -6.526414 -9.744400 15.021456
v -6.440693 -9.744400 15.045574
v -4.258840 -9.744400 12.917455
v -4.280813 -9.744400 12.831159
v -6.177822 -9.744400 15.091926
v -6.266180 -9.744400 15.080853
v -6.353877 -9.744400 15.065390
v -4.214618 -9.744400 13.270338
v -4.241195 -9.744400 13.004738
v -4.227923 -9.744400 13.092793
v -4.219056 -9.744400 13.181399
v -6.089022 -9.744400 15.098580
v -6.000000 -9.744400 15.100801
v -5.910978 -9.744400 15.098580
v -4.227923 -9.744400 13.536933
v -4.214618 -9.744400 13.359387
v -4.219056 -9.744400 13.448326
v -4.258840 -9.744400 13.712272
v -4.241195 -9.744400 13.624988
v -5.559307 -9.744400 15.045574
v -5.473586 -9.744400 15.021456
v -5.646123 -9.744400 15.065390
v -5.733820 -9.744400 15.080853
v -5.822178 -9.744400 15.091926
v -5.306280 -9.744400 14.960562
v -5.389174 -9.744400 14.993095
v -4.372108 -9.744400 14.049396
v -4.280813 -9.744400 13.798567
v -4.307061 -9.744400 13.883660
v -4.337518 -9.744400 13.967340
v -5.225111 -9.744400 14.923937
v -5.145868 -9.744400 14.883312
v -4.499766 -9.744400 14.283816
v -4.410745 -9.744400 14.129626
v -4.453333 -9.744400 14.207831
v -5.068749 -9.744400 14.838787
v -4.993946 -9.744400 14.790474
v -4.549930 -9.744400 14.357392
v -4.852022 -9.744400 14.682970
v -4.785254 -9.744400 14.624047
v -4.921643 -9.744400 14.738492
v -4.721507 -9.744400 14.561871
v -4.603698 -9.744400 14.428377
v -4.660938 -9.744400 14.496593
v 4.721507 -9.744400 12.067856
v 4.921643 -9.744400 11.891234
v 4.785254 -9.744400 12.005678
v 4.852022 -9.744400 11.946755
v 5.068749 -9.744400 11.790938
v 4.993946 -9.744400 11.839252
v 4.499766 -9.744400 12.345909
v 4.453333 -9.744400 12.421894
v 4.549930 -9.744400 12.272333
v 4.410745 -9.744400 12.500099
v 4.372108 -9.744400 12.580330
v 5.306280 -9.744400 11.669164
v 5.145868 -9.744400 11.746414
v 5.225111 -9.744400 11.705789
v 4.603698 -9.744400 12.201349
v 5.473586 -9.744400 11.608270
v 4.660938 -9.744400 12.133133
v 5.389174 -9.744400 11.636631
v 4.307061 -9.744400 12.746066
v 4.280813 -9.744400 12.831159
v 4.337518 -9.744400 12.662387
v 5.646123 -9.744400 11.564336
v 5.559307 -9.744400 11.584151
v 4.258840 -9.744400 12.917455
v 4.241195 -9.744400 13.004738
v 5.822178 -9.744400 11.537800
v 5.733820 -9.744400 11.548873
v 4.219056 -9.744400 13.181399
v 4.227923 -9.744400 13.092793
v 6.000000 -9.744400 11.528926
v 5.910978 -9.744400 11.531145
v 4.214618 -9.744400 13.359387
v 4.214618 -9.744400 13.270338
v 4.219056 -9.744400 13.448326
v 4.227923 -9.744400 13.536933
v 6.266180 -9.744400 11.548873
v 6.089022 -9.744400 11.531145
v 6.177822 -9.744400 11.537800
v 4.258840 -9.744400 13.712272
v 4.241195 -9.744400 13.624988
v 6.440693 -9.744400 11.584151
v 6.353877 -9.744400 11.564336
v 4.280813 -9.744400 13.798567
v 4.307061 -9.744400 13.883660
v 6.526414 -9.744400 11.608270
v 6.693720 -9.744400 11.669164
v 6.610826 -9.744400 11.636631
v 6.854132 -9.744400 11.746414
v 6.774889 -9.744400 11.705789
v 4.410745 -9.744400 14.129626
v 4.453333 -9.744400 14.207831
v 4.372108 -9.744400 14.049396
v 4.337518 -9.744400 13.967340
v 4.499766 -9.744400 14.283816
v 4.603698 -9.744400 14.428377
v 4.549930 -9.744400 14.357392
v 7.006054 -9.744400 11.839252
v 7.147978 -9.744400 11.946755
v 7.078357 -9.744400 11.891234
v 4.660938 -9.744400 14.496593
v 4.721507 -9.744400 14.561871
v 6.931251 -9.744400 11.790938
v 7.278493 -9.744400 12.067856
v 7.214746 -9.744400 12.005678
v 4.921643 -9.744400 14.738492
v 4.852022 -9.744400 14.682970
v 4.785254 -9.744400 14.624047
v 7.500234 -9.744400 12.345909
v 7.339062 -9.744400 12.133133
v 7.396302 -9.744400 12.201349
v 7.450070 -9.744400 12.272333
v 5.068749 -9.744400 14.838787
v 4.993946 -9.744400 14.790474
v 7.546667 -9.744400 12.421894
v 5.145868 -9.744400 14.883312
v 5.225111 -9.744400 14.923937
v 7.627892 -9.744400 12.580330
v 7.589255 -9.744400 12.500099
v 5.306280 -9.744400 14.960562
v 5.389174 -9.744400 14.993095
v 7.692939 -9.744400 12.746066
v 7.662482 -9.744400 12.662387
v 5.473586 -9.744400 15.021456
v 5.559307 -9.744400 15.045574
v 7.741160 -9.744400 12.917455
v 7.719187 -9.744400 12.831159
v 5.822178 -9.744400 15.091926
v 5.733820 -9.744400 15.080853
v 5.646123 -9.744400 15.065390
v 7.785382 -9.744400 13.270338
v 7.758805 -9.744400 13.004738
v 7.772077 -9.744400 13.092793
v 7.780944 -9.744400 13.181399
v 5.910978 -9.744400 15.098580
v 6.000000 -9.744400 15.100801
v 6.089022 -9.744400 15.098580
v 7.772077 -9.744400 13.536933
v 7.785382 -9.744400 13.359387
v 7.780944 -9.744400 13.448326
v 7.741160 -9.744400 13.712272
v 7.758805 -9.744400 13.624988
v 6.440693 -9.744400 15.045574
v 6.526414 -9.744400 15.021456
v 6.353877 -9.744400 15.065390
v 6.266180 -9.744400 15.080853
v 6.177822 -9.744400 15.091926
v 6.693720 -9.744400 14.960562
v 6.610826 -9.744400 14.993095
v 7.627892 -9.744400 14.049396
v 7.719187 -9.744400 13.798567
v 7.692939 -9.744400 13.883660
v 7.662482 -9.744400 13.967340
v 6.774889 -9.744400 14.923937
v 6.854132 -9.744400 14.883312
v 7.500234 -9.744400 14.283816
v 7.589255 -9.744400 14.129626
v 7.546667 -9.744400 14.207831
v 6.931251 -9.744400 14.838787
v 7.006054 -9.744400 14.790474
v 7.450070 -9.744400 14.357392
v 7.147978 -9.744400 14.682970
v 7.214746 -9.744400 14.624047
v 7.078357 -9.744400 14.738492
v 7.278493 -9.744400 14.561871
v 7.396302 -9.744400 14.428377
v 7.339062 -9.744400 14.496593
vn 1.000000 0.000000 0.000000
vn 1.000000 0.000000 0.000000
vn 1.000000 0.000000 -0.000000
vn 1.000000 0.000000 0.000000
vn 1.000000 0.000000 -0.000000
vn 1.000000 0.000000 0.000000
vn 1.000000 0.000000 0.000000
vn 1.000000 0.000000 0.000000
vn 1.000000 0.000000 0.000000
vn 1.000000 0.000000 -0.000000
vn 1.000000 0.000000 0.000000
vn 1.000000 0.000000 -0.000000
vn 1.000000 0.000000 0.000000
vn 1.000000 0.000000 0.000000
vn 1.000000 0.000000 -0.000000
vn 1.000000 0.000000 0.000000
vn 1.000000 0.000000 -0.000000
vn 1.000000 0.000000 -0.000000
vn 1.000000 0.000000 0.000000
vn 1.000000 0.000000 0.000000
vn 1.000000 0.000000 0.000000
vn 1.000000 0.000000 -0.000000
vn 1.000000 0.000000 0.000000
vn 1.000000 0.000000 0.000000
vn -1.000000 0.000000 0.000000
vn -1.000000 0.000000 0.000000
vn -1.000000 -0.000000 0.000000
vn -1.000000 0.000000 -0.000000
vn -1.000000 -0.000000 0.000000
vn -1.000000 0.000000 -0.000000
vn -1.000000 0.000000 -0.000000
vn -1.000000 0.000000 0.000000
vn -1.000000 0.000000 0.000000
vn -1.000000 0.000000 -0.000000
vn -1.000000 0.000000 0.000000
vn -1.000000 -0.000000 0.000000
vn -1.000000 0.000000 -0.000000
vn -1.000000 0.000000 0.000000
vn -1.000000 0.000000 -0.000000
vn -1.000000 0.000000 0.000000
vn -1.000000 0.000000 0.000000
vn -1.000000 -0.000000 0.000000
vn -1.000000 0.000000 -0.000000
vn -1.000000 -0.000000 -0.000000
vn -1.000000 0.000000 0.000000
vn -1.000000 0.000000 -0.000000
vn -1.000000 0.000000 -0.000000
vn -1.000000 0.000000 0.000000
vn 0.000000 1.000000 0.000000
vn -0.000000 1.000000 0.000000
vn -1.000000 0.000000 0.000000
vn -1.000000 0.000000 -0.000000
vn 0.000000 0.000000 1.000000
vn 0.000000 0.000000 1.000000
vn 1.000000 0.000000 -0.000000
vn 1.000000 0.000000 0.000000
vn -0.000000 -1.000000 0.000000
vn 0.000000 -1.000000 -0.000000
vn -0.000000 -1.000000 0.000000
vn 0.000000 -1.000000 -0.000000
vn -0.000000 -1.000000 0.000000
vn 0.000000 -1.000000 -0.000000
vn -0.000000 -1.000000 0.000000
vn 0.000000 -1.000000 -0.000000
vn -0.000000 -1.000000 0.000000
vn 0.000000 -1.000000 0.000000
vn 0.000000 -1.000000 -0.000000
vn -0.000000 -1.000000 0.000000
vn 0.000000 -1.000000 -0.000000
vn -0.000000 -1.000000 0.000000
vn -0.000000 -1.000000 0.000000
vn 0.000000 -1.000000 -0.000000
vn -0.000000 -1.000000 0.000000
vn -0.000000 -1.000000 -0.000000
vn -0.000000 -1.000000 0.000000
vn -0.000000 -1.000000 -0.000000
vn -0.000000 -1.000000 0.000000
vn -0.000000 -1.000000 -0.000000
vn -0.000000 -1.000000 0.000000
vn -0.000000 -1.000000 -0.000000
vn -0.000000 -1.000000 -0.000000
vn 0.000000 -1.000000 0.000000
vn -0.000000 -1.000000 0.000000
vn -0.000000 -1.000000 -0.000000
vn 0.000000 -1.000000 0.000000
vn 0.000000 -1.000000 0.000000
vn 0.000000 -1.000000 0.000000
vn 0.000000 -1.000000 0.000000
vn -0.000000 -1.000000 -0.000000
vn 0.000000 -1.000000 0.000000
vn 0.000000 -1.000000 0.000000
vn -0.000000 -1.000000 0.000000
vn 0.000000 -1.000000 0.000000
vn 0.000000 -1.000000 0.000000
vn 0.000000 -1.000000 0.000000
vn 0.000000 -1.000000 0.000000
vn 0.000000 -1.000000 0.000000
vn 0.000000 -1.000000 0.000000
vn 0.000000 -1.000000 0.000000
vn 0.000000 -1.000000 0.000000
vn -0.000000 -1.000000 -0.000000
vn 0.000000 -1.000000 0.000000
vn 0.000000 -1.000000 0.000000
vn 0.000000 -1.000000 0.000000
vn 0.000000 -1.000000 0.000000
vn 0.000000 -1.000000 0.000000
vn 0.000000 -1.000000 0.000000
vn 0.000000 -1.000000 0.000000
vn 0.000000 -1.000000 0.000000
vn -0.000000 -1.000000 -0.000000
vn 0.000000 -1.000000 0.000000
vn -0.000000 -1.000000 0.000000
vn 0.000000 -1.000000 0.000000
vn -0.000000 -1.000000 0.000000
vn -0.000000 -1.000000 0.000000
vn 0.000000 -1.000000 -0.000000
vn 0.000000 -1.000000 -0.000000
vn 0.000000 -1.000000 -0.000000
vn -0.000000 -1.000000 -0.000000
vn 0.000000 -1.000000 0.000000
vn 0.000000 -1.000000 0.000000
vn 0.000000 -1.000000 0.000000
vn 0.000000 -1.000000 0.000000
vn 0.000000 -1.000000 0.000000
vn 0.000000 -1.000000 0.000000
vn 0.000000 -1.000000 0.000000
vn 0.000000 -1.000000 0.000000
vn 0.000000 -1.000000 0.000000
vn 0.000000 -1.000000 0.000000
vn 0.000000 -1.000000 -0.000000
vn 0.000000 -1.000000 -0.000000
vn 0.000000 -1.000000 -0.000000
vn 0.000000 -1.000000 -0.000000
vn 0.000000 -1.000000 -0.000000
vn 0.000000 -1.000000 -0.000000
vn 0.000000 -1.000000 -0.000000
vn 0.000000 -1.000000 -0.000000
vn 0.000000 -1.000000 0.000000
vn 0.000000 -1.000000 -0.000000
vn 0.000000 -1.000000 -0.000000
vn 0.000000 -1.000000 -0.000000
vn 0.000000 -1.000000 0.000000
vn 0.000000 -1.000000 0.000000
vn 0.000000 -1.000000 0.000000
vn 0.000000 -1.000000 0.000000
vn 0.000000 -1.000000 0.000000
vn 0.000000 -1.000000 0.000000
vn 0.000000 -1.000000 0.000000
vn 0.000000 -1.000000 0.000000
vn 0.000000 -1.000000 0.000000
vn 0.000000 -1.000000 0.000000
vn 0.000000 -1.000000 0.000000
vn 0.000000 -1.000000 0.000000
vn 0.000000 -1.000000 0.000000
vn 0.000000 -1.000000 0.000000
vn 0.000000 -1.000000 0.000000
vn 0.000000 -1.000000 0.000000
vn 0.000000 -1.000000 0.000000
vn 0.000000 -1.000000 0.000000
vn 0.000000 -1.000000 0.000000
vn 0.000000 -1.000000 0.000000
vn 0.000000 -1.000000 0.000000
vn 0.000000 -1.000000 0.000000
vn 0.000000 -1.000000 0.000000
vn 0.000000 -1.000000 0.000000
vn 0.000000 -1.000000 0.000000
vn 0.000000 -1.000000 0.000000
vn 0.000000 -1.000000 0.000000
vn 0.000000 -1.000000 0.000000
vn 0.000000 -1.000000 0.000000
vn -0.000000 -1.000000 0.000000
vn 0.000000 -1.000000 0.000000
vn 0.000000 -1.000000 0.000000
vn 0.000000 -1.000000 0.000000
vn 0.000000 -1.000000 -0.000000
vn 0.000000 0.000000 1.000000
vn 0.000000 0.000000 1.000000
vn 0.000000 0.000000 1.000000
vn 0.000000 0.000000 1.000000
vn 0.000000 0.000000 1.000000
vn 0.000000 0.000000 1.000000
vn 0.000000 0.000000 1.000000
vn 0.000000 0.000000 1.000000
vn 0.000000 0.000000 1.000000
vn 0.000000 0.000000 1.000000
vn 0.000000 0.000000 1.000000
vn 0.000000 0.000000 1.000000
vn 0.000000 0.000000 1.000000
vn 0.000000 0.000000 1.000000
vn 0.000000 0.000000 1.000000
vn 0.000000 0.000000 1.000000
vn 0.000000 0.000000 1.000000
vn 0.000000 0.000000 1.000000
vn 0.000000 0.000000 1.000000
vn 0.000000 0.000000 1.000000
vn 0.000000 0.000000 1.000000
vn 0.000000 0.000000 1.000000
vn 0.000000 0.000000 1.000000
vn 0.000000 0.000000 1.000000
vn 0.000000 0.000000 1.000000
vn 0.000000 0.000000 1.000000
vn 0.000000 0.000000 1.000000
vn 0.000000 0.000000 1.000000
vn 0.000000 0.000000 1.000000
vn 0.000000 0.000000 1.000000
vn 0.000000 0.000000 1.000000
vn 0.000000 0.000000 1.000000
vn 0.000000 0.000000 1.000000
vn 0.000000 0.000000 1.000000
vn 0.000000 0.000000 1.000000
vn 0.000000 0.000000 1.000000
vn 0.000000 0.000000 1.000000
vn 0.000000 0.000000 1.000000
vn 0.000000 0.000000 1.000000
vn 0.000000 0.000000 1.000000
vn 0.000000 0.000000 1.000000
vn 0.000000 0.000000 1.000000
vn 0.000000 0.000000 1.000000
vn 0.000000 0.000000 1.000000
vn 0.000000 0.000000 1.000000
vn 0.000000 0.000000 1.000000
vn 0.000000 0.000000 1.000000
vn 0.000000 0.000000 1.000000
vn 0.000000 0.000000 1.000000
vn 0.000000 0.000000 1.000000
vn 0.000000 0.000000 1.000000
vn 0.000000 0.000000 1.000000
vn 0.000000 0.000000 1.000000
vn 0.000000 0.000000 1.000000
vn 0.000000 0.000000 1.000000
vn 0.000000 0.000000 1.000000
vn 0.000000 0.000000 1.000000
vn 0.000000 0.000000 1.000000
vn 0.000000 0.000000 1.000000
vn 0.000000 0.000000 1.000000
vn 0.000000 0.000000 1.000000
vn 0.000000 0.000000 1.000000
vn 0.000000 0.000000 1.000000
vn 0.000000 0.000000 1.000000
vn 0.000000 0.000000 1.000000
vn 0.000000 0.000000 1.000000
vn 0.000000 0.000000 1.000000
vn 0.000000 0.000000 1.000000
vn 0.000000 0.000000 1.000000
vn 0.000000 0.000000 1.000000
vn 0.000000 0.000000 1.000000
vn 0.000000 0.000000 1.000000
vn 0.000000 0.000000 1.000000
vn 0.000000 0.000000 1.000000
vn 0.000000 0.000000 1.000000
vn 0.000000 0.000000 1.000000
vn 0.000000 0.000000 1.000000
vn 0.000000 0.000000 1.000000
vn 0.000000 0.000000 1.000000
vn 0.000000 0.000000 1.000000
vn 0.000000 0.000000 1.000000
vn 0.000000 0.000000 1.000000
vn 0.000000 0.000000 1.000000
vn 0.000000 0.000000 -1.000000
vn 0.000000 0.000000 -1.000000
vn 0.000000 0.000000 -1.000000
vn 0.000000 0.000000 -1.000000
vn 0.000000 0.000000 -1.000000
vn 0.000000 0.000000 -1.000000
vn 0.000000 1.000000 0.000000
vn -0.000000 1.000000 0.000000
vn 0.000000 0.000000 1.000000
vn 0.000000 0.000000 1.000000
vn 0.000000 0.000000 1.000000
vn 0.000000 0.000000 1.000000
vn 0.000000 0.000000 1.000000
vn 0.000000 0.000000 1.000000
vn -0.000000 -1.000000 0.000000
vn 0.000000 -1.000000 -0.000000
vn -0.000000 -1.000000 0.000000
vn 0.000000 -1.000000 -0.000000
vn -0.000000 -1.000000 0.000000
vn 0.000000 -1.000000 -0.000000
vn -0.000000 -1.000000 0.000000
vn 0.000000 -1.000000 -0.000000
vn -0.000000 -1.000000 0.000000
vn 0.000000 -1.000000 -0.000000
vn -0.000000 -1.000000 0.000000
vn 0.000000 -1.000000 -0.000000
vn -0.000000 -1.000000 0.000000
vn 0.000000 -1.000000 -0.000000
vn -0.000000 -1.000000 0.000000
vn 0.000000 -1.000000 -0.000000
vn -0.000000 -1.000000 0.000000
vn 0.000000 -1.000000 -0.000000
vn -0.000000 -1.000000 0.000000
vn 0.000000 -1.000000 -0.000000
vn -0.000000 -1.000000 0.000000
vn 0.000000 -1.000000 -0.000000
vn -0.000000 -1.000000 0.000000
vn 0.000000 -1.000000 -0.000000
vn -0.000000 -1.000000 0.000000
vn 0.000000 -1.000000 -0.000000
vn -0.000000 -1.000000 0.000000
vn 0.000000 -1.000000 -0.000000
vn -0.000000 -1.000000 0.000000
vn 0.000000 -1.000000 -0.000000
vn -0.000000 -1.000000 0.000000
vn 0.000000 -1.000000 -0.000000
vn 0.000000 -1.000000 0.000000
vn 0.000000 -1.000000 0.000000
vn 0.000000 -1.000000 0.000000
vn 0.000000 -1.000000 0.000000
vn 0.000000 -1.000000 0.000000
vn 0.000000 -1.000000 0.000000
vn 0.000000 -1.000000 0.000000
vn 0.000000 -1.000000 0.000000
vn 0.000000 -1.000000 0.000000
vn 0.000000 -1.000000 0.000000
vn 0.000000 -1.000000 0.000000
vn 0.000000 -1.000000 0.000000
vn 0.000000 -1.000000 0.000000
vn 0.000000 -1.000000 0.000000
vn 0.000000 -1.000000 0.000000
vn 0.000000 -1.000000 0.000000
vn 0.000000 -1.000000 0.000000
vn 0.000000 -1.000000 0.000000
vn 0.000000 -1.000000 0.000000
vn 0.000000 -1.000000 0.000000
vn 0.000000 -1.000000 0.000000
vn 0.000000 -1.000000 0.000000
vn 0.000000 -1.000000 0.000000
vn 0.000000 -1.000000 0.000000
vn 0.000000 -1.000000 0.000000
vn 0.000000 -1.000000 0.000000
vn 0.000000 -1.000000 0.000000
vn 0.000000 -1.000000 0.000000
vn 0.000000 -1.000000 0.000000
vn 0.000000 -1.000000 0.000000
vn 0.000000 -1.000000 0.000000
vn 0.000000 -1.000000 0.000000
vn 0.000000 -1.000000 0.000000
vn 0.000000 -1.000000 0.000000
vn 0.000000 -1.000000 0.000000
vn 0.000000 -1.000000 0.000000
vn 0.000000 -1.000000 0.000000
vn 0.000000 -1.000000 0.000000
vn 0.000000 -1.000000 0.000000
vn 0.000000 -1.000000 0.000000
vn 0.000000 -1.000000 0.000000
vn 0.000000 -1.000000 0.000000
vn 0.000000 -1.000000 0.000000
vn 0.000000 -1.000000 0.000000
vn 0.000000 -1.000000 0.000000
vn 0.000000 -1.000000 0.000000
vn 0.000000 -1.000000 0.000000
vn 0.000000 -1.000000 0.000000
vn 0.000000 -1.000000 0.000000
vn 0.000000 -1.000000 0.000000
vn 0.000000 -1.000000 0.000000
vn 0.000000 -1.000000 0.000000
vn 0.000000 -1.000000 0.000000
vn 0.000000 -1.000000 0.000000
vn 0.000000 -1.000000 0.000000
vn 0.000000 -1.000000 0.000000
vn 0.000000 -1.000000 0.000000
vn 0.000000 -1.000000 0.000000
vn -0.000000 -1.000000 -0.000000
vn 0.000000 -1.000000 0.000000
vn 0.000000 -1.000000 0.000000
vn 0.000000 -1.000000 0.000000
vn -0.000000 -1.000000 -0.000000
vn 0.000000 -1.000000 0.000000
vn 0.000000 -1.000000 0.000000
vn -0.000000 -1.000000 0.000000
vn 0.000000 -1.000000 -0.000000
vn 0.000000 -1.000000 0.000000
vn 0.000000 -1.000000 0.000000
vn 0.000000 -1.000000 -0.000000
vn 0.000000 -1.000000 0.000000
vn -0.000000 -1.000000 0.000000
vn 0.000000 -1.000000 -0.000000
vn 0.000000 -1.000000 0.000000
vn 0.000000 -1.000000 0.000000
vn -0.000000 -1.000000 0.000000
vn -0.000000 -1.000000 -0.000000
vn -0.000000 -1.000000 -0.000000
vn 0.000000 -1.000000 0.000000
vn -0.000000 -1.000000 0.000000
vn 0.000000 -1.000000 -0.000000
vn -0.000000 -1.000000 -0.000000
vn 0.000000 -1.000000 0.000000
vn -0.000000 -1.000000 -0.000000
vn -0.000000 -1.000000 -0.000000
vn -0.000000 -1.000000 -0.000000
vn -0.000000 -1.000000 -0.000000
vn -0.000000 -1.000000 0.000000
vn 0.000000 -1.000000 -0.000000
vn -0.000000 -1.000000 -0.000000
vn 0.000000 -1.000000 -0.000000
vn 0.000000 -1.000000 0.000000
vn -0.000000 -1.000000 0.000000
vn -0.000000 -1.000000 -0.000000
vn -0.000000 -1.000000 -0.000000
vn -0.000000 -1.000000 -0.000000
vn -0.000000 -1.000000 0.000000
vn 0.000000 -1.000000 -0.000000
vn -0.000000 -1.000000 -0.000000
vn 0.000000 -1.000000 -0.000000
vn -0.000000 -1.000000 0.000000
vn -0.000000 -1.000000 -0.000000
vn 0.000000 -1.000000 -0.000000
vn -0.000000 -1.000000 0.000000
vn -0.000000 -1.000000 -0.000000
vn -0.000000 -1.000000 0.000000
vn 0.000000 -1.000000 -0.000000
vn -0.000000 -1.000000 -0.000000
vn 0.000000 -1.000000 0.000000
vn -0.000000 -1.000000 0.000000
vn 0.000000 -1.000000 -0.000000
vn 0.000000 -1.000000 -0.000000
vn -0.000000 -1.000000 0.000000
vn 0.000000 -1.000000 0.000000
vn 0.000000 -1.000000 -0.000000
vn 0.000000 -1.000000 0.000000
vn -0.000000 -1.000000 0.000000
vn 0.000000 -1.000000 -0.000000
vn -0.000000 -1.000000 0.000000
vn 0.000000 -1.000000 -0.000000
vn 0.000000 -1.000000 0.000000
vn -0.000000 -1.000000 0.000000
vn 0.000000 -1.000000 0.000000
vn 0.000000 -1.000000 -0.000000
vn 0.000000 -1.000000 0.000000
vn -0.000000 -1.000000 0.000000
vn 0.000000 -1.000000 -0.000000
vn -0.000000 -1.000000 0.000000
vn 0.000000 -1.000000 -0.000000
vn -0.000000 -1.000000 0.000000
vn 0.000000 -1.000000 0.000000
vn 0.000000 -1.000000 -0.000000
vn 0.000000 -1.000000 0.000000
vn -0.000000 -1.000000 0.000000
vn 0.000000 -1.000000 -0.000000
vn -0.000000 -1.000000 0.000000
vn 0.000000 -1.000000 0.000000
vn 0.000000 -1.000000 -0.000000
vn 0.000000 -1.000000 0.000000
vn -0.000000 -1.000000 0.000000
vn 0.000000 -1.000000 0.000000
vn 0.000000 -1.000000 -0.000000
vn 0.000000 -1.000000 0.000000
vn -0.000000 -1.000000 0.000000
vn 0.000000 -1.000000 -0.000000
vn 0.000000 -1.000000 0.000000
vn -0.000000 -1.000000 0.000000
vn 0.000000 -1.000000 -0.000000
vn -0.000000 -1.000000 0.000000
vn 0.000000 -1.000000 0.000000
vn 0.000000 -1.000000 -0.000000
vn -0.000000 -1.000000 0.000000
vn 0.000000 -1.000000 -0.000000
vn -0.000000 -1.000000 0.000000
vn 0.000000 -1.000000 0.000000
vn 0.000000 -1.000000 -0.000000
vn -0.000000 -1.000000 0.000000
vn 0.000000 -1.000000 0.000000
vn 0.000000 -1.000000 -0.000000
vn 0.000000 -1.000000 0.000000
vn -0.000000 -1.000000 0.000000
vn 0.000000 -1.000000 0.000000
vn 0.000000 -1.000000 -0.000000
vn 0.000000 -1.000000 0.000000
vn -0.000000 -1.000000 0.000000
vn 0.000000 -1.000000 -0.000000
vn -0.000000 -1.000000 0.000000
vn 0.000000 -1.000000 -0.000000
vn 0.000000 -1.000000 -0.000000
vn 0.000000 -1.000000 -0.000000
vn 0.000000 -1.000000 -0.000000
vn 0.000000 -1.000000 -0.000000
vn 0.000000 -1.000000 -0.000000
vn 0.000000 -1.000000 -0.000000
vn 0.000000 -1.000000 -0.000000
vn 0.000000 -1.000000 -0.000000
vn 0.000000 -1.000000 -0.000000
vn 0.000000 -1.000000 -0.000000
vn 0.000000 -1.000000 -0.000000
vn 0.000000 -1.000000 0.000000
vn 0.000000 -1.000000 0.000000
vn 0.000000 -1.000000 0.000000
vn 0.000000 -1.000000 0.000000
vn 0.000000 -1.000000 0.000000
vn 0.000000 -1.000000 0.000000
vn 0.000000 -1.000000 0.000000
vn 0.000000 -1.000000 0.000000
vn 0.000000 -1.000000 0.000000
vn 0.000000 -1.000000 0.000000
vn 0.000000 -1.000000 0.000000
vn 0.000000 -1.000000 0.000000
vn 0.000000 -1.000000 0.000000
vn 0.000000 -1.000000 0.000000
vn 0.000000 -1.000000 0.000000
vn 0.000000 -1.000000 0.000000
vn 0.000000 -1.000000 0.000000
vn 0.000000 -1.000000 0.000000
vn 0.000000 -1.000000 0.000000
vn 0.000000 -1.000000 0.000000
vn 0.000000 -1.000000 0.000000
vn 0.000000 -1.000000 0.000000
vn 0.000000 -1.000000 0.000000
vn 0.000000 -1.000000 0.000000
vn 0.000000 -1.000000 0.000000
vn 0.000000 -1.000000 0.000000
vn 0.000000 -1.000000 0.000000
vn 0.000000 -1.000000 0.000000
vn 0.000000 -1.000000 0.000000
vn 0.000000 -1.000000 0.000000
vn 0.000000 -1.000000 0.000000
vn 0.000000 -1.000000 0.000000
vn 0.000000 -1.000000 0.000000
vn 0.000000 -1.000000 0.000000
vn 0.000000 -1.000000 0.000000
vn 0.000000 -1.000000 0.000000
vn 0.000000 -1.000000 0.000000
vn 0.000000 -1.000000 0.000000
vn 0.000000 -1.000000 0.000000
vn 0.000000 -1.000000 0.000000
vn 0.000000 -1.000000 0.000000
vn 0.000000 -1.000000 0.000000
vn 0.000000 -1.000000 0.000000
vn 0.000000 -1.000000 0.000000
vn 0.000000 -1.000000 0.000000
vn 0.000000 -1.000000 -0.000000
vn -0.000000 -1.000000 0.000000
vn 0.000000 1.000000 0.000000
vn 0.000000 1.000000 0.000000
vn 0.000000 1.000000 0.000000
vn 0.000000 1.000000 0.000000
vn 0.000000 1.000000 0.000000
vn 0.000000 1.000000 0.000000
vn 0.000000 1.000000 0.000000
vn 0.000000 1.000000 0.000000
vn 0.000000 1.000000 0.000000
vn 0.000000 1.000000 0.000000
vn 0.000000 1.000000 0.000000
vn 0.000000 1.000000 0.000000
vn 0.000000 1.000000 0.000000
vn 0.000000 1.000000 0.000000
vn 0.000000 1.000000 0.000000
vn 0.000000 1.000000 0.000000
vn 0.000000 1.000000 0.000000
vn 0.000000 1.000000 0.000000
vn 0.000000 1.000000 0.000000
vn 0.000000 1.000000 0.000000
vn 0.000000 1.000000 0.000000
vn 0.000000 1.000000 0.000000
vn 0.000000 1.000000 0.000000
vn 0.000000 1.000000 0.000000
vn 0.000000 1.000000 0.000000
vn 0.000000 1.000000 0.000000
vn 0.000000 1.000000 0.000000
vn 0.000000 1.000000 0.000000
vn 0.000000 1.000000 0.000000
vn 0.000000 1.000000 0.000000
vn 0.000000 1.000000 0.000000
vn 0.000000 1.000000 0.000000
vn -0.000000 1.000000 0.000000
vn 0.000000 1.000000 0.000000
vn -0.000000 1.000000 0.000000
vn 0.000000 1.000000 0.000000
vn -0.000000 1.000000 0.000000
vn 0.000000 1.000000 0.000000
vn -0.000000 1.000000 0.000000
vn 0.000000 1.000000 0.000000
vn -0.000000 1.000000 0.000000
vn 0.000000 1.000000 0.000000
vn -0.000000 1.000000 0.000000
vn 0.000000 1.000000 0.000000
vn -0.000000 1.000000 0.000000
vn 0.000000 1.000000 0.000000
vn -0.000000 1.000000 0.000000
vn -0.000000 1.000000 -0.000000
vn 0.000000 1.000000 -0.000000
vn -0.000000 1.000000 -0.000000
vn 0.000000 1.000000 -0.000000
vn -0.000000 1.000000 -0.000000
vn 0.000000 1.000000 -0.000000
vn -0.000000 1.000000 -0.000000
vn 0.000000 1.000000 -0.000000
vn -0.000000 1.000000 -0.000000
vn 0.000000 1.000000 -0.000000
vn -0.000000 1.000000 -0.000000
vn 0.000000 1.000000 -0.000000
vn -0.000000 1.000000 -0.000000
vn -0.000000 1.000000 -0.000000
vn 0.000000 1.000000 -0.000000
vn -0.000000 1.000000 -0.000000
vn 0.000000 1.000000 -0.000000
vn -0.000000 1.000000 -0.000000
vn 0.000000 1.000000 -0.000000
vn -0.000000 1.000000 -0.000000
vn 0.000000 1.000000 -0.000000
vn -0.000000 1.000000 -0.000000
vn 0.000000 1.000000 -0.000000
vn -0.000000 1.000000 -0.000000
vn 0.000000 1.000000 -0.000000
vn -0.000000 1.000000 -0.000000
vn 0.000000 1.000000 -0.000000
vn -0.000000 1.000000 -0.000000
vn 0.000000 1.000000 -0.000000
vn 0.000000 1.000000 -0.000000
vn 0.000000 1.000000 -0.000000
vn 0.000000 1.000000 -0.000000
vn 0.000000 1.000000 -0.000000
vn 0.000000 1.000000 -0.000000
vn 0.000000 1.000000 -0.000000
vn 0.000000 1.000000 -0.000000
vn 0.000000 1.000000 -0.000000
vn 0.000000 1.000000 -0.000000
vn 0.000000 1.000000 -0.000000
vn 0.000000 1.000000 0.000000
vn 0.000000 1.000000 0.000000
vn 0.000000 1.000000 0.000000
vn 0.000000 1.000000 0.000000
vn -0.000000 1.000000 0.000000
vn 0.000000 1.000000 0.000000
vn 0.000000 1.000000 0.000000
vn -0.000000 1.000000 0.000000
vn 0.000000 1.000000 0.000000
vn -0.000000 1.000000 0.000000
vn 0.000000 1.000000 0.000000
vn 0.000000 1.000000 0.000000
vn -0.000000 1.000000 0.000000
vn 0.000000 1.000000 0.000000
vn 0.000000 1.000000 0.000000
vn -0.000000 1.000000 0.000000
vn 0.000000 1.000000 0.000000
vn 0.000000 1.000000 0.000000
vn -0.000000 1.000000 0.000000
vn 0.000000 1.000000 0.000000
vn -0.000000 1.000000 0.000000
vn 0.000000 1.000000 0.000000
vn 0.000000 1.000000 0.000000
vn -0.000000 1.000000 0.000000
vn 0.000000 1.000000 0.000000
vn 0.000000 1.000000 0.000000
vn -0.000000 1.000000 0.000000
vn 0.000000 1.000000 0.000000
vn -0.000000 1.000000 0.000000
vn 0.000000 1.000000 0.000000
vn 0.000000 1.000000 0.000000
vn 0.000000 1.000000 0.000000
vn -0.000000 1.000000 0.000000
vn 0.000000 1.000000 0.000000
vn -0.000000 1.000000 0.000000
vn -0.000000 1.000000 0.000000
vn 0.000000 1.000000 0.000000
vn 0.000000 1.000000 0.000000
vn -0.000000 1.000000 0.000000
vn 0.000000 1.000000 0.000000
vn -0.000000 1.000000 0.000000
vn 0.000000 1.000000 0.000000
vn -0.000000 1.000000 0.000000
vn 0.000000 1.000000 0.000000
vn -0.000000 1.000000 0.000000
vn 0.000000 1.000000 0.000000
vn -0.000000 1.000000 0.000000
vn 0.000000 1.000000 0.000000
vn -0.000000 1.000000 0.000000
vn 0.000000 1.000000 0.000000
vn -0.000000 1.000000 0.000000
vn 0.000000 1.000000 0.000000
vn -0.000000 1.000000 0.000000
vn 0.000000 1.000000 0.000000
vn -0.000000 1.000000 0.000000
vn -0.000000 1.000000 0.000000
vn 0.000000 1.000000 0.000000
vn 0.000000 1.000000 0.000000
vn -0.000000 1.000000 0.000000
vn 0.000000 1.000000 0.000000
vn -0.000000 1.000000 0.000000
vn 0.000000 1.000000 0.000000
vn -0.000000 1.000000 0.000000
vn 0.000000 1.000000 0.000000
vn 0.000000 1.000000 0.000000
vn -0.000000 1.000000 0.000000
vn 0.000000 1.000000 0.000000
vn -0.000000 1.000000 0.000000
vn -0.000000 1.000000 0.000000
vn 0.000000 1.000000 0.000000
vn -0.000000 1.000000 0.000000
vn 0.000000 1.000000 0.000000
vn -0.000000 1.000000 0.000000
vn 0.000000 1.000000 0.000000
vn -0.000000 1.000000 0.000000
vn 0.000000 1.000000 0.000000
vn 0.000000 1.000000 0.000000
vn -0.000000 1.000000 0.000000
vn -0.000000 1.000000 0.000000
vn 0.000000 1.000000 0.000000
vn -0.000000 1.000000 0.000000
vn 0.000000 1.000000 0.000000
vn 0.000000 1.000000 0.000000
vn 0.000000 1.000000 0.000000
vn 0.000000 1.000000 0.000000
vn 0.000000 1.000000 0.000000
vn 0.000000 1.000000 0.000000
vn 0.000000 1.000000 0.000000
vn 0.000000 1.000000 0.000000
vn 0.000000 1.000000 0.000000
vn 0.000000 1.000000 0.000000
vn 0.000000 1.000000 0.000000
vn 0.000000 1.000000 0.000000
vn 0.000000 1.000000 0.000000
vn 0.000000 1.000000 0.000000
vn 0.000000 1.000000 0.000000
vn 0.000000 1.000000 0.000000
vn 0.000000 1.000000 0.000000
vn 0.000000 1.000000 0.000000
vn 0.000000 1.000000 0.000000
vn 0.000000 1.000000 0.000000
vn 0.000000 1.000000 0.000000
vn 0.000000 1.000000 0.000000
vn 0.000000 1.000000 0.000000
vn 0.000000 1.000000 0.000000
vn 0.000000 1.000000 0.000000
vn 0.000000 1.000000 0.000000
vn 0.000000 1.000000 0.000000
vn 0.000000 1.000000 0.000000
vn -0.000000 1.000000 0.000000
vn -0.000000 1.000000 0.000000
vn -0.000000 1.000000 0.000000
vn -0.000000 1.000000 0.000000
vn -0.000000 1.000000 0.000000
vn -0.000000 1.000000 0.000000
vn -0.000000 1.000000 0.000000
vn -0.000000 1.000000 0.000000
vn -0.000000 1.000000 0.000000
vn -0.000000 1.000000 0.000000
vn -0.000000 1.000000 0.000000
vn -0.000000 1.000000 0.000000
vn -0.000000 1.000000 0.000000
vn -0.000000 1.000000 0.000000
vn -0.000000 1.000000 -0.000000
vn -0.000000 1.000000 -0.000000
vn -0.000000 1.000000 -0.000000
vn -0.000000 1.000000 -0.000000
vn -0.000000 1.000000 -0.000000
vn -0.000000 1.000000 -0.000000
vn -0.000000 1.000000 -0.000000
vn -0.000000 1.000000 0.000000
vn -0.000000 1.000000 0.000000
vn -0.000000 1.000000 0.000000
vn -0.000000 1.000000 0.000000
vn -0.000000 1.000000 0.000000
vn -0.000000 1.000000 0.000000
vn -0.000000 1.000000 0.000000
vn -0.000000 1.000000 0.000000
vn -0.000000 1.000000 0.000000
vn -0.000000 1.000000 0.000000
vn -0.000000 1.000000 0.000000
vn 0.000000 1.000000 0.000000
vn -0.000000 1.000000 0.000000
vn 0.000000 1.000000 0.000000
vn 0.000000 1.000000 0.000000
vn -0.000000 1.000000 0.000000
vn 0.000000 1.000000 0.000000
vn -0.000000 1.000000 0.000000
vn 0.000000 1.000000 0.000000
vn -0.000000 1.000000 0.000000
vn 0.000000 1.000000 0.000000
vn -0.000000 1.000000 0.000000
vn 0.000000 1.000000 0.000000
vn -0.000000 1.000000 0.000000
vn 0.000000 1.000000 0.000000
vn -0.000000 1.000000 0.000000
vn 0.000000 1.000000 0.000000
vn -0.000000 1.000000 0.000000
vn 0.000000 1.000000 0.000000
vn -0.000000 1.000000 0.000000
vn 0.000000 1.000000 0.000000
vn -0.000000 1.000000 0.000000
vn 0.000000 1.000000 0.000000
vn -0.000000 1.000000 0.000000
vn 0.000000 1.000000 0.000000
vn -0.000000 1.000000 0.000000
vn 0.000000 1.000000 0.000000
vn -0.000000 1.000000 0.000000
vn 0.000000 1.000000 0.000000
vn -0.000000 1.000000 0.000000
vn 0.000000 1.000000 0.000000
vn -0.000000 1.000000 0.000000
vn 0.000000 0.000000 1.000000
vn 0.000000 0.000000 1.000000
vn 1.000000 0.000000 0.000000
vn 1.000000 0.000000 -0.000000
vn 0.000000 0.000000 -1.000000
vn 0.000000 0.000000 -1.000000
vn -1.000000 -0.000000 0.000000
vn -1.000000 0.000000 -0.000000
vn 1.000000 0.000000 0.000000
vn 1.000000 0.000000 -0.000000
vn -1.000000 -0.000000 0.000000
vn -1.000000 0.000000 -0.000000
vn 0.000000 1.000000 0.000000
vn 0.000000 1.000000 0.000000
vn 0.000000 1.000000 0.000000
vn 0.000000 1.000000 0.000000
vn -0.000000 1.000000 0.000000
vn -0.000000 1.000000 0.000000
vn -0.000000 1.000000 0.000000
vn 0.000000 1.000000 0.000000
vn 0.000000 1.000000 0.000000
vn 0.000000 1.000000 0.000000
vn 0.000000 1.000000 0.000000
vn 0.000000 1.000000 0.000000
vn 0.000000 1.000000 0.000000
vn 0.000000 1.000000 0.000000
vn 0.000000 1.000000 0.000000
vn 0.000000 1.000000 0.000000
vn 0.000000 1.000000 0.000000
vn 0.000000 1.000000 0.000000
vn 0.000000 1.000000 0.000000
vn 0.000000 1.000000 0.000000
vn 0.000000 1.000000 0.000000
vn 0.000000 1.000000 0.000000
vn 0.000000 1.000000 0.000000
vn 0.000000 1.000000 0.000000
vn 0.000000 1.000000 0.000000
vn 0.000000 1.000000 0.000000
vn 0.000000 1.000000 0.000000
vn 0.000000 1.000000 0.000000
vn 0.000000 1.000000 0.000000
vn 0.000000 1.000000 0.000000
vn 0.000000 1.000000 0.000000
vn 0.000000 1.000000 0.000000
vn 0.000000 1.000000 0.000000
vn 0.000000 1.000000 0.000000
vn 0.000000 1.000000 0.000000
vn 0.000000 1.000000 0.000000
vn 0.000000 1.000000 0.000000
vn 0.000000 1.000000 0.000000
vn 0.000000 1.000000 0.000000
vn 0.000000 1.000000 0.000000
vn -0.000000 1.000000 0.000000
vn 0.000000 1.000000 0.000000
vn -0.000000 1.000000 0.000000
vn 0.000000 1.000000 0.000000
vn -0.000000 1.000000 0.000000
vn 0.000000 1.000000 0.000000
vn -0.000000 1.000000 0.000000
vn 0.000000 1.000000 0.000000
vn -0.000000 1.000000 0.000000
vn 0.000000 1.000000 0.000000
vn -0.000000 1.000000 0.000000
vn -0.000000 1.000000 0.000000
vn -0.000000 1.000000 0.000000
vn 0.000000 1.000000 0.000000
vn -0.000000 1.000000 0.000000
vn 0.000000 1.000000 0.000000
vn 0.000000 1.000000 0.000000
vn -0.000000 1.000000 0.000000
vn -0.000000 1.000000 0.000000
vn 0.000000 1.000000 0.000000
vn -0.000000 1.000000 0.000000
vn 0.000000 1.000000 0.000000
vn 0.000000 1.000000 0.000000
vn 0.000000 1.000000 0.000000
vn -0.000000 1.000000 0.000000
vn 0.000000 1.000000 0.000000
vn 0.000000 1.000000 0.000000
vn 0.000000 1.000000 0.000000
vn -0.000000 1.000000 0.000000
vn -0.000000 1.000000 0.000000
vn 0.000000 1.000000 0.000000
vn 0.000000 1.000000 0.000000
vn 0.000000 1.000000 0.000000
vn -0.000000 1.000000 0.000000
vn 0.000000 1.000000 0.000000
vn 0.000000 1.000000 0.000000
vn -0.000000 1.000000 0.000000
vn -0.000000 1.000000 0.000000
vn 0.000000 1.000000 0.000000
vn 0.000000 1.000000 0.000000
vn -0.000000 1.000000 0.000000
vn 0.000000 1.000000 0.000000
vn 0.000000 1.000000 0.000000
vn 0.000000 1.000000 0.000000
vn -0.000000 1.000000 0.000000
vn 0.000000 1.000000 0.000000
vn -0.000000 1.000000 0.000000
vn -0.000000 1.000000 0.000000
vn 0.000000 1.000000 0.000000
vn 0.000000 1.000000 0.000000
vn -0.000000 1.000000 0.000000
vn -0.000000 1.000000 0.000000
vn 0.000000 1.000000 0.000000
vn 0.000000 1.000000 0.000000
vn 0.000000 1.000000 0.000000
vn 0.000000 1.000000 0.000000
vn 0.000000 1.000000 0.000000
vn 0.000000 1.000000 0.000000
vn 0.000000 1.000000 0.000000
vn 0.000000 1.000000 0.000000
vn 0.000000 1.000000 0.000000
vn -0.000000 1.000000 0.000000
vn 0.000000 1.000000 0.000000
vn 0.000000 1.000000 0.000000
vn -0.000000 1.000000 0.000000
vn 0.000000 1.000000 0.000000
vn 0.000000 1.000000 0.000000
vn -0.000000 1.000000 0.000000
vn 0.000000 1.000000 0.000000
vn 0.000000 1.000000 0.000000
vn -0.000000 1.000000 0.000000
vn 0.000000 1.000000 0.000000
vn -0.000000 1.000000 0.000000
vn -0.000000 1.000000 0.000000
vn -0.000000 1.000000 0.000000
vn 0.000000 1.000000 0.000000
vn -0.000000 1.000000 0.000000
vn 0.000000 1.000000 0.000000
vn -0.000000 1.000000 0.000000
vn -0.000000 1.000000 0.000000
vn -0.000000 1.000000 0.000000
vn 0.000000 1.000000 0.000000
vn -0.000000 1.000000 0.000000
vn -0.000000 1.000000 0.000000
vn -0.000000 1.000000 0.000000
vn 0.000000 1.000000 0.000000
vn -0.000000 1.000000 0.000000
vn 0.000000 1.000000 0.000000
vn -0.000000 1.000000 0.000000
vn -0.000000 1.000000 0.000000
vn -0.000000 1.000000 0.000000
vn 0.000000 1.000000 0.000000
vn -0.000000 1.000000 0.000000
vn 0.000000 1.000000 0.000000
vn -0.000000 1.000000 0.000000
vn 0.000000 1.000000 0.000000
vn -0.000000 1.000000 0.000000
vn -0.000000 1.000000 0.000000
vn -0.000000 1.000000 0.000000
vn 0.000000 1.000000 0.000000
vn -0.000000 1.000000 0.000000
vn 0.000000 1.000000 0.000000
vn -0.000000 1.000000 0.000000
vn -0.000000 1.000000 0.000000
vn -0.000000 1.000000 0.000000
vn 0.000000 1.000000 0.000000
vn -0.000000 1.000000 0.000000
vn -0.000000 1.000000 0.000000
vn 0.000000 1.000000 0.000000
vn -0.000000 1.000000 0.000000
vn -0.000000 1.000000 0.000000
vn 0.000000 1.000000 0.000000
vn -0.000000 1.000000 0.000000
vn -0.000000 1.000000 0.000000
vn -0.000000 1.000000 0.000000
vn 0.000000 1.000000 0.000000
vn -0.000000 1.000000 0.000000
vn -0.000000 1.000000 0.000000
vn 0.000000 1.000000 0.000000
vn -0.000000 1.000000 0.000000
vn -0.000000 1.000000 0.000000
vn 0.000000 1.000000 0.000000
vn -0.000000 1.000000 0.000000
vn 0.000000 1.000000 0.000000
vn -0.000000 1.000000 0.000000
vn -0.000000 1.000000 0.000000
vn 0.000000 1.000000 0.000000
vn -0.000000 1.000000 0.000000
vn -0.000000 1.000000 0.000000
vn -0.000000 1.000000 0.000000
vn 0.000000 1.000000 0.000000
vn -0.000000 1.000000 0.000000
vn 0.000000 1.000000 0.000000
vn -0.000000 1.000000 0.000000
vn -0.000000 1.000000 0.000000
vn -0.000000 1.000000 0.000000
vn 0.000000 1.000000 0.000000
vn -0.000000 1.000000 0.000000
vn -0.000000 1.000000 0.000000
vn -0.000000 1.000000 0.000000
vn -0.000000 1.000000 0.000000
vn -0.000000 1.000000 0.000000
vn -0.000000 1.000000 0.000000
vn -0.000000 1.000000 0.000000
vn -0.000000 1.000000 0.000000
vn -0.000000 1.000000 0.000000
vn -0.000000 1.000000 0.000000
vn -0.000000 1.000000 -0.000000
vn -0.000000 1.000000 -0.000000
vn -0.000000 1.000000 -0.000000
vn -0.000000 1.000000 -0.000000
vn -0.000000 1.000000 -0.000000
vn 0.000000 1.000000 0.000000
vn 0.000000 1.000000 0.000000
vn 0.000000 1.000000 0.000000
vn 0.000000 1.000000 -0.000000
vn 0.000000 1.000000 0.000000
vn 0.000000 1.000000 0.000000
vn 0.000000 1.000000 0.000000
vn 0.000000 1.000000 0.000000
vn 0.000000 1.000000 0.000000
vn 0.000000 1.000000 -0.000000
vn 0.000000 1.000000 0.000000
vn 0.000000 1.000000 0.000000
vn 0.000000 1.000000 0.000000
vn 0.000000 1.000000 0.000000
vn 0.000000 1.000000 0.000000
vn 0.000000 1.000000 -0.000000
vn 0.000000 1.000000 0.000000
vn 0.000000 1.000000 0.000000
vn 0.000000 1.000000 0.000000
vn 0.000000 1.000000 -0.000000
vn 0.000000 1.000000 0.000000
vn 0.000000 1.000000 0.000000
vn 0.000000 1.000000 0.000000
vn 0.000000 1.000000 -0.000000
vn 0.000000 1.000000 0.000000
vn 0.000000 1.000000 0.000000
vn 0.000000 1.000000 0.000000
vn 0.000000 1.000000 0.000000
vn 0.000000 1.000000 -0.000000
vn 0.000000 1.000000 0.000000
vn 0.000000 1.000000 0.000000
vn 0.000000 1.000000 -0.000000
vn 0.000000 1.000000 0.000000
vn 0.000000 1.000000 0.000000
vn 0.000000 1.000000 0.000000
vn 0.000000 1.000000 -0.000000
vn 0.000000 1.000000 0.000000
vn 0.000000 1.000000 0.000000
vn 0.000000 1.000000 0.000000
vn 0.000000 1.000000 -0.000000
vn 0.000000 1.000000 0.000000
vn 0.000000 1.000000 0.000000
vn 0.000000 1.000000 0.000000
vn 0.000000 1.000000 0.000000
vn 0.000000 1.000000 0.000000
vn 0.000000 1.000000 0.000000
vn 0.000000 1.000000 0.000000
vn 0.000000 1.000000 0.000000
vn 0.000000 1.000000 0.000000
vn 0.000000 1.000000 0.000000
vn 0.000000 1.000000 0.000000
vn 0.000000 1.000000 0.000000
vn 0.000000 1.000000 0.000000
vn -0.000000 1.000000 0.000000
vn -0.000000 1.000000 0.000000
vn -0.000000 1.000000 0.000000
vn -0.000000 1.000000 0.000000
vn -0.000000 1.000000 0.000000
vn -0.000000 1.000000 0.000000
vn -0.000000 1.000000 0.000000
vn -0.000000 1.000000 0.000000
vn -0.000000 1.000000 0.000000
vn -0.000000 1.000000 0.000000
vn -0.000000 1.000000 0.000000
vn -0.000000 1.000000 0.000000
vn -0.000000 1.000000 0.000000
vn -0.000000 1.000000 0.000000
vn -0.000000 1.000000 0.000000
vn -0.000000 1.000000 0.000000
vn -0.000000 1.000000 0.000000
vn 0.000000 1.000000 0.000000
vn -0.000000 1.000000 0.000000
vn -0.000000 1.000000 -0.000000
vn -0.000000 1.000000 -0.000000
vn -0.000000 1.000000 -0.000000
vn 0.000000 1.000000 -0.000000
vn 0.000000 1.000000 -0.000000
vn 0.000000 1.000000 -0.000000
vn 0.000000 1.000000 -0.000000
vn 0.000000 1.000000 -0.000000
vn 0.000000 1.000000 -0.000000
vn 0.000000 1.000000 -0.000000
vn 0.000000 1.000000 -0.000000
vn 0.000000 1.000000 -0.000000
vn 0.000000 1.000000 -0.000000
vn 0.000000 1.000000 -0.000000
vn 0.000000 1.000000 -0.000000
vn 0.000000 1.000000 -0.000000
vn 0.000000 1.000000 -0.000000
vn 0.000000 1.000000 -0.000000
vn 0.000000 1.000000 -0.000000
vn 0.000000 1.000000 -0.000000
vn 0.000000 1.000000 -0.000000
vn 0.000000 1.000000 -0.000000
vn 0.000000 1.000000 0.000000
vn 0.000000 1.000000 -0.000000
vn 0.000000 1.000000 -0.000000
vn 0.000000 1.000000 -0.000000
vn 0.000000 1.000000 -0.000000
vn 0.000000 1.000000 -0.000000
vn 0.000000 1.000000 -0.000000
vn 0.000000 1.000000 -0.000000
vn 0.000000 1.000000 -0.000000
vn 0.000000 1.000000 -0.000000
vn 0.000000 1.000000 -0.000000
vn 0.000000 1.000000 -0.000000
vn 0.000000 1.000000 -0.000000
vn 0.000000 1.000000 -0.000000
vn 0.000000 1.000000 0.000000
vn 0.000000 1.000000 0.000000
vn 0.000000 1.000000 0.000000
vn 0.000000 1.000000 0.000000
vn 0.000000 1.000000 0.000000
vn 0.000000 1.000000 0.000000
vn 0.000000 1.000000 0.000000
vn 0.000000 1.000000 0.000000
vn 0.000000 1.000000 0.000000
vn 0.000000 1.000000 0.000000
vn 0.000000 1.000000 0.000000
vn 0.000000 1.000000 0.000000
vn 0.000000 1.000000 0.000000
vn -0.000000 1.000000 0.000000
vn 0.000000 1.000000 0.000000
vn -0.000000 1.000000 0.000000
vn 0.000000 1.000000 0.000000
vn 0.000000 1.000000 0.000000
vn -0.000000 1.000000 0.000000
vn 0.000000 1.000000 0.000000
vn 0.000000 1.000000 0.000000
vn -0.000000 1.000000 0.000000
vn -0.000000 1.000000 0.000000
vn 0.000000 1.000000 0.000000
vn 0.000000 1.000000 0.000000
vn 0.000000 1.000000 0.000000
vn -0.000000 1.000000 0.000000
vn 0.000000 1.000000 0.000000
vn -0.000000 1.000000 0.000000
vn 0.000000 1.000000 0.000000
vn -0.000000 1.000000 0.000000
vn 0.000000 1.000000 0.000000
vn 0.000000 1.000000 0.000000
vn -0.000000 1.000000 0.000000
vn 0.000000 1.000000 0.000000
vn 0.000000 1.000000 0.000000
vn -0.000000 1.000000 0.000000
vn 0.000000 1.000000 0.000000
vn -0.000000 1.000000 0.000000
vn 0.000000 1.000000 0.000000
vn 0.000000 1.000000 0.000000
vn -0.000000 1.000000 0.000000
vn 0.000000 1.000000 0.000000
vn 0.000000 1.000000 0.000000
vn 0.000000 1.000000 0.000000
vn 0.000000 1.000000 0.000000
vn -0.000000 1.000000 0.000000
vn 0.000000 1.000000 0.000000
vn 0.000000 1.000000 0.000000
vn -0.000000 1.000000 0.000000
vn 0.000000 1.000000 0.000000
vn 0.000000 1.000000 0.000000
vn 0.000000 1.000000 0.000000
vn 0.000000 1.000000 0.000000
vn -0.000000 1.000000 0.000000
vn 0.000000 1.000000 0.000000
vn 0.000000 1.000000 0.000000
vn 0.000000 1.000000 0.000000
vn -0.000000 1.000000 0.000000
vn 0.000000 1.000000 0.000000
vn 0.000000 1.000000 0.000000
vn 0.000000 1.000000 0.000000
vn -0.000000 1.000000 0.000000
vn 0.000000 1.000000 0.000000
vn 0.000000 1.000000 0.000000
vn 0.000000 1.000000 0.000000
vn 0.000000 1.000000 0.000000
vn -0.000000 1.000000 0.000000
vn 0.000000 1.000000 0.000000
vn 0.000000 1.000000 0.000000
vn -0.000000 1.000000 0.000000
vn 0.000000 1.000000 0.000000
vn 0.000000 1.000000 0.000000
vn 0.000000 1.000000 0.000000
vn -0.000000 1.000000 0.000000
vn -0.000000 1.000000 0.000000
vn -0.000000 1.000000 0.000000
vn 0.000000 1.000000 0.000000
vn -0.000000 1.000000 0.000000
vn -0.000000 1.000000 0.000000
vn -0.000000 1.000000 0.000000
vn -0.000000 1.000000 0.000000
vn 0.000000 1.000000 0.000000
vn -0.000000 1.000000 0.000000
vn 0.000000 1.000000 0.000000
vn -0.000000 1.000000 0.000000
vn -0.000000 1.000000 0.000000
vn -0.000000 1.000000 0.000000
vn -0.000000 1.000000 0.000000
vn -0.000000 1.000000 0.000000
vn 0.000000 1.000000 0.000000
vn -0.000000 1.000000 0.000000
vn 0.000000 1.000000 0.000000
vn -0.000000 1.000000 0.000000
vn -0.000000 1.000000 0.000000
vn -0.000000 1.000000 0.000000
vn -0.000000 1.000000 0.000000
vn -0.000000 1.000000 0.000000
vn 0.000000 1.000000 0.000000
vn -0.000000 1.000000 0.000000
vn -0.000000 1.000000 0.000000
vn -0.000000 1.000000 0.000000
vn 0.000000 1.000000 0.000000
vn -0.000000 1.000000 0.000000
vn -0.000000 1.000000 0.000000
vn -0.000000 1.000000 0.000000
vn 0.000000 1.000000 0.000000
vn 0.000000 1.000000 0.000000
vn -0.000000 1.000000 0.000000
vn -0.000000 1.000000 0.000000
vn -0.000000 1.000000 0.000000
vn -0.000000 1.000000 0.000000
vn 0.000000 1.000000 0.000000
vn -0.000000 1.000000 0.000000
vn -0.000000 1.000000 0.000000
vn 0.000000 1.000000 0.000000
vn -0.000000 1.000000 0.000000
vn -0.000000 1.000000 0.000000
vn -0.000000 1.000000 0.000000
vn -0.000000 1.000000 0.000000
vn -0.000000 1.000000 0.000000
vn 0.000000 1.000000 0.000000
vn -0.000000 1.000000 0.000000
vn -0.000000 1.000000 0.000000
vn -0.000000 1.000000 0.000000
vn 0.000000 1.000000 0.000000
vn -0.000000 1.000000 0.000000
vn 0.000000 1.000000 0.000000
vn -0.000000 1.000000 0.000000
vn -0.000000 1.000000 0.000000
vn -0.000000 1.000000 0.000000
vn -0.000000 1.000000 0.000000
vn -0.000000 1.000000 0.000000
vn -0.000000 1.000000 0.000000
vn 0.000000 1.000000 0.000000
vn -0.000000 1.000000 0.000000
vn -0.000000 1.000000 0.000000
vn -0.000000 1.000000 0.000000
vn 0.000000 1.000000 0.000000
vn 0.000000 1.000000 0.000000
vn -0.000000 1.000000 0.000000
vn -0.000000 1.000000 0.000000
vn -0.000000 1.000000 0.000000
vn -0.000000 1.000000 0.000000
vn -0.000000 1.000000 0.000000
vn -0.000000 1.000000 0.000000
vn 0.000000 1.000000 0.000000
vn -0.000000 1.000000 0.000000
vn -0.000000 1.000000 0.000000
vn -0.000000 1.000000 0.000000
vn 0.000000 1.000000 0.000000
vn -0.000000 1.000000 0.000000
vn -0.000000 1.000000 0.000000
vn -0.000000 1.000000 0.000000
vn 0.000000 1.000000 0.000000
vn -0.000000 1.000000 0.000000
vn -0.000000 1.000000 0.000000
vn 0.000000 1.000000 0.000000
vn -0.000000 1.000000 0.000000
vn -0.000000 1.000000 0.000000
vn -0.000000 1.000000 0.000000
vn -0.000000 1.000000 0.000000
vn -0.000000 1.000000 0.000000
vn 0.000000 1.000000 0.000000
vn -0.000000 1.000000 0.000000
vn -0.000000 1.000000 0.000000
vn 0.000000 1.000000 0.000000
vn 0.000000 1.000000 0.000000
vn -0.000000 1.000000 0.000000
vn -0.000000 1.000000 0.000000
vn -0.000000 1.000000 0.000000
vn -0.000000 1.000000 0.000000
vn -0.000000 1.000000 0.000000
vn -0.000000 1.000000 0.000000
vn -0.000000 1.000000 0.000000
vn -0.000000 1.000000 0.000000
vn -0.000000 1.000000 0.000000
vn -0.000000 1.000000 0.000000
vn -0.000000 1.000000 0.000000
vn -0.000000 1.000000 0.000000
vn -0.000000 1.000000 0.000000
vn -0.000000 1.000000 0.000000
vn -0.000000 1.000000 0.000000
vn -0.000000 1.000000 0.000000
vn -0.000000 1.000000 0.000000
vn -0.000000 1.000000 0.000000
vn -0.000000 1.000000 0.000000
vn -0.000000 1.000000 0.000000
vn -0.000000 1.000000 0.000000
vn -0.000000 1.000000 0.000000
vn -0.000000 1.000000 0.000000
vn -0.000000 1.000000 0.000000
vn -0.000000 1.000000 0.000000
vn -0.000000 1.000000 0.000000
vn -0.000000 1.000000 0.000000
vn -0.000000 1.000000 0.000000
vn -0.000000 1.000000 0.000000
vn -0.000000 1.000000 0.000000
vn -0.000000 1.000000 0.000000
vn -0.000000 1.000000 0.000000
vn -0.000000 1.000000 0.000000
vn -0.000000 1.000000 0.000000
vn -0.000000 1.000000 0.000000
vn -0.000000 1.000000 0.000000
vn -0.000000 1.000000 0.000000
vn -0.000000 1.000000 0.000000
vn -0.000000 1.000000 0.000000
vn -0.000000 1.000000 0.000000
vn -0.000000 1.000000 0.000000
vn -0.000000 1.000000 0.000000
vn -0.000000 1.000000 0.000000
vn -0.000000 1.000000 0.000000
vn -0.000000 1.000000 0.000000
vn -0.000000 1.000000 0.000000
vn 0.000000 1.000000 0.000000
vn 0.000000 1.000000 0.000000
vn 0.000000 1.000000 0.000000
vn 0.000000 1.000000 0.000000
vn 0.000000 1.000000 0.000000
vn 0.000000 1.000000 0.000000
vn 0.000000 1.000000 0.000000
vn 0.000000 1.000000 0.000000
vn -0.024935 -0.000000 -0.999689
vn -0.024935 0.000000 -0.999689
vn -0.074728 0.000000 -0.997204
vn -0.074728 -0.000000 -0.997204
vn -0.124343 0.000000 -0.992239
vn -0.124343 -0.000000 -0.992239
vn -0.173648 -0.000000 -0.984808
vn -0.173648 -0.000000 -0.984808
vn -0.222519 -0.000000 -0.974928
vn -0.222519 -0.000000 -0.974928
vn -0.270844 0.000000 -0.962623
vn -0.270844 -0.000000 -0.962623
vn -0.318486 0.000000 -0.947928
vn -0.318486 -0.000000 -0.947928
vn -0.365336 0.000000 -0.930876
vn -0.365336 -0.000000 -0.930876
vn -0.411293 0.000000 -0.911503
vn -0.411293 -0.000000 -0.911503
vn -0.456207 0.000000 -0.889874
vn -0.456207 -0.000000 -0.889874
vn -0.500004 -0.000000 -0.866023
vn -0.500004 0.000000 -0.866023
vn -0.542544 -0.000000 -0.840027
vn -0.542544 0.000000 -0.840027
vn -0.583745 -0.000000 -0.811937
vn -0.583745 0.000000 -0.811937
vn -0.623487 -0.000000 -0.781833
vn -0.623487 0.000000 -0.781833
vn -0.661685 -0.000000 -0.749782
vn -0.661685 -0.000000 -0.749782
vn -0.698240 0.000000 -0.715864
vn -0.698240 0.000000 -0.715864
vn -0.733056 -0.000000 -0.680168
vn -0.733056 -0.000000 -0.680168
vn -0.766039 -0.000000 -0.642794
vn -0.766039 -0.000000 -0.642794
vn -0.797135 -0.000000 -0.603801
vn -0.797135 -0.000000 -0.603801
vn -0.826236 0.000000 -0.563325
vn -0.826236 -0.000000 -0.563325
vn -0.853291 -0.000000 -0.521436
vn -0.853291 -0.000000 -0.521436
vn -0.878221 -0.000000 -0.478255
vn -0.878221 -0.000000 -0.478255
vn -0.900970 0.000000 -0.433880
vn -0.900970 -0.000000 -0.433880
vn -0.921477 0.000000 -0.388434
vn -0.921477 -0.000000 -0.388434
vn -0.939691 -0.000000 -0.342024
vn -0.939691 -0.000000 -0.342024
vn -0.955575 -0.000000 -0.294747
vn -0.969077 0.000000 -0.246760
vn -0.955575 -0.000000 -0.294747
vn -0.980172 0.000000 -0.198151
vn -0.969077 -0.000000 -0.246760
vn -0.988830 0.000000 -0.149046
vn -0.980172 -0.000000 -0.198151
vn -0.988830 0.000000 -0.149046
vn -0.995032 -0.000000 -0.099557
vn -0.995032 -0.000000 -0.099557
vn -0.998756 -0.000000 -0.049856
vn -1.000000 0.000000 0.000000
vn -0.998756 -0.000000 -0.049856
vn -1.000000 0.000000 -0.000000
vn -0.998756 0.000000 0.049856
vn -0.998756 0.000000 0.049856
vn -0.995032 -0.000000 0.099558
vn -0.995032 0.000000 0.099558
vn -0.988831 0.000000 0.149044
vn -0.988831 0.000000 0.149044
vn -0.980172 0.000000 0.198151
vn -0.969077 0.000000 0.246760
vn -0.980172 0.000000 0.198151
vn -0.969077 0.000000 0.246760
vn -0.955575 0.000000 0.294747
vn -0.955575 0.000000 0.294747
vn -0.939691 0.000000 0.342024
vn -0.939691 0.000000 0.342024
vn -0.921474 0.000000 0.388439
vn -0.921474 0.000000 0.388439
vn -0.900973 0.000000 0.433875
vn -0.900973 0.000000 0.433875
vn -0.878218 0.000000 0.478261
vn -0.878218 0.000000 0.478261
vn -0.853294 0.000000 0.521429
vn -0.853294 0.000000 0.521429
vn -0.826236 0.000000 0.563325
vn -0.826236 0.000000 0.563325
vn -0.797130 0.000000 0.603808
vn -0.797130 -0.000000 0.603808
vn -0.766045 0.000000 0.642787
vn -0.766045 0.000000 0.642787
vn -0.733056 0.000000 0.680168
vn -0.733056 0.000000 0.680168
vn -0.698232 0.000000 0.715871
vn -0.698232 0.000000 0.715871
vn -0.661693 0.000000 0.749775
vn -0.661693 -0.000000 0.749775
vn -0.623483 0.000000 0.781837
vn -0.623483 -0.000000 0.781837
vn -0.583740 0.000000 0.811940
vn -0.583740 -0.000000 0.811940
vn -0.542554 0.000000 0.840021
vn -0.542554 0.000000 0.840021
vn -0.499999 0.000000 0.866026
vn -0.499999 0.000000 0.866026
vn -0.456213 0.000000 0.889871
vn -0.456213 0.000000 0.889871
vn -0.411281 0.000000 0.911509
vn -0.411281 0.000000 0.911509
vn -0.365342 0.000000 0.930873
vn -0.365342 0.000000 0.930873
vn -0.318492 0.000000 0.947925
vn -0.318492 -0.000000 0.947925
vn -0.270831 0.000000 0.962627
vn -0.270831 0.000000 0.962627
vn -0.222533 -0.000000 0.974925
vn -0.222533 0.000000 0.974925
vn -0.173641 0.000000 0.984809
vn -0.173641 0.000000 0.984809
vn -0.124350 -0.000000 0.992238
vn -0.124350 0.000000 0.992238
vn -0.074721 0.000000 0.997204
vn -0.074721 -0.000000 0.997204
vn -0.024935 0.000000 0.999689
vn -0.024935 0.000000 0.999689
vn 0.024935 0.000000 0.999689
vn 0.024935 0.000000 0.999689
vn 0.074721 -0.000000 0.997204
vn 0.074721 0.000000 0.997204
vn 0.124350 -0.000000 0.992238
vn 0.124350 0.000000 0.992238
vn 0.173641 0.000000 0.984809
vn 0.173641 0.000000 0.984809
vn 0.222533 -0.000000 0.974925
vn 0.222533 0.000000 0.974925
vn 0.270831 -0.000000 0.962627
vn 0.270831 -0.000000 0.962627
vn 0.318492 0.000000 0.947925
vn 0.318492 0.000000 0.947925
vn 0.365342 -0.000000 0.930873
vn 0.365342 -0.000000 0.930873
vn 0.411281 -0.000000 0.911509
vn 0.411281 -0.000000 0.911509
vn 0.456213 0.000000 0.889871
vn 0.456213 -0.000000 0.889871
vn 0.499999 -0.000000 0.866026
vn 0.499999 -0.000000 0.866026
vn 0.542554 -0.000000 0.840021
vn 0.542554 0.000000 0.840021
vn 0.583740 0.000000 0.811940
vn 0.583740 0.000000 0.811940
vn 0.623483 0.000000 0.781837
vn 0.623483 0.000000 0.781837
vn 0.661693 0.000000 0.749775
vn 0.698232 -0.000000 0.715871
vn 0.661693 0.000000 0.749775
vn 0.698232 -0.000000 0.715871
vn 0.733056 -0.000000 0.680168
vn 0.766045 -0.000000 0.642787
vn 0.733056 0.000000 0.680168
vn 0.797130 -0.000000 0.603808
vn 0.766045 -0.000000 0.642787
vn 0.826236 -0.000000 0.563325
vn 0.797130 0.000000 0.603808
vn 0.826236 -0.000000 0.563325
vn 0.853294 -0.000000 0.521429
vn 0.853294 0.000000 0.521429
vn 0.878218 -0.000000 0.478261
vn 0.878218 0.000000 0.478261
vn 0.900973 -0.000000 0.433875
vn 0.900973 0.000000 0.433875
vn 0.921474 -0.000000 0.388439
vn 0.921474 0.000000 0.388439
vn 0.939691 0.000000 0.342024
vn 0.939691 -0.000000 0.342024
vn 0.955575 0.000000 0.294747
vn 0.955575 -0.000000 0.294747
vn 0.969077 -0.000000 0.246760
vn 0.969077 -0.000000 0.246760
vn 0.980172 0.000000 0.198151
vn 0.980172 -0.000000 0.198151
vn 0.988831 -0.000000 0.149044
vn 0.988831 0.000000 0.149044
vn 0.995032 0.000000 0.099558
vn 0.998756 -0.000000 0.049856
vn 0.995032 0.000000 0.099558
vn 0.998756 -0.000000 0.049856
vn 1.000000 0.000000 0.000000
vn 0.998756 0.000000 -0.049856
vn 1.000000 0.000000 -0.000000
vn 0.998756 0.000000 -0.049856
vn 0.995032 0.000000 -0.099557
vn 0.995032 0.000000 -0.099557
vn 0.988830 -0.000000 -0.149046
vn 0.988830 0.000000 -0.149046
vn 0.980172 0.000000 -0.198151
vn 0.980172 0.000000 -0.198151
vn 0.969077 0.000000 -0.246760
vn 0.969077 0.000000 -0.246760
vn 0.955575 0.000000 -0.294747
vn 0.955575 0.000000 -0.294747
vn 0.939691 0.000000 -0.342024
vn 0.939691 0.000000 -0.342024
vn 0.921477 0.000000 -0.388434
vn 0.900970 0.000000 -0.433880
vn 0.921477 0.000000 -0.388434
vn 0.900970 0.000000 -0.433880
vn 0.878221 0.000000 -0.478255
vn 0.853291 0.000000 -0.521436
vn 0.878221 0.000000 -0.478255
vn 0.826236 0.000000 -0.563325
vn 0.853291 0.000000 -0.521436
vn 0.826236 0.000000 -0.563325
vn 0.797135 0.000000 -0.603801
vn 0.797135 0.000000 -0.603801
vn 0.766039 0.000000 -0.642794
vn 0.766039 0.000000 -0.642794
vn 0.733056 0.000000 -0.680168
vn 0.698240 0.000000 -0.715864
vn 0.733056 0.000000 -0.680168
vn 0.661685 0.000000 -0.749782
vn 0.698240 -0.000000 -0.715864
vn 0.661685 0.000000 -0.749782
vn 0.623487 0.000000 -0.781833
vn 0.623487 -0.000000 -0.781833
vn 0.583745 0.000000 -0.811937
vn 0.583745 -0.000000 -0.811937
vn 0.542544 0.000000 -0.840027
vn 0.542544 -0.000000 -0.840027
vn 0.500004 0.000000 -0.866023
vn 0.500004 -0.000000 -0.866023
vn 0.456207 0.000000 -0.889874
vn 0.456207 -0.000000 -0.889874
vn 0.411293 0.000000 -0.911503
vn 0.411293 -0.000000 -0.911503
vn 0.365336 0.000000 -0.930876
vn 0.365336 -0.000000 -0.930876
vn 0.318486 0.000000 -0.947928
vn 0.318486 -0.000000 -0.947928
vn 0.270844 0.000000 -0.962623
vn 0.270844 -0.000000 -0.962623
vn 0.222519 0.000000 -0.974928
vn 0.222519 0.000000 -0.974928
vn 0.173648 0.000000 -0.984808
vn 0.173648 0.000000 -0.984808
vn 0.124343 0.000000 -0.992239
vn 0.124343 -0.000000 -0.992239
vn 0.074728 -0.000000 -0.997204
vn 0.024935 0.000000 -0.999689
vn 0.074728 0.000000 -0.997204
vn 0.024935 0.000000 -0.999689
vn 0.017635 -0.706998 -0.706996
vn 0.017630 -0.706998 -0.706996
vn -0.017635 -0.706998 -0.706996
vn -0.017630 -0.706998 -0.706996
vn 0.087938 -0.706998 -0.701727
vn 0.052849 -0.706998 -0.705238
vn 0.035350 -0.705039 -0.708287
vn 0.157369 -0.706998 -0.689485
vn 0.122807 -0.706998 -0.696472
vn 0.105695 -0.705039 -0.701248
vn 0.225238 -0.706998 -0.670389
vn 0.191545 -0.706998 -0.680782
vn 0.174992 -0.705039 -0.687239
vn 0.035268 -0.706667 -0.706666
vn 0.035268 -0.706668 -0.706666
vn 0.035269 -0.706668 -0.706666
vn 0.290873 -0.706997 -0.644630
vn 0.258371 -0.706997 -0.658330
vn 0.242551 -0.705039 -0.666400
vn 0.105453 -0.706667 -0.699643
vn 0.105454 -0.706668 -0.699643
vn 0.307696 -0.705039 -0.638939
vn 0.353611 -0.706998 -0.612465
vn 0.322637 -0.706998 -0.629333
vn 0.174591 -0.706668 -0.685667
vn 0.174591 -0.706668 -0.685667
vn 0.412834 -0.706998 -0.574215
vn 0.383696 -0.706998 -0.594081
vn 0.369786 -0.705039 -0.605127
vn 0.035100 -0.710028 -0.703298
vn 0.087940 -0.706998 -0.701726
vn 0.052849 -0.706998 -0.705238
vn 0.035268 -0.706668 -0.706666
vn 0.241996 -0.706668 -0.664875
vn 0.241996 -0.706668 -0.664875
vn 0.467954 -0.706998 -0.530257
vn 0.440940 -0.706998 -0.552925
vn 0.428198 -0.705039 -0.565302
vn 0.105454 -0.706668 -0.699643
vn 0.104951 -0.710028 -0.696309
vn 0.157369 -0.706998 -0.689485
vn 0.122806 -0.706998 -0.696472
vn 0.105454 -0.706668 -0.699643
vn 0.306992 -0.706668 -0.637477
vn 0.306992 -0.706668 -0.637477
vn 0.518429 -0.706998 -0.481026
vn 0.493806 -0.706998 -0.506270
vn 0.482359 -0.705039 -0.519856
vn 0.173760 -0.710028 -0.682398
vn 0.225238 -0.706998 -0.670390
vn 0.191544 -0.706998 -0.680783
vn 0.174592 -0.706668 -0.685666
vn 0.174591 -0.706668 -0.685667
vn 0.368939 -0.706668 -0.603742
vn 0.368939 -0.706668 -0.603742
vn 0.563747 -0.706997 -0.427018
vn 0.541755 -0.706997 -0.454594
vn 0.531721 -0.705039 -0.469246
vn 0.240842 -0.710028 -0.661706
vn 0.290866 -0.706998 -0.644632
vn 0.258377 -0.706998 -0.658328
vn 0.241996 -0.706668 -0.664875
vn 0.241995 -0.706668 -0.664875
vn 0.427218 -0.706667 -0.564009
vn 0.427219 -0.706668 -0.564007
vn 0.603461 -0.706997 -0.368768
vn 0.584327 -0.706997 -0.398392
vn 0.575800 -0.705039 -0.413973
vn 0.306992 -0.706668 -0.637477
vn 0.305529 -0.710028 -0.634438
vn 0.306992 -0.706668 -0.637477
vn 0.353606 -0.706998 -0.612468
vn 0.322642 -0.706998 -0.629330
vn 0.481254 -0.706667 -0.518667
vn 0.481255 -0.706668 -0.518666
vn 0.637181 -0.706998 -0.306847
vn 0.621092 -0.706998 -0.338230
vn 0.614157 -0.705039 -0.354586
vn 0.368939 -0.706668 -0.603742
vn 0.367180 -0.710028 -0.600865
vn 0.412833 -0.706998 -0.574215
vn 0.383698 -0.706998 -0.594079
vn 0.368939 -0.706668 -0.603742
vn 0.530504 -0.706668 -0.468172
vn 0.530503 -0.706668 -0.468174
vn 0.664564 -0.706998 -0.241885
vn 0.651683 -0.706998 -0.274706
vn 0.646411 -0.705039 -0.291672
vn 0.427219 -0.706668 -0.564007
vn 0.467955 -0.706998 -0.530257
vn 0.440940 -0.706998 -0.552925
vn 0.425183 -0.710028 -0.561320
vn 0.427219 -0.706668 -0.564008
vn 0.574482 -0.706668 -0.413025
vn 0.574482 -0.706668 -0.413025
vn 0.675798 -0.706998 -0.208450
vn 0.672241 -0.705039 -0.225858
vn 0.685346 -0.706998 -0.174513
vn 0.481254 -0.706668 -0.518667
vn 0.518428 -0.706998 -0.481027
vn 0.493803 -0.706998 -0.506273
vn 0.478960 -0.710028 -0.516196
vn 0.481253 -0.706668 -0.518668
vn 0.612753 -0.706668 -0.353771
vn 0.644932 -0.706667 -0.291005
vn 0.612752 -0.706667 -0.353775
vn 0.691388 -0.705039 -0.157805
vn 0.699317 -0.706997 -0.105408
vn 0.693193 -0.706997 -0.140136
vn 0.527976 -0.710028 -0.465942
vn 0.563745 -0.706997 -0.427021
vn 0.541759 -0.706997 -0.454590
vn 0.530504 -0.706668 -0.468172
vn 0.530503 -0.706668 -0.468174
vn 0.644933 -0.706667 -0.291004
vn 0.706336 -0.706998 -0.035259
vn 0.703702 -0.706998 -0.070408
vn 0.703665 -0.705038 -0.088180
vn 0.574483 -0.706668 -0.413025
vn 0.603460 -0.706997 -0.368768
vn 0.584330 -0.706997 -0.398388
vn 0.571745 -0.710028 -0.411057
vn 0.612754 -0.706667 -0.353771
vn 0.574483 -0.706667 -0.413026
vn 0.670702 -0.706667 -0.225346
vn 0.670702 -0.706669 -0.225341
vn 0.708949 -0.705038 -0.017681
vn 0.706337 -0.706997 0.035259
vn 0.707216 -0.706997 0.000000
vn 0.637178 -0.706998 -0.306853
vn 0.621093 -0.706998 -0.338227
vn 0.609832 -0.710028 -0.352086
vn 0.612753 -0.706668 -0.353772
vn 0.689805 -0.706668 -0.157444
vn 0.702054 -0.706668 -0.087978
vn 0.689805 -0.706669 -0.157443
vn 0.707185 -0.705039 0.052996
vn 0.699317 -0.706997 0.105406
vn 0.703703 -0.706997 0.070409
vn 0.664566 -0.706998 -0.241879
vn 0.651682 -0.706998 -0.274707
vn 0.641858 -0.710028 -0.289618
vn 0.644932 -0.706668 -0.291004
vn 0.644932 -0.706668 -0.291005
vn 0.702053 -0.706669 -0.087980
vn 0.698395 -0.705039 0.123147
vn 0.685346 -0.706997 0.174513
vn 0.693193 -0.706998 0.140136
vn 0.670701 -0.706668 -0.225344
vn 0.685347 -0.706998 -0.174509
vn 0.675795 -0.706998 -0.208458
vn 0.670701 -0.706668 -0.225346
vn 0.667506 -0.710027 -0.224271
vn 0.707325 -0.706668 -0.017641
vn 0.707325 -0.706669 -0.017639
vn 0.682663 -0.705039 0.192068
vn 0.664564 -0.706998 0.241885
vn 0.675798 -0.706998 0.208450
vn 0.689806 -0.706668 -0.157442
vn 0.699316 -0.706998 -0.105406
vn 0.693193 -0.706998 -0.140133
vn 0.686519 -0.710028 -0.156692
vn 0.689807 -0.706667 -0.157443
vn 0.705567 -0.706668 0.052874
vn 0.705567 -0.706668 0.052874
vn 0.660146 -0.705039 0.259089
vn 0.637182 -0.706998 0.306843
vn 0.651681 -0.706998 0.274710
vn 0.706337 -0.706998 -0.035251
vn 0.703702 -0.706998 -0.070415
vn 0.698708 -0.710028 -0.087561
vn 0.702055 -0.706667 -0.087981
vn 0.707326 -0.706668 -0.017639
vn 0.702055 -0.706668 -0.087980
vn 0.696796 -0.706668 0.122864
vn 0.681101 -0.706668 0.191629
vn 0.696795 -0.706668 0.122865
vn 0.603463 -0.706998 0.368763
vn 0.621089 -0.706998 0.338234
vn 0.631069 -0.705039 0.323531
vn 0.703955 -0.710028 -0.017553
vn 0.706336 -0.706998 0.035251
vn 0.707215 -0.706998 0.000000
vn 0.707326 -0.706667 -0.017638
vn 0.681101 -0.706668 0.191631
vn 0.595720 -0.705039 0.384756
vn 0.563743 -0.706998 0.427023
vn 0.584327 -0.706998 0.398392
vn 0.705568 -0.706667 0.052874
vn 0.699316 -0.706998 0.105406
vn 0.703701 -0.706998 0.070415
vn 0.702204 -0.710028 0.052622
vn 0.705568 -0.706667 0.052874
vn 0.658634 -0.706668 0.258498
vn 0.658636 -0.706667 0.258497
vn 0.554449 -0.705039 0.442161
vn 0.518429 -0.706998 0.481026
vn 0.541759 -0.706998 0.454589
vn 0.685347 -0.706998 0.174511
vn 0.693193 -0.706998 0.140133
vn 0.696797 -0.706667 0.122864
vn 0.693475 -0.710028 0.122278
vn 0.696797 -0.706667 0.122864
vn 0.681101 -0.706667 0.191631
vn 0.629626 -0.706667 0.322788
vn 0.629624 -0.706668 0.322790
vn 0.507671 -0.705039 0.495168
vn 0.467960 -0.706998 0.530252
vn 0.493801 -0.706998 0.506275
vn 0.677855 -0.710028 0.190717
vn 0.664567 -0.706997 0.241879
vn 0.675797 -0.706997 0.208457
vn 0.681101 -0.706668 0.191630
vn 0.594357 -0.706668 0.383876
vn 0.594356 -0.706668 0.383877
vn 0.412830 -0.706998 0.574217
vn 0.440937 -0.706998 0.552927
vn 0.455847 -0.705039 0.543253
vn 0.629626 -0.706668 0.322787
vn 0.637178 -0.706998 0.306852
vn 0.651682 -0.706998 0.274709
vn 0.658635 -0.706668 0.258497
vn 0.658634 -0.706668 0.258498
vn 0.655496 -0.710028 0.257265
vn 0.506508 -0.706668 0.494034
vn 0.553180 -0.706668 0.441149
vn 0.553182 -0.706668 0.441147
vn 0.399485 -0.705040 0.585944
vn 0.353607 -0.706997 0.612468
vn 0.383703 -0.706997 0.594077
vn 0.626625 -0.710027 0.321250
vn 0.603461 -0.706997 0.368767
vn 0.621094 -0.706997 0.338227
vn 0.594356 -0.706668 0.383877
vn 0.629625 -0.706668 0.322788
vn 0.506508 -0.706668 0.494034
vn 0.339166 -0.705039 0.622806
vn 0.290865 -0.706998 0.644633
vn 0.322641 -0.706998 0.629331
vn 0.563743 -0.706998 0.427022
vn 0.584330 -0.706998 0.398388
vn 0.591524 -0.710028 0.382047
vn 0.553182 -0.706668 0.441147
vn 0.594356 -0.706668 0.383876
vn 0.454804 -0.706667 0.542010
vn 0.454800 -0.706668 0.542012
vn 0.225243 -0.706998 0.670387
vn 0.258375 -0.706998 0.658328
vn 0.275466 -0.705040 0.653481
vn 0.550545 -0.710027 0.439045
vn 0.518427 -0.706998 0.481028
vn 0.541760 -0.706998 0.454589
vn 0.553181 -0.706668 0.441148
vn 0.398571 -0.706668 0.584603
vn 0.338389 -0.706668 0.621380
vn 0.398576 -0.706667 0.584601
vn 0.209030 -0.705039 0.677662
vn 0.157379 -0.706998 0.689482
vn 0.191535 -0.706998 0.680784
vn 0.467954 -0.706998 0.530258
vn 0.493804 -0.706998 0.506273
vn 0.506509 -0.706668 0.494034
vn 0.504094 -0.710028 0.491680
vn 0.506509 -0.706668 0.494034
vn 0.338387 -0.706668 0.621381
vn 0.140520 -0.705039 0.695107
vn 0.087942 -0.706998 0.701726
vn 0.122802 -0.706998 0.696472
vn 0.412837 -0.706997 0.574213
vn 0.452634 -0.710028 0.539428
vn 0.440941 -0.706997 0.552925
vn 0.454802 -0.706668 0.542011
vn 0.454800 -0.706668 0.542012
vn 0.274836 -0.706667 0.651986
vn 0.208552 -0.706667 0.676112
vn 0.274835 -0.706668 0.651987
vn 0.070610 -0.705039 0.705644
vn 0.017635 -0.706998 0.706995
vn 0.052844 -0.706998 0.705238
vn 0.353608 -0.706997 0.612467
vn 0.383695 -0.706998 0.594081
vn 0.396674 -0.710028 0.581816
vn 0.398576 -0.706668 0.584601
vn 0.398574 -0.706668 0.584601
vn 0.338387 -0.706668 0.621381
vn 0.208552 -0.706667 0.676112
vn -0.052844 -0.706998 0.705238
vn -0.017635 -0.706998 0.706995
vn 0.000000 -0.705039 0.709168
vn 0.290870 -0.706998 0.644630
vn 0.322640 -0.706998 0.629331
vn 0.338385 -0.706667 0.621383
vn 0.336772 -0.710028 0.618421
vn 0.140198 -0.706667 0.693517
vn 0.140198 -0.706667 0.693517
vn -0.070610 -0.705039 0.705644
vn -0.122802 -0.706998 0.696472
vn -0.087942 -0.706998 0.701726
vn 0.273525 -0.710029 0.648879
vn 0.274835 -0.706667 0.651987
vn 0.208552 -0.706667 0.676112
vn 0.225238 -0.706998 0.670389
vn 0.274836 -0.706667 0.651987
vn 0.258374 -0.706998 0.658328
vn 0.070448 -0.706667 0.704030
vn 0.070448 -0.706667 0.704030
vn -0.191535 -0.706998 0.680784
vn -0.157379 -0.706998 0.689482
vn -0.140520 -0.705039 0.695107
vn 0.208555 -0.706668 0.676110
vn 0.207561 -0.710028 0.672888
vn 0.157369 -0.706997 0.689485
vn 0.191544 -0.706997 0.680783
vn 0.000000 -0.706667 0.707546
vn 0.000000 -0.706667 0.707546
vn -0.258375 -0.706998 0.658328
vn -0.225243 -0.706998 0.670387
vn -0.209030 -0.705039 0.677662
vn 0.140198 -0.706668 0.693516
vn 0.140197 -0.706668 0.693516
vn 0.139529 -0.710027 0.690212
vn 0.087940 -0.706997 0.701727
vn 0.122806 -0.706997 0.696472
vn -0.070448 -0.706667 0.704030
vn -0.070448 -0.706667 0.704030
vn -0.322641 -0.706998 0.629331
vn -0.290865 -0.706998 0.644633
vn -0.275466 -0.705040 0.653481
vn 0.070448 -0.706668 0.704029
vn 0.070448 -0.706668 0.704029
vn 0.000000 -0.706668 0.707545
vn 0.017635 -0.706997 0.706996
vn 0.052847 -0.706997 0.705239
vn 0.070112 -0.710028 0.700674
vn -0.140198 -0.706667 0.693517
vn -0.208552 -0.706667 0.676112
vn -0.140198 -0.706667 0.693517
vn -0.339166 -0.705039 0.622806
vn -0.383703 -0.706997 0.594077
vn -0.353607 -0.706997 0.612468
vn -0.000000 -0.710028 0.704173
vn -0.052847 -0.706997 0.705239
vn -0.017635 -0.706997 0.706996
vn 0.000000 -0.706668 0.707545
vn -0.208552 -0.706667 0.676112
vn -0.440937 -0.706998 0.552927
vn -0.412830 -0.706998 0.574217
vn -0.399485 -0.705040 0.585944
vn -0.140198 -0.706668 0.693516
vn -0.070112 -0.710028 0.700674
vn -0.070448 -0.706668 0.704029
vn -0.122806 -0.706997 0.696472
vn -0.087940 -0.706997 0.701727
vn -0.070448 -0.706668 0.704029
vn -0.274836 -0.706668 0.651986
vn -0.274835 -0.706667 0.651987
vn -0.455847 -0.705039 0.543253
vn -0.493801 -0.706998 0.506275
vn -0.467960 -0.706998 0.530252
vn -0.208552 -0.706668 0.676111
vn -0.140197 -0.706668 0.693516
vn -0.139529 -0.710027 0.690212
vn -0.191544 -0.706997 0.680783
vn -0.157369 -0.706997 0.689485
vn -0.338387 -0.706668 0.621381
vn -0.338389 -0.706668 0.621380
vn -0.507671 -0.705039 0.495168
vn -0.541759 -0.706998 0.454589
vn -0.518429 -0.706998 0.481026
vn -0.207561 -0.710028 0.672888
vn -0.258374 -0.706998 0.658328
vn -0.225238 -0.706998 0.670389
vn -0.208556 -0.706667 0.676111
vn -0.398575 -0.706668 0.584600
vn -0.398572 -0.706667 0.584605
vn -0.584327 -0.706998 0.398392
vn -0.563743 -0.706998 0.427023
vn -0.554449 -0.705039 0.442161
vn -0.274835 -0.706667 0.651987
vn -0.273526 -0.710029 0.648879
vn -0.322640 -0.706998 0.629331
vn -0.290870 -0.706998 0.644630
vn -0.274836 -0.706667 0.651987
vn -0.454803 -0.706668 0.542009
vn -0.454800 -0.706667 0.542013
vn -0.595720 -0.705039 0.384756
vn -0.621089 -0.706998 0.338234
vn -0.603463 -0.706998 0.368763
vn -0.338387 -0.706668 0.621381
vn -0.338385 -0.706667 0.621383
vn -0.336772 -0.710028 0.618421
vn -0.383695 -0.706998 0.594081
vn -0.353608 -0.706997 0.612467
vn -0.506508 -0.706668 0.494034
vn -0.506508 -0.706668 0.494034
vn -0.651681 -0.706998 0.274710
vn -0.637182 -0.706998 0.306843
vn -0.631069 -0.705039 0.323531
vn -0.398575 -0.706668 0.584600
vn -0.454800 -0.706668 0.542012
vn -0.398574 -0.706668 0.584602
vn -0.396674 -0.710028 0.581816
vn -0.440941 -0.706997 0.552925
vn -0.412837 -0.706997 0.574213
vn -0.553180 -0.706668 0.441149
vn -0.553181 -0.706668 0.441147
vn -0.660146 -0.705039 0.259089
vn -0.675798 -0.706998 0.208450
vn -0.664564 -0.706998 0.241885
vn -0.454802 -0.706668 0.542011
vn -0.452634 -0.710028 0.539428
vn -0.493804 -0.706998 0.506273
vn -0.467954 -0.706998 0.530258
vn -0.594356 -0.706668 0.383877
vn -0.594357 -0.706668 0.383875
vn -0.629624 -0.706668 0.322790
vn -0.693193 -0.706998 0.140136
vn -0.685347 -0.706997 0.174513
vn -0.682663 -0.705039 0.192068
vn -0.506509 -0.706668 0.494034
vn -0.506509 -0.706668 0.494034
vn -0.541760 -0.706998 0.454589
vn -0.518427 -0.706998 0.481028
vn -0.504095 -0.710028 0.491680
vn -0.658636 -0.706667 0.258497
vn -0.629626 -0.706667 0.322788
vn -0.703703 -0.706997 0.070409
vn -0.699317 -0.706997 0.105406
vn -0.698395 -0.705039 0.123147
vn -0.553182 -0.706668 0.441147
vn -0.553181 -0.706668 0.441148
vn -0.584330 -0.706998 0.398388
vn -0.563743 -0.706998 0.427022
vn -0.550545 -0.710027 0.439045
vn -0.658634 -0.706668 0.258498
vn -0.707216 -0.706997 0.000000
vn -0.706337 -0.706997 0.035259
vn -0.707185 -0.705039 0.052996
vn -0.594356 -0.706668 0.383877
vn -0.621094 -0.706997 0.338227
vn -0.603461 -0.706997 0.368767
vn -0.594356 -0.706668 0.383876
vn -0.629626 -0.706668 0.322787
vn -0.591524 -0.710028 0.382047
vn -0.681101 -0.706668 0.191629
vn -0.681101 -0.706668 0.191631
vn -0.703702 -0.706998 -0.070408
vn -0.706336 -0.706998 -0.035259
vn -0.708949 -0.705038 -0.017681
vn -0.658634 -0.706668 0.258498
vn -0.629625 -0.706668 0.322788
vn -0.651682 -0.706998 0.274709
vn -0.637178 -0.706998 0.306852
vn -0.626625 -0.710027 0.321250
vn -0.705567 -0.706668 0.052874
vn -0.696796 -0.706668 0.122864
vn -0.696796 -0.706668 0.122865
vn -0.693193 -0.706997 -0.140136
vn -0.699317 -0.706997 -0.105408
vn -0.703665 -0.705038 -0.088180
vn -0.658635 -0.706668 0.258497
vn -0.655496 -0.710028 0.257265
vn -0.675797 -0.706997 0.208457
vn -0.664567 -0.706997 0.241879
vn -0.705567 -0.706668 0.052874
vn -0.691388 -0.705039 -0.157805
vn -0.675798 -0.706998 -0.208450
vn -0.685346 -0.706998 -0.174513
vn -0.696797 -0.706667 0.122864
vn -0.681101 -0.706668 0.191630
vn -0.677855 -0.710028 0.190717
vn -0.693193 -0.706998 0.140133
vn -0.685347 -0.706998 0.174511
vn -0.681101 -0.706667 0.191631
vn -0.707325 -0.706669 -0.017641
vn -0.707325 -0.706668 -0.017639
vn -0.672241 -0.705039 -0.225858
vn -0.651683 -0.706998 -0.274706
vn -0.664564 -0.706998 -0.241885
vn -0.696797 -0.706667 0.122864
vn -0.693475 -0.710028 0.122278
vn -0.703701 -0.706998 0.070415
vn -0.699316 -0.706998 0.105406
vn -0.702054 -0.706668 -0.087978
vn -0.702053 -0.706669 -0.087980
vn -0.689805 -0.706668 -0.157444
vn -0.621092 -0.706998 -0.338230
vn -0.637181 -0.706998 -0.306847
vn -0.646411 -0.705039 -0.291672
vn -0.705568 -0.706667 0.052874
vn -0.702204 -0.710028 0.052622
vn -0.705568 -0.706667 0.052874
vn -0.707215 -0.706998 -0.000000
vn -0.706336 -0.706998 0.035251
vn -0.689805 -0.706669 -0.157443
vn -0.584327 -0.706997 -0.398392
vn -0.603461 -0.706997 -0.368768
vn -0.614157 -0.705039 -0.354586
vn -0.707326 -0.706667 -0.017638
vn -0.703955 -0.710028 -0.017554
vn -0.703702 -0.706998 -0.070415
vn -0.706337 -0.706998 -0.035251
vn -0.707326 -0.706668 -0.017639
vn -0.670700 -0.706668 -0.225346
vn -0.670703 -0.706667 -0.225341
vn -0.575800 -0.705039 -0.413973
vn -0.541755 -0.706997 -0.454594
vn -0.563747 -0.706997 -0.427018
vn -0.702055 -0.706667 -0.087980
vn -0.689807 -0.706667 -0.157443
vn -0.702054 -0.706668 -0.087981
vn -0.693193 -0.706998 -0.140133
vn -0.699316 -0.706998 -0.105406
vn -0.698708 -0.710028 -0.087561
vn -0.644932 -0.706667 -0.291005
vn -0.644933 -0.706667 -0.291004
vn -0.612752 -0.706667 -0.353775
vn -0.493806 -0.706998 -0.506270
vn -0.518429 -0.706998 -0.481026
vn -0.531721 -0.705039 -0.469246
vn -0.675795 -0.706998 -0.208458
vn -0.685347 -0.706998 -0.174509
vn -0.686519 -0.710028 -0.156692
vn -0.689806 -0.706668 -0.157442
vn -0.612753 -0.706668 -0.353771
vn -0.440940 -0.706998 -0.552925
vn -0.467954 -0.706998 -0.530257
vn -0.482359 -0.705039 -0.519856
vn -0.670701 -0.706668 -0.225346
vn -0.670702 -0.706668 -0.225344
vn -0.651682 -0.706998 -0.274707
vn -0.664566 -0.706998 -0.241879
vn -0.644932 -0.706668 -0.291004
vn -0.667506 -0.710027 -0.224271
vn -0.574482 -0.706668 -0.413025
vn -0.574482 -0.706668 -0.413025
vn -0.383696 -0.706998 -0.594081
vn -0.412834 -0.706998 -0.574215
vn -0.428198 -0.705039 -0.565302
vn -0.641858 -0.710028 -0.289618
vn -0.621093 -0.706998 -0.338227
vn -0.637178 -0.706998 -0.306853
vn -0.644932 -0.706668 -0.291005
vn -0.530505 -0.706668 -0.468173
vn -0.530503 -0.706668 -0.468174
vn -0.322637 -0.706998 -0.629333
vn -0.353611 -0.706998 -0.612465
vn -0.369786 -0.705039 -0.605127
vn -0.609832 -0.710028 -0.352086
vn -0.584330 -0.706997 -0.398388
vn -0.603460 -0.706997 -0.368768
vn -0.612754 -0.706667 -0.353771
vn -0.612753 -0.706668 -0.353772
vn -0.481255 -0.706667 -0.518666
vn -0.481254 -0.706668 -0.518667
vn -0.258371 -0.706997 -0.658330
vn -0.290873 -0.706997 -0.644630
vn -0.307696 -0.705039 -0.638939
vn -0.574483 -0.706668 -0.413025
vn -0.541759 -0.706997 -0.454590
vn -0.563745 -0.706997 -0.427021
vn -0.571745 -0.710028 -0.411057
vn -0.574483 -0.706668 -0.413026
vn -0.427220 -0.706667 -0.564008
vn -0.427218 -0.706668 -0.564008
vn -0.191545 -0.706998 -0.680782
vn -0.225238 -0.706998 -0.670389
vn -0.242551 -0.705039 -0.666400
vn -0.530504 -0.706668 -0.468173
vn -0.493803 -0.706998 -0.506273
vn -0.518428 -0.706998 -0.481027
vn -0.527976 -0.710028 -0.465942
vn -0.530503 -0.706668 -0.468174
vn -0.368939 -0.706668 -0.603742
vn -0.368939 -0.706668 -0.603742
vn -0.122807 -0.706998 -0.696472
vn -0.157369 -0.706998 -0.689485
vn -0.174992 -0.705039 -0.687239
vn -0.481253 -0.706668 -0.518667
vn -0.440940 -0.706998 -0.552925
vn -0.467955 -0.706998 -0.530257
vn -0.478960 -0.710028 -0.516196
vn -0.481254 -0.706668 -0.518667
vn -0.306992 -0.706668 -0.637477
vn -0.306992 -0.706668 -0.637477
vn -0.052849 -0.706998 -0.705238
vn -0.087938 -0.706998 -0.701727
vn -0.105695 -0.705039 -0.701248
vn -0.035350 -0.705039 -0.708287
vn -0.427219 -0.706668 -0.564007
vn -0.425183 -0.710028 -0.561320
vn -0.383698 -0.706998 -0.594079
vn -0.412833 -0.706998 -0.574215
vn -0.427219 -0.706668 -0.564008
vn -0.241996 -0.706668 -0.664875
vn -0.241996 -0.706668 -0.664875
vn -0.306992 -0.706668 -0.637477
vn -0.368939 -0.706668 -0.603742
vn -0.322642 -0.706998 -0.629330
vn -0.367180 -0.710028 -0.600865
vn -0.353606 -0.706998 -0.612468
vn -0.368939 -0.706668 -0.603742
vn -0.174591 -0.706668 -0.685667
vn -0.105453 -0.706667 -0.699643
vn -0.174591 -0.706668 -0.685667
vn -0.258377 -0.706998 -0.658328
vn -0.290866 -0.706998 -0.644632
vn -0.306992 -0.706668 -0.637477
vn -0.305529 -0.710028 -0.634438
vn -0.035268 -0.706667 -0.706666
vn -0.035268 -0.706668 -0.706666
vn -0.035269 -0.706668 -0.706666
vn -0.105454 -0.706668 -0.699643
vn -0.191544 -0.706998 -0.680783
vn -0.225238 -0.706998 -0.670390
vn -0.174591 -0.706668 -0.685667
vn -0.241995 -0.706668 -0.664875
vn -0.241996 -0.706668 -0.664875
vn -0.240842 -0.710028 -0.661706
vn -0.174592 -0.706668 -0.685666
vn -0.122806 -0.706998 -0.696472
vn -0.157369 -0.706998 -0.689485
vn -0.105454 -0.706668 -0.699643
vn -0.173760 -0.710028 -0.682398
vn -0.104951 -0.710028 -0.696309
vn -0.052849 -0.706998 -0.705238
vn -0.087940 -0.706998 -0.701726
vn -0.035268 -0.706668 -0.706666
vn -0.105454 -0.706668 -0.699643
vn -0.035100 -0.710028 -0.703298
vn -0.024935 -0.000000 -0.999689
vn -0.024935 0.000000 -0.999689
vn -0.074728 0.000000 -0.997204
vn -0.074728 -0.000000 -0.997204
vn -0.124343 0.000000 -0.992239
vn -0.124343 -0.000000 -0.992239
vn -0.173648 -0.000000 -0.984808
vn -0.173648 -0.000000 -0.984808
vn -0.222519 -0.000000 -0.974928
vn -0.222519 -0.000000 -0.974928
vn -0.270844 0.000000 -0.962623
vn -0.270844 -0.000000 -0.962623
vn -0.318486 0.000000 -0.947928
vn -0.318486 -0.000000 -0.947928
vn -0.365336 0.000000 -0.930876
vn -0.365336 -0.000000 -0.930876
vn -0.411293 0.000000 -0.911503
vn -0.411293 -0.000000 -0.911503
vn -0.456207 0.000000 -0.889874
vn -0.456207 -0.000000 -0.889874
vn -0.500004 -0.000000 -0.866023
vn -0.500004 0.000000 -0.866023
vn -0.542544 -0.000000 -0.840027
vn -0.542544 0.000000 -0.840027
vn -0.583745 -0.000000 -0.811937
vn -0.583745 0.000000 -0.811937
vn -0.623487 -0.000000 -0.781833
vn -0.623487 0.000000 -0.781833
vn -0.661685 -0.000000 -0.749782
vn -0.661685 -0.000000 -0.749782
vn -0.698240 0.000000 -0.715864
vn -0.698240 0.000000 -0.715864
vn -0.733056 -0.000000 -0.680168
vn -0.733056 -0.000000 -0.680168
vn -0.766039 -0.000000 -0.642794
vn -0.766039 -0.000000 -0.642794
vn -0.797135 -0.000000 -0.603801
vn -0.797135 -0.000000 -0.603801
vn -0.826236 0.000000 -0.563325
vn -0.826236 -0.000000 -0.563325
vn -0.853291 -0.000000 -0.521436
vn -0.853291 -0.000000 -0.521436
vn -0.878221 -0.000000 -0.478255
vn -0.878221 -0.000000 -0.478255
vn -0.900970 0.000000 -0.433880
vn -0.900970 -0.000000 -0.433880
vn -0.921477 0.000000 -0.388434
vn -0.921477 -0.000000 -0.388434
vn -0.939691 -0.000000 -0.342024
vn -0.939691 -0.000000 -0.342024
vn -0.955575 -0.000000 -0.294747
vn -0.969077 0.000000 -0.246760
vn -0.955575 -0.000000 -0.294747
vn -0.980172 0.000000 -0.198151
vn -0.969077 -0.000000 -0.246760
vn -0.988830 0.000000 -0.149046
vn -0.980172 -0.000000 -0.198151
vn -0.988830 0.000000 -0.149046
vn -0.995032 -0.000000 -0.099557
vn -0.995032 -0.000000 -0.099557
vn -0.998756 -0.000000 -0.049856
vn -1.000000 0.000000 0.000000
vn -0.998756 -0.000000 -0.049856
vn -1.000000 0.000000 -0.000000
vn -0.998756 0.000000 0.049856
vn -0.998756 0.000000 0.049856
vn -0.995032 -0.000000 0.099558
vn -0.995032 0.000000 0.099558
vn -0.988831 0.000000 0.149044
vn -0.988831 0.000000 0.149044
vn -0.980172 0.000000 0.198151
vn -0.969077 0.000000 0.246760
vn -0.980172 0.000000 0.198151
vn -0.969077 0.000000 0.246760
vn -0.955575 0.000000 0.294747
vn -0.955575 0.000000 0.294747
vn -0.939691 0.000000 0.342024
vn -0.939691 0.000000 0.342024
vn -0.921474 0.000000 0.388439
vn -0.921474 0.000000 0.388439
vn -0.900973 0.000000 0.433875
vn -0.900973 0.000000 0.433875
vn -0.878218 0.000000 0.478261
vn -0.878218 0.000000 0.478261
vn -0.853294 0.000000 0.521429
vn -0.853294 0.000000 0.521429
vn -0.826236 0.000000 0.563325
vn -0.826236 0.000000 0.563325
vn -0.797130 0.000000 0.603808
vn -0.797130 -0.000000 0.603808
vn -0.766045 0.000000 0.642787
vn -0.766045 0.000000 0.642787
vn -0.733056 0.000000 0.680168
vn -0.733056 0.000000 0.680168
vn -0.698232 0.000000 0.715871
vn -0.698232 0.000000 0.715871
vn -0.661693 0.000000 0.749775
vn -0.661693 -0.000000 0.749775
vn -0.623483 0.000000 0.781837
vn -0.623483 -0.000000 0.781837
vn -0.583740 0.000000 0.811940
vn -0.583740 -0.000000 0.811940
vn -0.542554 0.000000 0.840021
vn -0.542554 0.000000 0.840021
vn -0.499999 0.000000 0.866026
vn -0.499999 0.000000 0.866026
vn -0.456213 0.000000 0.889871
vn -0.456213 0.000000 0.889871
vn -0.411281 0.000000 0.911509
vn -0.411281 0.000000 0.911509
vn -0.365342 0.000000 0.930873
vn -0.365342 0.000000 0.930873
vn -0.318492 0.000000 0.947925
vn -0.318492 -0.000000 0.947925
vn -0.270831 0.000000 0.962627
vn -0.270831 0.000000 0.962627
vn -0.222533 -0.000000 0.974925
vn -0.222533 0.000000 0.974925
vn -0.173641 0.000000 0.984809
vn -0.173641 0.000000 0.984809
vn -0.124350 -0.000000 0.992238
vn -0.124350 0.000000 0.992238
vn -0.074721 0.000000 0.997204
vn -0.074721 -0.000000 0.997204
vn -0.024935 0.000000 0.999689
vn -0.024935 0.000000 0.999689
vn 0.024935 0.000000 0.999689
vn 0.024935 0.000000 0.999689
vn 0.074721 -0.000000 0.997204
vn 0.074721 0.000000 0.997204
vn 0.124350 -0.000000 0.992238
vn 0.124350 0.000000 0.992238
vn 0.173641 0.000000 0.984809
vn 0.173641 0.000000 0.984809
vn 0.222533 -0.000000 0.974925
vn 0.222533 0.000000 0.974925
vn 0.270831 -0.000000 0.962627
vn 0.270831 -0.000000 0.962627
vn 0.318492 0.000000 0.947925
vn 0.318492 0.000000 0.947925
vn 0.365342 -0.000000 0.930873
vn 0.365342 -0.000000 0.930873
vn 0.411281 -0.000000 0.911509
vn 0.411281 -0.000000 0.911509
vn 0.456213 0.000000 0.889871
vn 0.456213 -0.000000 0.889871
vn 0.499999 -0.000000 0.866026
vn 0.499999 -0.000000 0.866026
vn 0.542554 -0.000000 0.840021
vn 0.542554 0.000000 0.840021
vn 0.583740 0.000000 0.811940
vn 0.583740 0.000000 0.811940
vn 0.623483 0.000000 0.781837
vn 0.623483 0.000000 0.781837
vn 0.661693 0.000000 0.749775
vn 0.698232 -0.000000 0.715871
vn 0.661693 0.000000 0.749775
vn 0.698232 -0.000000 0.715871
vn 0.733056 -0.000000 0.680168
vn 0.766045 -0.000000 0.642787
vn 0.733056 0.000000 0.680168
vn 0.797130 -0.000000 0.603808
vn 0.766045 -0.000000 0.642787
vn 0.826236 -0.000000 0.563325
vn 0.797130 0.000000 0.603808
vn 0.826236 -0.000000 0.563325
vn 0.853294 -0.000000 0.521429
vn 0.853294 0.000000 0.521429
vn 0.878218 -0.000000 0.478261
vn 0.878218 0.000000 0.478261
vn 0.900973 -0.000000 0.433875
vn 0.900973 0.000000 0.433875
vn 0.921474 -0.000000 0.388439
vn 0.921474 0.000000 0.388439
vn 0.939691 0.000000 0.342024
vn 0.939691 -0.000000 0.342024
vn 0.955575 0.000000 0.294747
vn 0.955575 -0.000000 0.294747
vn 0.969077 -0.000000 0.246760
vn 0.969077 -0.000000 0.246760
vn 0.980172 0.000000 0.198151
vn 0.980172 -0.000000 0.198151
vn 0.988831 -0.000000 0.149044
vn 0.988831 0.000000 0.149044
vn 0.995032 0.000000 0.099558
vn 0.998756 -0.000000 0.049856
vn 0.995032 0.000000 0.099558
vn 0.998756 -0.000000 0.049856
vn 1.000000 0.000000 0.000000
vn 0.998756 0.000000 -0.049856
vn 1.000000 0.000000 -0.000000
vn 0.998756 0.000000 -0.049856
vn 0.995032 0.000000 -0.099557
vn 0.995032 0.000000 -0.099557
vn 0.988830 -0.000000 -0.149046
vn 0.988830 0.000000 -0.149046
vn 0.980172 0.000000 -0.198151
vn 0.980172 0.000000 -0.198151
vn 0.969077 0.000000 -0.246760
vn 0.969077 0.000000 -0.246760
vn 0.955575 0.000000 -0.294747
vn 0.955575 0.000000 -0.294747
vn 0.939691 0.000000 -0.342024
vn 0.939691 0.000000 -0.342024
vn 0.921477 0.000000 -0.388434
vn 0.900970 0.000000 -0.433880
vn 0.921477 0.000000 -0.388434
vn 0.900970 0.000000 -0.433880
vn 0.878221 0.000000 -0.478255
vn 0.853291 0.000000 -0.521436
vn 0.878221 0.000000 -0.478255
vn 0.826236 0.000000 -0.563325
vn 0.853291 0.000000 -0.521436
vn 0.826236 0.000000 -0.563325
vn 0.797135 0.000000 -0.603801
vn 0.797135 0.000000 -0.603801
vn 0.766039 0.000000 -0.642794
vn 0.766039 0.000000 -0.642794
vn 0.733056 0.000000 -0.680168
vn 0.698240 0.000000 -0.715864
vn 0.733056 0.000000 -0.680168
vn 0.661685 0.000000 -0.749782
vn 0.698240 -0.000000 -0.715864
vn 0.661685 0.000000 -0.749782
vn 0.623487 0.000000 -0.781833
vn 0.623487 -0.000000 -0.781833
vn 0.583745 0.000000 -0.811937
vn 0.583745 -0.000000 -0.811937
vn 0.542544 0.000000 -0.840027
vn 0.542544 -0.000000 -0.840027
vn 0.500004 0.000000 -0.866023
vn 0.500004 -0.000000 -0.866023
vn 0.456207 0.000000 -0.889874
vn 0.456207 -0.000000 -0.889874
vn 0.411293 0.000000 -0.911503
vn 0.411293 -0.000000 -0.911503
vn 0.365336 0.000000 -0.930876
vn 0.365336 -0.000000 -0.930876
vn 0.318486 0.000000 -0.947928
vn 0.318486 -0.000000 -0.947928
vn 0.270844 0.000000 -0.962623
vn 0.270844 -0.000000 -0.962623
vn 0.222519 0.000000 -0.974928
vn 0.222519 0.000000 -0.974928
vn 0.173648 0.000000 -0.984808
vn 0.173648 0.000000 -0.984808
vn 0.124343 0.000000 -0.992239
vn 0.124343 -0.000000 -0.992239
vn 0.074728 -0.000000 -0.997204
vn 0.024935 0.000000 -0.999689
vn 0.074728 0.000000 -0.997204
vn 0.024935 0.000000 -0.999689
vn 0.017635 -0.706998 -0.706996
vn 0.017630 -0.706998 -0.706996
vn -0.017635 -0.706998 -0.706996
vn -0.017630 -0.706998 -0.706996
vn 0.087938 -0.706998 -0.701727
vn 0.052849 -0.706998 -0.705238
vn 0.035350 -0.705039 -0.708287
vn 0.157369 -0.706998 -0.689485
vn 0.122807 -0.706998 -0.696472
vn 0.105695 -0.705039 -0.701248
vn 0.225238 -0.706998 -0.670389
vn 0.191545 -0.706998 -0.680782
vn 0.174992 -0.705039 -0.687239
vn 0.035268 -0.706667 -0.706666
vn 0.035268 -0.706668 -0.706666
vn 0.035269 -0.706668 -0.706666
vn 0.290873 -0.706997 -0.644630
vn 0.258371 -0.706997 -0.658330
vn 0.242551 -0.705039 -0.666400
vn 0.105453 -0.706667 -0.699643
vn 0.105454 -0.706668 -0.699643
vn 0.307696 -0.705039 -0.638939
vn 0.353611 -0.706998 -0.612465
vn 0.322637 -0.706998 -0.629333
vn 0.174591 -0.706668 -0.685667
vn 0.174591 -0.706668 -0.685667
vn 0.412834 -0.706998 -0.574215
vn 0.383696 -0.706998 -0.594081
vn 0.369786 -0.705039 -0.605127
vn 0.035100 -0.710028 -0.703298
vn 0.087940 -0.706998 -0.701726
vn 0.052849 -0.706998 -0.705238
vn 0.035268 -0.706668 -0.706666
vn 0.241996 -0.706668 -0.664875
vn 0.241996 -0.706668 -0.664875
vn 0.467954 -0.706998 -0.530257
vn 0.440940 -0.706998 -0.552925
vn 0.428198 -0.705039 -0.565302
vn 0.105454 -0.706668 -0.699643
vn 0.104951 -0.710028 -0.696309
vn 0.157369 -0.706998 -0.689485
vn 0.122806 -0.706998 -0.696472
vn 0.105454 -0.706668 -0.699643
vn 0.306992 -0.706668 -0.637477
vn 0.306992 -0.706668 -0.637477
vn 0.518429 -0.706998 -0.481026
vn 0.493806 -0.706998 -0.506270
vn 0.482359 -0.705039 -0.519856
vn 0.173760 -0.710028 -0.682398
vn 0.225238 -0.706998 -0.670390
vn 0.191544 -0.706998 -0.680783
vn 0.174592 -0.706668 -0.685666
vn 0.174591 -0.706668 -0.685667
vn 0.368939 -0.706668 -0.603742
vn 0.368939 -0.706668 -0.603742
vn 0.563747 -0.706997 -0.427018
vn 0.541755 -0.706997 -0.454594
vn 0.531721 -0.705039 -0.469246
vn 0.240842 -0.710028 -0.661706
vn 0.290866 -0.706998 -0.644632
vn 0.258377 -0.706998 -0.658328
vn 0.241996 -0.706668 -0.664875
vn 0.241995 -0.706668 -0.664875
vn 0.427218 -0.706667 -0.564009
vn 0.427219 -0.706668 -0.564007
vn 0.603461 -0.706997 -0.368768
vn 0.584327 -0.706997 -0.398392
vn 0.575800 -0.705039 -0.413973
vn 0.306992 -0.706668 -0.637477
vn 0.305529 -0.710028 -0.634438
vn 0.306992 -0.706668 -0.637477
vn 0.353606 -0.706998 -0.612468
vn 0.322642 -0.706998 -0.629330
vn 0.481254 -0.706667 -0.518667
vn 0.481255 -0.706668 -0.518666
vn 0.637181 -0.706998 -0.306847
vn 0.621092 -0.706998 -0.338230
vn 0.614157 -0.705039 -0.354586
vn 0.368939 -0.706668 -0.603742
vn 0.367180 -0.710028 -0.600865
vn 0.412833 -0.706998 -0.574215
vn 0.383698 -0.706998 -0.594079
vn 0.368939 -0.706668 -0.603742
vn 0.530504 -0.706668 -0.468172
vn 0.530503 -0.706668 -0.468174
vn 0.664564 -0.706998 -0.241885
vn 0.651683 -0.706998 -0.274706
vn 0.646411 -0.705039 -0.291672
vn 0.427219 -0.706668 -0.564007
vn 0.467955 -0.706998 -0.530257
vn 0.440940 -0.706998 -0.552925
vn 0.425183 -0.710028 -0.561320
vn 0.427219 -0.706668 -0.564008
vn 0.574482 -0.706668 -0.413025
vn 0.574482 -0.706668 -0.413025
vn 0.675798 -0.706998 -0.208450
vn 0.672241 -0.705039 -0.225858
vn 0.685346 -0.706998 -0.174513
vn 0.481254 -0.706668 -0.518667
vn 0.518428 -0.706998 -0.481027
vn 0.493803 -0.706998 -0.506273
vn 0.478960 -0.710028 -0.516196
vn 0.481253 -0.706668 -0.518668
vn 0.612753 -0.706668 -0.353771
vn 0.644932 -0.706667 -0.291005
vn 0.612752 -0.706667 -0.353775
vn 0.691388 -0.705039 -0.157805
vn 0.699317 -0.706997 -0.105408
vn 0.693193 -0.706997 -0.140136
vn 0.527976 -0.710028 -0.465942
vn 0.563745 -0.706997 -0.427021
vn 0.541759 -0.706997 -0.454590
vn 0.530504 -0.706668 -0.468172
vn 0.530503 -0.706668 -0.468174
vn 0.644933 -0.706667 -0.291004
vn 0.706336 -0.706998 -0.035259
vn 0.703702 -0.706998 -0.070408
vn 0.703665 -0.705038 -0.088180
vn 0.574483 -0.706668 -0.413025
vn 0.603460 -0.706997 -0.368768
vn 0.584330 -0.706997 -0.398388
vn 0.571745 -0.710028 -0.411057
vn 0.612754 -0.706667 -0.353771
vn 0.574483 -0.706667 -0.413026
vn 0.670702 -0.706667 -0.225346
vn 0.670702 -0.706669 -0.225341
vn 0.708949 -0.705038 -0.017681
vn 0.706337 -0.706997 0.035259
vn 0.707216 -0.706997 0.000000
vn 0.637178 -0.706998 -0.306853
vn 0.621093 -0.706998 -0.338227
vn 0.609832 -0.710028 -0.352086
vn 0.612753 -0.706668 -0.353772
vn 0.689805 -0.706668 -0.157444
vn 0.702054 -0.706668 -0.087978
vn 0.689805 -0.706669 -0.157443
vn 0.707185 -0.705039 0.052996
vn 0.699317 -0.706997 0.105406
vn 0.703703 -0.706997 0.070409
vn 0.664566 -0.706998 -0.241879
vn 0.651682 -0.706998 -0.274707
vn 0.641858 -0.710028 -0.289618
vn 0.644932 -0.706668 -0.291004
vn 0.644932 -0.706668 -0.291005
vn 0.702053 -0.706669 -0.087980
vn 0.698395 -0.705039 0.123147
vn 0.685346 -0.706997 0.174513
vn 0.693193 -0.706998 0.140136
vn 0.670701 -0.706668 -0.225344
vn 0.685347 -0.706998 -0.174509
vn 0.675795 -0.706998 -0.208458
vn 0.670701 -0.706668 -0.225346
vn 0.667506 -0.710027 -0.224271
vn 0.707325 -0.706668 -0.017641
vn 0.707325 -0.706669 -0.017639
vn 0.682663 -0.705039 0.192068
vn 0.664564 -0.706998 0.241885
vn 0.675798 -0.706998 0.208450
vn 0.689806 -0.706668 -0.157442
vn 0.699316 -0.706998 -0.105406
vn 0.693193 -0.706998 -0.140133
vn 0.686519 -0.710028 -0.156692
vn 0.689807 -0.706667 -0.157443
vn 0.705567 -0.706668 0.052874
vn 0.705567 -0.706668 0.052874
vn 0.660146 -0.705039 0.259089
vn 0.637182 -0.706998 0.306843
vn 0.651681 -0.706998 0.274710
vn 0.706337 -0.706998 -0.035251
vn 0.703702 -0.706998 -0.070415
vn 0.698708 -0.710028 -0.087561
vn 0.702055 -0.706667 -0.087981
vn 0.707326 -0.706668 -0.017639
vn 0.702055 -0.706668 -0.087980
vn 0.696796 -0.706668 0.122864
vn 0.681101 -0.706668 0.191629
vn 0.696795 -0.706668 0.122865
vn 0.603463 -0.706998 0.368763
vn 0.621089 -0.706998 0.338234
vn 0.631069 -0.705039 0.323531
vn 0.703955 -0.710028 -0.017553
vn 0.706336 -0.706998 0.035251
vn 0.707215 -0.706998 0.000000
vn 0.707326 -0.706667 -0.017638
vn 0.681101 -0.706668 0.191631
vn 0.595720 -0.705039 0.384756
vn 0.563743 -0.706998 0.427023
vn 0.584327 -0.706998 0.398392
vn 0.705568 -0.706667 0.052874
vn 0.699316 -0.706998 0.105406
vn 0.703701 -0.706998 0.070415
vn 0.702204 -0.710028 0.052622
vn 0.705568 -0.706667 0.052874
vn 0.658634 -0.706668 0.258498
vn 0.658636 -0.706667 0.258497
vn 0.554449 -0.705039 0.442161
vn 0.518429 -0.706998 0.481026
vn 0.541759 -0.706998 0.454589
vn 0.685347 -0.706998 0.174511
vn 0.693193 -0.706998 0.140133
vn 0.696797 -0.706667 0.122864
vn 0.693475 -0.710028 0.122278
vn 0.696797 -0.706667 0.122864
vn 0.681101 -0.706667 0.191631
vn 0.629626 -0.706667 0.322788
vn 0.629624 -0.706668 0.322790
vn 0.507671 -0.705039 0.495168
vn 0.467960 -0.706998 0.530252
vn 0.493801 -0.706998 0.506275
vn 0.677855 -0.710028 0.190717
vn 0.664567 -0.706997 0.241879
vn 0.675797 -0.706997 0.208457
vn 0.681101 -0.706668 0.191630
vn 0.594357 -0.706668 0.383876
vn 0.594356 -0.706668 0.383877
vn 0.412830 -0.706998 0.574217
vn 0.440937 -0.706998 0.552927
vn 0.455847 -0.705039 0.543253
vn 0.629626 -0.706668 0.322787
vn 0.637178 -0.706998 0.306852
vn 0.651682 -0.706998 0.274709
vn 0.658635 -0.706668 0.258497
vn 0.658634 -0.706668 0.258498
vn 0.655496 -0.710028 0.257265
vn 0.506508 -0.706668 0.494034
vn 0.553180 -0.706668 0.441149
vn 0.553182 -0.706668 0.441147
vn 0.399485 -0.705040 0.585944
vn 0.353607 -0.706997 0.612468
vn 0.383703 -0.706997 0.594077
vn 0.626625 -0.710027 0.321250
vn 0.603461 -0.706997 0.368767
vn 0.621094 -0.706997 0.338227
vn 0.594356 -0.706668 0.383877
vn 0.629625 -0.706668 0.322788
vn 0.506508 -0.706668 0.494034
vn 0.339166 -0.705039 0.622806
vn 0.290865 -0.706998 0.644633
vn 0.322641 -0.706998 0.629331
vn 0.563743 -0.706998 0.427022
vn 0.584330 -0.706998 0.398388
vn 0.591524 -0.710028 0.382047
vn 0.553182 -0.706668 0.441147
vn 0.594356 -0.706668 0.383876
vn 0.454804 -0.706667 0.542010
vn 0.454800 -0.706668 0.542012
vn 0.225243 -0.706998 0.670387
vn 0.258375 -0.706998 0.658328
vn 0.275466 -0.705040 0.653481
vn 0.550545 -0.710027 0.439045
vn 0.518427 -0.706998 0.481028
vn 0.541760 -0.706998 0.454589
vn 0.553181 -0.706668 0.441148
vn 0.398571 -0.706668 0.584603
vn 0.338389 -0.706668 0.621380
vn 0.398576 -0.706667 0.584601
vn 0.209030 -0.705039 0.677662
vn 0.157379 -0.706998 0.689482
vn 0.191535 -0.706998 0.680784
vn 0.467954 -0.706998 0.530258
vn 0.493804 -0.706998 0.506273
vn 0.506509 -0.706668 0.494034
vn 0.504094 -0.710028 0.491680
vn 0.506509 -0.706668 0.494034
vn 0.338387 -0.706668 0.621381
vn 0.140520 -0.705039 0.695107
vn 0.087942 -0.706998 0.701726
vn 0.122802 -0.706998 0.696472
vn 0.412837 -0.706997 0.574213
vn 0.452634 -0.710028 0.539428
vn 0.440941 -0.706997 0.552925
vn 0.454802 -0.706668 0.542011
vn 0.454800 -0.706668 0.542012
vn 0.274836 -0.706667 0.651986
vn 0.208552 -0.706667 0.676112
vn 0.274835 -0.706668 0.651987
vn 0.070610 -0.705039 0.705644
vn 0.017635 -0.706998 0.706995
vn 0.052844 -0.706998 0.705238
vn 0.353608 -0.706997 0.612467
vn 0.383695 -0.706998 0.594081
vn 0.396674 -0.710028 0.581816
vn 0.398576 -0.706668 0.584601
vn 0.398574 -0.706668 0.584601
vn 0.338387 -0.706668 0.621381
vn 0.208552 -0.706667 0.676112
vn -0.052844 -0.706998 0.705238
vn -0.017635 -0.706998 0.706995
vn 0.000000 -0.705039 0.709168
vn 0.290870 -0.706998 0.644630
vn 0.322640 -0.706998 0.629331
vn 0.338385 -0.706667 0.621383
vn 0.336772 -0.710028 0.618421
vn 0.140198 -0.706667 0.693517
vn 0.140198 -0.706667 0.693517
vn -0.070610 -0.705039 0.705644
vn -0.122802 -0.706998 0.696472
vn -0.087942 -0.706998 0.701726
vn 0.273525 -0.710029 0.648879
vn 0.274835 -0.706667 0.651987
vn 0.208552 -0.706667 0.676112
vn 0.225238 -0.706998 0.670389
vn 0.274836 -0.706667 0.651987
vn 0.258374 -0.706998 0.658328
vn 0.070448 -0.706667 0.704030
vn 0.070448 -0.706667 0.704030
vn -0.191535 -0.706998 0.680784
vn -0.157379 -0.706998 0.689482
vn -0.140520 -0.705039 0.695107
vn 0.208555 -0.706668 0.676110
vn 0.207561 -0.710028 0.672888
vn 0.157369 -0.706997 0.689485
vn 0.191544 -0.706997 0.680783
vn 0.000000 -0.706667 0.707546
vn 0.000000 -0.706667 0.707546
vn -0.258375 -0.706998 0.658328
vn -0.225243 -0.706998 0.670387
vn -0.209030 -0.705039 0.677662
vn 0.140198 -0.706668 0.693516
vn 0.140197 -0.706668 0.693516
vn 0.139529 -0.710027 0.690212
vn 0.087940 -0.706997 0.701727
vn 0.122806 -0.706997 0.696472
vn -0.070448 -0.706667 0.704030
vn -0.070448 -0.706667 0.704030
vn -0.322641 -0.706998 0.629331
vn -0.290865 -0.706998 0.644633
vn -0.275466 -0.705040 0.653481
vn 0.070448 -0.706668 0.704029
vn 0.070448 -0.706668 0.704029
vn 0.000000 -0.706668 0.707545
vn 0.017635 -0.706997 0.706996
vn 0.052847 -0.706997 0.705239
vn 0.070112 -0.710028 0.700674
vn -0.140198 -0.706667 0.693517
vn -0.208552 -0.706667 0.676112
vn -0.140198 -0.706667 0.693517
vn -0.339166 -0.705039 0.622806
vn -0.383703 -0.706997 0.594077
vn -0.353607 -0.706997 0.612468
vn -0.000000 -0.710028 0.704173
vn -0.052847 -0.706997 0.705239
vn -0.017635 -0.706997 0.706996
vn 0.000000 -0.706668 0.707545
vn -0.208552 -0.706667 0.676112
vn -0.440937 -0.706998 0.552927
vn -0.412830 -0.706998 0.574217
vn -0.399485 -0.705040 0.585944
vn -0.140198 -0.706668 0.693516
vn -0.070112 -0.710028 0.700674
vn -0.070448 -0.706668 0.704029
vn -0.122806 -0.706997 0.696472
vn -0.087940 -0.706997 0.701727
vn -0.070448 -0.706668 0.704029
vn -0.274836 -0.706668 0.651986
vn -0.274835 -0.706667 0.651987
vn -0.455847 -0.705039 0.543253
vn -0.493801 -0.706998 0.506275
vn -0.467960 -0.706998 0.530252
vn -0.208552 -0.706668 0.676111
vn -0.140197 -0.706668 0.693516
vn -0.139529 -0.710027 0.690212
vn -0.191544 -0.706997 0.680783
vn -0.157369 -0.706997 0.689485
vn -0.338387 -0.706668 0.621381
vn -0.338389 -0.706668 0.621380
vn -0.507671 -0.705039 0.495168
vn -0.541759 -0.706998 0.454589
vn -0.518429 -0.706998 0.481026
vn -0.207561 -0.710028 0.672888
vn -0.258374 -0.706998 0.658328
vn -0.225238 -0.706998 0.670389
vn -0.208556 -0.706667 0.676111
vn -0.398575 -0.706668 0.584600
vn -0.398572 -0.706667 0.584605
vn -0.584327 -0.706998 0.398392
vn -0.563743 -0.706998 0.427023
vn -0.554449 -0.705039 0.442161
vn -0.274835 -0.706667 0.651987
vn -0.273526 -0.710029 0.648879
vn -0.322640 -0.706998 0.629331
vn -0.290870 -0.706998 0.644630
vn -0.274836 -0.706667 0.651987
vn -0.454803 -0.706668 0.542009
vn -0.454800 -0.706667 0.542013
vn -0.595720 -0.705039 0.384756
vn -0.621089 -0.706998 0.338234
vn -0.603463 -0.706998 0.368763
vn -0.338387 -0.706668 0.621381
vn -0.338385 -0.706667 0.621383
vn -0.336772 -0.710028 0.618421
vn -0.383695 -0.706998 0.594081
vn -0.353608 -0.706997 0.612467
vn -0.506508 -0.706668 0.494034
vn -0.506508 -0.706668 0.494034
vn -0.651681 -0.706998 0.274710
vn -0.637182 -0.706998 0.306843
vn -0.631069 -0.705039 0.323531
vn -0.398575 -0.706668 0.584600
vn -0.454800 -0.706668 0.542012
vn -0.398574 -0.706668 0.584602
vn -0.396674 -0.710028 0.581816
vn -0.440941 -0.706997 0.552925
vn -0.412837 -0.706997 0.574213
vn -0.553180 -0.706668 0.441149
vn -0.553181 -0.706668 0.441147
vn -0.660146 -0.705039 0.259089
vn -0.675798 -0.706998 0.208450
vn -0.664564 -0.706998 0.241885
vn -0.454802 -0.706668 0.542011
vn -0.452634 -0.710028 0.539428
vn -0.493804 -0.706998 0.506273
vn -0.467954 -0.706998 0.530258
vn -0.594356 -0.706668 0.383877
vn -0.594357 -0.706668 0.383875
vn -0.629624 -0.706668 0.322790
vn -0.693193 -0.706998 0.140136
vn -0.685347 -0.706997 0.174513
vn -0.682663 -0.705039 0.192068
vn -0.506509 -0.706668 0.494034
vn -0.506509 -0.706668 0.494034
vn -0.541760 -0.706998 0.454589
vn -0.518427 -0.706998 0.481028
vn -0.504095 -0.710028 0.491680
vn -0.658636 -0.706667 0.258497
vn -0.629626 -0.706667 0.322788
vn -0.703703 -0.706997 0.070409
vn -0.699317 -0.706997 0.105406
vn -0.698395 -0.705039 0.123147
vn -0.553182 -0.706668 0.441147
vn -0.553181 -0.706668 0.441148
vn -0.584330 -0.706998 0.398388
vn -0.563743 -0.706998 0.427022
vn -0.550545 -0.710027 0.439045
vn -0.658634 -0.706668 0.258498
vn -0.707216 -0.706997 0.000000
vn -0.706337 -0.706997 0.035259
vn -0.707185 -0.705039 0.052996
vn -0.594356 -0.706668 0.383877
vn -0.621094 -0.706997 0.338227
vn -0.603461 -0.706997 0.368767
vn -0.594356 -0.706668 0.383876
vn -0.629626 -0.706668 0.322787
vn -0.591524 -0.710028 0.382047
vn -0.681101 -0.706668 0.191629
vn -0.681101 -0.706668 0.191631
vn -0.703702 -0.706998 -0.070408
vn -0.706336 -0.706998 -0.035259
vn -0.708949 -0.705038 -0.017681
vn -0.658634 -0.706668 0.258498
vn -0.629625 -0.706668 0.322788
vn -0.651682 -0.706998 0.274709
vn -0.637178 -0.706998 0.306852
vn -0.626625 -0.710027 0.321250
vn -0.705567 -0.706668 0.052874
vn -0.696796 -0.706668 0.122864
vn -0.696796 -0.706668 0.122865
vn -0.693193 -0.706997 -0.140136
vn -0.699317 -0.706997 -0.105408
vn -0.703665 -0.705038 -0.088180
vn -0.658635 -0.706668 0.258497
vn -0.655496 -0.710028 0.257265
vn -0.675797 -0.706997 0.208457
vn -0.664567 -0.706997 0.241879
vn -0.705567 -0.706668 0.052874
vn -0.691388 -0.705039 -0.157805
vn -0.675798 -0.706998 -0.208450
vn -0.685346 -0.706998 -0.174513
vn -0.696797 -0.706667 0.122864
vn -0.681101 -0.706668 0.191630
vn -0.677855 -0.710028 0.190717
vn -0.693193 -0.706998 0.140133
vn -0.685347 -0.706998 0.174511
vn -0.681101 -0.706667 0.191631
vn -0.707325 -0.706669 -0.017641
vn -0.707325 -0.706668 -0.017639
vn -0.672241 -0.705039 -0.225858
vn -0.651683 -0.706998 -0.274706
vn -0.664564 -0.706998 -0.241885
vn -0.696797 -0.706667 0.122864
vn -0.693475 -0.710028 0.122278
vn -0.703701 -0.706998 0.070415
vn -0.699316 -0.706998 0.105406
vn -0.702054 -0.706668 -0.087978
vn -0.702053 -0.706669 -0.087980
vn -0.689805 -0.706668 -0.157444
vn -0.621092 -0.706998 -0.338230
vn -0.637181 -0.706998 -0.306847
vn -0.646411 -0.705039 -0.291672
vn -0.705568 -0.706667 0.052874
vn -0.702204 -0.710028 0.052622
vn -0.705568 -0.706667 0.052874
vn -0.707215 -0.706998 -0.000000
vn -0.706336 -0.706998 0.035251
vn -0.689805 -0.706669 -0.157443
vn -0.584327 -0.706997 -0.398392
vn -0.603461 -0.706997 -0.368768
vn -0.614157 -0.705039 -0.354586
vn -0.707326 -0.706667 -0.017638
vn -0.703955 -0.710028 -0.017554
vn -0.703702 -0.706998 -0.070415
vn -0.706337 -0.706998 -0.035251
vn -0.707326 -0.706668 -0.017639
vn -0.670700 -0.706668 -0.225346
vn -0.670703 -0.706667 -0.225341
vn -0.575800 -0.705039 -0.413973
vn -0.541755 -0.706997 -0.454594
vn -0.563747 -0.706997 -0.427018
vn -0.702055 -0.706667 -0.087980
vn -0.689807 -0.706667 -0.157443
vn -0.702054 -0.706668 -0.087981
vn -0.693193 -0.706998 -0.140133
vn -0.699316 -0.706998 -0.105406
vn -0.698708 -0.710028 -0.087561
vn -0.644932 -0.706667 -0.291005
vn -0.644933 -0.706667 -0.291004
vn -0.612752 -0.706667 -0.353775
vn -0.493806 -0.706998 -0.506270
vn -0.518429 -0.706998 -0.481026
vn -0.531721 -0.705039 -0.469246
vn -0.675795 -0.706998 -0.208458
vn -0.685347 -0.706998 -0.174509
vn -0.686519 -0.710028 -0.156692
vn -0.689806 -0.706668 -0.157442
vn -0.612753 -0.706668 -0.353771
vn -0.440940 -0.706998 -0.552925
vn -0.467954 -0.706998 -0.530257
vn -0.482359 -0.705039 -0.519856
vn -0.670701 -0.706668 -0.225346
vn -0.670702 -0.706668 -0.225344
vn -0.651682 -0.706998 -0.274707
vn -0.664566 -0.706998 -0.241879
vn -0.644932 -0.706668 -0.291004
vn -0.667506 -0.710027 -0.224271
vn -0.574482 -0.706668 -0.413025
vn -0.574482 -0.706668 -0.413025
vn -0.383696 -0.706998 -0.594081
vn -0.412834 -0.706998 -0.574215
vn -0.428198 -0.705039 -0.565302
vn -0.641858 -0.710028 -0.289618
vn -0.621093 -0.706998 -0.338227
vn -0.637178 -0.706998 -0.306853
vn -0.644932 -0.706668 -0.291005
vn -0.530505 -0.706668 -0.468173
vn -0.530503 -0.706668 -0.468174
vn -0.322637 -0.706998 -0.629333
vn -0.353611 -0.706998 -0.612465
vn -0.369786 -0.705039 -0.605127
vn -0.609832 -0.710028 -0.352086
vn -0.584330 -0.706997 -0.398388
vn -0.603460 -0.706997 -0.368768
vn -0.612754 -0.706667 -0.353771
vn -0.612753 -0.706668 -0.353772
vn -0.481255 -0.706667 -0.518666
vn -0.481254 -0.706668 -0.518667
vn -0.258371 -0.706997 -0.658330
vn -0.290873 -0.706997 -0.644630
vn -0.307696 -0.705039 -0.638939
vn -0.574483 -0.706668 -0.413025
vn -0.541759 -0.706997 -0.454590
vn -0.563745 -0.706997 -0.427021
vn -0.571745 -0.710028 -0.411057
vn -0.574483 -0.706668 -0.413026
vn -0.427220 -0.706667 -0.564008
vn -0.427218 -0.706668 -0.564008
vn -0.191545 -0.706998 -0.680782
vn -0.225238 -0.706998 -0.670389
vn -0.242551 -0.705039 -0.666400
vn -0.530504 -0.706668 -0.468173
vn -0.493803 -0.706998 -0.506273
vn -0.518428 -0.706998 -0.481027
vn -0.527976 -0.710028 -0.465942
vn -0.530503 -0.706668 -0.468174
vn -0.368939 -0.706668 -0.603742
vn -0.368939 -0.706668 -0.603742
vn -0.122807 -0.706998 -0.696472
vn -0.157369 -0.706998 -0.689485
vn -0.174992 -0.705039 -0.687239
vn -0.481253 -0.706668 -0.518667
vn -0.440940 -0.706998 -0.552925
vn -0.467955 -0.706998 -0.530257
vn -0.478960 -0.710028 -0.516196
vn -0.481254 -0.706668 -0.518667
vn -0.306992 -0.706668 -0.637477
vn -0.306992 -0.706668 -0.637477
vn -0.052849 -0.706998 -0.705238
vn -0.087938 -0.706998 -0.701727
vn -0.105695 -0.705039 -0.701248
vn -0.035350 -0.705039 -0.708287
vn -0.427219 -0.706668 -0.564007
vn -0.425183 -0.710028 -0.561320
vn -0.383698 -0.706998 -0.594079
vn -0.412833 -0.706998 -0.574215
vn -0.427219 -0.706668 -0.564008
vn -0.241996 -0.706668 -0.664875
vn -0.241996 -0.706668 -0.664875
vn -0.306992 -0.706668 -0.637477
vn -0.368939 -0.706668 -0.603742
vn -0.322642 -0.706998 -0.629330
vn -0.367180 -0.710028 -0.600865
vn -0.353606 -0.706998 -0.612468
vn -0.368939 -0.706668 -0.603742
vn -0.174591 -0.706668 -0.685667
vn -0.105453 -0.706667 -0.699643
vn -0.174591 -0.706668 -0.685667
vn -0.258377 -0.706998 -0.658328
vn -0.290866 -0.706998 -0.644632
vn -0.306992 -0.706668 -0.637477
vn -0.305529 -0.710028 -0.634438
vn -0.035268 -0.706667 -0.706666
vn -0.035268 -0.706668 -0.706666
vn -0.035269 -0.706668 -0.706666
vn -0.105454 -0.706668 -0.699643
vn -0.191544 -0.706998 -0.680783
vn -0.225238 -0.706998 -0.670390
vn -0.174591 -0.706668 -0.685667
vn -0.241995 -0.706668 -0.664875
vn -0.241996 -0.706668 -0.664875
vn -0.240842 -0.710028 -0.661706
vn -0.174592 -0.706668 -0.685666
vn -0.122806 -0.706998 -0.696472
vn -0.157369 -0.706998 -0.689485
vn -0.105454 -0.706668 -0.699643
vn -0.173760 -0.710028 -0.682398
vn -0.104951 -0.710028 -0.696309
vn -0.052849 -0.706998 -0.705238
vn -0.087940 -0.706998 -0.701726
vn -0.035268 -0.706668 -0.706666
vn -0.105454 -0.706668 -0.699643
vn -0.035100 -0.710028 -0.703298
vn 0.000000 -0.707107 0.707107
vn 0.000000 -0.707107 0.707107
vn 0.000000 0.000000 -1.000000
vn 0.000000 0.000000 -1.000000
vn -0.000000 0.707107 0.707107
vn -0.000000 0.707107 0.707107
vn -0.000000 -0.707107 -0.707107
vn -0.000000 -0.707107 -0.707107
vn 0.000000 1.000000 0.000000
vn 0.000000 1.000000 0.000000
vn 0.000000 -0.707107 0.707107
vn 0.000000 -0.707107 0.707107
vn 0.000000 -1.000000 0.000000
vn 0.000000 -1.000000 0.000000
vn 0.000000 0.707107 -0.707107
vn 0.000000 0.707107 -0.707107
vn 0.000000 0.707107 0.707107
vn 0.000000 0.707107 0.707107
vn 0.000000 0.000000 1.000000
vn 0.000000 -0.000000 1.000000
vn -0.000000 -0.707107 -0.707107
vn 0.000000 -0.707107 -0.707107
vn 0.000000 0.707107 -0.707107
vn 0.000000 0.707107 -0.707107
vn 0.980599 0.000000 0.196024
vn 0.977557 0.000602 0.210672
vn 0.974296 0.000116 0.225272
vn 0.966531 -0.000268 0.256549
vn 0.977087 0.000780 0.212838
vn 0.952658 -0.000259 0.304044
vn 0.965407 0.000258 0.260748
vn 0.936452 -0.000250 0.350794
vn 0.951377 0.000249 0.308028
vn 0.917955 -0.000241 0.396684
vn 0.935035 0.000240 0.354556
vn 0.897208 -0.000232 0.441608
vn 0.916418 0.000231 0.400223
vn 0.874267 -0.000223 0.485446
vn 0.895572 0.000222 0.444917
vn 0.849185 -0.000213 0.528096
vn 0.872549 0.000212 0.488527
vn 0.822022 -0.000204 0.569456
vn 0.847402 0.000203 0.530951
vn 0.792848 -0.000194 0.609419
vn 0.820197 0.000193 0.572082
vn 0.761732 -0.000185 0.647892
vn 0.790994 0.000184 0.611824
vn 0.728753 -0.000175 0.684777
vn 0.759869 0.000174 0.650077
vn 0.693989 -0.000165 0.719986
vn 0.726897 0.000165 0.686747
vn 0.657526 -0.000155 0.753432
vn 0.692155 0.000155 0.721749
vn 0.619452 -0.000146 0.785035
vn 0.655731 0.000145 0.754995
vn 0.579862 -0.000136 0.814715
vn 0.617712 0.000135 0.786404
vn 0.538853 -0.000126 0.842400
vn 0.578190 0.000125 0.815902
vn 0.496525 -0.000116 0.868023
vn 0.537262 0.000115 0.843415
vn 0.452981 -0.000105 0.891520
vn 0.495028 0.000105 0.868877
vn 0.451590 0.000095 0.892226
vn 0.408327 -0.000095 0.912836
vn 0.407053 0.000085 0.913404
vn 0.362675 -0.000085 0.931916
vn 0.361528 0.000074 0.932361
vn 0.316134 -0.000075 0.948715
vn 0.315122 0.000064 0.949051
vn 0.268818 -0.000064 0.963191
vn 0.267948 0.000054 0.963433
vn 0.220846 -0.000054 0.975309
vn 0.220126 0.000043 0.975472
vn 0.172331 -0.000043 0.985039
vn 0.171766 0.000032 0.985138
vn 0.123397 -0.000032 0.992357
vn 0.074159 -0.000022 0.997246
vn 0.122991 0.000022 0.992408
vn 0.024739 -0.000011 0.999694
vn 0.073913 0.000011 0.997265
vn 0.024657 -0.000000 0.999696
vn -0.024739 -0.000011 0.999694
vn -0.024657 0.000000 0.999696
vn -0.074159 -0.000022 0.997246
vn -0.073913 0.000011 0.997265
vn -0.123397 -0.000032 0.992357
vn -0.122991 0.000022 0.992408
vn -0.172331 -0.000043 0.985039
vn -0.171766 0.000032 0.985138
vn -0.220846 -0.000054 0.975309
vn -0.220126 0.000043 0.975472
vn -0.268818 -0.000064 0.963191
vn -0.267948 0.000054 0.963433
vn -0.316134 -0.000075 0.948715
vn -0.315122 0.000064 0.949051
vn -0.362675 -0.000085 0.931916
vn -0.361528 0.000074 0.932361
vn -0.408327 -0.000095 0.912836
vn -0.407053 0.000085 0.913404
vn -0.452981 -0.000105 0.891520
vn -0.451590 0.000095 0.892226
vn -0.496525 -0.000116 0.868023
vn -0.495028 0.000105 0.868877
vn -0.538853 -0.000126 0.842400
vn -0.537262 0.000115 0.843415
vn -0.579862 -0.000136 0.814715
vn -0.578190 0.000125 0.815902
vn -0.619452 -0.000146 0.785035
vn -0.617712 0.000135 0.786404
vn -0.657526 -0.000155 0.753432
vn -0.655731 0.000145 0.754995
vn -0.692155 0.000155 0.721749
vn -0.693989 -0.000165 0.719986
vn -0.726897 0.000165 0.686747
vn -0.728753 -0.000175 0.684777
vn -0.759869 0.000174 0.650077
vn -0.761732 -0.000185 0.647892
vn -0.790994 0.000184 0.611824
vn -0.792848 -0.000194 0.609419
vn -0.820197 0.000193 0.572082
vn -0.822022 -0.000204 0.569456
vn -0.847402 0.000203 0.530951
vn -0.849185 -0.000213 0.528096
vn -0.872549 0.000212 0.488527
vn -0.874267 -0.000223 0.485446
vn -0.895572 0.000222 0.444917
vn -0.897208 -0.000232 0.441608
vn -0.916418 0.000231 0.400223
vn -0.917955 -0.000241 0.396684
vn -0.935035 0.000240 0.354556
vn -0.936452 -0.000250 0.350794
vn -0.951377 0.000249 0.308028
vn -0.952658 -0.000259 0.304044
vn -0.965407 0.000258 0.260748
vn -0.966531 -0.000268 0.256549
vn -0.974296 0.000116 0.225272
vn -0.977087 0.000780 0.212838
vn -0.977557 0.000602 0.210672
vn -0.980599 -0.000000 0.196024
vn 0.000000 -1.000000 0.000000
vn 0.000000 -1.000000 0.000000
vn 0.000000 -1.000000 0.000000
vn 0.000000 -1.000000 0.000000
vn 0.000000 -1.000000 0.000000
vn 0.000000 -1.000000 0.000000
vn 0.000000 -1.000000 0.000000
vn 0.000000 -1.000000 0.000000
vn 0.000000 -1.000000 0.000000
vn 0.000000 -1.000000 0.000000
vn 0.000000 -1.000000 0.000000
vn 0.000000 -1.000000 0.000000
vn 0.000000 -1.000000 0.000000
vn 0.000000 -1.000000 0.000000
vn 0.000000 -1.000000 0.000000
vn 0.000000 -1.000000 0.000000
vn 0.000000 -1.000000 0.000000
vn 0.000000 -1.000000 0.000000
vn 0.000000 -1.000000 0.000000
vn 0.000000 -1.000000 0.000000
vn 0.000000 -1.000000 0.000000
vn 0.000000 -1.000000 0.000000
vn 0.000000 -1.000000 0.000000
vn 0.000000 -1.000000 0.000000
vn -0.000000 -1.000000 0.000000
vn 0.000000 -1.000000 0.000000
vn 0.000000 -1.000000 0.000000
vn 0.000000 -1.000000 0.000000
vn 0.000000 -1.000000 0.000000
vn 0.000000 -1.000000 0.000000
vn 0.000000 -1.000000 0.000000
vn -0.000000 -1.000000 0.000000
vn 0.000000 -1.000000 0.000000
vn 0.000000 -1.000000 0.000000
vn 0.000000 -1.000000 0.000000
vn 0.000000 -1.000000 0.000000
vn 0.000000 -1.000000 0.000000
vn 0.000000 -1.000000 0.000000
vn 0.000000 -1.000000 0.000000
vn 0.000000 -1.000000 0.000000
vn 0.000000 -1.000000 0.000000
vn 0.000000 -1.000000 0.000000
vn 0.000000 -1.000000 0.000000
vn 0.000000 -1.000000 0.000000
vn -0.000000 -1.000000 0.000000
vn 0.000000 -1.000000 0.000000
vn 0.000000 -1.000000 0.000000
vn -0.000000 -1.000000 0.000000
vn 0.000000 -1.000000 0.000000
vn 0.000000 -1.000000 0.000000
vn 0.000000 -1.000000 0.000000
vn 0.000000 -1.000000 0.000000
vn -0.000000 -1.000000 0.000000
vn 0.977472 -0.000000 0.211066
vn 0.966909 0.000092 0.255121
vn 0.977088 -0.000050 0.212836
vn 0.954525 0.000205 0.298131
vn 0.965407 -0.000049 0.260748
vn 0.940396 0.000319 0.340081
vn 0.951378 -0.000013 0.308027
vn 0.924575 0.000415 0.381000
vn 0.935034 0.000044 0.354558
vn 0.907101 0.000482 0.420912
vn 0.916420 0.000112 0.400219
vn 0.888011 0.000507 0.459822
vn 0.895572 0.000181 0.444916
vn 0.867312 0.000487 0.497764
vn 0.872546 0.000245 0.488533
vn 0.847403 0.000300 0.530950
vn 0.845013 0.000417 0.534745
vn 0.821114 0.000349 0.570764
vn 0.820195 0.000302 0.572084
vn 0.795586 0.000372 0.605841
vn 0.790997 0.000177 0.611820
vn 0.768404 0.000355 0.639965
vn 0.759870 0.000055 0.650075
vn 0.739530 0.000307 0.673124
vn 0.726895 -0.000052 0.686749
vn 0.708950 0.000244 0.705259
vn 0.692154 -0.000133 0.721750
vn 0.676600 0.000182 0.736350
vn 0.655734 -0.000174 0.754992
vn 0.642454 0.000142 0.766324
vn 0.617708 -0.000158 0.786407
vn 0.606871 0.000135 0.794801
vn 0.578191 -0.000082 0.815902
vn 0.570463 0.000151 0.821324
vn 0.537261 0.000039 0.843416
vn 0.533342 0.000169 0.845900
vn 0.495551 0.000191 0.868579
vn 0.495026 0.000174 0.868878
vn 0.457101 0.000337 0.889415
vn 0.451586 0.000189 0.892227
vn 0.418048 0.000451 0.908425
vn 0.407060 0.000203 0.913401
vn 0.378348 0.000524 0.925663
vn 0.361530 0.000211 0.932360
vn 0.338025 0.000550 0.941137
vn 0.297069 0.000526 0.954856
vn 0.315118 0.000209 0.949052
vn 0.255466 0.000456 0.966818
vn 0.267951 0.000197 0.963433
vn 0.213181 0.000345 0.977013
vn 0.220128 0.000180 0.975471
vn 0.170239 0.000202 0.985403
vn 0.126574 0.000154 0.991957
vn 0.171755 0.000161 0.985140
vn 0.122990 0.000050 0.992408
vn 0.082233 0.000139 0.996613
vn 0.044989 0.000084 0.998987
vn 0.073918 -0.000073 0.997264
vn 0.015048 -0.000000 0.999887
vn 0.024660 -0.000174 0.999696
vn 0.176463 -0.940894 0.289101
vn 0.284195 -0.891320 0.353244
vn 0.174411 -0.909784 0.376661
vn 0.203744 -0.931300 0.301943
vn 0.149198 -0.947675 0.282228
vn 0.429716 -0.818344 0.381650
vn 0.483107 -0.825937 0.290579
vn 0.354989 -0.877863 0.321466
vn 0.344673 -0.907892 0.238606
vn 0.308020 -0.924265 0.225517
vn 0.440845 -0.850542 0.286764
vn 0.293460 -0.904325 0.309963
vn 0.275279 -0.936089 0.218993
vn 0.582866 -0.748657 0.315879
vn 0.950045 -0.230099 0.210876
vn 0.858573 -0.464332 0.217365
vn 0.892590 -0.396331 0.214953
vn 0.822869 -0.527689 0.210786
vn 0.762286 -0.614992 0.201755
vn 0.015048 -0.000349 0.999887
vn 0.014078 -0.000974 0.999900
vn 0.044988 0.007946 0.998956
vn 0.027226 -0.003126 0.999624
vn 0.535937 -0.815007 0.220305
vn 0.164649 -0.971178 0.172350
vn 0.061679 -0.985646 0.157154
vn 0.217899 -0.959627 0.177864
vn 0.491651 -0.831543 0.258489
vn 0.661236 -0.715506 0.225429
vn 0.657084 -0.700993 0.277217
vn 0.845849 -0.508573 0.160915
vn 0.688119 -0.702803 0.180443
vn 0.964505 -0.216223 0.151581
vn 0.741609 -0.643007 0.191201
vn 0.939805 -0.304278 0.155502
vn 0.708180 -0.683853 0.175574
vn 0.742427 -0.645225 0.180240
vn 0.687249 -0.706253 0.169989
vn 0.903513 -0.398450 0.157801
vn 0.864223 -0.477669 0.157955
vn 0.707803 -0.686872 0.164988
vn 0.744640 -0.645565 0.169580
vn 0.686140 -0.709735 0.159648
vn 0.818927 -0.552226 0.156224
vn 0.707068 -0.690135 0.154172
vn 0.773989 -0.614453 0.152929
vn 0.858476 -0.482269 0.174461
vn 0.769165 -0.620277 0.153758
vn 0.682781 -0.715331 0.148701
vn 0.731627 -0.665357 0.148400
vn 0.749754 -0.644078 0.151767
vn 0.398613 -0.907090 0.135257
vn 0.663610 -0.733167 0.148617
vn 0.654704 -0.747293 0.113646
vn 0.414350 -0.577147 0.703715
vn 0.550153 -0.535626 0.640654
vn 0.465529 -0.605357 0.645620
vn 0.471178 -0.597706 0.648643
vn 0.475680 -0.511576 0.715555
vn 0.657350 -0.527145 0.538525
vn 0.714227 -0.532291 0.454473
vn 0.710007 -0.430833 0.557021
vn 0.635598 -0.551641 0.540099
vn 0.844618 -0.375083 0.382013
vn 0.794466 -0.410273 0.447772
vn 0.726581 -0.514127 0.455800
vn 0.790244 -0.418974 0.447186
vn 0.866630 -0.342569 0.362766
vn 0.461451 -0.687284 0.560985
vn 0.532727 -0.687306 0.493773
vn 0.512804 -0.706215 0.488151
vn 0.539317 -0.618352 0.571646
vn 0.608078 -0.626106 0.488091
vn 0.804652 -0.509784 0.304393
vn 0.777469 -0.549999 0.305029
vn 0.825483 -0.427551 0.368482
vn 0.617273 -0.701933 0.355336
vn 0.792731 -0.490910 0.361366
vn 0.765274 -0.569295 0.300433
vn 0.778977 -0.558466 0.285150
vn 0.799351 -0.520798 0.299679
vn 0.686105 -0.680470 0.257334
vn 0.779966 -0.562234 0.274855
vn 0.807615 -0.530172 0.258217
vn 0.561329 -0.817533 0.128647
vn 0.209420 -0.972341 0.103424
vn 0.581667 -0.803378 0.127466
vn 0.442725 -0.891541 0.095650
vn 0.529326 -0.841038 0.111666
vn 0.402119 -0.911286 0.088650
vn 0.361849 -0.927864 0.090183
vn 0.513960 -0.851010 0.107828
vn 0.396369 -0.913916 0.087461
vn 0.521381 -0.845945 0.111981
vn 0.353923 -0.931029 0.089019
vn 0.501823 -0.858169 0.108254
vn 0.496855 -0.861186 0.107203
vn 0.231180 0.971634 0.049821
vn 0.509216 -0.853987 0.106791
vn 0.889245 0.414715 0.193013
vn 0.002087 -0.020600 0.999786
vn 0.001334 -0.022139 0.999754
vn 0.000463 -0.022979 0.999736
vn 0.640859 -0.070427 0.764421
vn 0.068943 -0.691831 0.718760
vn 0.047720 0.004632 0.998850
vn 0.170216 -0.016345 0.985271
vn 0.126555 -0.017488 0.991805
vn 0.082230 -0.009166 0.996571
vn 0.055764 -0.008941 0.998404
vn 0.056532 -0.011643 0.998333
vn 0.056385 -0.014202 0.998308
vn 0.056267 -0.014460 0.998311
vn 0.055943 -0.015652 0.998311
vn 0.055839 -0.016658 0.998301
vn 0.054687 -0.018902 0.998325
vn 0.052728 -0.020773 0.998393
vn 0.117523 -0.028985 0.992647
vn 0.213133 -0.021257 0.976792
vn 0.119702 -0.031187 0.992320
vn 0.121205 -0.034401 0.992031
vn 0.120456 -0.036950 0.992031
vn 0.121918 -0.040272 0.991723
vn 0.125918 -0.044697 0.991033
vn 0.062403 -0.027691 0.997667
vn 0.059816 -0.029623 0.997770
vn 0.056627 -0.031081 0.997912
vn 0.079199 -0.006144 0.996840
vn 0.135062 -0.042190 0.989938
vn 0.138957 -0.049404 0.989065
vn 0.133778 -0.041109 0.990158
vn 0.137505 -0.045517 0.989455
vn 0.137916 -0.052246 0.989065
vn 0.532378 -0.060076 0.844372
vn 0.495132 -0.041151 0.867843
vn 0.550817 -0.058627 0.832565
vn 0.495998 -0.140864 0.856822
vn 0.201735 -0.196676 0.959490
vn 0.197960 -0.201331 0.959311
vn 0.605794 -0.059542 0.793390
vn 0.569328 -0.063031 0.819690
vn 0.568770 -0.062710 0.820103
vn 0.608961 -0.057143 0.791139
vn 0.583423 -0.182186 0.791470
vn 0.563174 -0.128872 0.816228
vn 0.517615 -0.135601 0.844800
vn 0.534441 -0.140781 0.833399
vn 0.554505 -0.135297 0.821108
vn 0.504513 -0.177616 0.844938
vn 0.483539 -0.180108 0.856593
vn 0.467055 -0.173069 0.867126
vn 0.192284 -0.207396 0.959173
vn 0.197739 -0.201521 0.959317
vn 0.193843 -0.206234 0.959110
vn 0.035672 -0.070172 0.996897
vn 0.008715 -0.107134 0.994206
vn 0.028720 -0.062761 0.997615
vn 0.005794 -0.095643 0.995399
vn 0.022396 -0.054780 0.998247
vn 0.020750 -0.057326 0.998140
vn 0.015378 -0.048614 0.998699
vn 0.013682 -0.050295 0.998641
vn 0.011696 -0.051182 0.998621
vn -0.001572 -0.077935 0.996957
vn 0.052003 -0.147694 0.987665
vn 0.040188 -0.130939 0.990576
vn 0.029723 -0.113102 0.993139
vn 0.011844 -0.051180 0.998619
vn 0.057040 -0.163063 0.984966
vn 0.052830 -0.161309 0.985489
vn 0.048146 -0.145956 0.988119
vn 0.044787 -0.147017 0.988120
vn 0.033872 -0.130032 0.990931
vn 0.041060 -0.145246 0.988543
vn 0.023625 -0.200038 0.979503
vn 0.036836 -0.129229 0.990930
vn 0.030620 -0.128291 0.991264
vn 0.024298 -0.112053 0.993405
vn 0.026867 -0.111469 0.993405
vn 0.023334 -0.120212 0.992474
vn 0.009630 -0.051853 0.998608
vn 0.007425 -0.051785 0.998631
vn -0.005367 -0.046571 0.998901
vn 0.004439 -0.068430 0.997646
vn 0.021658 -0.110472 0.993643
vn 0.013104 -0.113089 0.993498
vn 0.010362 -0.156995 0.987545
vn 0.024214 -0.113576 0.993234
vn 0.010826 -0.051380 0.998621
vn 0.674688 -0.075127 0.734269
vn 0.631108 -0.201906 0.748957
vn 0.659737 -0.062782 0.748870
vn 0.688259 -0.072696 0.721814
vn 0.706624 -0.080928 0.702946
vn 0.703477 -0.077856 0.706441
vn 0.736839 -0.085231 0.670674
vn 0.719189 -0.078214 0.690399
vn 0.683861 -0.169446 0.709663
vn 0.688320 -0.158437 0.707894
vn 0.698680 -0.183454 0.691514
vn 0.681046 -0.114434 0.723244
vn 0.714306 -0.189847 0.673591
vn 0.722668 -0.214617 0.657032
vn 0.701596 -0.231511 0.673918
vn 0.707402 -0.261632 0.656606
vn 0.176744 -0.516067 0.838115
vn 0.170640 -0.536503 0.826466
vn 0.155270 -0.559366 0.814249
vn 0.150539 -0.542409 0.826517
vn 0.047817 -0.554058 0.831104
vn 0.063195 -0.589348 0.805404
vn 0.087144 -0.590073 0.802633
vn 0.170733 -0.517901 0.838230
vn 0.140496 -0.563537 0.814056
vn 0.060632 -0.602595 0.795740
vn 0.063184 -0.624440 0.778513
vn 0.140775 -0.587902 0.796589
vn 0.196172 -0.633827 0.748184
vn 0.066208 -0.618877 0.782693
vn 0.056451 -0.658919 0.750093
vn 0.054373 -0.661109 0.748317
vn 0.133548 -0.604137 0.785610
vn 0.130416 -0.607354 0.783654
vn 0.190776 -0.697918 0.690301
vn 0.147261 -0.730366 0.666993
vn 0.220711 -0.746827 0.627324
vn 0.175177 -0.738556 0.651036
vn 0.090863 -0.717443 0.690666
vn 0.026991 -0.725454 0.687741
vn 0.040779 -0.755581 0.653785
vn 0.051073 -0.733946 0.677285
vn 0.253982 -0.750495 0.610124
vn 0.194928 -0.767875 0.610223
vn 0.186547 -0.750248 0.634293
vn 0.183764 -0.757098 0.626924
vn 0.110250 -0.744700 0.658231
vn 0.107153 -0.751501 0.650972
vn 0.048677 -0.750937 0.658578
vn 0.024431 -0.784453 0.619707
vn 0.116641 -0.763999 0.634587
vn 0.267266 -0.759734 0.592767
vn 0.124752 -0.981006 0.148543
vn 0.072688 -0.991758 0.105511
vn 0.196898 -0.972533 0.124142
vn 0.069877 -0.991582 0.109009
vn 0.028703 -0.994275 0.102924
vn 0.111441 -0.988361 0.103552
vn 0.048228 -0.996864 0.062741
vn 0.189621 -0.978372 0.082660
vn 0.181946 -0.979826 0.082688
vn 0.189987 -0.980803 0.043928
vn 0.217288 -0.974122 0.062225
vn 0.034491 -0.999184 0.021024
vn 0.099191 -0.993114 0.062336
vn 0.046557 -0.033804 0.998344
vn 0.043876 -0.026548 0.998684
vn 0.044436 -0.029523 0.998576
vn 0.147681 -0.080452 0.985757
vn 0.044311 -0.032234 0.998498
vn 0.043442 -0.034536 0.998459
vn 0.042608 -0.035452 0.998463
vn 0.125806 -0.107044 0.986263
vn 0.041982 -0.036436 0.998454
vn 0.124514 -0.110753 0.986017
vn 0.041927 -0.036475 0.998455
vn 0.122761 -0.114103 0.985855
vn 0.041093 -0.037321 0.998458
vn 0.040420 -0.038291 0.998449
vn 0.120561 -0.117054 0.985781
vn 0.040404 -0.038302 0.998449
vn 0.119329 -0.118429 0.985766
vn 0.118328 -0.119199 0.985794
vn 0.039665 -0.038995 0.998452
vn 0.116044 -0.122012 0.985722
vn 0.039016 -0.039764 0.998447
vn 0.116459 -0.121675 0.985714
vn 0.038795 -0.040135 0.998441
vn 0.038341 -0.040488 0.998444
vn 0.114400 -0.123969 0.985669
vn 0.037614 -0.041197 0.998443
vn 0.037094 -0.041913 0.998432
vn 0.112178 -0.126094 0.985655
vn 0.377987 -0.043631 0.924782
vn 0.337943 -0.022047 0.940908
vn 0.400743 -0.087530 0.912000
vn 0.296523 -0.060604 0.953101
vn 0.255226 -0.043285 0.965912
vn 0.226385 -0.086502 0.970189
vn 0.404611 -0.086009 0.910435
vn 0.237667 -0.032734 0.970795
vn 0.036827 -0.042083 0.998435
vn 0.109163 -0.128152 0.985728
vn 0.227180 -0.171524 0.958629
vn 0.209618 -0.137080 0.968127
vn 0.124666 -0.112567 0.985793
vn 0.181686 -0.093145 0.978935
vn 0.105741 -0.129764 0.985890
vn 0.075409 -0.138839 0.987440
vn 0.079795 -0.154782 0.984721
vn 0.044001 -0.052864 0.997632
vn 0.035350 -0.043625 0.998422
vn 0.033253 -0.044846 0.998440
vn 0.030706 -0.045315 0.998501
vn 0.027847 -0.045070 0.998596
vn 0.024826 -0.044199 0.998714
vn 0.035920 -0.042903 0.998433
vn 0.402631 -0.090908 0.910837
vn 0.417519 -0.050304 0.907275
vn 0.411205 -0.048067 0.910275
vn 0.418598 -0.113012 0.901113
vn 0.431575 -0.049225 0.900733
vn 0.456464 -0.052774 0.888175
vn 0.470883 -0.156782 0.868152
vn 0.494768 -0.040755 0.868069
vn 0.475491 -0.172227 0.862697
vn 0.245607 -0.235586 0.940307
vn 0.349791 -0.227271 0.908842
vn 0.308504 -0.126956 0.942713
vn 0.550195 -0.267215 0.791127
vn 0.531124 -0.284884 0.797965
vn 0.490436 -0.184893 0.851638
vn 0.456386 -0.198376 0.867386
vn 0.485682 -0.300136 0.820994
vn 0.456596 -0.199479 0.867023
vn 0.481705 -0.333634 0.810338
vn 0.360811 -0.352935 0.863280
vn 0.297723 -0.300468 0.906135
vn 0.352639 -0.237607 0.905090
vn 0.403343 -0.420260 0.812832
vn 0.302797 -0.295594 0.906056
vn 0.476017 -0.391959 0.787259
vn 0.492236 -0.302332 0.816271
vn 0.484364 -0.314082 0.816544
vn 0.522379 -0.325795 0.788022
vn 0.398711 -0.424805 0.812755
vn 0.299647 -0.298791 0.906055
vn 0.291342 -0.307617 0.905810
vn 0.394008 -0.429173 0.812753
vn 0.296904 -0.302501 0.905727
vn 0.284799 -0.314205 0.905629
vn 0.226258 -0.361342 0.904566
vn 0.154570 -0.236927 0.959153
vn 0.223103 -0.381669 0.896969
vn 0.238390 -0.389353 0.889705
vn 0.154910 -0.242468 0.957712
vn 0.076692 -0.183216 0.980077
vn 0.077546 -0.181970 0.980242
vn 0.017386 -0.233445 0.972215
vn 0.022729 -0.242358 0.969921
vn 0.033510 -0.283790 0.958301
vn 0.030086 -0.324600 0.945373
vn 0.012552 -0.364814 0.930996
vn 0.042144 -0.270792 0.961715
vn 0.720925 -0.186591 0.667421
vn 0.757675 -0.067478 0.649134
vn 0.765940 -0.080022 0.637912
vn 0.758744 -0.172502 0.628133
vn 0.774292 -0.074286 0.628453
vn 0.792436 -0.088906 0.603441
vn 0.787506 -0.079458 0.611164
vn 0.606515 -0.301972 0.735495
vn 0.599014 -0.336000 0.726834
vn 0.700415 -0.271266 0.660177
vn 0.844631 -0.030053 0.534504
vn 0.817737 -0.090605 0.568416
vn 0.800711 -0.082115 0.593396
vn 0.785062 -0.141993 0.602923
vn 0.786897 -0.084418 0.611283
vn 0.791313 -0.146027 0.593717
vn 0.517568 -0.444321 0.731233
vn 0.583710 -0.350427 0.732450
vn 0.318206 -0.492264 0.810198
vn 0.354765 -0.389140 0.850125
vn 0.193358 -0.482783 0.854127
vn 0.398268 -0.492612 0.773767
vn 0.005433 -0.373772 0.927505
vn 0.137209 -0.356401 0.924203
vn 0.084521 -0.441520 0.893261
vn 0.173514 -0.497371 0.850008
vn 0.019008 -0.404098 0.914518
vn 0.043359 -0.442406 0.895766
vn 0.045310 -0.480328 0.875918
vn 0.024698 -0.517927 0.855068
vn 0.076841 -0.450723 0.889350
vn 0.074947 -0.473107 0.877811
vn 0.077905 -0.474625 0.876733
vn 0.250244 -0.596021 0.762979
vn 0.296724 -0.513125 0.805393
vn 0.196158 -0.515912 0.833881
vn 0.309200 -0.551156 0.774998
vn 0.299965 -0.552854 0.777415
vn 0.426059 -0.556597 0.713214
vn 0.320965 -0.640202 0.697942
vn 0.250755 -0.745538 0.617491
vn 0.363194 -0.598278 0.714250
vn 0.314496 -0.641477 0.699713
vn 0.147037 -0.774555 0.615178
vn 0.013714 -0.787865 0.615696
vn 0.064796 -0.809599 0.583396
vn 0.038806 -0.835415 0.548248
vn 0.211154 -0.771033 0.600768
vn 0.197428 -0.780567 0.593075
vn 0.060202 -0.809899 0.583472
vn 0.107199 -0.815926 0.568131
vn 0.157620 -0.819402 0.551123
vn 0.086577 -0.829808 0.551292
vn 0.071683 -0.856816 0.510615
vn 0.127355 -0.836241 0.533369
vn 0.123584 -0.836799 0.533381
vn 0.093163 -0.849678 0.519007
vn 0.114012 -0.849530 0.515073
vn 0.079857 -0.877407 0.473054
vn 0.098029 -0.851599 0.514946
vn 0.152985 -0.854754 0.495975
vn 0.139039 -0.857038 0.496139
vn 0.146188 -0.937886 0.314642
vn 0.102377 -0.955790 0.275654
vn 0.381820 -0.902556 0.199014
vn 0.390752 -0.902932 0.178958
vn 0.220771 -0.927512 0.301631
vn 0.394525 -0.900902 0.180902
vn 0.386856 -0.906025 0.171641
vn 0.161476 -0.945660 0.282228
vn 0.094360 -0.967547 0.234412
vn 0.400533 -0.901829 0.162107
vn 0.460684 -0.874264 0.153079
vn 0.233641 -0.936617 0.261077
vn 0.234947 -0.936298 0.261049
vn 0.240041 -0.940483 0.240566
vn 0.164520 -0.956373 0.241422
vn 0.013431 -0.983668 0.179492
vn 0.081478 -0.977940 0.192341
vn 0.452480 -0.859999 0.235933
vn 0.197289 -0.957216 0.211693
vn 0.402860 -0.897350 0.180184
vn 0.328740 -0.918647 0.219127
vn 0.446735 -0.875843 0.182559
vn -0.098075 -0.987827 0.120743
vn 0.235336 -0.953632 0.187626
vn 0.291556 -0.935521 0.199488
vn 0.266524 -0.947003 0.179304
vn 0.321144 -0.933867 0.157350
vn 0.862994 -0.099667 0.495286
vn 0.852407 0.013750 0.522698
vn 0.831014 -0.161595 0.532262
vn 0.798596 -0.103312 0.592934
vn 0.789299 -0.299509 0.536005
vn 0.879692 -0.074318 0.469700
vn 0.749215 -0.289725 0.595598
vn 0.767483 -0.410561 0.492351
vn 0.686982 -0.405523 0.602998
vn 0.805200 -0.256678 0.534574
vn 0.712859 -0.253214 0.653999
vn 0.637584 -0.404543 0.655615
vn 0.880409 -0.130566 0.455886
vn 0.879502 -0.095252 0.466265
vn 0.878101 -0.107363 0.466274
vn 0.525940 -0.580096 0.621993
vn 0.565240 -0.488830 0.664492
vn 0.586960 -0.419177 0.692654
vn 0.697784 -0.399551 0.594522
vn 0.887894 -0.110041 0.446693
vn 0.881149 -0.156834 0.446072
vn 0.898611 -0.136496 0.416973
vn 0.894623 -0.114336 0.431945
vn 0.887077 -0.164852 0.431182
vn 0.892300 -0.158655 0.422646
vn 0.901246 -0.159687 0.402810
vn 0.898824 -0.135653 0.416790
vn 0.893077 -0.171173 0.416068
vn 0.901349 -0.162820 0.401323
vn 0.908121 -0.117277 0.401949
vn 0.914429 -0.147741 0.376819
vn 0.912095 -0.120442 0.391889
vn 0.909828 -0.160572 0.382661
vn 0.904665 -0.169021 0.391169
vn 0.918070 -0.161055 0.362228
vn 0.909669 -0.176952 0.375753
vn 0.915016 -0.145131 0.376407
vn 0.917927 -0.165264 0.360690
vn 0.924770 -0.119563 0.361254
vn 0.919831 -0.171130 0.353024
vn 0.922360 -0.169665 0.347082
vn 0.927308 -0.122489 0.353689
vn 0.927197 -0.166959 0.335308
vn 0.929873 -0.159572 0.331470
vn 0.922496 -0.182986 0.339877
vn 0.929681 -0.140171 0.340653
vn 0.933085 -0.171395 0.316191
vn 0.929573 -0.174918 0.324496
vn 0.937271 -0.125674 0.325160
vn 0.933148 -0.169652 0.316944
vn 0.940861 -0.118244 0.317487
vn 0.936405 -0.171813 0.305983
vn 0.933971 -0.174592 0.311793
vn 0.942271 -0.120475 0.312429
vn 0.878259 -0.257555 0.402898
vn 0.890877 -0.161424 0.424595
vn 0.889009 -0.175426 0.422953
vn 0.937655 -0.187177 0.292862
vn 0.944221 -0.155919 0.290061
vn 0.935134 -0.191063 0.298361
vn 0.943168 -0.144684 0.299166
vn 0.881668 -0.276295 0.382522
vn 0.881617 -0.276664 0.382371
vn 0.356346 -0.744339 0.564780
vn 0.480407 -0.667088 0.569388
vn 0.369144 -0.670926 0.643110
vn 0.366096 -0.672044 0.643685
vn 0.546178 -0.697237 0.464275
vn 0.676331 -0.491705 0.548455
vn 0.888412 -0.268467 0.372356
vn 0.888060 -0.269599 0.372378
vn 0.889183 -0.279454 0.362296
vn 0.873535 -0.324777 0.362569
vn 0.889018 -0.280448 0.361934
vn 0.944156 -0.181959 0.274701
vn 0.948956 -0.172198 0.264254
vn 0.940516 -0.196242 0.277342
vn 0.956369 -0.089015 0.278272
vn 0.895706 -0.271745 0.351946
vn 0.864106 -0.359715 0.352033
vn 0.896099 -0.280106 0.344307
vn 0.896759 -0.274831 0.346831
vn 0.862638 -0.370752 0.344092
vn 0.938976 -0.238629 0.247751
vn 0.965405 -0.098583 0.241400
vn 0.944754 -0.204578 0.256100
vn 0.954742 -0.149665 0.257038
vn 0.871005 -0.364253 0.329652
vn 0.900187 -0.276161 0.336746
vn 0.898335 -0.288692 0.331136
vn 0.864089 -0.374274 0.336555
vn 0.903405 -0.277872 0.326568
vn 0.868668 -0.372621 0.326449
vn 0.953968 -0.217974 0.205991
vn 0.970871 -0.044960 0.235346
vn 0.927310 -0.314568 0.202840
vn 0.951827 -0.196914 0.235053
vn 0.960782 -0.166639 0.221653
vn 0.906874 -0.278852 0.315945
vn 0.870519 -0.377362 0.315904
vn 0.906944 -0.278445 0.316103
vn 0.878056 -0.365278 0.309176
vn 0.909042 -0.283214 0.305666
vn 0.877405 -0.367448 0.308452
vn 0.909310 -0.279301 0.308457
vn 0.909235 -0.298914 0.289726
vn 0.873082 -0.385901 0.298006
vn 0.884857 -0.365683 0.288625
vn 0.914657 -0.272919 0.298192
vn 0.918795 -0.283802 0.274357
vn 0.891611 -0.365107 0.267818
vn 0.923291 -0.263163 0.279783
vn 0.873974 -0.397491 0.279591
vn 0.920017 -0.289627 0.263979
vn 0.890563 -0.368162 0.267121
vn 0.921070 -0.283401 0.267045
vn 0.881947 -0.395652 0.256181
vn 0.898519 -0.362988 0.246785
vn 0.927589 -0.271746 0.256382
vn 0.910421 -0.335743 0.241680
vn 0.900877 -0.370786 0.225696
vn 0.907462 -0.344194 0.240923
vn 0.885031 -0.398717 0.240301
vn 0.908385 -0.350811 0.227528
vn 0.928346 -0.298587 0.221405
vn 0.933689 -0.276774 0.227201
vn 0.388113 -0.736820 0.553593
vn 0.270739 -0.791087 0.548527
vn 0.251349 -0.795320 0.551624
vn 0.217883 -0.857600 0.465885
vn 0.900747 -0.286129 0.326780
vn 0.843997 -0.437849 0.309769
vn 0.903949 -0.377178 0.201527
vn 0.904747 -0.375284 0.201483
vn 0.915364 -0.347215 0.203839
vn 0.885887 -0.411846 0.213513
vn 0.941755 -0.259706 0.213658
vn 0.363551 -0.792475 0.489708
vn 0.423952 -0.774953 0.468736
vn 0.340569 -0.807129 0.482239
vn 0.406182 -0.786490 0.465241
vn 0.358012 -0.843830 0.399722
vn 0.755142 -0.528327 0.388113
vn 0.822474 -0.492105 0.285251
vn 0.830639 -0.476050 0.288818
vn 0.503233 -0.752475 0.424898
vn 0.455117 -0.789956 0.410899
vn 0.578617 -0.709760 0.401801
vn 0.731426 -0.593480 0.335852
vn 0.345446 -0.869191 0.353800
vn 0.836660 -0.473859 0.274696
vn 0.834972 -0.480603 0.268036
vn 0.825323 -0.498842 0.264571
vn 0.843226 -0.468201 0.264116
vn 0.841525 -0.476833 0.253901
vn 0.805450 -0.535321 0.254327
vn 0.790340 -0.560979 0.246303
vn 0.831859 -0.497086 0.246811
vn 0.777505 -0.584122 0.232995
vn 0.830768 -0.499130 0.246359
vn 0.794590 -0.558363 0.238448
vn 0.778455 -0.586931 0.222530
vn 0.845920 -0.477177 0.238163
vn 0.841043 -0.489531 0.230230
vn 0.805361 -0.546169 0.230419
vn 0.832368 -0.506284 0.225475
vn 0.778469 -0.590780 0.212050
vn 0.832585 -0.505895 0.225547
vn 0.794024 -0.564528 0.225465
vn 0.779265 -0.593376 0.201622
vn 0.798796 -0.560958 0.217373
vn 0.849884 -0.480164 0.217119
vn 0.843791 -0.494075 0.209538
vn 0.813660 -0.542182 0.209753
vn 0.829923 -0.519284 0.203892
vn 0.797437 -0.567862 0.204029
vn 0.831062 -0.517346 0.204178
vn 0.779042 -0.597128 0.191136
vn 0.521793 -0.798115 0.301239
vn 0.790891 -0.584865 0.180067
vn 0.860595 -0.471313 0.192979
vn 0.788631 -0.583744 0.193144
vn 0.776482 -0.606896 0.169569
vn 0.900782 -0.391293 0.188366
vn 0.827300 -0.531179 0.182822
vn 0.911798 -0.359988 0.197567
vn 0.800462 -0.570872 0.182665
vn 0.123281 -0.892863 0.433125
vn 0.063729 -0.915667 0.396854
vn 0.081926 -0.884658 0.458986
vn 0.125214 -0.876698 0.464459
vn 0.081069 -0.930832 0.356341
vn 0.154138 -0.898113 0.411867
vn 0.039105 -0.895561 0.443217
vn 0.083257 -0.930397 0.356973
vn 0.276305 -0.850181 0.448161
vn 0.310478 -0.881229 0.356426
vn 0.211885 -0.898264 0.385001
vn -0.000009 -0.022979 0.999736
vn 0.000000 -0.021074 0.999778
vn -0.000016 -0.068430 0.997656
vn 0.000008 -0.062813 0.998025
vn -0.000016 -0.113099 0.993584
vn 0.000016 -0.105739 0.994394
vn -0.000016 -0.157004 0.987598
vn 0.000016 -0.149764 0.988722
vn -0.000016 -0.200094 0.979777
vn 0.000016 -0.192982 0.981202
vn -0.000016 -0.242421 0.970171
vn 0.000016 -0.235454 0.971886
vn 0.000016 -0.277110 0.960838
vn -0.000016 -0.283950 0.958839
vn -0.000015 -0.324747 0.945801
vn 0.000016 -0.318033 0.948080
vn -0.000016 -0.364843 0.931069
vn 0.000016 -0.358205 0.933643
vn 0.000015 -0.397691 0.917519
vn -0.000015 -0.404171 0.914683
vn -0.000015 -0.442823 0.896609
vn 0.000016 -0.436461 0.899723
vn -0.000016 -0.480822 0.876818
vn 0.000016 -0.474535 0.880237
vn -0.000016 -0.518085 0.855329
vn 0.000016 -0.511976 0.859000
vn -0.000016 -0.554692 0.832056
vn 0.000016 -0.548629 0.836066
vn -0.000016 -0.590528 0.807017
vn 0.000016 -0.584647 0.811288
vn -0.000016 -0.625690 0.780071
vn 0.000016 -0.619864 0.784709
vn -0.000016 -0.659971 0.751291
vn 0.000016 -0.654368 0.756177
vn -0.000017 -0.693481 0.720475
vn 0.000017 -0.687963 0.725745
vn -0.000016 -0.725719 0.687992
vn 0.000017 -0.720491 0.693465
vn -0.000016 -0.756210 0.654329
vn 0.000016 -0.751260 0.660006
vn -0.000016 -0.784687 0.619892
vn 0.000016 -0.780092 0.625665
vn -0.000016 -0.811304 0.584624
vn 0.000016 -0.807007 0.590542
vn -0.000016 -0.836045 0.548661
vn 0.000016 -0.832082 0.554652
vn -0.000016 -0.859026 0.511932
vn 0.000016 -0.855317 0.518106
vn -0.000016 -0.880218 0.474570
vn 0.000016 -0.876826 0.480808
vn -0.000015 -0.899726 0.436455
vn 0.000016 -0.896613 0.442816
vn -0.000016 -0.917532 0.397662
vn 0.000016 -0.914668 0.404207
vn -0.000016 -0.933638 0.358217
vn 0.000015 -0.931074 0.364831
vn -0.000016 -0.948071 0.318059
vn 0.000015 -0.945803 0.324742
vn -0.000016 -0.960838 0.277110
vn 0.000016 -0.958828 0.283986
vn 0.000016 -0.970172 0.242417
vn -0.000016 -0.971883 0.235463
vn 0.000016 -0.979780 0.200077
vn -0.000016 -0.981202 0.192982
vn 0.000016 -0.987596 0.157018
vn -0.000016 -0.988730 0.149713
vn 0.000016 -0.993584 0.113101
vn -0.000016 -0.994388 0.105790
vn 0.000016 -0.997658 0.068393
vn -0.000008 -0.998025 0.062815
vn 0.000009 -0.999736 0.022980
vn 0.000000 -0.999779 0.021036
vn -0.931131 -0.192502 0.309740
vn -0.937852 -0.154982 0.310505
vn -0.934451 -0.181624 0.306291
vn -0.942792 -0.173955 0.284400
vn -0.937842 -0.188207 0.291601
vn -0.949729 -0.111643 0.292492
vn -0.942646 -0.179524 0.281405
vn -0.944969 -0.178577 0.274122
vn -0.951465 -0.123125 0.282056
vn -0.954432 -0.150315 0.257808
vn -0.941439 -0.205028 0.267686
vn -0.941431 -0.234253 0.242555
vn -0.949365 -0.163100 0.268524
vn -0.940277 -0.216851 0.262402
vn -0.937288 -0.252015 0.240791
vn -0.000523 -0.021074 0.999778
vn -0.001468 -0.019855 0.999802
vn 0.013630 -0.062807 0.997933
vn -0.004724 -0.038423 0.999250
vn -0.967974 -0.114220 0.223563
vn -0.969886 -0.024761 0.242298
vn -0.954225 -0.193255 0.228270
vn -0.957847 -0.185044 0.219743
vn -0.961973 -0.176245 0.208678
vn -0.940953 -0.274595 0.198004
vn -0.974390 -0.047321 0.219827
vn -0.963516 -0.177639 0.200201
vn -0.538728 -0.435396 0.721251
vn -0.546021 -0.532849 0.646477
vn -0.468673 -0.600035 0.648308
vn -0.466107 -0.603575 0.646871
vn -0.552554 -0.534100 0.639860
vn -0.412052 -0.579734 0.702938
vn -0.457144 -0.691011 0.559932
vn -0.610977 -0.623939 0.487245
vn -0.528594 -0.690761 0.493394
vn -0.515283 -0.703483 0.489484
vn -0.531975 -0.625760 0.570462
vn -0.813260 -0.498629 0.299963
vn -0.615214 -0.707429 0.347931
vn -0.789123 -0.539128 0.294324
vn -0.815825 -0.458287 0.352707
vn -0.779779 -0.562796 0.274237
vn -0.816779 -0.519670 0.250629
vn -0.786340 -0.558486 0.264128
vn -0.750714 -0.592030 0.293136
vn -0.797552 -0.527589 0.292506
vn -0.693910 -0.675122 0.250399
vn -0.020580 -0.002155 0.999786
vn -0.022051 -0.001380 0.999756
vn -0.022859 -0.000479 0.999739
vn -0.069310 -0.686309 0.724000
vn -0.629761 -0.070677 0.773567
vn -0.001182 -0.046095 0.998936
vn -0.013969 -0.105728 0.994297
vn -0.008511 -0.049490 0.998738
vn -0.010978 -0.049553 0.998711
vn -0.013172 -0.048461 0.998738
vn -0.014975 -0.046325 0.998814
vn -0.012338 -0.192968 0.981128
vn -0.017776 -0.149740 0.988566
vn -0.013953 -0.111028 0.993719
vn -0.025654 -0.108486 0.993767
vn -0.001676 -0.075634 0.997134
vn -0.020652 -0.054872 0.998280
vn -0.028931 -0.110756 0.993426
vn -0.034054 -0.130752 0.990830
vn -0.032882 -0.126941 0.991365
vn -0.029164 -0.124528 0.991787
vn -0.036173 -0.126056 0.991363
vn -0.040080 -0.128467 0.990903
vn -0.004292 -0.086820 0.996215
vn -0.027110 -0.062816 0.997657
vn -0.044522 -0.143685 0.988621
vn -0.040207 -0.141203 0.989164
vn -0.048108 -0.142533 0.988620
vn -0.005751 -0.101388 0.994830
vn -0.051899 -0.144349 0.988165
vn -0.034211 -0.069895 0.996968
vn -0.052984 -0.158103 0.986000
vn -0.057040 -0.159653 0.985524
vn -0.029698 -0.654079 0.755843
vn -0.037165 -0.619436 0.784167
vn -0.043798 -0.645303 0.762670
vn -0.063508 -0.583467 0.809650
vn -0.046196 -0.548043 0.835173
vn -0.089631 -0.586029 0.805318
vn -0.056277 -0.634777 0.770643
vn -0.170776 -0.515096 0.839947
vn -0.107439 -0.591795 0.798896
vn -0.150858 -0.539591 0.828301
vn -0.170470 -0.533826 0.828233
vn -0.176415 -0.513376 0.839835
vn -0.197350 -0.632433 0.749054
vn -0.087217 -0.654895 0.750670
vn -0.093472 -0.611731 0.785524
vn -0.194630 -0.205262 0.959159
vn -0.193348 -0.206257 0.959205
vn -0.131196 -0.604621 0.785634
vn -0.140995 -0.560759 0.815886
vn -0.132403 -0.603366 0.786396
vn -0.141411 -0.585061 0.798565
vn -0.155328 -0.556706 0.816059
vn -0.198504 -0.200619 0.959348
vn -0.198891 -0.200278 0.959339
vn -0.054856 -0.027840 0.998106
vn -0.057635 -0.026431 0.997988
vn -0.104109 -0.012394 0.994489
vn -0.202318 -0.196023 0.959501
vn -0.052617 -0.014558 0.998509
vn -0.047745 -0.019638 0.998666
vn -0.080355 -0.007882 0.996735
vn -0.050024 -0.018281 0.998581
vn -0.051684 -0.016573 0.998526
vn -0.119227 -0.039740 0.992071
vn -0.133904 -0.050623 0.989700
vn -0.052658 -0.013905 0.998516
vn -0.115899 -0.036049 0.992607
vn -0.132703 -0.047184 0.990032
vn -0.132332 -0.041244 0.990347
vn -0.133586 -0.044603 0.990033
vn -0.053092 -0.012390 0.998513
vn -0.053141 -0.010117 0.998536
vn -0.052384 -0.007729 0.998597
vn -0.044284 0.005210 0.999005
vn -0.068095 -0.005454 0.997664
vn -0.112653 -0.015375 0.993515
vn -0.156526 -0.015192 0.987557
vn -0.052900 -0.012856 0.998517
vn -0.150471 -0.053629 0.987159
vn -0.151674 -0.057481 0.986758
vn -0.111550 -0.025590 0.993429
vn -0.115254 -0.030852 0.992857
vn -0.129056 -0.037372 0.990933
vn -0.114629 -0.033134 0.992856
vn -0.113961 -0.028047 0.993089
vn -0.042045 -0.750596 0.659422
vn -0.022470 -0.720309 0.693289
vn -0.056937 -0.731668 0.679279
vn -0.044513 -0.748971 0.661106
vn -0.028567 -0.779774 0.625409
vn -0.111391 -0.742282 0.660764
vn -0.092765 -0.716084 0.691823
vn -0.192115 -0.696566 0.691294
vn -0.108310 -0.749228 0.653396
vn -0.117719 -0.761652 0.637203
vn -0.150692 -0.728588 0.668171
vn -0.176301 -0.736224 0.653369
vn -0.187513 -0.747864 0.636818
vn -0.184749 -0.754876 0.629309
vn -0.195803 -0.765664 0.612715
vn -0.221709 -0.744556 0.629667
vn -0.254392 -0.748366 0.612563
vn -0.267490 -0.757651 0.595327
vn -0.478009 -0.178271 0.860074
vn -0.499058 -0.175949 0.848518
vn -0.483162 -0.037231 0.874739
vn -0.520568 -0.059448 0.851748
vn -0.490088 -0.140178 0.860328
vn -0.511783 -0.135101 0.848425
vn -0.557677 -0.064026 0.827585
vn -0.544771 -0.059832 0.836448
vn -0.528713 -0.140329 0.837120
vn -0.563081 -0.062450 0.824038
vn -0.548828 -0.135039 0.824956
vn -0.594127 -0.067225 0.801557
vn -0.589035 -0.185242 0.786590
vn -0.614615 -0.060281 0.786520
vn -0.561442 -0.129393 0.817338
vn -0.581472 -0.062676 0.811149
vn -0.570849 -0.118927 0.812397
vn -0.086682 -0.989844 0.112675
vn -0.178261 -0.975671 0.127628
vn -0.062185 -0.995728 0.068261
vn -0.103599 -0.988846 0.107010
vn -0.636379 -0.204951 0.743651
vn -0.684358 -0.166068 0.709983
vn -0.179278 -0.980031 0.086020
vn -0.180813 -0.979749 0.086015
vn -0.697058 -0.230939 0.678805
vn -0.683274 -0.159067 0.712625
vn -0.040394 -0.998920 0.022961
vn -0.218476 -0.973689 0.064795
vn -0.193647 -0.980049 0.044774
vn -0.095585 -0.993304 0.064892
vn -0.056840 -0.992293 0.110105
vn -0.032371 -0.993793 0.106433
vn -0.717718 -0.269794 0.641944
vn -0.703150 -0.260288 0.661688
vn -0.718106 -0.214229 0.662141
vn -0.727314 -0.086963 0.680773
vn -0.709565 -0.190010 0.678538
vn -0.693790 -0.183588 0.696384
vn -0.658494 -0.104486 0.745298
vn -0.686653 -0.063332 0.724221
vn -0.704892 -0.132129 0.696900
vn -0.665830 -0.024245 0.745710
vn -0.698088 -0.049043 0.714331
vn -0.678778 -0.063310 0.731609
vn -0.692717 -0.112131 0.712440
vn -0.074594 -0.180559 0.980732
vn -0.017716 -0.228307 0.973428
vn -0.014530 -0.358167 0.933544
vn -0.030936 -0.317881 0.947626
vn -0.033478 -0.276955 0.960300
vn -0.022030 -0.235397 0.971650
vn -0.075710 -0.178836 0.980962
vn -0.076062 -0.139003 0.987367
vn -0.043244 -0.053366 0.997638
vn -0.023932 -0.043474 0.998768
vn -0.027500 -0.044668 0.998623
vn -0.030890 -0.045043 0.998507
vn -0.079697 -0.151279 0.985273
vn -0.033711 -0.044477 0.998441
vn -0.035770 -0.043172 0.998427
vn -0.106807 -0.128990 0.985877
vn -0.036219 -0.042582 0.998436
vn -0.037124 -0.041744 0.998438
vn -0.110195 -0.127256 0.985730
vn -0.037436 -0.041537 0.998435
vn -0.037892 -0.040906 0.998444
vn -0.113046 -0.125207 0.985669
vn -0.116640 -0.121341 0.985734
vn -0.115159 -0.123129 0.985686
vn -0.038563 -0.040232 0.998446
vn -0.039374 -0.039577 0.998440
vn -0.119871 -0.117799 0.985776
vn -0.039021 -0.039780 0.998446
vn -0.117215 -0.120855 0.985725
vn -0.118976 -0.118517 0.985798
vn -0.039842 -0.038785 0.998453
vn -0.121149 -0.116371 0.985789
vn -0.040576 -0.038069 0.998451
vn -0.040603 -0.038049 0.998451
vn -0.026599 -0.511794 0.858696
vn -0.046123 -0.474030 0.879300
vn -0.043150 -0.436055 0.898885
vn -0.017849 -0.397628 0.917373
vn -0.073543 -0.468648 0.880318
vn -0.123280 -0.113492 0.985861
vn -0.041254 -0.037090 0.998460
vn -0.124968 -0.110313 0.986009
vn -0.042058 -0.036246 0.998457
vn -0.042029 -0.036269 0.998458
vn -0.153951 -0.232915 0.960234
vn -0.154776 -0.243211 0.957545
vn -0.043186 -0.267909 0.962476
vn -0.078336 -0.471079 0.878606
vn -0.006040 -0.369352 0.929270
vn -0.085312 -0.438925 0.894465
vn -0.136856 -0.350968 0.926332
vn -0.077016 -0.444604 0.892410
vn -0.172863 -0.493261 0.852533
vn -0.042640 -0.035306 0.998466
vn -0.126237 -0.106823 0.986232
vn -0.133249 -0.075427 0.988208
vn -0.143419 -0.078619 0.986534
vn -0.051626 -0.041740 0.997794
vn -0.043416 -0.034414 0.998464
vn -0.044237 -0.032225 0.998501
vn -0.044389 -0.029673 0.998574
vn -0.043922 -0.026883 0.998673
vn -0.042921 -0.023974 0.998791
vn -0.237198 -0.386052 0.891460
vn -0.224729 -0.379902 0.897313
vn -0.251389 -0.594500 0.763789
vn -0.299613 -0.552802 0.777588
vn -0.194713 -0.514371 0.835170
vn -0.286127 -0.312854 0.905679
vn -0.227245 -0.361472 0.904266
vn -0.040517 -0.831399 0.554196
vn -0.062707 -0.805419 0.589379
vn -0.012825 -0.785189 0.619123
vn -0.146774 -0.771887 0.618586
vn -0.193334 -0.482058 0.854542
vn -0.318100 -0.493134 0.809711
vn -0.308194 -0.551181 0.775381
vn -0.397391 -0.492530 0.774270
vn -0.354064 -0.387123 0.851337
vn -0.295104 -0.511298 0.807148
vn -0.394977 -0.428287 0.812751
vn -0.297446 -0.301738 0.905803
vn -0.399545 -0.423997 0.812767
vn -0.292379 -0.306109 0.905987
vn -0.300613 -0.298755 0.905747
vn -0.298646 -0.299481 0.906158
vn -0.303328 -0.294909 0.906102
vn -0.404153 -0.419439 0.812854
vn -0.354013 -0.235597 0.905080
vn -0.363531 -0.235103 0.901428
vn -0.240966 -0.156781 0.957787
vn -0.219746 -0.153470 0.963410
vn -0.362855 -0.233538 0.902107
vn -0.165158 -0.073064 0.983557
vn -0.168993 -0.070858 0.983067
vn -0.199705 -0.010401 0.979801
vn -0.242110 -0.028128 0.969841
vn -0.283870 -0.031383 0.958349
vn -0.325116 -0.020292 0.945457
vn -0.254106 -0.046916 0.966038
vn -0.210753 -0.018750 0.977360
vn -0.063745 -0.807029 0.587061
vn -0.104574 -0.812423 0.573614
vn -0.210282 -0.768581 0.604206
vn -0.195842 -0.779004 0.595650
vn -0.073000 -0.853035 0.516723
vn -0.160735 -0.816016 0.555231
vn -0.084032 -0.827281 0.555468
vn -0.118807 -0.834630 0.537846
vn -0.132367 -0.832620 0.537794
vn -0.081233 -0.873928 0.479219
vn -0.095058 -0.849284 0.519308
vn -0.252508 -0.743337 0.619427
vn -0.317764 -0.640669 0.698977
vn -0.314072 -0.641366 0.700006
vn -0.133754 -0.855180 0.500777
vn -0.115699 -0.846620 0.519470
vn -0.153829 -0.851930 0.500551
vn -0.097950 -0.846747 0.522901
vn -0.425107 -0.556618 0.713765
vn -0.362039 -0.598425 0.714713
vn -0.476144 -0.389698 0.788303
vn -0.483667 -0.331013 0.810245
vn -0.463875 -0.200700 0.862867
vn -0.367066 -0.356553 0.859146
vn -0.414504 -0.090911 0.905495
vn -0.343470 -0.008872 0.939122
vn -0.326663 -0.130569 0.936078
vn -0.459649 -0.170448 0.871591
vn -0.365649 -0.016588 0.930605
vn -0.405253 -0.040045 0.913327
vn -0.444486 -0.040925 0.894851
vn -0.417176 -0.077378 0.905526
vn -0.472704 -0.025122 0.880863
vn -0.471593 -0.151700 0.868670
vn -0.437782 -0.081542 0.895376
vn -0.522196 -0.323888 0.788928
vn -0.482103 -0.292982 0.825675
vn -0.546846 -0.268624 0.792970
vn -0.487391 -0.181837 0.854040
vn -0.531249 -0.283392 0.798413
vn -0.107271 -0.953296 0.282348
vn -0.144890 -0.935822 0.321316
vn -0.212018 -0.927916 0.306628
vn -0.156497 -0.945072 0.286962
vn -0.100497 -0.965260 0.241190
vn -0.517906 -0.442013 0.732392
vn -0.225086 -0.937304 0.266079
vn -0.231770 -0.935712 0.265942
vn -0.089198 -0.975875 0.199280
vn -0.159287 -0.956018 0.246287
vn -0.241274 -0.938926 0.245367
vn -0.608394 -0.372980 0.700530
vn -0.610324 -0.378622 0.695808
vn -0.696176 -0.272676 0.664069
vn -0.583554 -0.348654 0.733420
vn -0.607092 -0.295538 0.737629
vn -0.599162 -0.334330 0.727481
vn -0.234484 -0.945777 0.224772
vn 0.010293 -0.987543 0.157010
vn -0.214881 -0.950350 0.225082
vn -0.134918 -0.975030 0.176390
vn -0.328510 -0.918002 0.222158
vn -0.172364 -0.962078 0.211416
vn -0.450721 -0.860077 0.238993
vn -0.305544 -0.935593 0.176944
vn 0.094298 -0.987775 0.124130
vn -0.291054 -0.935052 0.202398
vn -0.236907 -0.952607 0.190827
vn -0.320712 -0.933455 0.160640
vn -0.444547 -0.876279 0.185775
vn -0.266778 -0.946324 0.182486
vn -0.379275 -0.902972 0.201971
vn -0.391797 -0.901847 0.182120
vn -0.715844 -0.183154 0.673811
vn -0.751947 -0.071017 0.655387
vn -0.757075 -0.079453 0.648479
vn -0.392522 -0.901446 0.182542
vn -0.386643 -0.905852 0.173031
vn -0.767678 -0.074018 0.636547
vn -0.751552 -0.175100 0.636011
vn -0.389112 -0.906591 0.163352
vn -0.391733 -0.905455 0.163391
vn -0.717443 -0.267921 0.643035
vn -0.774879 -0.151459 0.613696
vn -0.580317 -0.804730 0.125064
vn -0.505400 -0.854685 0.118676
vn -0.452483 -0.878294 0.154463
vn -0.407532 -0.900087 0.154144
vn -0.780806 -0.081369 0.619452
vn -0.774917 -0.123482 0.619883
vn -0.784117 -0.088205 0.614313
vn -0.811177 -0.071185 0.580452
vn -0.776841 -0.215987 0.591496
vn -0.787401 -0.170538 0.592382
vn -0.788501 -0.128834 0.601388
vn -0.832622 -0.109452 0.542919
vn -0.812311 -0.107387 0.573253
vn -0.065093 -0.912728 0.403350
vn -0.120893 -0.890037 0.439568
vn -0.081014 -0.882278 0.463705
vn -0.127259 -0.873606 0.469700
vn -0.087183 -0.927529 0.363442
vn -0.040732 -0.893187 0.447836
vn -0.151470 -0.895671 0.418128
vn -0.078743 -0.929274 0.360902
vn -0.274297 -0.848409 0.452728
vn -0.252003 -0.793282 0.554254
vn -0.267403 -0.789961 0.551776
vn -0.385385 -0.736217 0.556294
vn -0.220856 -0.855244 0.468807
vn -0.362784 -0.672357 0.645232
vn -0.480982 -0.665546 0.570706
vn -0.368037 -0.670443 0.644248
vn -0.357129 -0.742958 0.566102
vn -0.310510 -0.879335 0.361044
vn -0.215233 -0.895956 0.388507
vn -0.525319 -0.585999 0.616965
vn -0.599194 -0.386942 0.700887
vn -0.208634 -0.928662 0.306690
vn -0.175544 -0.940200 0.291906
vn -0.426573 -0.818587 0.384643
vn -0.176058 -0.908248 0.379590
vn -0.156640 -0.945049 0.286962
vn -0.281435 -0.890545 0.357385
vn -0.406358 -0.782248 0.472188
vn -0.360050 -0.842268 0.401185
vn -0.362597 -0.795599 0.485330
vn -0.357382 -0.876163 0.323444
vn -0.482453 -0.825280 0.293516
vn -0.578032 -0.709410 0.403257
vn -0.504059 -0.751563 0.425533
vn -0.343095 -0.870116 0.353813
vn -0.683183 -0.485157 0.545788
vn -0.709208 -0.314705 0.630861
vn -0.719625 -0.264964 0.641821
vn -0.705673 -0.394144 0.588793
vn -0.568980 -0.495135 0.656584
vn -0.661836 -0.511844 0.547712
vn -0.283197 -0.932994 0.222084
vn -0.305986 -0.924634 0.226771
vn -0.293905 -0.903704 0.311350
vn -0.349338 -0.905317 0.241585
vn -0.437293 -0.851530 0.289261
vn -0.579210 -0.750802 0.317509
vn -0.554838 -0.690203 0.464515
vn -0.602320 -0.658912 0.450607
vn -0.176549 -0.968683 0.174597
vn -0.210230 -0.961373 0.177663
vn -0.071086 -0.984713 0.159022
vn -0.661612 -0.714702 0.226873
vn -0.493977 -0.829962 0.259134
vn -0.768464 -0.510841 0.385363
vn -0.735994 -0.588024 0.335470
vn -0.575119 -0.722144 0.384378
vn -0.716623 -0.567665 0.405227
vn -0.662892 -0.642632 0.384185
vn -0.810407 -0.337453 0.478923
vn -0.720376 -0.511102 0.468863
vn -0.611819 -0.609017 0.504753
vn -0.771430 -0.426282 0.472419
vn -0.694085 -0.415480 0.587897
vn -0.807348 -0.172193 0.564392
vn -0.815379 -0.250075 0.522130
vn -0.810482 -0.118752 0.573599
vn -0.650091 -0.707486 0.277210
vn -0.515721 -0.803569 0.297167
vn -0.854368 -0.494474 0.159846
vn -0.544808 -0.809930 0.217248
vn -0.937286 -0.279133 0.208757
vn -0.870623 -0.443764 0.212342
vn -0.872844 -0.440378 0.210262
vn -0.803223 -0.559549 0.204297
vn -0.747036 -0.635763 0.194272
vn -0.702308 -0.689535 0.176931
vn -0.948038 -0.278176 0.154406
vn -0.748983 -0.636659 0.183548
vn -0.916167 -0.368675 0.157218
vn -0.680903 -0.711945 0.171772
vn -0.702853 -0.691509 0.166771
vn -0.878342 -0.451157 0.158025
vn -0.898329 -0.307805 0.313467
vn -0.841757 -0.451893 0.295360
vn -0.751990 -0.636091 0.172914
vn -0.677303 -0.717852 0.161086
vn -0.832118 -0.531962 0.156832
vn -0.739735 -0.652725 0.163530
vn -0.700664 -0.696318 0.155600
vn -0.785708 -0.599146 0.153909
vn -0.830833 -0.484296 0.274178
vn -0.830946 -0.484071 0.274233
vn -0.707123 -0.690890 0.150491
vn -0.745024 -0.649952 0.150005
vn -0.868969 -0.462793 0.175257
vn -0.714213 -0.684545 0.145938
vn -0.686735 -0.712084 0.146054
vn -0.792543 -0.588876 0.158431
vn -0.841279 -0.471872 0.263791
vn -0.909117 -0.113745 0.400710
vn -0.888219 -0.283806 0.361277
vn -0.908423 -0.120554 0.400294
vn -0.715389 -0.556643 0.422335
vn -0.892941 -0.237516 0.382418
vn -0.905803 -0.220572 0.361757
vn -0.833552 -0.490785 0.253616
vn -0.833345 -0.491359 0.253186
vn -0.834390 -0.489369 0.253597
vn -0.893785 -0.274244 0.354879
vn -0.890793 -0.283631 0.355024
vn -0.797943 -0.316046 0.513227
vn -0.858925 0.059562 0.508626
vn -0.875693 -0.116081 0.468708
vn -0.865737 -0.036742 0.499148
vn -0.890748 -0.061352 0.450338
vn -0.845700 -0.475242 0.242768
vn -0.798453 -0.550765 0.243169
vn -0.775376 -0.589786 0.225709
vn -0.810400 -0.536550 0.235300
vn -0.838680 -0.491281 0.235071
vn -0.875772 -0.337773 0.344866
vn -0.896500 -0.278437 0.344616
vn -0.894983 -0.288028 0.340654
vn -0.828650 -0.510264 0.230151
vn -0.797012 -0.558419 0.230087
vn -0.834552 -0.499696 0.232005
vn -0.774769 -0.594484 0.215224
vn -0.889512 -0.112659 0.442805
vn -0.892095 -0.142216 0.428884
vn -0.890041 -0.108347 0.442818
vn -0.901041 -0.276426 0.334237
vn -0.867454 -0.368593 0.334158
vn -0.849813 -0.478126 0.221841
vn -0.803181 -0.552743 0.222205
vn -0.775193 -0.597590 0.204848
vn -0.840790 -0.497194 0.214175
vn -0.818107 -0.533619 0.214365
vn -0.875714 -0.365650 0.315318
vn -0.904089 -0.276851 0.325542
vn -0.903351 -0.280966 0.324059
vn -0.867867 -0.376763 0.323817
vn -0.827468 -0.521118 0.209122
vn -0.801185 -0.560720 0.209036
vn -0.833290 -0.511176 0.210538
vn -0.773939 -0.602742 0.194216
vn -0.905984 -0.281312 0.316317
vn -0.876682 -0.362465 0.316304
vn -0.897781 -0.122974 0.422927
vn -0.890938 -0.167373 0.422155
vn -0.907398 -0.277797 0.315370
vn -0.905028 -0.289756 0.311392
vn -0.873995 -0.373264 0.311139
vn -0.772997 -0.607287 0.183515
vn -0.808515 -0.553073 0.201033
vn -0.852981 -0.481812 0.200701
vn -0.826516 -0.528854 0.192832
vn -0.840468 -0.506395 0.192816
vn -0.840175 -0.506912 0.192734
vn -0.901163 -0.161788 0.402157
vn -0.897622 -0.168670 0.407217
vn -0.905049 -0.120072 0.408006
vn -0.906519 -0.297590 0.299438
vn -0.909525 -0.283809 0.303672
vn -0.882295 -0.366905 0.294849
vn -0.873688 -0.380290 0.303394
vn -0.791449 -0.586335 0.172682
vn -0.789380 -0.585772 0.183713
vn -0.855687 -0.483792 0.183697
vn -0.825486 -0.536387 0.175675
vn -0.770165 -0.616507 0.163600
vn -0.909252 -0.372231 0.186291
vn -0.803003 -0.569541 0.175526
vn -0.925746 -0.324818 0.193615
vn -0.902578 -0.178251 0.391893
vn -0.908484 -0.152508 0.389099
vn -0.909741 -0.162483 0.382060
vn -0.909154 -0.138607 0.392718
vn -0.916734 -0.280811 0.284156
vn -0.888981 -0.366867 0.274085
vn -0.919981 -0.266068 0.287824
vn -0.872938 -0.394021 0.287623
vn -0.917300 -0.289213 0.273710
vn -0.890461 -0.362557 0.275013
vn -0.917883 -0.286165 0.274954
vn -0.917226 -0.126881 0.377620
vn -0.910206 -0.171694 0.376891
vn -0.917950 -0.162857 0.361724
vn -0.921756 -0.123750 0.367494
vn -0.914249 -0.172147 0.366762
vn -0.923952 -0.276317 0.264503
vn -0.914678 -0.311656 0.257360
vn -0.895490 -0.366093 0.253126
vn -0.880295 -0.394038 0.264227
vn -0.917962 -0.184610 0.351091
vn -0.924341 -0.147614 0.351858
vn -0.922771 -0.164949 0.348262
vn -0.925839 -0.162700 0.341102
vn -0.934359 -0.258074 0.245704
vn -0.878882 -0.409018 0.245500
vn -0.928081 -0.282934 0.242105
vn -0.902434 -0.363056 0.231957
vn -0.905569 -0.354455 0.233038
vn -0.927976 -0.290887 0.232906
vn -0.925460 -0.175294 0.335851
vn -0.928975 -0.175551 0.325865
vn -0.932955 -0.127779 0.336551
vn -0.929262 -0.169290 0.328348
vn -0.936148 -0.124301 0.328900
vn -0.888778 -0.400041 0.223699
vn -0.918158 -0.326614 0.224298
vn -0.914767 -0.336568 0.223434
vn -0.905036 -0.369453 0.210747
vn -0.932343 -0.176275 0.315696
vn -0.929829 -0.176163 0.323087
vn -0.937388 -0.128390 0.323760
vn -0.937748 -0.274874 0.212304
vn -0.932235 -0.295865 0.208333
vn -0.915609 -0.341209 0.212687
vn -0.938794 -0.279219 0.201750
vn -0.891177 -0.406471 0.201458
vn -0.925010 -0.324452 0.197703
vn -0.926474 -0.320420 0.197427
vn -0.905699 -0.377450 0.192981
vn -0.940429 -0.160207 0.299877
vn -0.022859 0.000000 0.999739
vn -0.068096 0.000092 0.997679
vn -0.024660 -0.000050 0.999696
vn -0.112667 0.000205 0.993633
vn -0.073918 -0.000049 0.997264
vn -0.156544 0.000318 0.987671
vn -0.122990 -0.000014 0.992408
vn -0.199716 0.000415 0.979854
vn -0.171755 0.000044 0.985140
vn -0.242206 0.000482 0.970225
vn -0.220128 0.000112 0.975471
vn -0.284010 0.000507 0.958821
vn -0.267951 0.000181 0.963433
vn -0.325182 0.000487 0.945651
vn -0.315118 0.000245 0.949052
vn -0.361530 0.000300 0.932360
vn -0.365699 0.000417 0.930733
vn -0.405578 0.000349 0.914060
vn -0.407060 0.000301 0.913401
vn -0.444858 0.000371 0.895601
vn -0.451586 0.000177 0.892227
vn -0.483497 0.000354 0.875346
vn -0.495026 0.000055 0.868878
vn -0.521491 0.000308 0.853257
vn -0.537261 -0.000052 0.843416
vn -0.558824 0.000244 0.829286
vn -0.578191 -0.000133 0.815901
vn -0.595475 0.000182 0.803374
vn -0.617708 -0.000174 0.786407
vn -0.631340 0.000142 0.775507
vn -0.655734 -0.000158 0.754992
vn -0.666025 0.000135 0.745929
vn -0.692154 -0.000082 0.721750
vn -0.698929 0.000151 0.715191
vn -0.726895 0.000039 0.686749
vn -0.730080 0.000170 0.683362
vn -0.759476 0.000191 0.650535
vn -0.759870 0.000175 0.650075
vn -0.787185 0.000337 0.616716
vn -0.790997 0.000189 0.611820
vn -0.813240 0.000451 0.581929
vn -0.820195 0.000203 0.572084
vn -0.837655 0.000524 0.546200
vn -0.847403 0.000211 0.530950
vn -0.860452 0.000550 0.509531
vn -0.881653 0.000526 0.471898
vn -0.872546 0.000209 0.488533
vn -0.901255 0.000456 0.433288
vn -0.895572 0.000198 0.444916
vn -0.919237 0.000345 0.393704
vn -0.916420 0.000180 0.400219
vn -0.935586 0.000202 0.353098
vn -0.950256 0.000154 0.311471
vn -0.935034 0.000161 0.354558
vn -0.951378 0.000050 0.308027
vn -0.963196 0.000139 0.268799
vn -0.972559 0.000084 0.232655
vn -0.965407 -0.000073 0.260748
vn -0.979088 0.000000 0.203436
vn -0.977088 -0.000174 0.212836
vn 0.024679 0.139133 0.989966
vn 0.024688 0.139130 0.989966
vn -0.024679 0.139133 0.989966
vn -0.024688 0.139130 0.989966
vn 0.074004 0.139130 0.987505
vn 0.123139 0.139130 0.982588
vn 0.049399 0.133682 0.989792
vn 0.171955 0.139131 0.975230
vn 0.220358 0.139131 0.965446
vn 0.147704 0.133683 0.979955
vn 0.268209 0.139132 0.953261
vn 0.315393 0.139132 0.938706
vn 0.244542 0.133683 0.960379
vn 0.049363 0.139003 0.989061
vn 0.049362 0.139003 0.989061
vn 0.338952 0.133684 0.931257
vn 0.361781 0.139130 0.921823
vn 0.407287 0.139130 0.902641
vn 0.147594 0.139003 0.979231
vn 0.147594 0.139003 0.979231
vn 0.451778 0.139132 0.881215
vn 0.495134 0.139131 0.857604
vn 0.429989 0.133682 0.892882
vn 0.244361 0.139003 0.959670
vn 0.244363 0.139003 0.959669
vn 0.049362 0.139003 0.989061
vn 0.049362 0.139003 0.989061
vn 0.537275 0.139131 0.831852
vn 0.578067 0.139131 0.804041
vn 0.516757 0.133682 0.845631
vn 0.338700 0.139003 0.930570
vn 0.338702 0.139003 0.930569
vn 0.147594 0.139004 0.979231
vn 0.147593 0.139003 0.979232
vn 0.617423 0.139132 0.774229
vn 0.655250 0.139132 0.742489
vn 0.598383 0.133683 0.789979
vn 0.429671 0.139003 0.892222
vn 0.429672 0.139003 0.892222
vn 0.244366 0.139004 0.959668
vn 0.244363 0.139002 0.959669
vn 0.049362 0.139003 0.989061
vn 0.049362 0.139003 0.989061
vn 0.691447 0.139132 0.708903
vn 0.725919 0.139132 0.673560
vn 0.674067 0.133683 0.726473
vn 0.516375 0.139005 0.845006
vn 0.516371 0.139003 0.845008
vn 0.338699 0.139002 0.930570
vn 0.338700 0.139003 0.930570
vn 0.147596 0.139003 0.979231
vn 0.147593 0.139001 0.979232
vn 0.758596 0.139131 0.636534
vn 0.789380 0.139131 0.597931
vn 0.743053 0.133682 0.655745
vn 0.597941 0.139002 0.789396
vn 0.597946 0.139005 0.789391
vn 0.429672 0.139004 0.892222
vn 0.429669 0.139003 0.892224
vn 0.244366 0.139005 0.959668
vn 0.244359 0.139001 0.959670
vn 0.049362 0.139003 0.989061
vn 0.049362 0.139003 0.989061
vn 0.818203 0.139131 0.557841
vn 0.844992 0.139131 0.516364
vn 0.804650 0.133682 0.578504
vn 0.673569 0.139003 0.725936
vn 0.673568 0.139002 0.725937
vn 0.516372 0.139004 0.845007
vn 0.516371 0.139004 0.845008
vn 0.338699 0.139003 0.930570
vn 0.338703 0.139005 0.930569
vn 0.147596 0.139003 0.979231
vn 0.147596 0.139003 0.979231
vn 0.858253 0.133682 0.495511
vn 0.869680 0.139130 0.473603
vn 0.892206 0.139130 0.429665
vn 0.742504 0.139003 0.655260
vn 0.742503 0.139003 0.655261
vn 0.597946 0.139004 0.789391
vn 0.597946 0.139004 0.789391
vn 0.429670 0.139003 0.892223
vn 0.429669 0.139002 0.892224
vn 0.244361 0.139003 0.959670
vn 0.244359 0.139003 0.959670
vn 0.049361 0.139005 0.989061
vn 0.049315 0.145497 0.988129
vn 0.049362 0.139005 0.989061
vn 0.123135 0.139130 0.982589
vn 0.074003 0.139130 0.987505
vn 0.912515 0.139131 0.384655
vn 0.930554 0.139131 0.338692
vn 0.903324 0.133682 0.407597
vn 0.804056 0.139004 0.578076
vn 0.804055 0.139003 0.578077
vn 0.673570 0.139004 0.725935
vn 0.742503 0.139003 0.655261
vn 0.673568 0.139003 0.725937
vn 0.516373 0.139003 0.845007
vn 0.516371 0.139002 0.845008
vn 0.338702 0.139005 0.930569
vn 0.338698 0.139003 0.930571
vn 0.147460 0.145498 0.978308
vn 0.147599 0.139005 0.979230
vn 0.147596 0.139004 0.979231
vn 0.220352 0.139131 0.965447
vn 0.171964 0.139131 0.975229
vn 0.946278 0.139131 0.291892
vn 0.959652 0.139131 0.244357
vn 0.939419 0.133683 0.315628
vn 0.857618 0.139004 0.495146
vn 0.857618 0.139004 0.495145
vn 0.742502 0.139003 0.655263
vn 0.804055 0.139003 0.578077
vn 0.597944 0.139003 0.789393
vn 0.597946 0.139004 0.789391
vn 0.429671 0.139005 0.892222
vn 0.429670 0.139005 0.892223
vn 0.244359 0.139004 0.959670
vn 0.244128 0.145498 0.958766
vn 0.315392 0.139130 0.938707
vn 0.268209 0.139130 0.953261
vn 0.244361 0.139005 0.959669
vn 0.966177 0.133683 0.220524
vn 0.970639 0.139130 0.196221
vn 0.979214 0.139130 0.147589
vn 0.902656 0.139003 0.407296
vn 0.902657 0.139004 0.407294
vn 0.804055 0.139003 0.578077
vn 0.673569 0.139004 0.725936
vn 0.742502 0.139005 0.655263
vn 0.673569 0.139005 0.725935
vn 0.516373 0.139005 0.845007
vn 0.516371 0.139004 0.845008
vn 0.338701 0.139005 0.930570
vn 0.338381 0.145496 0.929693
vn 0.338698 0.139003 0.930571
vn 0.407285 0.139130 0.902641
vn 0.361785 0.139130 0.921821
vn 0.985353 0.139131 0.098603
vn 0.989043 0.139131 0.049357
vn 0.983333 0.133683 0.123228
vn 0.938724 0.139003 0.315396
vn 0.938725 0.139004 0.315394
vn 0.857618 0.139003 0.495146
vn 0.857618 0.139003 0.495146
vn 0.742502 0.139005 0.655262
vn 0.597943 0.139004 0.789393
vn 0.597943 0.139004 0.789393
vn 0.429268 0.145498 0.891381
vn 0.429673 0.139003 0.892222
vn 0.429671 0.139002 0.892223
vn 0.495138 0.139131 0.857602
vn 0.451773 0.139132 0.881217
vn 0.990274 0.139130 -0.000000
vn 0.989043 0.139130 -0.049357
vn 0.990716 0.133683 0.024705
vn 0.965463 0.139004 0.220360
vn 0.965463 0.139003 0.220361
vn 0.902657 0.139004 0.407294
vn 0.902656 0.139003 0.407296
vn 0.804055 0.139004 0.578077
vn 0.804056 0.139005 0.578076
vn 0.673570 0.139004 0.725935
vn 0.673569 0.139003 0.725936
vn 0.597944 0.139003 0.789393
vn 0.515885 0.145497 0.844211
vn 0.516372 0.139002 0.845008
vn 0.578070 0.139131 0.804038
vn 0.537269 0.139131 0.831856
vn 0.516373 0.139003 0.845007
vn 0.985353 0.139131 -0.098603
vn 0.979214 0.139131 -0.147589
vn 0.988253 0.133682 -0.074057
vn 0.982606 0.139003 0.123137
vn 0.982606 0.139003 0.123137
vn 0.938725 0.139004 0.315395
vn 0.938724 0.139003 0.315396
vn 0.857618 0.139004 0.495145
vn 0.857618 0.139004 0.495147
vn 0.742501 0.139003 0.655264
vn 0.742502 0.139003 0.655263
vn 0.597378 0.145496 0.788651
vn 0.597941 0.139004 0.789395
vn 0.655248 0.139129 0.742491
vn 0.617425 0.139129 0.774228
vn 0.975968 0.133682 -0.172089
vn 0.970639 0.139131 -0.196219
vn 0.959652 0.139131 -0.244359
vn 0.989984 0.139004 0.024687
vn 0.989984 0.139003 0.024689
vn 0.965463 0.139004 0.220360
vn 0.965463 0.139003 0.220360
vn 0.902657 0.139004 0.407294
vn 0.902656 0.139003 0.407296
vn 0.804056 0.139003 0.578076
vn 0.804056 0.139003 0.578076
vn 0.672937 0.145497 0.725249
vn 0.673572 0.139004 0.725933
vn 0.725925 0.139131 0.673555
vn 0.691446 0.139131 0.708904
vn 0.673570 0.139003 0.725935
vn 0.953983 0.133682 -0.268412
vn 0.946279 0.139131 -0.291890
vn 0.930554 0.139130 -0.338692
vn 0.987523 0.139004 -0.074006
vn 0.987523 0.139003 -0.074003
vn 0.982606 0.139004 0.123136
vn 0.982606 0.139003 0.123137
vn 0.938725 0.139003 0.315393
vn 0.938725 0.139002 0.315395
vn 0.965464 0.139002 0.220360
vn 0.857618 0.139003 0.495146
vn 0.857618 0.139003 0.495147
vn 0.741801 0.145496 0.654646
vn 0.742501 0.139003 0.655264
vn 0.742501 0.139003 0.655264
vn 0.789381 0.139131 0.597930
vn 0.758591 0.139131 0.636540
vn 0.912513 0.139130 -0.384659
vn 0.892206 0.139130 -0.429665
vn 0.922518 0.133682 -0.362062
vn 0.975247 0.139003 -0.171962
vn 0.953278 0.139003 -0.268213
vn 0.975248 0.139003 -0.171961
vn 0.989984 0.139003 0.024688
vn 0.989984 0.139003 0.024689
vn 0.965463 0.139003 0.220362
vn 0.938725 0.139003 0.315393
vn 0.902657 0.139003 0.407294
vn 0.902657 0.139003 0.407294
vn 0.804056 0.139003 0.578076
vn 0.804056 0.139004 0.578076
vn 0.844993 0.139131 0.516363
vn 0.818202 0.139131 0.557842
vn 0.803298 0.145497 0.577532
vn 0.881885 0.133682 -0.452115
vn 0.869680 0.139131 -0.473603
vn 0.844992 0.139131 -0.516364
vn 0.953279 0.139004 -0.268211
vn 0.987523 0.139003 -0.074004
vn 0.987523 0.139004 -0.074006
vn 0.982606 0.139003 0.123137
vn 0.982606 0.139004 0.123136
vn 0.938725 0.139004 0.315394
vn 0.965463 0.139004 0.220362
vn 0.857618 0.139004 0.495145
vn 0.856810 0.145497 0.494679
vn 0.892206 0.139130 0.429663
vn 0.869681 0.139130 0.473601
vn 0.857618 0.139003 0.495146
vn 0.902657 0.139003 0.407294
vn 0.818203 0.139131 -0.557841
vn 0.789384 0.139131 -0.597926
vn 0.832486 0.133683 -0.537676
vn 0.921836 0.139004 -0.361795
vn 0.921837 0.139004 -0.361794
vn 0.975247 0.139004 -0.171964
vn 0.975248 0.139002 -0.171961
vn 0.953279 0.139003 -0.268211
vn 0.989984 0.139003 0.024688
vn 0.989984 0.139003 0.024688
vn 0.965463 0.139004 0.220362
vn 0.982606 0.139004 0.123137
vn 0.901806 0.145496 0.406912
vn 0.902656 0.139004 0.407296
vn 0.930553 0.139130 0.338694
vn 0.912514 0.139130 0.384658
vn 0.758591 0.139130 -0.636539
vn 0.725924 0.139130 -0.673555
vn 0.774813 0.133681 -0.617894
vn 0.881233 0.139003 -0.451781
vn 0.881232 0.139004 -0.451783
vn 0.953280 0.139004 -0.268208
vn 0.987523 0.139003 -0.074005
vn 0.987523 0.139003 -0.074004
vn 0.975247 0.139003 -0.171964
vn 0.982607 0.139003 0.123136
vn 0.937841 0.145497 0.315096
vn 0.959651 0.139131 0.244360
vn 0.946279 0.139131 0.291887
vn 0.938725 0.139004 0.315393
vn 0.938725 0.139003 0.315394
vn 0.691441 0.139131 -0.708908
vn 0.655250 0.139131 -0.742489
vn 0.709443 0.133681 -0.691968
vn 0.831871 0.139004 -0.537278
vn 0.831872 0.139003 -0.537277
vn 0.921837 0.139003 -0.361795
vn 0.921836 0.139004 -0.361796
vn 0.975247 0.139004 -0.171962
vn 0.953280 0.139004 -0.268208
vn 0.989984 0.139003 0.024689
vn 0.989984 0.139004 0.024688
vn 0.964553 0.145498 0.220153
vn 0.965463 0.139003 0.220361
vn 0.979213 0.139130 0.147593
vn 0.970640 0.139130 0.196217
vn 0.965463 0.139003 0.220362
vn 0.617430 0.139131 -0.774224
vn 0.637018 0.133683 -0.759168
vn 0.578067 0.139131 -0.804041
vn 0.774240 0.139005 -0.617438
vn 0.774242 0.139004 -0.617436
vn 0.881232 0.139005 -0.451782
vn 0.881234 0.139003 -0.451780
vn 0.953279 0.139002 -0.268211
vn 0.975247 0.139004 -0.171962
vn 0.987523 0.139004 -0.074005
vn 0.987523 0.139004 -0.074005
vn 0.982607 0.139003 0.123136
vn 0.982607 0.139003 0.123136
vn 0.981681 0.145497 0.123020
vn 0.989043 0.139131 0.049362
vn 0.985353 0.139131 0.098599
vn 0.558263 0.133682 -0.818824
vn 0.537267 0.139130 -0.831857
vn 0.495142 0.139130 -0.857600
vn 0.636548 0.139004 -0.758607
vn 0.708917 0.139005 -0.691458
vn 0.708918 0.139004 -0.691457
vn 0.831870 0.139005 -0.537280
vn 0.831872 0.139003 -0.537277
vn 0.921837 0.139002 -0.361795
vn 0.921836 0.139003 -0.361796
vn 0.975247 0.139004 -0.171963
vn 0.989984 0.139003 0.024689
vn 0.989984 0.139003 0.024689
vn 0.989043 0.139131 -0.049362
vn 0.990274 0.139131 0.000000
vn 0.989051 0.145497 0.024665
vn 0.473960 0.133681 -0.870340
vn 0.451769 0.139130 -0.881219
vn 0.407287 0.139130 -0.902641
vn 0.636546 0.139003 -0.758609
vn 0.774242 0.139003 -0.617436
vn 0.774242 0.139003 -0.617437
vn 0.881234 0.139003 -0.451780
vn 0.881234 0.139003 -0.451779
vn 0.953279 0.139004 -0.268211
vn 0.953279 0.139004 -0.268211
vn 0.987523 0.139003 -0.074005
vn 0.986592 0.145497 -0.073935
vn 0.987523 0.139003 -0.074004
vn 0.979214 0.139131 -0.147592
vn 0.985353 0.139131 -0.098599
vn 0.384951 0.133682 -0.913204
vn 0.361790 0.139131 -0.921819
vn 0.315383 0.139130 -0.938710
vn 0.557850 0.139003 -0.818219
vn 0.557850 0.139003 -0.818218
vn 0.708917 0.139003 -0.691458
vn 0.636546 0.139003 -0.758609
vn 0.708917 0.139003 -0.691459
vn 0.774242 0.139004 -0.617437
vn 0.831870 0.139003 -0.537280
vn 0.831870 0.139004 -0.537280
vn 0.921837 0.139004 -0.361794
vn 0.921836 0.139004 -0.361795
vn 0.974328 0.145497 -0.171800
vn 0.959652 0.139131 -0.244358
vn 0.970639 0.139131 -0.196219
vn 0.975247 0.139003 -0.171962
vn 0.975247 0.139004 -0.171963
vn 0.268209 0.139131 -0.953261
vn 0.220358 0.139131 -0.965445
vn 0.292109 0.133684 -0.946996
vn 0.473614 0.139003 -0.869694
vn 0.473610 0.139005 -0.869696
vn 0.636547 0.139003 -0.758608
vn 0.774240 0.139003 -0.617438
vn 0.831870 0.139003 -0.537280
vn 0.881233 0.139004 -0.451780
vn 0.881234 0.139003 -0.451779
vn 0.953279 0.139003 -0.268211
vn 0.921837 0.139003 -0.361794
vn 0.952381 0.145497 -0.267958
vn 0.930553 0.139131 -0.338694
vn 0.946279 0.139131 -0.291887
vn 0.953279 0.139004 -0.268211
vn 0.171955 0.139132 -0.975230
vn 0.123139 0.139132 -0.982588
vn 0.196367 0.133683 -0.971375
vn 0.384663 0.139005 -0.912531
vn 0.384666 0.139003 -0.912529
vn 0.473614 0.139005 -0.869694
vn 0.557854 0.139003 -0.818216
vn 0.557850 0.139005 -0.818218
vn 0.708917 0.139004 -0.691458
vn 0.708919 0.139003 -0.691456
vn 0.831870 0.139003 -0.537281
vn 0.921837 0.139003 -0.361795
vn 0.920968 0.145498 -0.361454
vn 0.892208 0.139130 -0.429660
vn 0.912512 0.139130 -0.384661
vn 0.098675 0.133683 -0.986100
vn 0.074004 0.139131 -0.987505
vn 0.024689 0.139131 -0.989966
vn 0.291894 0.139004 -0.946296
vn 0.291896 0.139003 -0.946295
vn 0.473609 0.139003 -0.869697
vn 0.636546 0.139003 -0.758608
vn 0.636545 0.139004 -0.758609
vn 0.774242 0.139003 -0.617436
vn 0.774240 0.139004 -0.617438
vn 0.881234 0.139003 -0.451780
vn 0.844993 0.139130 -0.516363
vn 0.869679 0.139130 -0.473605
vn 0.880403 0.145497 -0.451354
vn 0.881234 0.139003 -0.451780
vn -0.024689 0.139131 -0.989966
vn -0.074004 0.139131 -0.987505
vn 0.000000 0.133682 -0.991024
vn 0.196222 0.139004 -0.970657
vn 0.196223 0.139004 -0.970657
vn 0.384663 0.139003 -0.912531
vn 0.384663 0.139003 -0.912531
vn 0.557853 0.139003 -0.818216
vn 0.557854 0.139003 -0.818216
vn 0.708919 0.139003 -0.691456
vn 0.708917 0.139004 -0.691459
vn 0.831870 0.139004 -0.537281
vn 0.789381 0.139130 -0.597930
vn 0.818202 0.139130 -0.557842
vn 0.831870 0.139003 -0.537280
vn 0.831087 0.145497 -0.536774
vn -0.123139 0.139132 -0.982588
vn -0.171955 0.139132 -0.975230
vn -0.098675 0.133683 -0.986100
vn 0.098602 0.139004 -0.985371
vn 0.098600 0.139004 -0.985371
vn 0.291893 0.139003 -0.946296
vn 0.291896 0.139002 -0.946295
vn 0.473609 0.139003 -0.869697
vn 0.473609 0.139003 -0.869697
vn 0.636545 0.139003 -0.758609
vn 0.636547 0.139003 -0.758608
vn 0.557853 0.139003 -0.818216
vn 0.773511 0.145497 -0.616856
vn 0.725921 0.139132 -0.673559
vn 0.758594 0.139131 -0.636535
vn 0.774241 0.139004 -0.617438
vn 0.774242 0.139003 -0.617436
vn -0.220358 0.139131 -0.965445
vn -0.268209 0.139131 -0.953261
vn -0.196367 0.133683 -0.971375
vn 0.000000 0.139004 -0.990292
vn 0.000000 0.139004 -0.990292
vn 0.196224 0.139002 -0.970657
vn 0.098600 0.139002 -0.985371
vn 0.196223 0.139002 -0.970657
vn 0.291893 0.139003 -0.946296
vn 0.384664 0.139003 -0.912531
vn 0.384663 0.139003 -0.912531
vn 0.557853 0.139003 -0.818217
vn 0.708917 0.139004 -0.691459
vn 0.708251 0.145497 -0.690805
vn 0.655253 0.139130 -0.742487
vn 0.691446 0.139130 -0.708904
vn 0.708919 0.139003 -0.691457
vn -0.292109 0.133684 -0.946996
vn -0.315383 0.139130 -0.938710
vn -0.361790 0.139131 -0.921819
vn -0.098602 0.139005 -0.985371
vn -0.196222 0.139004 -0.970657
vn -0.098600 0.139004 -0.985371
vn 0.098603 0.139004 -0.985371
vn 0.196224 0.139004 -0.970657
vn 0.291895 0.139004 -0.946295
vn 0.473609 0.139005 -0.869697
vn 0.473612 0.139003 -0.869695
vn 0.636547 0.139004 -0.758608
vn 0.635947 0.145497 -0.757893
vn 0.578065 0.139131 -0.804042
vn 0.617425 0.139131 -0.774228
vn 0.636547 0.139004 -0.758608
vn -0.407287 0.139130 -0.902641
vn -0.451769 0.139130 -0.881219
vn -0.384951 0.133682 -0.913204
vn -0.196223 0.139004 -0.970657
vn 0.000000 0.139004 -0.990292
vn 0.000000 0.139004 -0.990292
vn 0.196224 0.139005 -0.970656
vn 0.384664 0.139003 -0.912531
vn 0.384661 0.139005 -0.912531
vn 0.291895 0.139003 -0.946295
vn 0.557853 0.139003 -0.818217
vn 0.557850 0.139005 -0.818218
vn 0.495138 0.139130 -0.857602
vn 0.537269 0.139130 -0.831856
vn 0.557325 0.145497 -0.817447
vn -0.495142 0.139130 -0.857600
vn -0.537267 0.139130 -0.831857
vn -0.473960 0.133681 -0.870340
vn -0.291896 0.139004 -0.946295
vn -0.291894 0.139003 -0.946296
vn -0.098600 0.139002 -0.985371
vn -0.196223 0.139002 -0.970657
vn -0.098603 0.139004 -0.985371
vn 0.098601 0.139005 -0.985371
vn 0.098603 0.139004 -0.985371
vn 0.291897 0.139004 -0.946295
vn 0.473612 0.139003 -0.869695
vn 0.407285 0.139130 -0.902641
vn 0.451773 0.139130 -0.881217
vn 0.473165 0.145497 -0.868876
vn 0.473612 0.139003 -0.869695
vn 0.384661 0.139003 -0.912532
vn -0.578067 0.139131 -0.804041
vn -0.617430 0.139131 -0.774224
vn -0.558263 0.133682 -0.818824
vn -0.384663 0.139003 -0.912531
vn -0.384666 0.139005 -0.912529
vn -0.196224 0.139002 -0.970657
vn 0.000000 0.139004 -0.990292
vn -0.098603 0.139004 -0.985371
vn 0.000000 0.139004 -0.990292
vn 0.196224 0.139002 -0.970657
vn 0.196221 0.139004 -0.970657
vn 0.384302 0.145496 -0.911670
vn 0.315384 0.139130 -0.938710
vn 0.361793 0.139131 -0.921818
vn 0.384665 0.139005 -0.912530
vn -0.655250 0.139131 -0.742489
vn -0.637018 0.133683 -0.759168
vn -0.691441 0.139131 -0.708908
vn -0.473610 0.139003 -0.869696
vn -0.473614 0.139005 -0.869694
vn -0.291893 0.139002 -0.946296
vn -0.291896 0.139003 -0.946295
vn -0.098601 0.139005 -0.985371
vn 0.098601 0.139001 -0.985371
vn 0.098600 0.139002 -0.985371
vn 0.291615 0.145496 -0.945405
vn 0.291897 0.139002 -0.946295
vn 0.220360 0.139132 -0.965445
vn 0.268209 0.139132 -0.953261
vn 0.291890 0.139005 -0.946297
vn -0.725924 0.139130 -0.673555
vn -0.758591 0.139130 -0.636539
vn -0.709443 0.133681 -0.691968
vn -0.557850 0.139003 -0.818219
vn -0.557850 0.139003 -0.818218
vn -0.384663 0.139003 -0.912531
vn -0.384663 0.139003 -0.912531
vn -0.196224 0.139004 -0.970657
vn -0.196224 0.139005 -0.970656
vn 0.000000 0.139001 -0.990292
vn 0.000000 0.139001 -0.990292
vn 0.196221 0.139005 -0.970657
vn 0.196226 0.139002 -0.970656
vn 0.196041 0.145498 -0.969741
vn 0.123135 0.139129 -0.982589
vn 0.171955 0.139130 -0.975230
vn -0.789384 0.139131 -0.597926
vn -0.818203 0.139131 -0.557841
vn -0.774813 0.133681 -0.617894
vn -0.636546 0.139003 -0.758609
vn -0.636548 0.139004 -0.758607
vn -0.473609 0.139003 -0.869697
vn -0.557850 0.139005 -0.818218
vn -0.473614 0.139005 -0.869694
vn -0.291895 0.139004 -0.946295
vn -0.384663 0.139003 -0.912531
vn -0.291893 0.139003 -0.946296
vn -0.098601 0.139002 -0.985371
vn -0.098600 0.139001 -0.985371
vn 0.098598 0.139004 -0.985371
vn 0.098600 0.139004 -0.985371
vn 0.024688 0.139131 -0.989966
vn 0.074003 0.139131 -0.987505
vn 0.098505 0.145497 -0.984443
vn 0.000000 0.139004 -0.990292
vn -0.832486 0.133683 -0.537676
vn -0.844992 0.139131 -0.516364
vn -0.869680 0.139131 -0.473603
vn -0.708918 0.139005 -0.691457
vn -0.708917 0.139004 -0.691458
vn -0.557854 0.139003 -0.818216
vn -0.384664 0.139003 -0.912531
vn -0.196224 0.139004 -0.970656
vn -0.196221 0.139002 -0.970657
vn -0.074003 0.139131 -0.987505
vn -0.024688 0.139131 -0.989966
vn 0.000000 0.139004 -0.990292
vn 0.000000 0.145497 -0.989359
vn -0.892206 0.139130 -0.429665
vn -0.912513 0.139130 -0.384659
vn -0.881885 0.133682 -0.452115
vn -0.774241 0.139004 -0.617438
vn -0.774242 0.139005 -0.617436
vn -0.636546 0.139003 -0.758609
vn -0.636547 0.139003 -0.758608
vn -0.473609 0.139003 -0.869697
vn -0.473609 0.139003 -0.869697
vn -0.291897 0.139004 -0.946295
vn -0.291895 0.139003 -0.946295
vn -0.171955 0.139130 -0.975230
vn -0.123135 0.139129 -0.982589
vn -0.098505 0.145497 -0.984443
vn -0.098600 0.139005 -0.985371
vn -0.098598 0.139004 -0.985371
vn -0.930554 0.139130 -0.338692
vn -0.946279 0.139131 -0.291890
vn -0.922518 0.133682 -0.362062
vn -0.831871 0.139003 -0.537278
vn -0.831872 0.139004 -0.537277
vn -0.881233 0.139003 -0.451781
vn -0.708917 0.139003 -0.691458
vn -0.708917 0.139003 -0.691459
vn -0.557854 0.139003 -0.818216
vn -0.636546 0.139003 -0.758608
vn -0.557853 0.139003 -0.818216
vn -0.473609 0.139005 -0.869697
vn -0.384664 0.139005 -0.912530
vn -0.384661 0.139003 -0.912531
vn -0.196226 0.139004 -0.970656
vn -0.268209 0.139132 -0.953261
vn -0.220360 0.139132 -0.965445
vn -0.196041 0.145498 -0.969741
vn -0.196221 0.139002 -0.970657
vn -0.291897 0.139002 -0.946295
vn -0.959652 0.139131 -0.244359
vn -0.970639 0.139131 -0.196219
vn -0.953983 0.133682 -0.268412
vn -0.881232 0.139004 -0.451783
vn -0.831872 0.139003 -0.537277
vn -0.774242 0.139003 -0.617437
vn -0.774242 0.139003 -0.617436
vn -0.636545 0.139004 -0.758609
vn -0.473612 0.139003 -0.869695
vn -0.291890 0.139005 -0.946297
vn -0.291615 0.145496 -0.945405
vn -0.361793 0.139131 -0.921818
vn -0.315384 0.139130 -0.938710
vn -0.975968 0.133682 -0.172089
vn -0.979214 0.139131 -0.147589
vn -0.985353 0.139131 -0.098603
vn -0.921836 0.139004 -0.361795
vn -0.921837 0.139004 -0.361794
vn -0.831870 0.139005 -0.537280
vn -0.708917 0.139003 -0.691459
vn -0.708919 0.139004 -0.691456
vn -0.557853 0.139003 -0.818216
vn -0.557853 0.139003 -0.818217
vn -0.451773 0.139130 -0.881217
vn -0.407285 0.139130 -0.902641
vn -0.473612 0.139003 -0.869695
vn -0.384302 0.145496 -0.911670
vn -0.384665 0.139005 -0.912530
vn -0.384661 0.139003 -0.912532
vn -0.988253 0.133682 -0.074057
vn -0.989043 0.139130 -0.049357
vn -0.990274 0.139130 0.000000
vn -0.953278 0.139003 -0.268213
vn -0.953279 0.139004 -0.268211
vn -0.975247 0.139003 -0.171962
vn -0.881232 0.139003 -0.451783
vn -0.881234 0.139004 -0.451780
vn -0.774242 0.139004 -0.617437
vn -0.774240 0.139003 -0.617438
vn -0.636545 0.139003 -0.758610
vn -0.636547 0.139003 -0.758608
vn -0.537269 0.139130 -0.831856
vn -0.495138 0.139130 -0.857602
vn -0.473612 0.139003 -0.869695
vn -0.473165 0.145497 -0.868876
vn -0.990716 0.133683 0.024705
vn -0.989043 0.139131 0.049357
vn -0.985353 0.139130 0.098603
vn -0.975248 0.139003 -0.171961
vn -0.921836 0.139003 -0.361796
vn -0.921837 0.139004 -0.361794
vn -0.953279 0.139004 -0.268211
vn -0.831870 0.139004 -0.537280
vn -0.831870 0.139003 -0.537280
vn -0.881234 0.139003 -0.451780
vn -0.708919 0.139004 -0.691456
vn -0.708917 0.139003 -0.691459
vn -0.617425 0.139131 -0.774228
vn -0.578065 0.139131 -0.804042
vn -0.557853 0.139005 -0.818216
vn -0.557325 0.145497 -0.817447
vn -0.557850 0.139003 -0.818218
vn -0.979214 0.139130 0.147589
vn -0.970639 0.139130 0.196221
vn -0.983333 0.133683 0.123228
vn -0.987523 0.139004 -0.074003
vn -0.987523 0.139003 -0.074006
vn -0.953280 0.139003 -0.268208
vn -0.881234 0.139003 -0.451779
vn -0.774242 0.139004 -0.617436
vn -0.831871 0.139003 -0.537280
vn -0.774240 0.139003 -0.617438
vn -0.636547 0.139004 -0.758608
vn -0.691446 0.139130 -0.708904
vn -0.655253 0.139130 -0.742487
vn -0.635947 0.145497 -0.757893
vn -0.636547 0.139004 -0.758608
vn -0.959652 0.139131 0.244357
vn -0.946278 0.139131 0.291892
vn -0.966177 0.133683 0.220524
vn -0.982606 0.139003 0.123137
vn -0.989984 0.139004 0.024689
vn -0.989984 0.139003 0.024687
vn -0.975247 0.139003 -0.171964
vn -0.975247 0.139004 -0.171961
vn -0.921836 0.139002 -0.361796
vn -0.921837 0.139003 -0.361795
vn -0.881234 0.139003 -0.451779
vn -0.831870 0.139003 -0.537281
vn -0.708919 0.139004 -0.691457
vn -0.758594 0.139131 -0.636535
vn -0.725921 0.139132 -0.673559
vn -0.708917 0.139003 -0.691459
vn -0.708251 0.145497 -0.690805
vn -0.930554 0.139131 0.338692
vn -0.912515 0.139131 0.384655
vn -0.939419 0.133683 0.315628
vn -0.982606 0.139003 0.123137
vn -0.987523 0.139003 -0.074006
vn -0.987523 0.139004 -0.074004
vn -0.975247 0.139004 -0.171964
vn -0.953279 0.139002 -0.268211
vn -0.953280 0.139004 -0.268208
vn -0.881233 0.139004 -0.451780
vn -0.774242 0.139004 -0.617436
vn -0.818202 0.139130 -0.557842
vn -0.789381 0.139130 -0.597930
vn -0.773511 0.145497 -0.616856
vn -0.774241 0.139003 -0.617438
vn -0.903324 0.133682 0.407597
vn -0.892206 0.139130 0.429665
vn -0.869680 0.139130 0.473603
vn -0.965464 0.139003 0.220360
vn -0.965463 0.139004 0.220361
vn -0.989984 0.139003 0.024689
vn -0.982606 0.139003 0.123137
vn -0.989984 0.139003 0.024688
vn -0.975247 0.139003 -0.171962
vn -0.987523 0.139003 -0.074004
vn -0.921837 0.139004 -0.361795
vn -0.921836 0.139004 -0.361794
vn -0.869679 0.139130 -0.473605
vn -0.844993 0.139130 -0.516363
vn -0.831087 0.145497 -0.536774
vn -0.831870 0.139003 -0.537281
vn -0.831870 0.139004 -0.537280
vn -0.844992 0.139131 0.516364
vn -0.818203 0.139131 0.557841
vn -0.858253 0.133682 0.495511
vn -0.938724 0.139004 0.315396
vn -0.902656 0.139003 0.407296
vn -0.938725 0.139003 0.315394
vn -0.965463 0.139004 0.220360
vn -0.982606 0.139004 0.123136
vn -0.987522 0.139004 -0.074007
vn -0.953279 0.139004 -0.268211
vn -0.953279 0.139004 -0.268211
vn -0.912511 0.139130 -0.384663
vn -0.892208 0.139130 -0.429660
vn -0.880403 0.145497 -0.451354
vn -0.881234 0.139003 -0.451780
vn -0.921837 0.139003 -0.361794
vn -0.881234 0.139003 -0.451780
vn -0.804650 0.133682 0.578504
vn -0.789380 0.139131 0.597931
vn -0.758596 0.139131 0.636534
vn -0.902657 0.139004 0.407294
vn -0.965463 0.139003 0.220360
vn -0.989984 0.139003 0.024688
vn -0.989984 0.139004 0.024690
vn -0.975247 0.139004 -0.171962
vn -0.987523 0.139004 -0.074007
vn -0.975247 0.139004 -0.171963
vn -0.946278 0.139130 -0.291891
vn -0.930554 0.139130 -0.338692
vn -0.920967 0.145498 -0.361456
vn -0.921836 0.139004 -0.361797
vn -0.725919 0.139132 0.673560
vn -0.691447 0.139132 0.708903
vn -0.743053 0.133682 0.655745
vn -0.857618 0.139004 0.495145
vn -0.857618 0.139004 0.495146
vn -0.938725 0.139003 0.315395
vn -0.938724 0.139004 0.315396
vn -0.982607 0.139003 0.123136
vn -0.982606 0.139004 0.123137
vn -0.987523 0.139002 -0.074004
vn -0.970640 0.139130 -0.196219
vn -0.959653 0.139130 -0.244354
vn -0.952381 0.145497 -0.267959
vn -0.975247 0.139005 -0.171963
vn -0.953279 0.139005 -0.268211
vn -0.953279 0.139004 -0.268211
vn -0.655250 0.139132 0.742489
vn -0.674067 0.133683 0.726473
vn -0.617423 0.139132 0.774229
vn -0.804055 0.139004 0.578077
vn -0.804056 0.139003 0.578076
vn -0.902657 0.139003 0.407294
vn -0.902656 0.139004 0.407296
vn -0.857618 0.139003 0.495146
vn -0.938725 0.139002 0.315395
vn -0.965463 0.139003 0.220362
vn -0.965464 0.139002 0.220360
vn -0.989984 0.139002 0.024688
vn -0.989984 0.139003 0.024690
vn -0.985353 0.139132 -0.098595
vn -0.979213 0.139132 -0.147596
vn -0.975248 0.139003 -0.171959
vn -0.987523 0.139003 -0.074004
vn -0.974329 0.145497 -0.171797
vn -0.598383 0.133683 0.789979
vn -0.578067 0.139131 0.804041
vn -0.537275 0.139131 0.831852
vn -0.742504 0.139003 0.655260
vn -0.742503 0.139003 0.655261
vn -0.804055 0.139003 0.578077
vn -0.857618 0.139003 0.495146
vn -0.938725 0.139003 0.315393
vn -0.982607 0.139003 0.123136
vn -0.982606 0.139004 0.123137
vn -0.990274 0.139129 0.000000
vn -0.989043 0.139129 -0.049358
vn -0.989984 0.139004 0.024688
vn -0.987523 0.139004 -0.074007
vn -0.986592 0.145497 -0.073937
vn -0.516757 0.133682 0.845631
vn -0.495134 0.139131 0.857604
vn -0.451778 0.139132 0.881215
vn -0.673569 0.139002 0.725936
vn -0.673568 0.139003 0.725937
vn -0.742503 0.139003 0.655261
vn -0.804055 0.139003 0.578077
vn -0.902656 0.139004 0.407296
vn -0.902657 0.139003 0.407294
vn -0.965463 0.139004 0.220362
vn -0.965463 0.139004 0.220362
vn -0.989043 0.139131 0.049358
vn -0.989051 0.145496 0.024666
vn -0.989984 0.139003 0.024690
vn -0.985354 0.139131 0.098594
vn -0.429989 0.133682 0.892882
vn -0.407287 0.139130 0.902641
vn -0.361781 0.139130 0.921823
vn -0.597941 0.139005 0.789395
vn -0.597946 0.139002 0.789392
vn -0.742502 0.139003 0.655263
vn -0.857618 0.139004 0.495146
vn -0.857617 0.139004 0.495147
vn -0.938725 0.139003 0.315393
vn -0.938725 0.139004 0.315394
vn -0.982607 0.139003 0.123136
vn -0.982607 0.139003 0.123136
vn -0.981680 0.145498 0.123020
vn -0.970640 0.139130 0.196217
vn -0.979213 0.139130 0.147597
vn -0.338952 0.133684 0.931257
vn -0.315393 0.139132 0.938706
vn -0.268209 0.139132 0.953261
vn -0.516371 0.139005 0.845008
vn -0.516375 0.139003 0.845006
vn -0.597946 0.139004 0.789391
vn -0.673568 0.139004 0.725937
vn -0.673570 0.139003 0.725935
vn -0.804056 0.139004 0.578076
vn -0.804055 0.139005 0.578077
vn -0.902657 0.139003 0.407294
vn -0.902657 0.139003 0.407294
vn -0.938725 0.139004 0.315394
vn -0.965464 0.139003 0.220359
vn -0.964554 0.145497 0.220151
vn -0.965463 0.139004 0.220362
vn -0.946278 0.139131 0.291891
vn -0.959652 0.139131 0.244356
vn -0.220358 0.139131 0.965446
vn -0.171955 0.139131 0.975230
vn -0.244542 0.133683 0.960379
vn -0.338702 0.139003 0.930569
vn -0.429672 0.139003 0.892222
vn -0.429671 0.139003 0.892222
vn -0.597946 0.139004 0.789391
vn -0.742502 0.139005 0.655263
vn -0.742502 0.139005 0.655262
vn -0.857618 0.139003 0.495147
vn -0.804056 0.139003 0.578076
vn -0.857618 0.139003 0.495146
vn -0.937840 0.145496 0.315098
vn -0.938725 0.139004 0.315395
vn -0.912513 0.139130 0.384660
vn -0.930554 0.139130 0.338692
vn -0.147704 0.133683 0.979955
vn -0.049399 0.133682 0.989792
vn -0.123139 0.139130 0.982588
vn -0.074004 0.139130 0.987505
vn -0.049363 0.139003 0.989061
vn -0.338700 0.139003 0.930570
vn -0.516372 0.139004 0.845007
vn -0.429672 0.139004 0.892222
vn -0.516371 0.139004 0.845008
vn -0.673569 0.139004 0.725935
vn -0.597946 0.139004 0.789391
vn -0.673568 0.139005 0.725936
vn -0.804056 0.139003 0.578076
vn -0.901806 0.145496 0.406912
vn -0.902657 0.139003 0.407294
vn -0.869681 0.139130 0.473601
vn -0.892206 0.139130 0.429663
vn -0.902656 0.139004 0.407296
vn -0.244363 0.139003 0.959669
vn -0.244361 0.139003 0.959670
vn -0.147594 0.139003 0.979231
vn -0.429669 0.139003 0.892224
vn -0.516373 0.139003 0.845007
vn -0.597944 0.139003 0.789393
vn -0.742502 0.139003 0.655263
vn -0.742501 0.139003 0.655264
vn -0.857618 0.139004 0.495146
vn -0.856810 0.145497 0.494679
vn -0.857618 0.139003 0.495145
vn -0.818202 0.139131 0.557842
vn -0.844993 0.139131 0.516363
vn -0.049362 0.139003 0.989061
vn -0.147594 0.139003 0.979231
vn -0.338701 0.139002 0.930570
vn -0.338699 0.139003 0.930570
vn -0.429669 0.139002 0.892224
vn -0.516371 0.139002 0.845008
vn -0.597943 0.139004 0.789393
vn -0.673569 0.139004 0.725936
vn -0.673570 0.139003 0.725935
vn -0.804056 0.139004 0.578076
vn -0.742501 0.139003 0.655264
vn -0.803298 0.145497 0.577532
vn -0.804056 0.139003 0.578076
vn -0.758591 0.139131 0.636540
vn -0.789381 0.139131 0.597930
vn -0.244366 0.139002 0.959669
vn -0.244363 0.139004 0.959669
vn -0.338699 0.139003 0.930570
vn -0.429670 0.139003 0.892223
vn -0.597943 0.139004 0.789393
vn -0.516371 0.139004 0.845008
vn -0.673570 0.139003 0.725935
vn -0.741801 0.145496 0.654646
vn -0.742501 0.139003 0.655264
vn -0.691446 0.139131 0.708904
vn -0.725925 0.139131 0.673555
vn -0.049362 0.139003 0.989061
vn -0.147594 0.139003 0.979231
vn -0.049362 0.139003 0.989061
vn -0.147593 0.139004 0.979232
vn -0.244366 0.139005 0.959668
vn -0.338703 0.139005 0.930569
vn -0.516373 0.139005 0.845007
vn -0.429670 0.139005 0.892223
vn -0.673572 0.139004 0.725933
vn -0.672937 0.145497 0.725249
vn -0.617425 0.139129 0.774228
vn -0.655248 0.139129 0.742491
vn -0.244359 0.139001 0.959670
vn -0.429671 0.139005 0.892222
vn -0.338702 0.139005 0.930569
vn -0.597941 0.139004 0.789395
vn -0.597944 0.139003 0.789393
vn -0.537269 0.139131 0.831856
vn -0.578070 0.139131 0.804038
vn -0.597378 0.145496 0.788651
vn -0.049362 0.139003 0.989061
vn -0.147593 0.139003 0.979232
vn -0.049362 0.139003 0.989061
vn -0.147596 0.139001 0.979231
vn -0.244359 0.139003 0.959670
vn -0.338698 0.139003 0.930571
vn -0.515885 0.145497 0.844211
vn -0.516373 0.139002 0.845007
vn -0.451773 0.139132 0.881217
vn -0.495138 0.139131 0.857602
vn -0.516372 0.139003 0.845008
vn -0.244361 0.139003 0.959670
vn -0.338698 0.139003 0.930571
vn -0.429268 0.145498 0.891381
vn -0.429671 0.139003 0.892222
vn -0.429673 0.139002 0.892222
vn -0.361785 0.139130 0.921821
vn -0.407285 0.139130 0.902641
vn -0.147596 0.139003 0.979231
vn -0.147596 0.139003 0.979231
vn -0.049362 0.139003 0.989061
vn -0.049362 0.139003 0.989061
vn -0.338381 0.145496 0.929693
vn -0.268209 0.139130 0.953261
vn -0.315392 0.139130 0.938707
vn -0.338701 0.139005 0.930570
vn -0.244361 0.139004 0.959670
vn -0.244359 0.139005 0.959670
vn -0.244128 0.145498 0.958766
vn -0.171964 0.139131 0.975229
vn -0.220352 0.139131 0.965447
vn -0.049362 0.139005 0.989061
vn -0.147460 0.145498 0.978308
vn -0.049361 0.139005 0.989061
vn -0.074003 0.139130 0.987505
vn -0.147596 0.139005 0.979231
vn -0.123135 0.139130 0.982589
vn -0.049315 0.145497 0.988129
vn -0.147599 0.139004 0.979231
vn 0.024679 0.139133 0.989966
vn 0.024688 0.139130 0.989966
vn -0.024679 0.139133 0.989966
vn -0.024688 0.139130 0.989966
vn 0.074004 0.139130 0.987505
vn 0.123139 0.139130 0.982588
vn 0.049399 0.133682 0.989792
vn 0.171955 0.139131 0.975230
vn 0.220358 0.139131 0.965446
vn 0.147704 0.133683 0.979955
vn 0.268209 0.139132 0.953261
vn 0.315393 0.139132 0.938706
vn 0.244542 0.133683 0.960379
vn 0.049363 0.139003 0.989061
vn 0.049362 0.139003 0.989061
vn 0.338952 0.133684 0.931257
vn 0.361781 0.139130 0.921823
vn 0.407287 0.139130 0.902641
vn 0.147594 0.139003 0.979231
vn 0.147594 0.139003 0.979231
vn 0.451778 0.139132 0.881215
vn 0.495134 0.139131 0.857604
vn 0.429989 0.133682 0.892882
vn 0.244361 0.139003 0.959670
vn 0.244363 0.139003 0.959669
vn 0.049362 0.139003 0.989061
vn 0.049362 0.139003 0.989061
vn 0.537275 0.139131 0.831852
vn 0.578067 0.139131 0.804041
vn 0.516757 0.133682 0.845631
vn 0.338700 0.139003 0.930570
vn 0.338702 0.139003 0.930569
vn 0.147594 0.139004 0.979231
vn 0.147593 0.139003 0.979232
vn 0.617423 0.139132 0.774229
vn 0.655250 0.139132 0.742489
vn 0.598383 0.133683 0.789979
vn 0.429671 0.139003 0.892222
vn 0.429672 0.139003 0.892222
vn 0.244366 0.139004 0.959668
vn 0.244363 0.139002 0.959669
vn 0.049362 0.139003 0.989061
vn 0.049362 0.139003 0.989061
vn 0.691447 0.139132 0.708903
vn 0.725919 0.139132 0.673560
vn 0.674067 0.133683 0.726473
vn 0.516375 0.139005 0.845006
vn 0.516371 0.139003 0.845008
vn 0.338699 0.139002 0.930570
vn 0.338700 0.139003 0.930570
vn 0.147596 0.139003 0.979231
vn 0.147593 0.139001 0.979232
vn 0.758596 0.139131 0.636534
vn 0.789380 0.139131 0.597931
vn 0.743053 0.133682 0.655745
vn 0.597941 0.139002 0.789396
vn 0.597946 0.139005 0.789391
vn 0.429672 0.139004 0.892222
vn 0.429669 0.139003 0.892224
vn 0.244366 0.139005 0.959668
vn 0.244359 0.139001 0.959670
vn 0.049362 0.139003 0.989061
vn 0.049362 0.139003 0.989061
vn 0.818203 0.139131 0.557841
vn 0.844992 0.139131 0.516364
vn 0.804650 0.133682 0.578504
vn 0.673569 0.139003 0.725936
vn 0.673568 0.139002 0.725937
vn 0.516372 0.139004 0.845007
vn 0.516371 0.139004 0.845008
vn 0.338699 0.139003 0.930570
vn 0.338703 0.139005 0.930569
vn 0.147596 0.139003 0.979231
vn 0.147596 0.139003 0.979231
vn 0.858253 0.133682 0.495511
vn 0.869680 0.139130 0.473603
vn 0.892206 0.139130 0.429665
vn 0.742504 0.139003 0.655260
vn 0.742503 0.139003 0.655261
vn 0.597946 0.139004 0.789391
vn 0.597946 0.139004 0.789391
vn 0.429670 0.139003 0.892223
vn 0.429669 0.139002 0.892224
vn 0.244361 0.139003 0.959670
vn 0.244359 0.139003 0.959670
vn 0.049361 0.139005 0.989061
vn 0.049315 0.145497 0.988129
vn 0.049362 0.139005 0.989061
vn 0.123135 0.139130 0.982589
vn 0.074003 0.139130 0.987505
vn 0.912515 0.139131 0.384655
vn 0.930554 0.139131 0.338692
vn 0.903324 0.133682 0.407597
vn 0.804056 0.139004 0.578076
vn 0.804055 0.139003 0.578077
vn 0.673570 0.139004 0.725935
vn 0.742503 0.139003 0.655261
vn 0.673568 0.139003 0.725937
vn 0.516373 0.139003 0.845007
vn 0.516371 0.139002 0.845008
vn 0.338702 0.139005 0.930569
vn 0.338698 0.139003 0.930571
vn 0.147460 0.145498 0.978308
vn 0.147599 0.139005 0.979230
vn 0.147596 0.139004 0.979231
vn 0.220352 0.139131 0.965447
vn 0.171964 0.139131 0.975229
vn 0.946278 0.139131 0.291892
vn 0.959652 0.139131 0.244357
vn 0.939419 0.133683 0.315628
vn 0.857618 0.139004 0.495146
vn 0.857618 0.139004 0.495145
vn 0.742502 0.139003 0.655263
vn 0.804055 0.139003 0.578077
vn 0.597944 0.139003 0.789393
vn 0.597946 0.139004 0.789391
vn 0.429671 0.139005 0.892222
vn 0.429670 0.139005 0.892223
vn 0.244359 0.139004 0.959670
vn 0.244128 0.145498 0.958766
vn 0.315392 0.139130 0.938707
vn 0.268209 0.139130 0.953261
vn 0.244361 0.139005 0.959669
vn 0.966177 0.133683 0.220524
vn 0.970639 0.139130 0.196221
vn 0.979214 0.139130 0.147589
vn 0.902656 0.139003 0.407296
vn 0.902657 0.139004 0.407294
vn 0.804055 0.139003 0.578077
vn 0.673569 0.139004 0.725936
vn 0.742502 0.139005 0.655263
vn 0.673569 0.139005 0.725935
vn 0.516373 0.139005 0.845007
vn 0.516371 0.139004 0.845008
vn 0.338701 0.139005 0.930570
vn 0.338381 0.145496 0.929693
vn 0.338698 0.139003 0.930571
vn 0.407285 0.139130 0.902641
vn 0.361785 0.139130 0.921821
vn 0.985353 0.139131 0.098603
vn 0.989043 0.139131 0.049357
vn 0.983333 0.133683 0.123228
vn 0.938724 0.139003 0.315396
vn 0.938725 0.139004 0.315394
vn 0.857618 0.139003 0.495146
vn 0.857618 0.139003 0.495146
vn 0.742502 0.139005 0.655262
vn 0.597943 0.139004 0.789393
vn 0.597943 0.139004 0.789393
vn 0.429268 0.145498 0.891381
vn 0.429673 0.139003 0.892222
vn 0.429671 0.139002 0.892223
vn 0.495138 0.139131 0.857602
vn 0.451773 0.139132 0.881217
vn 0.990274 0.139130 -0.000000
vn 0.989043 0.139130 -0.049357
vn 0.990716 0.133683 0.024705
vn 0.965463 0.139004 0.220360
vn 0.965463 0.139003 0.220361
vn 0.902657 0.139004 0.407294
vn 0.902656 0.139003 0.407296
vn 0.804055 0.139004 0.578077
vn 0.804056 0.139005 0.578076
vn 0.673570 0.139004 0.725935
vn 0.673569 0.139003 0.725936
vn 0.597944 0.139003 0.789393
vn 0.515885 0.145497 0.844211
vn 0.516372 0.139002 0.845008
vn 0.578070 0.139131 0.804038
vn 0.537269 0.139131 0.831856
vn 0.516373 0.139003 0.845007
vn 0.985353 0.139131 -0.098603
vn 0.979214 0.139131 -0.147589
vn 0.988253 0.133682 -0.074057
vn 0.982606 0.139003 0.123137
vn 0.982606 0.139003 0.123137
vn 0.938725 0.139004 0.315395
vn 0.938724 0.139003 0.315396
vn 0.857618 0.139004 0.495145
vn 0.857618 0.139004 0.495147
vn 0.742501 0.139003 0.655264
vn 0.742502 0.139003 0.655263
vn 0.597378 0.145496 0.788651
vn 0.597941 0.139004 0.789395
vn 0.655248 0.139129 0.742491
vn 0.617425 0.139129 0.774228
vn 0.975968 0.133682 -0.172089
vn 0.970639 0.139131 -0.196219
vn 0.959652 0.139131 -0.244359
vn 0.989984 0.139004 0.024687
vn 0.989984 0.139003 0.024689
vn 0.965463 0.139004 0.220360
vn 0.965463 0.139003 0.220360
vn 0.902657 0.139004 0.407294
vn 0.902656 0.139003 0.407296
vn 0.804056 0.139003 0.578076
vn 0.804056 0.139003 0.578076
vn 0.672937 0.145497 0.725249
vn 0.673572 0.139004 0.725933
vn 0.725925 0.139131 0.673555
vn 0.691446 0.139131 0.708904
vn 0.673570 0.139003 0.725935
vn 0.953983 0.133682 -0.268412
vn 0.946279 0.139131 -0.291890
vn 0.930554 0.139130 -0.338692
vn 0.987523 0.139004 -0.074006
vn 0.987523 0.139003 -0.074003
vn 0.982606 0.139004 0.123136
vn 0.982606 0.139003 0.123137
vn 0.938725 0.139003 0.315393
vn 0.938725 0.139002 0.315395
vn 0.965464 0.139002 0.220360
vn 0.857618 0.139003 0.495146
vn 0.857618 0.139003 0.495147
vn 0.741801 0.145496 0.654646
vn 0.742501 0.139003 0.655264
vn 0.742501 0.139003 0.655264
vn 0.789381 0.139131 0.597930
vn 0.758591 0.139131 0.636540
vn 0.912513 0.139130 -0.384659
vn 0.892206 0.139130 -0.429665
vn 0.922518 0.133682 -0.362062
vn 0.975247 0.139003 -0.171962
vn 0.953278 0.139003 -0.268213
vn 0.975248 0.139003 -0.171961
vn 0.989984 0.139003 0.024688
vn 0.989984 0.139003 0.024689
vn 0.965463 0.139003 0.220362
vn 0.938725 0.139003 0.315393
vn 0.902657 0.139003 0.407294
vn 0.902657 0.139003 0.407294
vn 0.804056 0.139003 0.578076
vn 0.804056 0.139004 0.578076
vn 0.844993 0.139131 0.516363
vn 0.818202 0.139131 0.557842
vn 0.803298 0.145497 0.577532
vn 0.881885 0.133682 -0.452115
vn 0.869680 0.139131 -0.473603
vn 0.844992 0.139131 -0.516364
vn 0.953279 0.139004 -0.268211
vn 0.987523 0.139003 -0.074004
vn 0.987523 0.139004 -0.074006
vn 0.982606 0.139003 0.123137
vn 0.982606 0.139004 0.123136
vn 0.938725 0.139004 0.315394
vn 0.965463 0.139004 0.220362
vn 0.857618 0.139004 0.495145
vn 0.856810 0.145497 0.494679
vn 0.892206 0.139130 0.429663
vn 0.869681 0.139130 0.473601
vn 0.857618 0.139003 0.495146
vn 0.902657 0.139003 0.407294
vn 0.818203 0.139131 -0.557841
vn 0.789384 0.139131 -0.597926
vn 0.832486 0.133683 -0.537676
vn 0.921836 0.139004 -0.361795
vn 0.921837 0.139004 -0.361794
vn 0.975247 0.139004 -0.171964
vn 0.975248 0.139002 -0.171961
vn 0.953279 0.139003 -0.268211
vn 0.989984 0.139004 0.024688
vn 0.989984 0.139003 0.024690
vn 0.965463 0.139004 0.220362
vn 0.982606 0.139004 0.123137
vn 0.901806 0.145496 0.406912
vn 0.902656 0.139004 0.407296
vn 0.930554 0.139130 0.338692
vn 0.912513 0.139130 0.384660
vn 0.758591 0.139130 -0.636539
vn 0.725924 0.139130 -0.673555
vn 0.774813 0.133681 -0.617894
vn 0.881233 0.139003 -0.451781
vn 0.881232 0.139004 -0.451783
vn 0.953280 0.139004 -0.268208
vn 0.987522 0.139004 -0.074007
vn 0.987523 0.139003 -0.074004
vn 0.975247 0.139003 -0.171964
vn 0.982607 0.139003 0.123136
vn 0.937840 0.145496 0.315098
vn 0.959652 0.139131 0.244356
vn 0.946278 0.139131 0.291891
vn 0.938725 0.139004 0.315395
vn 0.938725 0.139004 0.315394
vn 0.691441 0.139131 -0.708908
vn 0.655250 0.139131 -0.742489
vn 0.709443 0.133681 -0.691968
vn 0.831871 0.139004 -0.537278
vn 0.831872 0.139003 -0.537277
vn 0.921837 0.139003 -0.361795
vn 0.921836 0.139004 -0.361796
vn 0.975247 0.139004 -0.171962
vn 0.953280 0.139004 -0.268208
vn 0.989984 0.139003 0.024688
vn 0.989984 0.139002 0.024690
vn 0.964554 0.145497 0.220151
vn 0.965463 0.139004 0.220359
vn 0.979213 0.139130 0.147597
vn 0.970640 0.139130 0.196217
vn 0.965463 0.139003 0.220362
vn 0.617430 0.139131 -0.774224
vn 0.637018 0.133683 -0.759168
vn 0.578067 0.139131 -0.804041
vn 0.774240 0.139005 -0.617438
vn 0.774242 0.139004 -0.617436
vn 0.881232 0.139005 -0.451782
vn 0.881234 0.139003 -0.451780
vn 0.953279 0.139002 -0.268211
vn 0.975247 0.139004 -0.171962
vn 0.987523 0.139004 -0.074007
vn 0.987523 0.139002 -0.074004
vn 0.982607 0.139003 0.123136
vn 0.982607 0.139003 0.123136
vn 0.981680 0.145498 0.123020
vn 0.989043 0.139131 0.049358
vn 0.985354 0.139131 0.098594
vn 0.558263 0.133682 -0.818824
vn 0.537267 0.139130 -0.831857
vn 0.495142 0.139130 -0.857600
vn 0.636548 0.139004 -0.758607
vn 0.708917 0.139005 -0.691458
vn 0.708918 0.139004 -0.691457
vn 0.831870 0.139005 -0.537280
vn 0.831872 0.139003 -0.537277
vn 0.921837 0.139002 -0.361795
vn 0.921836 0.139003 -0.361796
vn 0.975247 0.139004 -0.171963
vn 0.989984 0.139004 0.024688
vn 0.989984 0.139003 0.024690
vn 0.989043 0.139129 -0.049358
vn 0.990274 0.139129 0.000000
vn 0.989051 0.145496 0.024666
vn 0.473960 0.133681 -0.870340
vn 0.451769 0.139130 -0.881219
vn 0.407287 0.139130 -0.902641
vn 0.636546 0.139003 -0.758609
vn 0.774242 0.139003 -0.617436
vn 0.774242 0.139003 -0.617437
vn 0.881234 0.139003 -0.451780
vn 0.881234 0.139003 -0.451779
vn 0.953279 0.139004 -0.268211
vn 0.953279 0.139004 -0.268211
vn 0.987523 0.139003 -0.074004
vn 0.986592 0.145497 -0.073937
vn 0.987523 0.139004 -0.074007
vn 0.979213 0.139132 -0.147596
vn 0.985353 0.139132 -0.098595
vn 0.384951 0.133682 -0.913204
vn 0.361790 0.139131 -0.921819
vn 0.315383 0.139130 -0.938710
vn 0.557850 0.139003 -0.818219
vn 0.557850 0.139003 -0.818218
vn 0.708917 0.139003 -0.691458
vn 0.636546 0.139003 -0.758609
vn 0.708917 0.139003 -0.691459
vn 0.774242 0.139004 -0.617437
vn 0.831870 0.139003 -0.537280
vn 0.831870 0.139004 -0.537280
vn 0.921837 0.139004 -0.361794
vn 0.921836 0.139004 -0.361795
vn 0.974329 0.145497 -0.171797
vn 0.959653 0.139130 -0.244354
vn 0.970640 0.139130 -0.196219
vn 0.975248 0.139003 -0.171959
vn 0.975247 0.139005 -0.171963
vn 0.268209 0.139131 -0.953261
vn 0.220358 0.139131 -0.965445
vn 0.292109 0.133684 -0.946996
vn 0.473614 0.139003 -0.869694
vn 0.473610 0.139005 -0.869696
vn 0.636547 0.139003 -0.758608
vn 0.774240 0.139003 -0.617438
vn 0.831870 0.139003 -0.537280
vn 0.881233 0.139004 -0.451780
vn 0.881234 0.139003 -0.451779
vn 0.953279 0.139004 -0.268211
vn 0.921836 0.139004 -0.361794
vn 0.952381 0.145497 -0.267958
vn 0.930554 0.139130 -0.338692
vn 0.946278 0.139130 -0.291891
vn 0.953279 0.139005 -0.268211
vn 0.171955 0.139132 -0.975230
vn 0.123139 0.139132 -0.982588
vn 0.196367 0.133683 -0.971375
vn 0.384663 0.139005 -0.912531
vn 0.384666 0.139003 -0.912529
vn 0.473614 0.139005 -0.869694
vn 0.557854 0.139003 -0.818216
vn 0.557850 0.139005 -0.818218
vn 0.708917 0.139004 -0.691458
vn 0.708919 0.139003 -0.691456
vn 0.831870 0.139003 -0.537281
vn 0.921836 0.139003 -0.361797
vn 0.920967 0.145498 -0.361456
vn 0.892208 0.139130 -0.429660
vn 0.912511 0.139130 -0.384663
vn 0.098675 0.133683 -0.986100
vn 0.074004 0.139131 -0.987505
vn 0.024689 0.139131 -0.989966
vn 0.291894 0.139004 -0.946296
vn 0.291896 0.139003 -0.946295
vn 0.473609 0.139003 -0.869697
vn 0.636546 0.139003 -0.758608
vn 0.636545 0.139004 -0.758609
vn 0.774242 0.139003 -0.617436
vn 0.774240 0.139004 -0.617438
vn 0.881234 0.139003 -0.451780
vn 0.844993 0.139130 -0.516363
vn 0.869679 0.139130 -0.473605
vn 0.880403 0.145497 -0.451354
vn 0.881234 0.139003 -0.451780
vn -0.024689 0.139131 -0.989966
vn -0.074004 0.139131 -0.987505
vn 0.000000 0.133682 -0.991024
vn 0.196222 0.139004 -0.970657
vn 0.196223 0.139004 -0.970657
vn 0.384663 0.139003 -0.912531
vn 0.384663 0.139003 -0.912531
vn 0.557853 0.139003 -0.818216
vn 0.557854 0.139003 -0.818216
vn 0.708919 0.139003 -0.691456
vn 0.708917 0.139004 -0.691459
vn 0.831870 0.139004 -0.537281
vn 0.789381 0.139130 -0.597930
vn 0.818202 0.139130 -0.557842
vn 0.831870 0.139003 -0.537280
vn 0.831087 0.145497 -0.536774
vn -0.123139 0.139132 -0.982588
vn -0.171955 0.139132 -0.975230
vn -0.098675 0.133683 -0.986100
vn 0.098602 0.139004 -0.985371
vn 0.098600 0.139004 -0.985371
vn 0.291893 0.139003 -0.946296
vn 0.291896 0.139002 -0.946295
vn 0.473609 0.139003 -0.869697
vn 0.473609 0.139003 -0.869697
vn 0.636545 0.139003 -0.758609
vn 0.636547 0.139003 -0.758608
vn 0.557853 0.139003 -0.818216
vn 0.773511 0.145497 -0.616856
vn 0.725921 0.139132 -0.673559
vn 0.758594 0.139131 -0.636535
vn 0.774241 0.139004 -0.617438
vn 0.774242 0.139003 -0.617436
vn -0.220358 0.139131 -0.965445
vn -0.268209 0.139131 -0.953261
vn -0.196367 0.133683 -0.971375
vn 0.000000 0.139004 -0.990292
vn 0.000000 0.139004 -0.990292
vn 0.196224 0.139002 -0.970657
vn 0.098600 0.139002 -0.985371
vn 0.196223 0.139002 -0.970657
vn 0.291893 0.139003 -0.946296
vn 0.384664 0.139003 -0.912531
vn 0.384663 0.139003 -0.912531
vn 0.557853 0.139003 -0.818217
vn 0.708917 0.139004 -0.691459
vn 0.708251 0.145497 -0.690805
vn 0.655253 0.139130 -0.742487
vn 0.691446 0.139130 -0.708904
vn 0.708919 0.139003 -0.691457
vn -0.292109 0.133684 -0.946996
vn -0.315383 0.139130 -0.938710
vn -0.361790 0.139131 -0.921819
vn -0.098602 0.139005 -0.985371
vn -0.196222 0.139004 -0.970657
vn -0.098600 0.139004 -0.985371
vn 0.098603 0.139004 -0.985371
vn 0.196224 0.139004 -0.970657
vn 0.291895 0.139004 -0.946295
vn 0.473609 0.139005 -0.869697
vn 0.473612 0.139003 -0.869695
vn 0.636547 0.139004 -0.758608
vn 0.635947 0.145497 -0.757893
vn 0.578065 0.139131 -0.804042
vn 0.617425 0.139131 -0.774228
vn 0.636547 0.139004 -0.758608
vn -0.407287 0.139130 -0.902641
vn -0.451769 0.139130 -0.881219
vn -0.384951 0.133682 -0.913204
vn -0.196223 0.139004 -0.970657
vn 0.000000 0.139004 -0.990292
vn 0.000000 0.139004 -0.990292
vn 0.196224 0.139005 -0.970656
vn 0.384664 0.139003 -0.912531
vn 0.384661 0.139005 -0.912531
vn 0.291895 0.139003 -0.946295
vn 0.557853 0.139003 -0.818217
vn 0.557850 0.139005 -0.818218
vn 0.495138 0.139130 -0.857602
vn 0.537269 0.139130 -0.831856
vn 0.557325 0.145497 -0.817447
vn -0.495142 0.139130 -0.857600
vn -0.537267 0.139130 -0.831857
vn -0.473960 0.133681 -0.870340
vn -0.291896 0.139004 -0.946295
vn -0.291894 0.139003 -0.946296
vn -0.098600 0.139002 -0.985371
vn -0.196223 0.139002 -0.970657
vn -0.098603 0.139004 -0.985371
vn 0.098601 0.139005 -0.985371
vn 0.098603 0.139004 -0.985371
vn 0.291897 0.139004 -0.946295
vn 0.473612 0.139003 -0.869695
vn 0.407285 0.139130 -0.902641
vn 0.451773 0.139130 -0.881217
vn 0.473165 0.145497 -0.868876
vn 0.473612 0.139003 -0.869695
vn 0.384661 0.139003 -0.912532
vn -0.578067 0.139131 -0.804041
vn -0.617430 0.139131 -0.774224
vn -0.558263 0.133682 -0.818824
vn -0.384663 0.139003 -0.912531
vn -0.384666 0.139005 -0.912529
vn -0.196224 0.139002 -0.970657
vn 0.000000 0.139004 -0.990292
vn -0.098603 0.139004 -0.985371
vn 0.000000 0.139004 -0.990292
vn 0.196224 0.139002 -0.970657
vn 0.196221 0.139004 -0.970657
vn 0.384302 0.145496 -0.911670
vn 0.315384 0.139130 -0.938710
vn 0.361793 0.139131 -0.921818
vn 0.384665 0.139005 -0.912530
vn -0.655250 0.139131 -0.742489
vn -0.637018 0.133683 -0.759168
vn -0.691441 0.139131 -0.708908
vn -0.473610 0.139003 -0.869696
vn -0.473614 0.139005 -0.869694
vn -0.291893 0.139002 -0.946296
vn -0.291896 0.139003 -0.946295
vn -0.098601 0.139005 -0.985371
vn 0.098601 0.139001 -0.985371
vn 0.098600 0.139002 -0.985371
vn 0.291615 0.145496 -0.945405
vn 0.291897 0.139002 -0.946295
vn 0.220360 0.139132 -0.965445
vn 0.268209 0.139132 -0.953261
vn 0.291890 0.139005 -0.946297
vn -0.725924 0.139130 -0.673555
vn -0.758591 0.139130 -0.636539
vn -0.709443 0.133681 -0.691968
vn -0.557850 0.139003 -0.818219
vn -0.557850 0.139003 -0.818218
vn -0.384663 0.139003 -0.912531
vn -0.384663 0.139003 -0.912531
vn -0.196224 0.139004 -0.970657
vn -0.196224 0.139005 -0.970656
vn 0.000000 0.139001 -0.990292
vn 0.000000 0.139001 -0.990292
vn 0.196221 0.139005 -0.970657
vn 0.196226 0.139002 -0.970656
vn 0.196041 0.145498 -0.969741
vn 0.123135 0.139129 -0.982589
vn 0.171955 0.139130 -0.975230
vn -0.789384 0.139131 -0.597926
vn -0.818203 0.139131 -0.557841
vn -0.774813 0.133681 -0.617894
vn -0.636546 0.139003 -0.758609
vn -0.636548 0.139004 -0.758607
vn -0.473609 0.139003 -0.869697
vn -0.557850 0.139005 -0.818218
vn -0.473614 0.139005 -0.869694
vn -0.291895 0.139004 -0.946295
vn -0.384663 0.139003 -0.912531
vn -0.291893 0.139003 -0.946296
vn -0.098601 0.139002 -0.985371
vn -0.098600 0.139001 -0.985371
vn 0.098598 0.139004 -0.985371
vn 0.098600 0.139004 -0.985371
vn 0.024688 0.139131 -0.989966
vn 0.074003 0.139131 -0.987505
vn 0.098505 0.145497 -0.984443
vn 0.000000 0.139004 -0.990292
vn -0.832486 0.133683 -0.537676
vn -0.844992 0.139131 -0.516364
vn -0.869680 0.139131 -0.473603
vn -0.708918 0.139005 -0.691457
vn -0.708917 0.139004 -0.691458
vn -0.557854 0.139003 -0.818216
vn -0.384664 0.139003 -0.912531
vn -0.196224 0.139004 -0.970656
vn -0.196221 0.139002 -0.970657
vn -0.074003 0.139131 -0.987505
vn -0.024688 0.139131 -0.989966
vn 0.000000 0.139004 -0.990292
vn 0.000000 0.145497 -0.989359
vn -0.892206 0.139130 -0.429665
vn -0.912513 0.139130 -0.384659
vn -0.881885 0.133682 -0.452115
vn -0.774241 0.139004 -0.617438
vn -0.774242 0.139005 -0.617436
vn -0.636546 0.139003 -0.758609
vn -0.636547 0.139003 -0.758608
vn -0.473609 0.139003 -0.869697
vn -0.473609 0.139003 -0.869697
vn -0.291897 0.139004 -0.946295
vn -0.291895 0.139003 -0.946295
vn -0.171955 0.139130 -0.975230
vn -0.123135 0.139129 -0.982589
vn -0.098505 0.145497 -0.984443
vn -0.098600 0.139005 -0.985371
vn -0.098598 0.139004 -0.985371
vn -0.930554 0.139130 -0.338692
vn -0.946279 0.139131 -0.291890
vn -0.922518 0.133682 -0.362062
vn -0.831871 0.139003 -0.537278
vn -0.831872 0.139004 -0.537277
vn -0.881233 0.139003 -0.451781
vn -0.708917 0.139003 -0.691458
vn -0.708917 0.139003 -0.691459
vn -0.557854 0.139003 -0.818216
vn -0.636546 0.139003 -0.758608
vn -0.557853 0.139003 -0.818216
vn -0.473609 0.139005 -0.869697
vn -0.384664 0.139005 -0.912530
vn -0.384661 0.139003 -0.912531
vn -0.196226 0.139004 -0.970656
vn -0.268209 0.139132 -0.953261
vn -0.220360 0.139132 -0.965445
vn -0.196041 0.145498 -0.969741
vn -0.196221 0.139002 -0.970657
vn -0.291897 0.139002 -0.946295
vn -0.959652 0.139131 -0.244359
vn -0.970639 0.139131 -0.196219
vn -0.953983 0.133682 -0.268412
vn -0.881232 0.139004 -0.451783
vn -0.831872 0.139003 -0.537277
vn -0.774242 0.139003 -0.617437
vn -0.774242 0.139003 -0.617436
vn -0.636545 0.139004 -0.758609
vn -0.473612 0.139003 -0.869695
vn -0.291890 0.139005 -0.946297
vn -0.291615 0.145496 -0.945405
vn -0.361793 0.139131 -0.921818
vn -0.315384 0.139130 -0.938710
vn -0.975968 0.133682 -0.172089
vn -0.979214 0.139131 -0.147589
vn -0.985353 0.139131 -0.098603
vn -0.921836 0.139004 -0.361795
vn -0.921837 0.139004 -0.361794
vn -0.831870 0.139005 -0.537280
vn -0.708917 0.139003 -0.691459
vn -0.708919 0.139004 -0.691456
vn -0.557853 0.139003 -0.818216
vn -0.557853 0.139003 -0.818217
vn -0.451773 0.139130 -0.881217
vn -0.407285 0.139130 -0.902641
vn -0.473612 0.139003 -0.869695
vn -0.384302 0.145496 -0.911670
vn -0.384665 0.139005 -0.912530
vn -0.384661 0.139003 -0.912532
vn -0.988253 0.133682 -0.074057
vn -0.989043 0.139130 -0.049357
vn -0.990274 0.139130 0.000000
vn -0.953278 0.139003 -0.268213
vn -0.953279 0.139004 -0.268211
vn -0.975247 0.139003 -0.171962
vn -0.881232 0.139003 -0.451783
vn -0.881234 0.139004 -0.451780
vn -0.774242 0.139004 -0.617437
vn -0.774240 0.139003 -0.617438
vn -0.636545 0.139003 -0.758610
vn -0.636547 0.139003 -0.758608
vn -0.537269 0.139130 -0.831856
vn -0.495138 0.139130 -0.857602
vn -0.473612 0.139003 -0.869695
vn -0.473165 0.145497 -0.868876
vn -0.990716 0.133683 0.024705
vn -0.989043 0.139131 0.049357
vn -0.985353 0.139130 0.098603
vn -0.975248 0.139003 -0.171961
vn -0.921836 0.139003 -0.361796
vn -0.921837 0.139004 -0.361794
vn -0.953279 0.139004 -0.268211
vn -0.831870 0.139004 -0.537280
vn -0.831870 0.139003 -0.537280
vn -0.881234 0.139003 -0.451780
vn -0.708919 0.139004 -0.691456
vn -0.708917 0.139003 -0.691459
vn -0.617425 0.139131 -0.774228
vn -0.578065 0.139131 -0.804042
vn -0.557853 0.139005 -0.818216
vn -0.557325 0.145497 -0.817447
vn -0.557850 0.139003 -0.818218
vn -0.979214 0.139130 0.147589
vn -0.970639 0.139130 0.196221
vn -0.983333 0.133683 0.123228
vn -0.987523 0.139004 -0.074003
vn -0.987523 0.139003 -0.074006
vn -0.953280 0.139003 -0.268208
vn -0.881234 0.139003 -0.451779
vn -0.774242 0.139004 -0.617436
vn -0.831871 0.139003 -0.537280
vn -0.774240 0.139003 -0.617438
vn -0.636547 0.139004 -0.758608
vn -0.691446 0.139130 -0.708904
vn -0.655253 0.139130 -0.742487
vn -0.635947 0.145497 -0.757893
vn -0.636547 0.139004 -0.758608
vn -0.959652 0.139131 0.244357
vn -0.946278 0.139131 0.291892
vn -0.966177 0.133683 0.220524
vn -0.982606 0.139003 0.123137
vn -0.989984 0.139004 0.024689
vn -0.989984 0.139003 0.024687
vn -0.975247 0.139003 -0.171964
vn -0.975247 0.139004 -0.171961
vn -0.921836 0.139002 -0.361796
vn -0.921837 0.139003 -0.361795
vn -0.881234 0.139003 -0.451779
vn -0.831870 0.139003 -0.537281
vn -0.708919 0.139004 -0.691457
vn -0.758594 0.139131 -0.636535
vn -0.725921 0.139132 -0.673559
vn -0.708917 0.139003 -0.691459
vn -0.708251 0.145497 -0.690805
vn -0.930554 0.139131 0.338692
vn -0.912515 0.139131 0.384655
vn -0.939419 0.133683 0.315628
vn -0.982606 0.139003 0.123137
vn -0.987523 0.139003 -0.074006
vn -0.987523 0.139004 -0.074004
vn -0.975247 0.139004 -0.171964
vn -0.953279 0.139002 -0.268211
vn -0.953280 0.139004 -0.268208
vn -0.881233 0.139004 -0.451780
vn -0.774242 0.139004 -0.617436
vn -0.818202 0.139130 -0.557842
vn -0.789381 0.139130 -0.597930
vn -0.773511 0.145497 -0.616856
vn -0.774241 0.139003 -0.617438
vn -0.903324 0.133682 0.407597
vn -0.892206 0.139130 0.429665
vn -0.869680 0.139130 0.473603
vn -0.965464 0.139003 0.220360
vn -0.965463 0.139004 0.220361
vn -0.989984 0.139003 0.024689
vn -0.982606 0.139003 0.123137
vn -0.989984 0.139003 0.024688
vn -0.975247 0.139003 -0.171962
vn -0.987523 0.139003 -0.074004
vn -0.921837 0.139004 -0.361795
vn -0.921836 0.139004 -0.361794
vn -0.869679 0.139130 -0.473605
vn -0.844993 0.139130 -0.516363
vn -0.831087 0.145497 -0.536774
vn -0.831870 0.139003 -0.537281
vn -0.831870 0.139004 -0.537280
vn -0.844992 0.139131 0.516364
vn -0.818203 0.139131 0.557841
vn -0.858253 0.133682 0.495511
vn -0.938724 0.139004 0.315396
vn -0.902656 0.139003 0.407296
vn -0.938725 0.139003 0.315394
vn -0.965463 0.139004 0.220360
vn -0.982606 0.139004 0.123136
vn -0.987523 0.139003 -0.074005
vn -0.953279 0.139004 -0.268211
vn -0.953279 0.139004 -0.268211
vn -0.912512 0.139130 -0.384661
vn -0.892208 0.139130 -0.429660
vn -0.880403 0.145497 -0.451354
vn -0.881234 0.139003 -0.451780
vn -0.921837 0.139003 -0.361794
vn -0.881234 0.139003 -0.451780
vn -0.804650 0.133682 0.578504
vn -0.789380 0.139131 0.597931
vn -0.758596 0.139131 0.636534
vn -0.902657 0.139004 0.407294
vn -0.965463 0.139003 0.220360
vn -0.989984 0.139003 0.024688
vn -0.989984 0.139003 0.024688
vn -0.975247 0.139004 -0.171962
vn -0.987523 0.139004 -0.074005
vn -0.975247 0.139004 -0.171963
vn -0.946279 0.139131 -0.291887
vn -0.930553 0.139131 -0.338694
vn -0.920968 0.145498 -0.361454
vn -0.921837 0.139003 -0.361795
vn -0.725919 0.139132 0.673560
vn -0.691447 0.139132 0.708903
vn -0.743053 0.133682 0.655745
vn -0.857618 0.139004 0.495145
vn -0.857618 0.139004 0.495146
vn -0.938725 0.139003 0.315395
vn -0.938724 0.139004 0.315396
vn -0.982607 0.139003 0.123136
vn -0.982606 0.139004 0.123137
vn -0.987523 0.139004 -0.074005
vn -0.970639 0.139131 -0.196219
vn -0.959652 0.139131 -0.244358
vn -0.952381 0.145497 -0.267959
vn -0.975247 0.139004 -0.171963
vn -0.953279 0.139004 -0.268211
vn -0.953279 0.139003 -0.268211
vn -0.655250 0.139132 0.742489
vn -0.674067 0.133683 0.726473
vn -0.617423 0.139132 0.774229
vn -0.804055 0.139004 0.578077
vn -0.804056 0.139003 0.578076
vn -0.902657 0.139003 0.407294
vn -0.902656 0.139004 0.407296
vn -0.857618 0.139003 0.495146
vn -0.938725 0.139002 0.315395
vn -0.965463 0.139003 0.220362
vn -0.965464 0.139002 0.220360
vn -0.989984 0.139004 0.024689
vn -0.989984 0.139003 0.024688
vn -0.985353 0.139131 -0.098599
vn -0.979214 0.139131 -0.147592
vn -0.975247 0.139003 -0.171962
vn -0.987523 0.139003 -0.074005
vn -0.974328 0.145497 -0.171800
vn -0.598383 0.133683 0.789979
vn -0.578067 0.139131 0.804041
vn -0.537275 0.139131 0.831852
vn -0.742504 0.139003 0.655260
vn -0.742503 0.139003 0.655261
vn -0.804055 0.139003 0.578077
vn -0.857618 0.139003 0.495146
vn -0.938725 0.139003 0.315393
vn -0.982607 0.139003 0.123136
vn -0.982606 0.139004 0.123137
vn -0.990274 0.139131 0.000000
vn -0.989043 0.139131 -0.049362
vn -0.989984 0.139003 0.024689
vn -0.987523 0.139003 -0.074004
vn -0.986592 0.145497 -0.073935
vn -0.516757 0.133682 0.845631
vn -0.495134 0.139131 0.857604
vn -0.451778 0.139132 0.881215
vn -0.673569 0.139002 0.725936
vn -0.673568 0.139003 0.725937
vn -0.742503 0.139003 0.655261
vn -0.804055 0.139003 0.578077
vn -0.902656 0.139004 0.407296
vn -0.902657 0.139003 0.407294
vn -0.965463 0.139004 0.220362
vn -0.965463 0.139004 0.220362
vn -0.989043 0.139131 0.049362
vn -0.989051 0.145497 0.024665
vn -0.989984 0.139003 0.024689
vn -0.985353 0.139131 0.098599
vn -0.429989 0.133682 0.892882
vn -0.407287 0.139130 0.902641
vn -0.361781 0.139130 0.921823
vn -0.597941 0.139005 0.789395
vn -0.597946 0.139002 0.789392
vn -0.742502 0.139003 0.655263
vn -0.857618 0.139004 0.495146
vn -0.857617 0.139004 0.495147
vn -0.938725 0.139003 0.315393
vn -0.938725 0.139004 0.315394
vn -0.982607 0.139003 0.123136
vn -0.982607 0.139003 0.123136
vn -0.981681 0.145497 0.123020
vn -0.970640 0.139130 0.196217
vn -0.979213 0.139130 0.147593
vn -0.338952 0.133684 0.931257
vn -0.315393 0.139132 0.938706
vn -0.268209 0.139132 0.953261
vn -0.516371 0.139005 0.845008
vn -0.516375 0.139003 0.845006
vn -0.597946 0.139004 0.789391
vn -0.673568 0.139004 0.725937
vn -0.673570 0.139003 0.725935
vn -0.804056 0.139004 0.578076
vn -0.804055 0.139005 0.578077
vn -0.902657 0.139003 0.407294
vn -0.902657 0.139003 0.407294
vn -0.938725 0.139003 0.315394
vn -0.965463 0.139003 0.220361
vn -0.964553 0.145498 0.220153
vn -0.965463 0.139003 0.220362
vn -0.946279 0.139131 0.291887
vn -0.959651 0.139131 0.244360
vn -0.220358 0.139131 0.965446
vn -0.171955 0.139131 0.975230
vn -0.244542 0.133683 0.960379
vn -0.338702 0.139003 0.930569
vn -0.429672 0.139003 0.892222
vn -0.429671 0.139003 0.892222
vn -0.597946 0.139004 0.789391
vn -0.742502 0.139005 0.655263
vn -0.742502 0.139005 0.655262
vn -0.857618 0.139003 0.495147
vn -0.804056 0.139003 0.578076
vn -0.857618 0.139003 0.495146
vn -0.937841 0.145497 0.315096
vn -0.938725 0.139004 0.315393
vn -0.912514 0.139130 0.384658
vn -0.930553 0.139130 0.338694
vn -0.147704 0.133683 0.979955
vn -0.049399 0.133682 0.989792
vn -0.123139 0.139130 0.982588
vn -0.074004 0.139130 0.987505
vn -0.049363 0.139003 0.989061
vn -0.338700 0.139003 0.930570
vn -0.516372 0.139004 0.845007
vn -0.429672 0.139004 0.892222
vn -0.516371 0.139004 0.845008
vn -0.673569 0.139004 0.725935
vn -0.597946 0.139004 0.789391
vn -0.673568 0.139005 0.725936
vn -0.804056 0.139003 0.578076
vn -0.901806 0.145496 0.406912
vn -0.902657 0.139003 0.407294
vn -0.869681 0.139130 0.473601
vn -0.892206 0.139130 0.429663
vn -0.902656 0.139004 0.407296
vn -0.244363 0.139003 0.959669
vn -0.244361 0.139003 0.959670
vn -0.147594 0.139003 0.979231
vn -0.429669 0.139003 0.892224
vn -0.516373 0.139003 0.845007
vn -0.597944 0.139003 0.789393
vn -0.742502 0.139003 0.655263
vn -0.742501 0.139003 0.655264
vn -0.857618 0.139004 0.495146
vn -0.856810 0.145497 0.494679
vn -0.857618 0.139003 0.495145
vn -0.818202 0.139131 0.557842
vn -0.844993 0.139131 0.516363
vn -0.049362 0.139003 0.989061
vn -0.147594 0.139003 0.979231
vn -0.338701 0.139002 0.930570
vn -0.338699 0.139003 0.930570
vn -0.429669 0.139002 0.892224
vn -0.516371 0.139002 0.845008
vn -0.597943 0.139004 0.789393
vn -0.673569 0.139004 0.725936
vn -0.673570 0.139003 0.725935
vn -0.804056 0.139004 0.578076
vn -0.742501 0.139003 0.655264
vn -0.803298 0.145497 0.577532
vn -0.804056 0.139003 0.578076
vn -0.758591 0.139131 0.636540
vn -0.789381 0.139131 0.597930
vn -0.244366 0.139002 0.959669
vn -0.244363 0.139004 0.959669
vn -0.338699 0.139003 0.930570
vn -0.429670 0.139003 0.892223
vn -0.597943 0.139004 0.789393
vn -0.516371 0.139004 0.845008
vn -0.673570 0.139003 0.725935
vn -0.741801 0.145496 0.654646
vn -0.742501 0.139003 0.655264
vn -0.691446 0.139131 0.708904
vn -0.725925 0.139131 0.673555
vn -0.049362 0.139003 0.989061
vn -0.147594 0.139003 0.979231
vn -0.049362 0.139003 0.989061
vn -0.147593 0.139004 0.979232
vn -0.244366 0.139005 0.959668
vn -0.338703 0.139005 0.930569
vn -0.516373 0.139005 0.845007
vn -0.429670 0.139005 0.892223
vn -0.673572 0.139004 0.725933
vn -0.672937 0.145497 0.725249
vn -0.617425 0.139129 0.774228
vn -0.655248 0.139129 0.742491
vn -0.244359 0.139001 0.959670
vn -0.429671 0.139005 0.892222
vn -0.338702 0.139005 0.930569
vn -0.597941 0.139004 0.789395
vn -0.597944 0.139003 0.789393
vn -0.537269 0.139131 0.831856
vn -0.578070 0.139131 0.804038
vn -0.597378 0.145496 0.788651
vn -0.049362 0.139003 0.989061
vn -0.147593 0.139003 0.979232
vn -0.049362 0.139003 0.989061
vn -0.147596 0.139001 0.979231
vn -0.244359 0.139003 0.959670
vn -0.338698 0.139003 0.930571
vn -0.515885 0.145497 0.844211
vn -0.516373 0.139002 0.845007
vn -0.451773 0.139132 0.881217
vn -0.495138 0.139131 0.857602
vn -0.516372 0.139003 0.845008
vn -0.244361 0.139003 0.959670
vn -0.338698 0.139003 0.930571
vn -0.429268 0.145498 0.891381
vn -0.429671 0.139003 0.892222
vn -0.429673 0.139002 0.892222
vn -0.361785 0.139130 0.921821
vn -0.407285 0.139130 0.902641
vn -0.147596 0.139003 0.979231
vn -0.147596 0.139003 0.979231
vn -0.049362 0.139003 0.989061
vn -0.049362 0.139003 0.989061
vn -0.338381 0.145496 0.929693
vn -0.268209 0.139130 0.953261
vn -0.315392 0.139130 0.938707
vn -0.338701 0.139005 0.930570
vn -0.244361 0.139004 0.959670
vn -0.244359 0.139005 0.959670
vn -0.244128 0.145498 0.958766
vn -0.171964 0.139131 0.975229
vn -0.220352 0.139131 0.965447
vn -0.049362 0.139005 0.989061
vn -0.147460 0.145498 0.978308
vn -0.049361 0.139005 0.989061
vn -0.074003 0.139130 0.987505
vn -0.147596 0.139005 0.979231
vn -0.123135 0.139130 0.982589
vn -0.049315 0.145497 0.988129
vn -0.147599 0.139004 0.979231
vn 0.024679 0.139133 0.989966
vn 0.024688 0.139130 0.989966
vn -0.024679 0.139133 0.989966
vn -0.024688 0.139130 0.989966
vn 0.074004 0.139130 0.987505
vn 0.123139 0.139130 0.982588
vn 0.049399 0.133682 0.989792
vn 0.171955 0.139131 0.975230
vn 0.220358 0.139131 0.965446
vn 0.147704 0.133683 0.979955
vn 0.268209 0.139132 0.953261
vn 0.315393 0.139132 0.938706
vn 0.244542 0.133683 0.960379
vn 0.049363 0.139003 0.989061
vn 0.049362 0.139003 0.989061
vn 0.338952 0.133684 0.931257
vn 0.361781 0.139130 0.921823
vn 0.407287 0.139130 0.902641
vn 0.147594 0.139003 0.979231
vn 0.147594 0.139003 0.979231
vn 0.451778 0.139132 0.881215
vn 0.495134 0.139131 0.857604
vn 0.429989 0.133682 0.892882
vn 0.244361 0.139003 0.959670
vn 0.244363 0.139003 0.959669
vn 0.049362 0.139003 0.989061
vn 0.049362 0.139003 0.989061
vn 0.537275 0.139131 0.831852
vn 0.578067 0.139131 0.804041
vn 0.516757 0.133682 0.845631
vn 0.338700 0.139003 0.930570
vn 0.338702 0.139003 0.930569
vn 0.147594 0.139004 0.979231
vn 0.147593 0.139003 0.979232
vn 0.617423 0.139132 0.774229
vn 0.655250 0.139132 0.742489
vn 0.598383 0.133683 0.789979
vn 0.429671 0.139003 0.892222
vn 0.429672 0.139003 0.892222
vn 0.244366 0.139004 0.959668
vn 0.244363 0.139002 0.959669
vn 0.049362 0.139003 0.989061
vn 0.049362 0.139003 0.989061
vn 0.691447 0.139132 0.708903
vn 0.725919 0.139132 0.673560
vn 0.674067 0.133683 0.726473
vn 0.516375 0.139005 0.845006
vn 0.516371 0.139003 0.845008
vn 0.338699 0.139002 0.930570
vn 0.338700 0.139003 0.930570
vn 0.147596 0.139003 0.979231
vn 0.147593 0.139001 0.979232
vn 0.758596 0.139131 0.636534
vn 0.789380 0.139131 0.597931
vn 0.743053 0.133682 0.655745
vn 0.597941 0.139002 0.789396
vn 0.597946 0.139005 0.789391
vn 0.429672 0.139004 0.892222
vn 0.429669 0.139003 0.892224
vn 0.244366 0.139005 0.959668
vn 0.244359 0.139001 0.959670
vn 0.049362 0.139003 0.989061
vn 0.049362 0.139003 0.989061
vn 0.818203 0.139131 0.557841
vn 0.844992 0.139131 0.516364
vn 0.804650 0.133682 0.578504
vn 0.673569 0.139003 0.725936
vn 0.673568 0.139002 0.725937
vn 0.516372 0.139004 0.845007
vn 0.516371 0.139004 0.845008
vn 0.338699 0.139003 0.930570
vn 0.338703 0.139005 0.930569
vn 0.147596 0.139003 0.979231
vn 0.147596 0.139003 0.979231
vn 0.858253 0.133682 0.495511
vn 0.869680 0.139130 0.473603
vn 0.892206 0.139130 0.429665
vn 0.742504 0.139003 0.655260
vn 0.742503 0.139003 0.655261
vn 0.597946 0.139004 0.789391
vn 0.597946 0.139004 0.789391
vn 0.429670 0.139003 0.892223
vn 0.429669 0.139002 0.892224
vn 0.244361 0.139003 0.959670
vn 0.244359 0.139003 0.959670
vn 0.049361 0.139005 0.989061
vn 0.049315 0.145497 0.988129
vn 0.049362 0.139005 0.989061
vn 0.123135 0.139130 0.982589
vn 0.074003 0.139130 0.987505
vn 0.912515 0.139131 0.384655
vn 0.930554 0.139131 0.338692
vn 0.903324 0.133682 0.407597
vn 0.804056 0.139004 0.578076
vn 0.804055 0.139003 0.578077
vn 0.673570 0.139004 0.725935
vn 0.742503 0.139003 0.655261
vn 0.673568 0.139003 0.725937
vn 0.516373 0.139003 0.845007
vn 0.516371 0.139002 0.845008
vn 0.338702 0.139005 0.930569
vn 0.338698 0.139003 0.930571
vn 0.147460 0.145498 0.978308
vn 0.147599 0.139005 0.979230
vn 0.147596 0.139004 0.979231
vn 0.220352 0.139131 0.965447
vn 0.171964 0.139131 0.975229
vn 0.946278 0.139131 0.291892
vn 0.959652 0.139131 0.244357
vn 0.939419 0.133683 0.315628
vn 0.857618 0.139004 0.495146
vn 0.857618 0.139004 0.495145
vn 0.742502 0.139003 0.655263
vn 0.804055 0.139003 0.578077
vn 0.597944 0.139003 0.789393
vn 0.597946 0.139004 0.789391
vn 0.429671 0.139005 0.892222
vn 0.429670 0.139005 0.892223
vn 0.244359 0.139004 0.959670
vn 0.244128 0.145498 0.958766
vn 0.315392 0.139130 0.938707
vn 0.268209 0.139130 0.953261
vn 0.244361 0.139005 0.959669
vn 0.966177 0.133683 0.220524
vn 0.970639 0.139130 0.196221
vn 0.979214 0.139130 0.147589
vn 0.902656 0.139003 0.407296
vn 0.902657 0.139004 0.407294
vn 0.804055 0.139003 0.578077
vn 0.673569 0.139004 0.725936
vn 0.742502 0.139005 0.655263
vn 0.673569 0.139005 0.725935
vn 0.516373 0.139005 0.845007
vn 0.516371 0.139004 0.845008
vn 0.338701 0.139005 0.930570
vn 0.338381 0.145496 0.929693
vn 0.338698 0.139003 0.930571
vn 0.407285 0.139130 0.902641
vn 0.361785 0.139130 0.921821
vn 0.985353 0.139131 0.098603
vn 0.989043 0.139131 0.049357
vn 0.983333 0.133683 0.123228
vn 0.938724 0.139003 0.315396
vn 0.938725 0.139004 0.315394
vn 0.857618 0.139003 0.495146
vn 0.857618 0.139003 0.495146
vn 0.742502 0.139005 0.655262
vn 0.597943 0.139004 0.789393
vn 0.597943 0.139004 0.789393
vn 0.429268 0.145498 0.891381
vn 0.429673 0.139003 0.892222
vn 0.429671 0.139002 0.892223
vn 0.495138 0.139131 0.857602
vn 0.451773 0.139132 0.881217
vn 0.990274 0.139130 -0.000000
vn 0.989043 0.139130 -0.049357
vn 0.990716 0.133683 0.024705
vn 0.965463 0.139004 0.220360
vn 0.965463 0.139003 0.220361
vn 0.902657 0.139004 0.407294
vn 0.902656 0.139003 0.407296
vn 0.804055 0.139004 0.578077
vn 0.804056 0.139005 0.578076
vn 0.673570 0.139004 0.725935
vn 0.673569 0.139003 0.725936
vn 0.597944 0.139003 0.789393
vn 0.515885 0.145497 0.844211
vn 0.516372 0.139002 0.845008
vn 0.578070 0.139131 0.804038
vn 0.537269 0.139131 0.831856
vn 0.516373 0.139003 0.845007
vn 0.985353 0.139131 -0.098603
vn 0.979214 0.139131 -0.147589
vn 0.988253 0.133682 -0.074057
vn 0.982606 0.139003 0.123137
vn 0.982606 0.139003 0.123137
vn 0.938725 0.139004 0.315395
vn 0.938724 0.139003 0.315396
vn 0.857618 0.139004 0.495145
vn 0.857618 0.139004 0.495147
vn 0.742501 0.139003 0.655264
vn 0.742502 0.139003 0.655263
vn 0.597378 0.145496 0.788651
vn 0.597941 0.139004 0.789395
vn 0.655248 0.139129 0.742491
vn 0.617425 0.139129 0.774228
vn 0.975968 0.133682 -0.172089
vn 0.970639 0.139131 -0.196219
vn 0.959652 0.139131 -0.244359
vn 0.989984 0.139004 0.024687
vn 0.989984 0.139003 0.024689
vn 0.965463 0.139004 0.220360
vn 0.965463 0.139003 0.220360
vn 0.902657 0.139004 0.407294
vn 0.902656 0.139003 0.407296
vn 0.804056 0.139003 0.578076
vn 0.804056 0.139003 0.578076
vn 0.672937 0.145497 0.725249
vn 0.673572 0.139004 0.725933
vn 0.725925 0.139131 0.673555
vn 0.691446 0.139131 0.708904
vn 0.673570 0.139003 0.725935
vn 0.953983 0.133682 -0.268412
vn 0.946279 0.139131 -0.291890
vn 0.930554 0.139130 -0.338692
vn 0.987523 0.139004 -0.074006
vn 0.987523 0.139003 -0.074003
vn 0.982606 0.139004 0.123136
vn 0.982606 0.139003 0.123137
vn 0.938725 0.139003 0.315393
vn 0.938725 0.139002 0.315395
vn 0.965464 0.139002 0.220360
vn 0.857618 0.139003 0.495146
vn 0.857618 0.139003 0.495147
vn 0.741801 0.145496 0.654646
vn 0.742501 0.139003 0.655264
vn 0.742501 0.139003 0.655264
vn 0.789381 0.139131 0.597930
vn 0.758591 0.139131 0.636540
vn 0.912513 0.139130 -0.384659
vn 0.892206 0.139130 -0.429665
vn 0.922518 0.133682 -0.362062
vn 0.975247 0.139003 -0.171962
vn 0.953278 0.139003 -0.268213
vn 0.975248 0.139003 -0.171961
vn 0.989984 0.139003 0.024688
vn 0.989984 0.139003 0.024689
vn 0.965463 0.139003 0.220362
vn 0.938725 0.139003 0.315393
vn 0.902657 0.139003 0.407294
vn 0.902657 0.139003 0.407294
vn 0.804056 0.139003 0.578076
vn 0.804056 0.139004 0.578076
vn 0.844993 0.139131 0.516363
vn 0.818202 0.139131 0.557842
vn 0.803298 0.145497 0.577532
vn 0.881885 0.133682 -0.452115
vn 0.869680 0.139131 -0.473603
vn 0.844992 0.139131 -0.516364
vn 0.953279 0.139004 -0.268211
vn 0.987523 0.139003 -0.074004
vn 0.987523 0.139004 -0.074006
vn 0.982606 0.139003 0.123137
vn 0.982606 0.139004 0.123136
vn 0.938725 0.139004 0.315394
vn 0.965463 0.139004 0.220362
vn 0.857618 0.139004 0.495145
vn 0.856810 0.145497 0.494679
vn 0.892206 0.139130 0.429663
vn 0.869681 0.139130 0.473601
vn 0.857618 0.139003 0.495146
vn 0.902657 0.139003 0.407294
vn 0.818203 0.139131 -0.557841
vn 0.789384 0.139131 -0.597926
vn 0.832486 0.133683 -0.537676
vn 0.921836 0.139004 -0.361795
vn 0.921837 0.139004 -0.361794
vn 0.975247 0.139004 -0.171964
vn 0.975248 0.139002 -0.171961
vn 0.953279 0.139003 -0.268211
vn 0.989984 0.139004 0.024688
vn 0.989984 0.139003 0.024690
vn 0.965463 0.139004 0.220362
vn 0.982606 0.139004 0.123137
vn 0.901806 0.145496 0.406912
vn 0.902656 0.139004 0.407296
vn 0.930554 0.139130 0.338692
vn 0.912513 0.139130 0.384660
vn 0.758591 0.139130 -0.636539
vn 0.725924 0.139130 -0.673555
vn 0.774813 0.133681 -0.617894
vn 0.881233 0.139003 -0.451781
vn 0.881232 0.139004 -0.451783
vn 0.953280 0.139004 -0.268208
vn 0.987522 0.139004 -0.074007
vn 0.987523 0.139003 -0.074004
vn 0.975247 0.139003 -0.171964
vn 0.982607 0.139003 0.123136
vn 0.937840 0.145496 0.315098
vn 0.959652 0.139131 0.244356
vn 0.946278 0.139131 0.291891
vn 0.938725 0.139004 0.315395
vn 0.938725 0.139004 0.315394
vn 0.691441 0.139131 -0.708908
vn 0.655250 0.139131 -0.742489
vn 0.709443 0.133681 -0.691968
vn 0.831871 0.139004 -0.537278
vn 0.831872 0.139003 -0.537277
vn 0.921837 0.139003 -0.361795
vn 0.921836 0.139004 -0.361796
vn 0.975247 0.139004 -0.171962
vn 0.953280 0.139004 -0.268208
vn 0.989984 0.139003 0.024688
vn 0.989984 0.139002 0.024690
vn 0.964554 0.145497 0.220151
vn 0.965463 0.139004 0.220359
vn 0.979213 0.139130 0.147597
vn 0.970640 0.139130 0.196217
vn 0.965463 0.139003 0.220362
vn 0.617430 0.139131 -0.774224
vn 0.637018 0.133683 -0.759168
vn 0.578067 0.139131 -0.804041
vn 0.774240 0.139005 -0.617438
vn 0.774242 0.139004 -0.617436
vn 0.881232 0.139005 -0.451782
vn 0.881234 0.139003 -0.451780
vn 0.953279 0.139002 -0.268211
vn 0.975247 0.139004 -0.171962
vn 0.987523 0.139004 -0.074007
vn 0.987523 0.139002 -0.074004
vn 0.982607 0.139003 0.123136
vn 0.982607 0.139003 0.123136
vn 0.981680 0.145498 0.123020
vn 0.989043 0.139131 0.049358
vn 0.985354 0.139131 0.098594
vn 0.558263 0.133682 -0.818824
vn 0.537267 0.139130 -0.831857
vn 0.495142 0.139130 -0.857600
vn 0.636548 0.139004 -0.758607
vn 0.708917 0.139005 -0.691458
vn 0.708918 0.139004 -0.691457
vn 0.831870 0.139005 -0.537280
vn 0.831872 0.139003 -0.537277
vn 0.921837 0.139002 -0.361795
vn 0.921836 0.139003 -0.361796
vn 0.975247 0.139004 -0.171963
vn 0.989984 0.139004 0.024688
vn 0.989984 0.139003 0.024690
vn 0.989043 0.139129 -0.049358
vn 0.990274 0.139129 0.000000
vn 0.989051 0.145496 0.024666
vn 0.473960 0.133681 -0.870340
vn 0.451769 0.139130 -0.881219
vn 0.407287 0.139130 -0.902641
vn 0.636546 0.139003 -0.758609
vn 0.774242 0.139003 -0.617436
vn 0.774242 0.139003 -0.617437
vn 0.881234 0.139003 -0.451780
vn 0.881234 0.139003 -0.451779
vn 0.953279 0.139004 -0.268211
vn 0.953279 0.139004 -0.268211
vn 0.987523 0.139003 -0.074004
vn 0.986592 0.145497 -0.073937
vn 0.987523 0.139004 -0.074007
vn 0.979213 0.139132 -0.147596
vn 0.985353 0.139132 -0.098595
vn 0.384951 0.133682 -0.913204
vn 0.361790 0.139131 -0.921819
vn 0.315383 0.139130 -0.938710
vn 0.557850 0.139003 -0.818219
vn 0.557850 0.139003 -0.818218
vn 0.708917 0.139003 -0.691458
vn 0.636546 0.139003 -0.758609
vn 0.708917 0.139003 -0.691459
vn 0.774242 0.139004 -0.617437
vn 0.831870 0.139003 -0.537280
vn 0.831870 0.139004 -0.537280
vn 0.921837 0.139004 -0.361794
vn 0.921836 0.139004 -0.361795
vn 0.974329 0.145497 -0.171797
vn 0.959653 0.139130 -0.244354
vn 0.970640 0.139130 -0.196219
vn 0.975248 0.139003 -0.171959
vn 0.975247 0.139005 -0.171963
vn 0.268209 0.139131 -0.953261
vn 0.220358 0.139131 -0.965445
vn 0.292109 0.133684 -0.946996
vn 0.473614 0.139003 -0.869694
vn 0.473610 0.139005 -0.869696
vn 0.636547 0.139003 -0.758608
vn 0.774240 0.139003 -0.617438
vn 0.831870 0.139003 -0.537280
vn 0.881233 0.139004 -0.451780
vn 0.881234 0.139003 -0.451779
vn 0.953279 0.139004 -0.268211
vn 0.921836 0.139004 -0.361794
vn 0.952381 0.145497 -0.267958
vn 0.930554 0.139130 -0.338692
vn 0.946278 0.139130 -0.291891
vn 0.953279 0.139005 -0.268211
vn 0.171955 0.139132 -0.975230
vn 0.123139 0.139132 -0.982588
vn 0.196367 0.133683 -0.971375
vn 0.384663 0.139005 -0.912531
vn 0.384666 0.139003 -0.912529
vn 0.473614 0.139005 -0.869694
vn 0.557854 0.139003 -0.818216
vn 0.557850 0.139005 -0.818218
vn 0.708917 0.139004 -0.691458
vn 0.708919 0.139003 -0.691456
vn 0.831870 0.139003 -0.537281
vn 0.921836 0.139003 -0.361797
vn 0.920967 0.145498 -0.361456
vn 0.892208 0.139130 -0.429660
vn 0.912511 0.139130 -0.384663
vn 0.098675 0.133683 -0.986100
vn 0.074004 0.139131 -0.987505
vn 0.024689 0.139131 -0.989966
vn 0.291894 0.139004 -0.946296
vn 0.291896 0.139003 -0.946295
vn 0.473609 0.139003 -0.869697
vn 0.636546 0.139003 -0.758608
vn 0.636545 0.139004 -0.758609
vn 0.774242 0.139003 -0.617436
vn 0.774240 0.139004 -0.617438
vn 0.881234 0.139003 -0.451780
vn 0.844993 0.139130 -0.516363
vn 0.869679 0.139130 -0.473605
vn 0.880403 0.145497 -0.451354
vn 0.881234 0.139003 -0.451780
vn -0.024689 0.139131 -0.989966
vn -0.074004 0.139131 -0.987505
vn 0.000000 0.133682 -0.991024
vn 0.196222 0.139004 -0.970657
vn 0.196223 0.139004 -0.970657
vn 0.384663 0.139003 -0.912531
vn 0.384663 0.139003 -0.912531
vn 0.557853 0.139003 -0.818216
vn 0.557854 0.139003 -0.818216
vn 0.708919 0.139003 -0.691456
vn 0.708917 0.139004 -0.691459
vn 0.831870 0.139004 -0.537281
vn 0.789381 0.139130 -0.597930
vn 0.818202 0.139130 -0.557842
vn 0.831870 0.139003 -0.537280
vn 0.831087 0.145497 -0.536774
vn -0.123139 0.139132 -0.982588
vn -0.171955 0.139132 -0.975230
vn -0.098675 0.133683 -0.986100
vn 0.098602 0.139004 -0.985371
vn 0.098600 0.139004 -0.985371
vn 0.291893 0.139003 -0.946296
vn 0.291896 0.139002 -0.946295
vn 0.473609 0.139003 -0.869697
vn 0.473609 0.139003 -0.869697
vn 0.636545 0.139003 -0.758609
vn 0.636547 0.139003 -0.758608
vn 0.557853 0.139003 -0.818216
vn 0.773511 0.145497 -0.616856
vn 0.725921 0.139132 -0.673559
vn 0.758594 0.139131 -0.636535
vn 0.774241 0.139004 -0.617438
vn 0.774242 0.139003 -0.617436
vn -0.220358 0.139131 -0.965445
vn -0.268209 0.139131 -0.953261
vn -0.196367 0.133683 -0.971375
vn 0.000000 0.139004 -0.990292
vn 0.000000 0.139004 -0.990292
vn 0.196224 0.139002 -0.970657
vn 0.098600 0.139002 -0.985371
vn 0.196223 0.139002 -0.970657
vn 0.291893 0.139003 -0.946296
vn 0.384664 0.139003 -0.912531
vn 0.384663 0.139003 -0.912531
vn 0.557853 0.139003 -0.818217
vn 0.708917 0.139004 -0.691459
vn 0.708251 0.145497 -0.690805
vn 0.655253 0.139130 -0.742487
vn 0.691446 0.139130 -0.708904
vn 0.708919 0.139003 -0.691457
vn -0.292109 0.133684 -0.946996
vn -0.315383 0.139130 -0.938710
vn -0.361790 0.139131 -0.921819
vn -0.098602 0.139005 -0.985371
vn -0.196222 0.139004 -0.970657
vn -0.098600 0.139004 -0.985371
vn 0.098603 0.139004 -0.985371
vn 0.196224 0.139004 -0.970657
vn 0.291895 0.139004 -0.946295
vn 0.473609 0.139005 -0.869697
vn 0.473612 0.139003 -0.869695
vn 0.636547 0.139004 -0.758608
vn 0.635947 0.145497 -0.757893
vn 0.578065 0.139131 -0.804042
vn 0.617425 0.139131 -0.774228
vn 0.636547 0.139004 -0.758608
vn -0.407287 0.139130 -0.902641
vn -0.451769 0.139130 -0.881219
vn -0.384951 0.133682 -0.913204
vn -0.196223 0.139004 -0.970657
vn 0.000000 0.139004 -0.990292
vn 0.000000 0.139004 -0.990292
vn 0.196224 0.139005 -0.970656
vn 0.384664 0.139003 -0.912531
vn 0.384661 0.139005 -0.912531
vn 0.291895 0.139003 -0.946295
vn 0.557853 0.139003 -0.818217
vn 0.557850 0.139005 -0.818218
vn 0.495138 0.139130 -0.857602
vn 0.537269 0.139130 -0.831856
vn 0.557325 0.145497 -0.817447
vn -0.495142 0.139130 -0.857600
vn -0.537267 0.139130 -0.831857
vn -0.473960 0.133681 -0.870340
vn -0.291896 0.139004 -0.946295
vn -0.291894 0.139003 -0.946296
vn -0.098600 0.139002 -0.985371
vn -0.196223 0.139002 -0.970657
vn -0.098603 0.139004 -0.985371
vn 0.098601 0.139005 -0.985371
vn 0.098603 0.139004 -0.985371
vn 0.291897 0.139004 -0.946295
vn 0.473612 0.139003 -0.869695
vn 0.407285 0.139130 -0.902641
vn 0.451773 0.139130 -0.881217
vn 0.473165 0.145497 -0.868876
vn 0.473612 0.139003 -0.869695
vn 0.384661 0.139003 -0.912532
vn -0.578067 0.139131 -0.804041
vn -0.617430 0.139131 -0.774224
vn -0.558263 0.133682 -0.818824
vn -0.384663 0.139003 -0.912531
vn -0.384666 0.139005 -0.912529
vn -0.196224 0.139002 -0.970657
vn 0.000000 0.139004 -0.990292
vn -0.098603 0.139004 -0.985371
vn 0.000000 0.139004 -0.990292
vn 0.196224 0.139002 -0.970657
vn 0.196221 0.139004 -0.970657
vn 0.384302 0.145496 -0.911670
vn 0.315384 0.139130 -0.938710
vn 0.361793 0.139131 -0.921818
vn 0.384665 0.139005 -0.912530
vn -0.655250 0.139131 -0.742489
vn -0.637018 0.133683 -0.759168
vn -0.691441 0.139131 -0.708908
vn -0.473610 0.139003 -0.869696
vn -0.473614 0.139005 -0.869694
vn -0.291893 0.139002 -0.946296
vn -0.291896 0.139003 -0.946295
vn -0.098601 0.139005 -0.985371
vn 0.098601 0.139001 -0.985371
vn 0.098600 0.139002 -0.985371
vn 0.291615 0.145496 -0.945405
vn 0.291897 0.139002 -0.946295
vn 0.220360 0.139132 -0.965445
vn 0.268209 0.139132 -0.953261
vn 0.291890 0.139005 -0.946297
vn -0.725924 0.139130 -0.673555
vn -0.758591 0.139130 -0.636539
vn -0.709443 0.133681 -0.691968
vn -0.557850 0.139003 -0.818219
vn -0.557850 0.139003 -0.818218
vn -0.384663 0.139003 -0.912531
vn -0.384663 0.139003 -0.912531
vn -0.196224 0.139004 -0.970657
vn -0.196224 0.139005 -0.970656
vn 0.000000 0.139001 -0.990292
vn 0.000000 0.139001 -0.990292
vn 0.196221 0.139005 -0.970657
vn 0.196226 0.139002 -0.970656
vn 0.196041 0.145498 -0.969741
vn 0.123135 0.139129 -0.982589
vn 0.171955 0.139130 -0.975230
vn -0.789384 0.139131 -0.597926
vn -0.818203 0.139131 -0.557841
vn -0.774813 0.133681 -0.617894
vn -0.636546 0.139003 -0.758609
vn -0.636548 0.139004 -0.758607
vn -0.473609 0.139003 -0.869697
vn -0.557850 0.139005 -0.818218
vn -0.473614 0.139005 -0.869694
vn -0.291895 0.139004 -0.946295
vn -0.384663 0.139003 -0.912531
vn -0.291893 0.139003 -0.946296
vn -0.098601 0.139002 -0.985371
vn -0.098600 0.139001 -0.985371
vn 0.098598 0.139004 -0.985371
vn 0.098600 0.139004 -0.985371
vn 0.024688 0.139131 -0.989966
vn 0.074003 0.139131 -0.987505
vn 0.098505 0.145497 -0.984443
vn 0.000000 0.139004 -0.990292
vn -0.832486 0.133683 -0.537676
vn -0.844992 0.139131 -0.516364
vn -0.869680 0.139131 -0.473603
vn -0.708918 0.139005 -0.691457
vn -0.708917 0.139004 -0.691458
vn -0.557854 0.139003 -0.818216
vn -0.384664 0.139003 -0.912531
vn -0.196224 0.139004 -0.970656
vn -0.196221 0.139002 -0.970657
vn -0.074003 0.139131 -0.987505
vn -0.024688 0.139131 -0.989966
vn 0.000000 0.139004 -0.990292
vn 0.000000 0.145497 -0.989359
vn -0.892206 0.139130 -0.429665
vn -0.912513 0.139130 -0.384659
vn -0.881885 0.133682 -0.452115
vn -0.774241 0.139004 -0.617438
vn -0.774242 0.139005 -0.617436
vn -0.636546 0.139003 -0.758609
vn -0.636547 0.139003 -0.758608
vn -0.473609 0.139003 -0.869697
vn -0.473609 0.139003 -0.869697
vn -0.291897 0.139004 -0.946295
vn -0.291895 0.139003 -0.946295
vn -0.171955 0.139130 -0.975230
vn -0.123135 0.139129 -0.982589
vn -0.098505 0.145497 -0.984443
vn -0.098600 0.139005 -0.985371
vn -0.098598 0.139004 -0.985371
vn -0.930554 0.139130 -0.338692
vn -0.946279 0.139131 -0.291890
vn -0.922518 0.133682 -0.362062
vn -0.831871 0.139003 -0.537278
vn -0.831872 0.139004 -0.537277
vn -0.881233 0.139003 -0.451781
vn -0.708917 0.139003 -0.691458
vn -0.708917 0.139003 -0.691459
vn -0.557854 0.139003 -0.818216
vn -0.636546 0.139003 -0.758608
vn -0.557853 0.139003 -0.818216
vn -0.473609 0.139005 -0.869697
vn -0.384664 0.139005 -0.912530
vn -0.384661 0.139003 -0.912531
vn -0.196226 0.139004 -0.970656
vn -0.268209 0.139132 -0.953261
vn -0.220360 0.139132 -0.965445
vn -0.196041 0.145498 -0.969741
vn -0.196221 0.139002 -0.970657
vn -0.291897 0.139002 -0.946295
vn -0.959652 0.139131 -0.244359
vn -0.970639 0.139131 -0.196219
vn -0.953983 0.133682 -0.268412
vn -0.881232 0.139004 -0.451783
vn -0.831872 0.139003 -0.537277
vn -0.774242 0.139003 -0.617437
vn -0.774242 0.139003 -0.617436
vn -0.636545 0.139004 -0.758609
vn -0.473612 0.139003 -0.869695
vn -0.291890 0.139005 -0.946297
vn -0.291615 0.145496 -0.945405
vn -0.361793 0.139131 -0.921818
vn -0.315384 0.139130 -0.938710
vn -0.975968 0.133682 -0.172089
vn -0.979214 0.139131 -0.147589
vn -0.985353 0.139131 -0.098603
vn -0.921836 0.139004 -0.361795
vn -0.921837 0.139004 -0.361794
vn -0.831870 0.139005 -0.537280
vn -0.708917 0.139003 -0.691459
vn -0.708919 0.139004 -0.691456
vn -0.557853 0.139003 -0.818216
vn -0.557853 0.139003 -0.818217
vn -0.451773 0.139130 -0.881217
vn -0.407285 0.139130 -0.902641
vn -0.473612 0.139003 -0.869695
vn -0.384302 0.145496 -0.911670
vn -0.384665 0.139005 -0.912530
vn -0.384661 0.139003 -0.912532
vn -0.988253 0.133682 -0.074057
vn -0.989043 0.139130 -0.049357
vn -0.990274 0.139130 0.000000
vn -0.953278 0.139003 -0.268213
vn -0.953279 0.139004 -0.268211
vn -0.975247 0.139003 -0.171962
vn -0.881232 0.139003 -0.451783
vn -0.881234 0.139004 -0.451780
vn -0.774242 0.139004 -0.617437
vn -0.774240 0.139003 -0.617438
vn -0.636545 0.139003 -0.758610
vn -0.636547 0.139003 -0.758608
vn -0.537269 0.139130 -0.831856
vn -0.495138 0.139130 -0.857602
vn -0.473612 0.139003 -0.869695
vn -0.473165 0.145497 -0.868876
vn -0.990716 0.133683 0.024705
vn -0.989043 0.139131 0.049357
vn -0.985353 0.139130 0.098603
vn -0.975248 0.139003 -0.171961
vn -0.921836 0.139003 -0.361796
vn -0.921837 0.139004 -0.361794
vn -0.953279 0.139004 -0.268211
vn -0.831870 0.139004 -0.537280
vn -0.831870 0.139003 -0.537280
vn -0.881234 0.139003 -0.451780
vn -0.708919 0.139004 -0.691456
vn -0.708917 0.139003 -0.691459
vn -0.617425 0.139131 -0.774228
vn -0.578065 0.139131 -0.804042
vn -0.557853 0.139005 -0.818216
vn -0.557325 0.145497 -0.817447
vn -0.557850 0.139003 -0.818218
vn -0.979214 0.139130 0.147589
vn -0.970639 0.139130 0.196221
vn -0.983333 0.133683 0.123228
vn -0.987523 0.139004 -0.074003
vn -0.987523 0.139003 -0.074006
vn -0.953280 0.139003 -0.268208
vn -0.881234 0.139003 -0.451779
vn -0.774242 0.139004 -0.617436
vn -0.831871 0.139003 -0.537280
vn -0.774240 0.139003 -0.617438
vn -0.636547 0.139004 -0.758608
vn -0.691446 0.139130 -0.708904
vn -0.655253 0.139130 -0.742487
vn -0.635947 0.145497 -0.757893
vn -0.636547 0.139004 -0.758608
vn -0.959652 0.139131 0.244357
vn -0.946278 0.139131 0.291892
vn -0.966177 0.133683 0.220524
vn -0.982606 0.139003 0.123137
vn -0.989984 0.139004 0.024689
vn -0.989984 0.139003 0.024687
vn -0.975247 0.139003 -0.171964
vn -0.975247 0.139004 -0.171961
vn -0.921836 0.139002 -0.361796
vn -0.921837 0.139003 -0.361795
vn -0.881234 0.139003 -0.451779
vn -0.831870 0.139003 -0.537281
vn -0.708919 0.139004 -0.691457
vn -0.758594 0.139131 -0.636535
vn -0.725921 0.139132 -0.673559
vn -0.708917 0.139003 -0.691459
vn -0.708251 0.145497 -0.690805
vn -0.930554 0.139131 0.338692
vn -0.912515 0.139131 0.384655
vn -0.939419 0.133683 0.315628
vn -0.982606 0.139003 0.123137
vn -0.987523 0.139003 -0.074006
vn -0.987523 0.139004 -0.074004
vn -0.975247 0.139004 -0.171964
vn -0.953279 0.139002 -0.268211
vn -0.953280 0.139004 -0.268208
vn -0.881233 0.139004 -0.451780
vn -0.774242 0.139004 -0.617436
vn -0.818202 0.139130 -0.557842
vn -0.789381 0.139130 -0.597930
vn -0.773511 0.145497 -0.616856
vn -0.774241 0.139003 -0.617438
vn -0.903324 0.133682 0.407597
vn -0.892206 0.139130 0.429665
vn -0.869680 0.139130 0.473603
vn -0.965464 0.139003 0.220360
vn -0.965463 0.139004 0.220361
vn -0.989984 0.139003 0.024689
vn -0.982606 0.139003 0.123137
vn -0.989984 0.139003 0.024688
vn -0.975247 0.139003 -0.171962
vn -0.987523 0.139003 -0.074004
vn -0.921837 0.139004 -0.361795
vn -0.921836 0.139004 -0.361794
vn -0.869679 0.139130 -0.473605
vn -0.844993 0.139130 -0.516363
vn -0.831087 0.145497 -0.536774
vn -0.831870 0.139003 -0.537281
vn -0.831870 0.139004 -0.537280
vn -0.844992 0.139131 0.516364
vn -0.818203 0.139131 0.557841
vn -0.858253 0.133682 0.495511
vn -0.938724 0.139004 0.315396
vn -0.902656 0.139003 0.407296
vn -0.938725 0.139003 0.315394
vn -0.965463 0.139004 0.220360
vn -0.982606 0.139004 0.123136
vn -0.987523 0.139003 -0.074005
vn -0.953279 0.139004 -0.268211
vn -0.953279 0.139004 -0.268211
vn -0.912512 0.139130 -0.384661
vn -0.892208 0.139130 -0.429660
vn -0.880403 0.145497 -0.451354
vn -0.881234 0.139003 -0.451780
vn -0.921837 0.139003 -0.361794
vn -0.881234 0.139003 -0.451780
vn -0.804650 0.133682 0.578504
vn -0.789380 0.139131 0.597931
vn -0.758596 0.139131 0.636534
vn -0.902657 0.139004 0.407294
vn -0.965463 0.139003 0.220360
vn -0.989984 0.139003 0.024688
vn -0.989984 0.139003 0.024688
vn -0.975247 0.139004 -0.171962
vn -0.987523 0.139004 -0.074005
vn -0.975247 0.139004 -0.171963
vn -0.946279 0.139131 -0.291887
vn -0.930553 0.139131 -0.338694
vn -0.920968 0.145498 -0.361454
vn -0.921837 0.139003 -0.361795
vn -0.725919 0.139132 0.673560
vn -0.691447 0.139132 0.708903
vn -0.743053 0.133682 0.655745
vn -0.857618 0.139004 0.495145
vn -0.857618 0.139004 0.495146
vn -0.938725 0.139003 0.315395
vn -0.938724 0.139004 0.315396
vn -0.982607 0.139003 0.123136
vn -0.982606 0.139004 0.123137
vn -0.987523 0.139004 -0.074005
vn -0.970639 0.139131 -0.196219
vn -0.959652 0.139131 -0.244358
vn -0.952381 0.145497 -0.267959
vn -0.975247 0.139004 -0.171963
vn -0.953279 0.139004 -0.268211
vn -0.953279 0.139003 -0.268211
vn -0.655250 0.139132 0.742489
vn -0.674067 0.133683 0.726473
vn -0.617423 0.139132 0.774229
vn -0.804055 0.139004 0.578077
vn -0.804056 0.139003 0.578076
vn -0.902657 0.139003 0.407294
vn -0.902656 0.139004 0.407296
vn -0.857618 0.139003 0.495146
vn -0.938725 0.139002 0.315395
vn -0.965463 0.139003 0.220362
vn -0.965464 0.139002 0.220360
vn -0.989984 0.139004 0.024689
vn -0.989984 0.139003 0.024688
vn -0.985353 0.139131 -0.098599
vn -0.979214 0.139131 -0.147592
vn -0.975247 0.139003 -0.171962
vn -0.987523 0.139003 -0.074005
vn -0.974328 0.145497 -0.171800
vn -0.598383 0.133683 0.789979
vn -0.578067 0.139131 0.804041
vn -0.537275 0.139131 0.831852
vn -0.742504 0.139003 0.655260
vn -0.742503 0.139003 0.655261
vn -0.804055 0.139003 0.578077
vn -0.857618 0.139003 0.495146
vn -0.938725 0.139003 0.315393
vn -0.982607 0.139003 0.123136
vn -0.982606 0.139004 0.123137
vn -0.990274 0.139131 0.000000
vn -0.989043 0.139131 -0.049362
vn -0.989984 0.139003 0.024689
vn -0.987523 0.139003 -0.074004
vn -0.986592 0.145497 -0.073935
vn -0.516757 0.133682 0.845631
vn -0.495134 0.139131 0.857604
vn -0.451778 0.139132 0.881215
vn -0.673569 0.139002 0.725936
vn -0.673568 0.139003 0.725937
vn -0.742503 0.139003 0.655261
vn -0.804055 0.139003 0.578077
vn -0.902656 0.139004 0.407296
vn -0.902657 0.139003 0.407294
vn -0.965463 0.139004 0.220362
vn -0.965463 0.139004 0.220362
vn -0.989043 0.139131 0.049362
vn -0.989051 0.145497 0.024665
vn -0.989984 0.139003 0.024689
vn -0.985353 0.139131 0.098599
vn -0.429989 0.133682 0.892882
vn -0.407287 0.139130 0.902641
vn -0.361781 0.139130 0.921823
vn -0.597941 0.139005 0.789395
vn -0.597946 0.139002 0.789392
vn -0.742502 0.139003 0.655263
vn -0.857618 0.139004 0.495146
vn -0.857617 0.139004 0.495147
vn -0.938725 0.139003 0.315393
vn -0.938725 0.139004 0.315394
vn -0.982607 0.139003 0.123136
vn -0.982607 0.139003 0.123136
vn -0.981681 0.145497 0.123020
vn -0.970640 0.139130 0.196217
vn -0.979213 0.139130 0.147593
vn -0.338952 0.133684 0.931257
vn -0.315393 0.139132 0.938706
vn -0.268209 0.139132 0.953261
vn -0.516371 0.139005 0.845008
vn -0.516375 0.139003 0.845006
vn -0.597946 0.139004 0.789391
vn -0.673568 0.139004 0.725937
vn -0.673570 0.139003 0.725935
vn -0.804056 0.139004 0.578076
vn -0.804055 0.139005 0.578077
vn -0.902657 0.139003 0.407294
vn -0.902657 0.139003 0.407294
vn -0.938725 0.139003 0.315394
vn -0.965463 0.139003 0.220361
vn -0.964553 0.145498 0.220153
vn -0.965463 0.139003 0.220362
vn -0.946279 0.139131 0.291887
vn -0.959651 0.139131 0.244360
vn -0.220358 0.139131 0.965446
vn -0.171955 0.139131 0.975230
vn -0.244542 0.133683 0.960379
vn -0.338702 0.139003 0.930569
vn -0.429672 0.139003 0.892222
vn -0.429671 0.139003 0.892222
vn -0.597946 0.139004 0.789391
vn -0.742502 0.139005 0.655263
vn -0.742502 0.139005 0.655262
vn -0.857618 0.139003 0.495147
vn -0.804056 0.139003 0.578076
vn -0.857618 0.139003 0.495146
vn -0.937841 0.145497 0.315096
vn -0.938725 0.139004 0.315393
vn -0.912514 0.139130 0.384658
vn -0.930553 0.139130 0.338694
vn -0.147704 0.133683 0.979955
vn -0.049399 0.133682 0.989792
vn -0.123139 0.139130 0.982588
vn -0.074004 0.139130 0.987505
vn -0.049363 0.139003 0.989061
vn -0.338700 0.139003 0.930570
vn -0.516372 0.139004 0.845007
vn -0.429672 0.139004 0.892222
vn -0.516371 0.139004 0.845008
vn -0.673569 0.139004 0.725935
vn -0.597946 0.139004 0.789391
vn -0.673568 0.139005 0.725936
vn -0.804056 0.139003 0.578076
vn -0.901806 0.145496 0.406912
vn -0.902657 0.139003 0.407294
vn -0.869681 0.139130 0.473601
vn -0.892206 0.139130 0.429663
vn -0.902656 0.139004 0.407296
vn -0.244363 0.139003 0.959669
vn -0.244361 0.139003 0.959670
vn -0.147594 0.139003 0.979231
vn -0.429669 0.139003 0.892224
vn -0.516373 0.139003 0.845007
vn -0.597944 0.139003 0.789393
vn -0.742502 0.139003 0.655263
vn -0.742501 0.139003 0.655264
vn -0.857618 0.139004 0.495146
vn -0.856810 0.145497 0.494679
vn -0.857618 0.139003 0.495145
vn -0.818202 0.139131 0.557842
vn -0.844993 0.139131 0.516363
vn -0.049362 0.139003 0.989061
vn -0.147594 0.139003 0.979231
vn -0.338701 0.139002 0.930570
vn -0.338699 0.139003 0.930570
vn -0.429669 0.139002 0.892224
vn -0.516371 0.139002 0.845008
vn -0.597943 0.139004 0.789393
vn -0.673569 0.139004 0.725936
vn -0.673570 0.139003 0.725935
vn -0.804056 0.139004 0.578076
vn -0.742501 0.139003 0.655264
vn -0.803298 0.145497 0.577532
vn -0.804056 0.139003 0.578076
vn -0.758591 0.139131 0.636540
vn -0.789381 0.139131 0.597930
vn -0.244366 0.139002 0.959669
vn -0.244363 0.139004 0.959669
vn -0.338699 0.139003 0.930570
vn -0.429670 0.139003 0.892223
vn -0.597943 0.139004 0.789393
vn -0.516371 0.139004 0.845008
vn -0.673570 0.139003 0.725935
vn -0.741801 0.145496 0.654646
vn -0.742501 0.139003 0.655264
vn -0.691446 0.139131 0.708904
vn -0.725925 0.139131 0.673555
vn -0.049362 0.139003 0.989061
vn -0.147594 0.139003 0.979231
vn -0.049362 0.139003 0.989061
vn -0.147593 0.139004 0.979232
vn -0.244366 0.139005 0.959668
vn -0.338703 0.139005 0.930569
vn -0.516373 0.139005 0.845007
vn -0.429670 0.139005 0.892223
vn -0.673572 0.139004 0.725933
vn -0.672937 0.145497 0.725249
vn -0.617425 0.139129 0.774228
vn -0.655248 0.139129 0.742491
vn -0.244359 0.139001 0.959670
vn -0.429671 0.139005 0.892222
vn -0.338702 0.139005 0.930569
vn -0.597941 0.139004 0.789395
vn -0.597944 0.139003 0.789393
vn -0.537269 0.139131 0.831856
vn -0.578070 0.139131 0.804038
vn -0.597378 0.145496 0.788651
vn -0.049362 0.139003 0.989061
vn -0.147593 0.139003 0.979232
vn -0.049362 0.139003 0.989061
vn -0.147596 0.139001 0.979231
vn -0.244359 0.139003 0.959670
vn -0.338698 0.139003 0.930571
vn -0.515885 0.145497 0.844211
vn -0.516373 0.139002 0.845007
vn -0.451773 0.139132 0.881217
vn -0.495138 0.139131 0.857602
vn -0.516372 0.139003 0.845008
vn -0.244361 0.139003 0.959670
vn -0.338698 0.139003 0.930571
vn -0.429268 0.145498 0.891381
vn -0.429671 0.139003 0.892222
vn -0.429673 0.139002 0.892222
vn -0.361785 0.139130 0.921821
vn -0.407285 0.139130 0.902641
vn -0.147596 0.139003 0.979231
vn -0.147596 0.139003 0.979231
vn -0.049362 0.139003 0.989061
vn -0.049362 0.139003 0.989061
vn -0.338381 0.145496 0.929693
vn -0.268209 0.139130 0.953261
vn -0.315392 0.139130 0.938707
vn -0.338701 0.139005 0.930570
vn -0.244361 0.139004 0.959670
vn -0.244359 0.139005 0.959670
vn -0.244128 0.145498 0.958766
vn -0.171964 0.139131 0.975229
vn -0.220352 0.139131 0.965447
vn -0.049362 0.139005 0.989061
vn -0.147460 0.145498 0.978308
vn -0.049361 0.139005 0.989061
vn -0.074003 0.139130 0.987505
vn -0.147596 0.139005 0.979231
vn -0.123135 0.139130 0.982589
vn -0.049315 0.145497 0.988129
vn -0.147599 0.139004 0.979231
vn 0.024679 0.139133 0.989966
vn 0.024688 0.139130 0.989966
vn -0.024679 0.139133 0.989966
vn -0.024688 0.139130 0.989966
vn 0.074004 0.139130 0.987505
vn 0.123139 0.139130 0.982588
vn 0.049399 0.133682 0.989792
vn 0.171955 0.139131 0.975230
vn 0.220358 0.139131 0.965446
vn 0.147704 0.133683 0.979955
vn 0.268209 0.139132 0.953261
vn 0.315393 0.139132 0.938706
vn 0.244542 0.133683 0.960379
vn 0.049363 0.139003 0.989061
vn 0.049362 0.139003 0.989061
vn 0.338952 0.133684 0.931257
vn 0.361781 0.139130 0.921823
vn 0.407287 0.139130 0.902641
vn 0.147594 0.139003 0.979231
vn 0.147594 0.139003 0.979231
vn 0.451778 0.139132 0.881215
vn 0.495134 0.139131 0.857604
vn 0.429989 0.133682 0.892882
vn 0.244361 0.139003 0.959670
vn 0.244363 0.139003 0.959669
vn 0.049362 0.139003 0.989061
vn 0.049362 0.139003 0.989061
vn 0.537275 0.139131 0.831852
vn 0.578067 0.139131 0.804041
vn 0.516757 0.133682 0.845631
vn 0.338700 0.139003 0.930570
vn 0.338702 0.139003 0.930569
vn 0.147594 0.139004 0.979231
vn 0.147593 0.139003 0.979232
vn 0.617423 0.139132 0.774229
vn 0.655250 0.139132 0.742489
vn 0.598383 0.133683 0.789979
vn 0.429671 0.139003 0.892222
vn 0.429672 0.139003 0.892222
vn 0.244366 0.139004 0.959668
vn 0.244363 0.139002 0.959669
vn 0.049362 0.139003 0.989061
vn 0.049362 0.139003 0.989061
vn 0.691447 0.139132 0.708903
vn 0.725919 0.139132 0.673560
vn 0.674067 0.133683 0.726473
vn 0.516375 0.139005 0.845006
vn 0.516371 0.139003 0.845008
vn 0.338699 0.139002 0.930570
vn 0.338700 0.139003 0.930570
vn 0.147596 0.139003 0.979231
vn 0.147593 0.139001 0.979232
vn 0.758596 0.139131 0.636534
vn 0.789380 0.139131 0.597931
vn 0.743053 0.133682 0.655745
vn 0.597941 0.139002 0.789396
vn 0.597946 0.139005 0.789391
vn 0.429672 0.139004 0.892222
vn 0.429669 0.139003 0.892224
vn 0.244366 0.139005 0.959668
vn 0.244359 0.139001 0.959670
vn 0.049362 0.139003 0.989061
vn 0.049362 0.139003 0.989061
vn 0.818203 0.139131 0.557841
vn 0.844992 0.139131 0.516364
vn 0.804650 0.133682 0.578504
vn 0.673569 0.139003 0.725936
vn 0.673568 0.139002 0.725937
vn 0.516372 0.139004 0.845007
vn 0.516371 0.139004 0.845008
vn 0.338699 0.139003 0.930570
vn 0.338703 0.139005 0.930569
vn 0.147596 0.139003 0.979231
vn 0.147596 0.139003 0.979231
vn 0.858253 0.133682 0.495511
vn 0.869680 0.139130 0.473603
vn 0.892206 0.139130 0.429665
vn 0.742504 0.139003 0.655260
vn 0.742503 0.139003 0.655261
vn 0.597946 0.139004 0.789391
vn 0.597946 0.139004 0.789391
vn 0.429670 0.139003 0.892223
vn 0.429669 0.139002 0.892224
vn 0.244361 0.139003 0.959670
vn 0.244359 0.139003 0.959670
vn 0.049361 0.139005 0.989061
vn 0.049315 0.145497 0.988129
vn 0.049362 0.139005 0.989061
vn 0.123135 0.139130 0.982589
vn 0.074003 0.139130 0.987505
vn 0.912515 0.139131 0.384655
vn 0.930554 0.139131 0.338692
vn 0.903324 0.133682 0.407597
vn 0.804056 0.139004 0.578076
vn 0.804055 0.139003 0.578077
vn 0.673570 0.139004 0.725935
vn 0.742503 0.139003 0.655261
vn 0.673568 0.139003 0.725937
vn 0.516373 0.139003 0.845007
vn 0.516371 0.139002 0.845008
vn 0.338702 0.139005 0.930569
vn 0.338698 0.139003 0.930571
vn 0.147460 0.145498 0.978308
vn 0.147599 0.139005 0.979230
vn 0.147596 0.139004 0.979231
vn 0.220352 0.139131 0.965447
vn 0.171964 0.139131 0.975229
vn 0.946278 0.139131 0.291892
vn 0.959652 0.139131 0.244357
vn 0.939419 0.133683 0.315628
vn 0.857618 0.139004 0.495146
vn 0.857618 0.139004 0.495145
vn 0.742502 0.139003 0.655263
vn 0.804055 0.139003 0.578077
vn 0.597944 0.139003 0.789393
vn 0.597946 0.139004 0.789391
vn 0.429671 0.139005 0.892222
vn 0.429670 0.139005 0.892223
vn 0.244359 0.139004 0.959670
vn 0.244128 0.145498 0.958766
vn 0.315392 0.139130 0.938707
vn 0.268209 0.139130 0.953261
vn 0.244361 0.139005 0.959669
vn 0.966177 0.133683 0.220524
vn 0.970639 0.139130 0.196221
vn 0.979214 0.139130 0.147589
vn 0.902656 0.139003 0.407296
vn 0.902657 0.139004 0.407294
vn 0.804055 0.139003 0.578077
vn 0.673569 0.139004 0.725936
vn 0.742502 0.139005 0.655263
vn 0.673569 0.139005 0.725935
vn 0.516373 0.139005 0.845007
vn 0.516371 0.139004 0.845008
vn 0.338701 0.139005 0.930570
vn 0.338381 0.145496 0.929693
vn 0.338698 0.139003 0.930571
vn 0.407285 0.139130 0.902641
vn 0.361785 0.139130 0.921821
vn 0.985353 0.139131 0.098603
vn 0.989043 0.139131 0.049357
vn 0.983333 0.133683 0.123228
vn 0.938724 0.139003 0.315396
vn 0.938725 0.139004 0.315394
vn 0.857618 0.139003 0.495146
vn 0.857618 0.139003 0.495146
vn 0.742502 0.139005 0.655262
vn 0.597943 0.139004 0.789393
vn 0.597943 0.139004 0.789393
vn 0.429268 0.145498 0.891381
vn 0.429673 0.139003 0.892222
vn 0.429671 0.139002 0.892223
vn 0.495138 0.139131 0.857602
vn 0.451773 0.139132 0.881217
vn 0.990274 0.139130 -0.000000
vn 0.989043 0.139130 -0.049357
vn 0.990716 0.133683 0.024705
vn 0.965463 0.139004 0.220360
vn 0.965463 0.139003 0.220361
vn 0.902657 0.139004 0.407294
vn 0.902656 0.139003 0.407296
vn 0.804055 0.139004 0.578077
vn 0.804056 0.139005 0.578076
vn 0.673570 0.139004 0.725935
vn 0.673569 0.139003 0.725936
vn 0.597944 0.139003 0.789393
vn 0.515885 0.145497 0.844211
vn 0.516372 0.139002 0.845008
vn 0.578070 0.139131 0.804038
vn 0.537269 0.139131 0.831856
vn 0.516373 0.139003 0.845007
vn 0.985353 0.139131 -0.098603
vn 0.979214 0.139131 -0.147589
vn 0.988253 0.133682 -0.074057
vn 0.982606 0.139003 0.123137
vn 0.982606 0.139003 0.123137
vn 0.938725 0.139004 0.315395
vn 0.938724 0.139003 0.315396
vn 0.857618 0.139004 0.495145
vn 0.857618 0.139004 0.495147
vn 0.742501 0.139003 0.655264
vn 0.742502 0.139003 0.655263
vn 0.597378 0.145496 0.788651
vn 0.597941 0.139004 0.789395
vn 0.655248 0.139129 0.742491
vn 0.617425 0.139129 0.774228
vn 0.975968 0.133682 -0.172089
vn 0.970639 0.139131 -0.196219
vn 0.959652 0.139131 -0.244359
vn 0.989984 0.139004 0.024687
vn 0.989984 0.139003 0.024689
vn 0.965463 0.139004 0.220360
vn 0.965463 0.139003 0.220360
vn 0.902657 0.139004 0.407294
vn 0.902656 0.139003 0.407296
vn 0.804056 0.139003 0.578076
vn 0.804056 0.139003 0.578076
vn 0.672937 0.145497 0.725249
vn 0.673572 0.139004 0.725933
vn 0.725925 0.139131 0.673555
vn 0.691446 0.139131 0.708904
vn 0.673570 0.139003 0.725935
vn 0.953983 0.133682 -0.268412
vn 0.946279 0.139131 -0.291890
vn 0.930554 0.139130 -0.338692
vn 0.987523 0.139004 -0.074006
vn 0.987523 0.139003 -0.074003
vn 0.982606 0.139004 0.123136
vn 0.982606 0.139003 0.123137
vn 0.938725 0.139003 0.315393
vn 0.938725 0.139002 0.315395
vn 0.965464 0.139002 0.220360
vn 0.857618 0.139003 0.495146
vn 0.857618 0.139003 0.495147
vn 0.741801 0.145496 0.654646
vn 0.742501 0.139003 0.655264
vn 0.742501 0.139003 0.655264
vn 0.789381 0.139131 0.597930
vn 0.758591 0.139131 0.636540
vn 0.912513 0.139130 -0.384659
vn 0.892206 0.139130 -0.429665
vn 0.922518 0.133682 -0.362062
vn 0.975247 0.139003 -0.171962
vn 0.953278 0.139003 -0.268213
vn 0.975248 0.139003 -0.171961
vn 0.989984 0.139003 0.024688
vn 0.989984 0.139003 0.024689
vn 0.965463 0.139003 0.220362
vn 0.938725 0.139003 0.315393
vn 0.902657 0.139003 0.407294
vn 0.902657 0.139003 0.407294
vn 0.804056 0.139003 0.578076
vn 0.804056 0.139004 0.578076
vn 0.844993 0.139131 0.516363
vn 0.818202 0.139131 0.557842
vn 0.803298 0.145497 0.577532
vn 0.881885 0.133682 -0.452115
vn 0.869680 0.139131 -0.473603
vn 0.844992 0.139131 -0.516364
vn 0.953279 0.139004 -0.268211
vn 0.987523 0.139003 -0.074004
vn 0.987523 0.139004 -0.074006
vn 0.982606 0.139003 0.123137
vn 0.982606 0.139004 0.123136
vn 0.938725 0.139004 0.315394
vn 0.965463 0.139004 0.220362
vn 0.857618 0.139004 0.495145
vn 0.856810 0.145497 0.494679
vn 0.892206 0.139130 0.429663
vn 0.869681 0.139130 0.473601
vn 0.857618 0.139003 0.495146
vn 0.902657 0.139003 0.407294
vn 0.818203 0.139131 -0.557841
vn 0.789384 0.139131 -0.597926
vn 0.832486 0.133683 -0.537676
vn 0.921836 0.139004 -0.361795
vn 0.921837 0.139004 -0.361794
vn 0.975247 0.139004 -0.171964
vn 0.975248 0.139002 -0.171961
vn 0.953279 0.139003 -0.268211
vn 0.989984 0.139003 0.024688
vn 0.989984 0.139003 0.024688
vn 0.965463 0.139004 0.220362
vn 0.982606 0.139004 0.123137
vn 0.901806 0.145496 0.406912
vn 0.902656 0.139004 0.407296
vn 0.930553 0.139130 0.338694
vn 0.912514 0.139130 0.384658
vn 0.758591 0.139130 -0.636539
vn 0.725924 0.139130 -0.673555
vn 0.774813 0.133681 -0.617894
vn 0.881233 0.139003 -0.451781
vn 0.881232 0.139004 -0.451783
vn 0.953280 0.139004 -0.268208
vn 0.987523 0.139003 -0.074005
vn 0.987523 0.139003 -0.074004
vn 0.975247 0.139003 -0.171964
vn 0.982607 0.139003 0.123136
vn 0.937841 0.145497 0.315096
vn 0.959651 0.139131 0.244360
vn 0.946279 0.139131 0.291887
vn 0.938725 0.139004 0.315393
vn 0.938725 0.139003 0.315394
vn 0.691441 0.139131 -0.708908
vn 0.655250 0.139131 -0.742489
vn 0.709443 0.133681 -0.691968
vn 0.831871 0.139004 -0.537278
vn 0.831872 0.139003 -0.537277
vn 0.921837 0.139003 -0.361795
vn 0.921836 0.139004 -0.361796
vn 0.975247 0.139004 -0.171962
vn 0.953280 0.139004 -0.268208
vn 0.989984 0.139003 0.024689
vn 0.989984 0.139004 0.024688
vn 0.964553 0.145498 0.220153
vn 0.965463 0.139003 0.220361
vn 0.979213 0.139130 0.147593
vn 0.970640 0.139130 0.196217
vn 0.965463 0.139003 0.220362
vn 0.617430 0.139131 -0.774224
vn 0.637018 0.133683 -0.759168
vn 0.578067 0.139131 -0.804041
vn 0.774240 0.139005 -0.617438
vn 0.774242 0.139004 -0.617436
vn 0.881232 0.139005 -0.451782
vn 0.881234 0.139003 -0.451780
vn 0.953279 0.139002 -0.268211
vn 0.975247 0.139004 -0.171962
vn 0.987523 0.139004 -0.074005
vn 0.987523 0.139004 -0.074005
vn 0.982607 0.139003 0.123136
vn 0.982607 0.139003 0.123136
vn 0.981681 0.145497 0.123020
vn 0.989043 0.139131 0.049362
vn 0.985353 0.139131 0.098599
vn 0.558263 0.133682 -0.818824
vn 0.537267 0.139130 -0.831857
vn 0.495142 0.139130 -0.857600
vn 0.636548 0.139004 -0.758607
vn 0.708917 0.139005 -0.691458
vn 0.708918 0.139004 -0.691457
vn 0.831870 0.139005 -0.537280
vn 0.831872 0.139003 -0.537277
vn 0.921837 0.139002 -0.361795
vn 0.921836 0.139003 -0.361796
vn 0.975247 0.139004 -0.171963
vn 0.989984 0.139003 0.024689
vn 0.989984 0.139003 0.024689
vn 0.989043 0.139131 -0.049362
vn 0.990274 0.139131 0.000000
vn 0.989051 0.145497 0.024665
vn 0.473960 0.133681 -0.870340
vn 0.451769 0.139130 -0.881219
vn 0.407287 0.139130 -0.902641
vn 0.636546 0.139003 -0.758609
vn 0.774242 0.139003 -0.617436
vn 0.774242 0.139003 -0.617437
vn 0.881234 0.139003 -0.451780
vn 0.881234 0.139003 -0.451779
vn 0.953279 0.139004 -0.268211
vn 0.953279 0.139004 -0.268211
vn 0.987523 0.139003 -0.074005
vn 0.986592 0.145497 -0.073935
vn 0.987523 0.139003 -0.074004
vn 0.979214 0.139131 -0.147592
vn 0.985353 0.139131 -0.098599
vn 0.384951 0.133682 -0.913204
vn 0.361790 0.139131 -0.921819
vn 0.315383 0.139130 -0.938710
vn 0.557850 0.139003 -0.818219
vn 0.557850 0.139003 -0.818218
vn 0.708917 0.139003 -0.691458
vn 0.636546 0.139003 -0.758609
vn 0.708917 0.139003 -0.691459
vn 0.774242 0.139004 -0.617437
vn 0.831870 0.139003 -0.537280
vn 0.831870 0.139004 -0.537280
vn 0.921837 0.139004 -0.361794
vn 0.921836 0.139004 -0.361795
vn 0.974328 0.145497 -0.171800
vn 0.959652 0.139131 -0.244358
vn 0.970639 0.139131 -0.196219
vn 0.975247 0.139003 -0.171962
vn 0.975247 0.139004 -0.171963
vn 0.268209 0.139131 -0.953261
vn 0.220358 0.139131 -0.965445
vn 0.292109 0.133684 -0.946996
vn 0.473614 0.139003 -0.869694
vn 0.473610 0.139005 -0.869696
vn 0.636547 0.139003 -0.758608
vn 0.774240 0.139003 -0.617438
vn 0.831870 0.139003 -0.537280
vn 0.881233 0.139004 -0.451780
vn 0.881234 0.139003 -0.451779
vn 0.953279 0.139003 -0.268211
vn 0.921837 0.139003 -0.361794
vn 0.952381 0.145497 -0.267958
vn 0.930553 0.139131 -0.338694
vn 0.946279 0.139131 -0.291887
vn 0.953279 0.139004 -0.268211
vn 0.171955 0.139132 -0.975230
vn 0.123139 0.139132 -0.982588
vn 0.196367 0.133683 -0.971375
vn 0.384663 0.139005 -0.912531
vn 0.384666 0.139003 -0.912529
vn 0.473614 0.139005 -0.869694
vn 0.557854 0.139003 -0.818216
vn 0.557850 0.139005 -0.818218
vn 0.708917 0.139004 -0.691458
vn 0.708919 0.139003 -0.691456
vn 0.831870 0.139003 -0.537281
vn 0.921837 0.139003 -0.361795
vn 0.920968 0.145498 -0.361454
vn 0.892208 0.139130 -0.429660
vn 0.912512 0.139130 -0.384661
vn 0.098675 0.133683 -0.986100
vn 0.074004 0.139131 -0.987505
vn 0.024689 0.139131 -0.989966
vn 0.291894 0.139004 -0.946296
vn 0.291896 0.139003 -0.946295
vn 0.473609 0.139003 -0.869697
vn 0.636546 0.139003 -0.758608
vn 0.636545 0.139004 -0.758609
vn 0.774242 0.139003 -0.617436
vn 0.774240 0.139004 -0.617438
vn 0.881234 0.139003 -0.451780
vn 0.844993 0.139130 -0.516363
vn 0.869679 0.139130 -0.473605
vn 0.880403 0.145497 -0.451354
vn 0.881234 0.139003 -0.451780
vn -0.024689 0.139131 -0.989966
vn -0.074004 0.139131 -0.987505
vn 0.000000 0.133682 -0.991024
vn 0.196222 0.139004 -0.970657
vn 0.196223 0.139004 -0.970657
vn 0.384663 0.139003 -0.912531
vn 0.384663 0.139003 -0.912531
vn 0.557853 0.139003 -0.818216
vn 0.557854 0.139003 -0.818216
vn 0.708919 0.139003 -0.691456
vn 0.708917 0.139004 -0.691459
vn 0.831870 0.139004 -0.537281
vn 0.789381 0.139130 -0.597930
vn 0.818202 0.139130 -0.557842
vn 0.831870 0.139003 -0.537280
vn 0.831087 0.145497 -0.536774
vn -0.123139 0.139132 -0.982588
vn -0.171955 0.139132 -0.975230
vn -0.098675 0.133683 -0.986100
vn 0.098602 0.139004 -0.985371
vn 0.098600 0.139004 -0.985371
vn 0.291893 0.139003 -0.946296
vn 0.291896 0.139002 -0.946295
vn 0.473609 0.139003 -0.869697
vn 0.473609 0.139003 -0.869697
vn 0.636545 0.139003 -0.758609
vn 0.636547 0.139003 -0.758608
vn 0.557853 0.139003 -0.818216
vn 0.773511 0.145497 -0.616856
vn 0.725921 0.139132 -0.673559
vn 0.758594 0.139131 -0.636535
vn 0.774241 0.139004 -0.617438
vn 0.774242 0.139003 -0.617436
vn -0.220358 0.139131 -0.965445
vn -0.268209 0.139131 -0.953261
vn -0.196367 0.133683 -0.971375
vn 0.000000 0.139004 -0.990292
vn 0.000000 0.139004 -0.990292
vn 0.196224 0.139002 -0.970657
vn 0.098600 0.139002 -0.985371
vn 0.196223 0.139002 -0.970657
vn 0.291893 0.139003 -0.946296
vn 0.384664 0.139003 -0.912531
vn 0.384663 0.139003 -0.912531
vn 0.557853 0.139003 -0.818217
vn 0.708917 0.139004 -0.691459
vn 0.708251 0.145497 -0.690805
vn 0.655253 0.139130 -0.742487
vn 0.691446 0.139130 -0.708904
vn 0.708919 0.139003 -0.691457
vn -0.292109 0.133684 -0.946996
vn -0.315383 0.139130 -0.938710
vn -0.361790 0.139131 -0.921819
vn -0.098602 0.139005 -0.985371
vn -0.196222 0.139004 -0.970657
vn -0.098600 0.139004 -0.985371
vn 0.098603 0.139004 -0.985371
vn 0.196224 0.139004 -0.970657
vn 0.291895 0.139004 -0.946295
vn 0.473609 0.139005 -0.869697
vn 0.473612 0.139003 -0.869695
vn 0.636547 0.139004 -0.758608
vn 0.635947 0.145497 -0.757893
vn 0.578065 0.139131 -0.804042
vn 0.617425 0.139131 -0.774228
vn 0.636547 0.139004 -0.758608
vn -0.407287 0.139130 -0.902641
vn -0.451769 0.139130 -0.881219
vn -0.384951 0.133682 -0.913204
vn -0.196223 0.139004 -0.970657
vn 0.000000 0.139004 -0.990292
vn 0.000000 0.139004 -0.990292
vn 0.196224 0.139005 -0.970656
vn 0.384664 0.139003 -0.912531
vn 0.384661 0.139005 -0.912531
vn 0.291895 0.139003 -0.946295
vn 0.557853 0.139003 -0.818217
vn 0.557850 0.139005 -0.818218
vn 0.495138 0.139130 -0.857602
vn 0.537269 0.139130 -0.831856
vn 0.557325 0.145497 -0.817447
vn -0.495142 0.139130 -0.857600
vn -0.537267 0.139130 -0.831857
vn -0.473960 0.133681 -0.870340
vn -0.291896 0.139004 -0.946295
vn -0.291894 0.139003 -0.946296
vn -0.098600 0.139002 -0.985371
vn -0.196223 0.139002 -0.970657
vn -0.098603 0.139004 -0.985371
vn 0.098601 0.139005 -0.985371
vn 0.098603 0.139004 -0.985371
vn 0.291897 0.139004 -0.946295
vn 0.473612 0.139003 -0.869695
vn 0.407285 0.139130 -0.902641
vn 0.451773 0.139130 -0.881217
vn 0.473165 0.145497 -0.868876
vn 0.473612 0.139003 -0.869695
vn 0.384661 0.139003 -0.912532
vn -0.578067 0.139131 -0.804041
vn -0.617430 0.139131 -0.774224
vn -0.558263 0.133682 -0.818824
vn -0.384663 0.139003 -0.912531
vn -0.384666 0.139005 -0.912529
vn -0.196224 0.139002 -0.970657
vn 0.000000 0.139004 -0.990292
vn -0.098603 0.139004 -0.985371
vn 0.000000 0.139004 -0.990292
vn 0.196224 0.139002 -0.970657
vn 0.196221 0.139004 -0.970657
vn 0.384302 0.145496 -0.911670
vn 0.315384 0.139130 -0.938710
vn 0.361793 0.139131 -0.921818
vn 0.384665 0.139005 -0.912530
vn -0.655250 0.139131 -0.742489
vn -0.637018 0.133683 -0.759168
vn -0.691441 0.139131 -0.708908
vn -0.473610 0.139003 -0.869696
vn -0.473614 0.139005 -0.869694
vn -0.291893 0.139002 -0.946296
vn -0.291896 0.139003 -0.946295
vn -0.098601 0.139005 -0.985371
vn 0.098601 0.139001 -0.985371
vn 0.098600 0.139002 -0.985371
vn 0.291615 0.145496 -0.945405
vn 0.291897 0.139002 -0.946295
vn 0.220360 0.139132 -0.965445
vn 0.268209 0.139132 -0.953261
vn 0.291890 0.139005 -0.946297
vn -0.725924 0.139130 -0.673555
vn -0.758591 0.139130 -0.636539
vn -0.709443 0.133681 -0.691968
vn -0.557850 0.139003 -0.818219
vn -0.557850 0.139003 -0.818218
vn -0.384663 0.139003 -0.912531
vn -0.384663 0.139003 -0.912531
vn -0.196224 0.139004 -0.970657
vn -0.196224 0.139005 -0.970656
vn 0.000000 0.139001 -0.990292
vn 0.000000 0.139001 -0.990292
vn 0.196221 0.139005 -0.970657
vn 0.196226 0.139002 -0.970656
vn 0.196041 0.145498 -0.969741
vn 0.123135 0.139129 -0.982589
vn 0.171955 0.139130 -0.975230
vn -0.789384 0.139131 -0.597926
vn -0.818203 0.139131 -0.557841
vn -0.774813 0.133681 -0.617894
vn -0.636546 0.139003 -0.758609
vn -0.636548 0.139004 -0.758607
vn -0.473609 0.139003 -0.869697
vn -0.557850 0.139005 -0.818218
vn -0.473614 0.139005 -0.869694
vn -0.291895 0.139004 -0.946295
vn -0.384663 0.139003 -0.912531
vn -0.291893 0.139003 -0.946296
vn -0.098601 0.139002 -0.985371
vn -0.098600 0.139001 -0.985371
vn 0.098598 0.139004 -0.985371
vn 0.098600 0.139004 -0.985371
vn 0.024688 0.139131 -0.989966
vn 0.074003 0.139131 -0.987505
vn 0.098505 0.145497 -0.984443
vn 0.000000 0.139004 -0.990292
vn -0.832486 0.133683 -0.537676
vn -0.844992 0.139131 -0.516364
vn -0.869680 0.139131 -0.473603
vn -0.708918 0.139005 -0.691457
vn -0.708917 0.139004 -0.691458
vn -0.557854 0.139003 -0.818216
vn -0.384664 0.139003 -0.912531
vn -0.196224 0.139004 -0.970656
vn -0.196221 0.139002 -0.970657
vn -0.074003 0.139131 -0.987505
vn -0.024688 0.139131 -0.989966
vn 0.000000 0.139004 -0.990292
vn 0.000000 0.145497 -0.989359
vn -0.892206 0.139130 -0.429665
vn -0.912513 0.139130 -0.384659
vn -0.881885 0.133682 -0.452115
vn -0.774241 0.139004 -0.617438
vn -0.774242 0.139005 -0.617436
vn -0.636546 0.139003 -0.758609
vn -0.636547 0.139003 -0.758608
vn -0.473609 0.139003 -0.869697
vn -0.473609 0.139003 -0.869697
vn -0.291897 0.139004 -0.946295
vn -0.291895 0.139003 -0.946295
vn -0.171955 0.139130 -0.975230
vn -0.123135 0.139129 -0.982589
vn -0.098505 0.145497 -0.984443
vn -0.098600 0.139005 -0.985371
vn -0.098598 0.139004 -0.985371
vn -0.930554 0.139130 -0.338692
vn -0.946279 0.139131 -0.291890
vn -0.922518 0.133682 -0.362062
vn -0.831871 0.139003 -0.537278
vn -0.831872 0.139004 -0.537277
vn -0.881233 0.139003 -0.451781
vn -0.708917 0.139003 -0.691458
vn -0.708917 0.139003 -0.691459
vn -0.557854 0.139003 -0.818216
vn -0.636546 0.139003 -0.758608
vn -0.557853 0.139003 -0.818216
vn -0.473609 0.139005 -0.869697
vn -0.384664 0.139005 -0.912530
vn -0.384661 0.139003 -0.912531
vn -0.196226 0.139004 -0.970656
vn -0.268209 0.139132 -0.953261
vn -0.220360 0.139132 -0.965445
vn -0.196041 0.145498 -0.969741
vn -0.196221 0.139002 -0.970657
vn -0.291897 0.139002 -0.946295
vn -0.959652 0.139131 -0.244359
vn -0.970639 0.139131 -0.196219
vn -0.953983 0.133682 -0.268412
vn -0.881232 0.139004 -0.451783
vn -0.831872 0.139003 -0.537277
vn -0.774242 0.139003 -0.617437
vn -0.774242 0.139003 -0.617436
vn -0.636545 0.139004 -0.758609
vn -0.473612 0.139003 -0.869695
vn -0.291890 0.139005 -0.946297
vn -0.291615 0.145496 -0.945405
vn -0.361793 0.139131 -0.921818
vn -0.315384 0.139130 -0.938710
vn -0.975968 0.133682 -0.172089
vn -0.979214 0.139131 -0.147589
vn -0.985353 0.139131 -0.098603
vn -0.921836 0.139004 -0.361795
vn -0.921837 0.139004 -0.361794
vn -0.831870 0.139005 -0.537280
vn -0.708917 0.139003 -0.691459
vn -0.708919 0.139004 -0.691456
vn -0.557853 0.139003 -0.818216
vn -0.557853 0.139003 -0.818217
vn -0.451773 0.139130 -0.881217
vn -0.407285 0.139130 -0.902641
vn -0.473612 0.139003 -0.869695
vn -0.384302 0.145496 -0.911670
vn -0.384665 0.139005 -0.912530
vn -0.384661 0.139003 -0.912532
vn -0.988253 0.133682 -0.074057
vn -0.989043 0.139130 -0.049357
vn -0.990274 0.139130 0.000000
vn -0.953278 0.139003 -0.268213
vn -0.953279 0.139004 -0.268211
vn -0.975247 0.139003 -0.171962
vn -0.881232 0.139003 -0.451783
vn -0.881234 0.139004 -0.451780
vn -0.774242 0.139004 -0.617437
vn -0.774240 0.139003 -0.617438
vn -0.636545 0.139003 -0.758610
vn -0.636547 0.139003 -0.758608
vn -0.537269 0.139130 -0.831856
vn -0.495138 0.139130 -0.857602
vn -0.473612 0.139003 -0.869695
vn -0.473165 0.145497 -0.868876
vn -0.990716 0.133683 0.024705
vn -0.989043 0.139131 0.049357
vn -0.985353 0.139130 0.098603
vn -0.975248 0.139003 -0.171961
vn -0.921836 0.139003 -0.361796
vn -0.921837 0.139004 -0.361794
vn -0.953279 0.139004 -0.268211
vn -0.831870 0.139004 -0.537280
vn -0.831870 0.139003 -0.537280
vn -0.881234 0.139003 -0.451780
vn -0.708919 0.139004 -0.691456
vn -0.708917 0.139003 -0.691459
vn -0.617425 0.139131 -0.774228
vn -0.578065 0.139131 -0.804042
vn -0.557853 0.139005 -0.818216
vn -0.557325 0.145497 -0.817447
vn -0.557850 0.139003 -0.818218
vn -0.979214 0.139130 0.147589
vn -0.970639 0.139130 0.196221
vn -0.983333 0.133683 0.123228
vn -0.987523 0.139004 -0.074003
vn -0.987523 0.139003 -0.074006
vn -0.953280 0.139003 -0.268208
vn -0.881234 0.139003 -0.451779
vn -0.774242 0.139004 -0.617436
vn -0.831871 0.139003 -0.537280
vn -0.774240 0.139003 -0.617438
vn -0.636547 0.139004 -0.758608
vn -0.691446 0.139130 -0.708904
vn -0.655253 0.139130 -0.742487
vn -0.635947 0.145497 -0.757893
vn -0.636547 0.139004 -0.758608
vn -0.959652 0.139131 0.244357
vn -0.946278 0.139131 0.291892
vn -0.966177 0.133683 0.220524
vn -0.982606 0.139003 0.123137
vn -0.989984 0.139004 0.024689
vn -0.989984 0.139003 0.024687
vn -0.975247 0.139003 -0.171964
vn -0.975247 0.139004 -0.171961
vn -0.921836 0.139002 -0.361796
vn -0.921837 0.139003 -0.361795
vn -0.881234 0.139003 -0.451779
vn -0.831870 0.139003 -0.537281
vn -0.708919 0.139004 -0.691457
vn -0.758594 0.139131 -0.636535
vn -0.725921 0.139132 -0.673559
vn -0.708917 0.139003 -0.691459
vn -0.708251 0.145497 -0.690805
vn -0.930554 0.139131 0.338692
vn -0.912515 0.139131 0.384655
vn -0.939419 0.133683 0.315628
vn -0.982606 0.139003 0.123137
vn -0.987523 0.139003 -0.074006
vn -0.987523 0.139004 -0.074004
vn -0.975247 0.139004 -0.171964
vn -0.953279 0.139002 -0.268211
vn -0.953280 0.139004 -0.268208
vn -0.881233 0.139004 -0.451780
vn -0.774242 0.139004 -0.617436
vn -0.818202 0.139130 -0.557842
vn -0.789381 0.139130 -0.597930
vn -0.773511 0.145497 -0.616856
vn -0.774241 0.139003 -0.617438
vn -0.903324 0.133682 0.407597
vn -0.892206 0.139130 0.429665
vn -0.869680 0.139130 0.473603
vn -0.965464 0.139003 0.220360
vn -0.965463 0.139004 0.220361
vn -0.989984 0.139003 0.024689
vn -0.982606 0.139003 0.123137
vn -0.989984 0.139003 0.024688
vn -0.975247 0.139003 -0.171962
vn -0.987523 0.139003 -0.074004
vn -0.921837 0.139004 -0.361795
vn -0.921836 0.139004 -0.361794
vn -0.869679 0.139130 -0.473605
vn -0.844993 0.139130 -0.516363
vn -0.831087 0.145497 -0.536774
vn -0.831870 0.139003 -0.537281
vn -0.831870 0.139004 -0.537280
vn -0.844992 0.139131 0.516364
vn -0.818203 0.139131 0.557841
vn -0.858253 0.133682 0.495511
vn -0.938724 0.139004 0.315396
vn -0.902656 0.139003 0.407296
vn -0.938725 0.139003 0.315394
vn -0.965463 0.139004 0.220360
vn -0.982606 0.139004 0.123136
vn -0.987522 0.139004 -0.074007
vn -0.953279 0.139004 -0.268211
vn -0.953279 0.139004 -0.268211
vn -0.912511 0.139130 -0.384663
vn -0.892208 0.139130 -0.429660
vn -0.880403 0.145497 -0.451354
vn -0.881234 0.139003 -0.451780
vn -0.921837 0.139003 -0.361794
vn -0.881234 0.139003 -0.451780
vn -0.804650 0.133682 0.578504
vn -0.789380 0.139131 0.597931
vn -0.758596 0.139131 0.636534
vn -0.902657 0.139004 0.407294
vn -0.965463 0.139003 0.220360
vn -0.989984 0.139003 0.024688
vn -0.989984 0.139004 0.024690
vn -0.975247 0.139004 -0.171962
vn -0.987523 0.139004 -0.074007
vn -0.975247 0.139004 -0.171963
vn -0.946278 0.139130 -0.291891
vn -0.930554 0.139130 -0.338692
vn -0.920967 0.145498 -0.361456
vn -0.921836 0.139004 -0.361797
vn -0.725919 0.139132 0.673560
vn -0.691447 0.139132 0.708903
vn -0.743053 0.133682 0.655745
vn -0.857618 0.139004 0.495145
vn -0.857618 0.139004 0.495146
vn -0.938725 0.139003 0.315395
vn -0.938724 0.139004 0.315396
vn -0.982607 0.139003 0.123136
vn -0.982606 0.139004 0.123137
vn -0.987523 0.139002 -0.074004
vn -0.970640 0.139130 -0.196219
vn -0.959653 0.139130 -0.244354
vn -0.952381 0.145497 -0.267959
vn -0.975247 0.139005 -0.171963
vn -0.953279 0.139005 -0.268211
vn -0.953279 0.139004 -0.268211
vn -0.655250 0.139132 0.742489
vn -0.674067 0.133683 0.726473
vn -0.617423 0.139132 0.774229
vn -0.804055 0.139004 0.578077
vn -0.804056 0.139003 0.578076
vn -0.902657 0.139003 0.407294
vn -0.902656 0.139004 0.407296
vn -0.857618 0.139003 0.495146
vn -0.938725 0.139002 0.315395
vn -0.965463 0.139003 0.220362
vn -0.965464 0.139002 0.220360
vn -0.989984 0.139002 0.024688
vn -0.989984 0.139003 0.024690
vn -0.985353 0.139132 -0.098595
vn -0.979213 0.139132 -0.147596
vn -0.975248 0.139003 -0.171959
vn -0.987523 0.139003 -0.074004
vn -0.974329 0.145497 -0.171797
vn -0.598383 0.133683 0.789979
vn -0.578067 0.139131 0.804041
vn -0.537275 0.139131 0.831852
vn -0.742504 0.139003 0.655260
vn -0.742503 0.139003 0.655261
vn -0.804055 0.139003 0.578077
vn -0.857618 0.139003 0.495146
vn -0.938725 0.139003 0.315393
vn -0.982607 0.139003 0.123136
vn -0.982606 0.139004 0.123137
vn -0.990274 0.139129 0.000000
vn -0.989043 0.139129 -0.049358
vn -0.989984 0.139004 0.024688
vn -0.987523 0.139004 -0.074007
vn -0.986592 0.145497 -0.073937
vn -0.516757 0.133682 0.845631
vn -0.495134 0.139131 0.857604
vn -0.451778 0.139132 0.881215
vn -0.673569 0.139002 0.725936
vn -0.673568 0.139003 0.725937
vn -0.742503 0.139003 0.655261
vn -0.804055 0.139003 0.578077
vn -0.902656 0.139004 0.407296
vn -0.902657 0.139003 0.407294
vn -0.965463 0.139004 0.220362
vn -0.965463 0.139004 0.220362
vn -0.989043 0.139131 0.049358
vn -0.989051 0.145496 0.024666
vn -0.989984 0.139003 0.024690
vn -0.985354 0.139131 0.098594
vn -0.429989 0.133682 0.892882
vn -0.407287 0.139130 0.902641
vn -0.361781 0.139130 0.921823
vn -0.597941 0.139005 0.789395
vn -0.597946 0.139002 0.789392
vn -0.742502 0.139003 0.655263
vn -0.857618 0.139004 0.495146
vn -0.857617 0.139004 0.495147
vn -0.938725 0.139003 0.315393
vn -0.938725 0.139004 0.315394
vn -0.982607 0.139003 0.123136
vn -0.982607 0.139003 0.123136
vn -0.981680 0.145498 0.123020
vn -0.970640 0.139130 0.196217
vn -0.979213 0.139130 0.147597
vn -0.338952 0.133684 0.931257
vn -0.315393 0.139132 0.938706
vn -0.268209 0.139132 0.953261
vn -0.516371 0.139005 0.845008
vn -0.516375 0.139003 0.845006
vn -0.597946 0.139004 0.789391
vn -0.673568 0.139004 0.725937
vn -0.673570 0.139003 0.725935
vn -0.804056 0.139004 0.578076
vn -0.804055 0.139005 0.578077
vn -0.902657 0.139003 0.407294
vn -0.902657 0.139003 0.407294
vn -0.938725 0.139004 0.315394
vn -0.965464 0.139003 0.220359
vn -0.964554 0.145497 0.220151
vn -0.965463 0.139004 0.220362
vn -0.946278 0.139131 0.291891
vn -0.959652 0.139131 0.244356
vn -0.220358 0.139131 0.965446
vn -0.171955 0.139131 0.975230
vn -0.244542 0.133683 0.960379
vn -0.338702 0.139003 0.930569
vn -0.429672 0.139003 0.892222
vn -0.429671 0.139003 0.892222
vn -0.597946 0.139004 0.789391
vn -0.742502 0.139005 0.655263
vn -0.742502 0.139005 0.655262
vn -0.857618 0.139003 0.495147
vn -0.804056 0.139003 0.578076
vn -0.857618 0.139003 0.495146
vn -0.937840 0.145496 0.315098
vn -0.938725 0.139004 0.315395
vn -0.912513 0.139130 0.384660
vn -0.930554 0.139130 0.338692
vn -0.147704 0.133683 0.979955
vn -0.049399 0.133682 0.989792
vn -0.123139 0.139130 0.982588
vn -0.074004 0.139130 0.987505
vn -0.049363 0.139003 0.989061
vn -0.338700 0.139003 0.930570
vn -0.516372 0.139004 0.845007
vn -0.429672 0.139004 0.892222
vn -0.516371 0.139004 0.845008
vn -0.673569 0.139004 0.725935
vn -0.597946 0.139004 0.789391
vn -0.673568 0.139005 0.725936
vn -0.804056 0.139003 0.578076
vn -0.901806 0.145496 0.406912
vn -0.902657 0.139003 0.407294
vn -0.869681 0.139130 0.473601
vn -0.892206 0.139130 0.429663
vn -0.902656 0.139004 0.407296
vn -0.244363 0.139003 0.959669
vn -0.244361 0.139003 0.959670
vn -0.147594 0.139003 0.979231
vn -0.429669 0.139003 0.892224
vn -0.516373 0.139003 0.845007
vn -0.597944 0.139003 0.789393
vn -0.742502 0.139003 0.655263
vn -0.742501 0.139003 0.655264
vn -0.857618 0.139004 0.495146
vn -0.856810 0.145497 0.494679
vn -0.857618 0.139003 0.495145
vn -0.818202 0.139131 0.557842
vn -0.844993 0.139131 0.516363
vn -0.049362 0.139003 0.989061
vn -0.147594 0.139003 0.979231
vn -0.338701 0.139002 0.930570
vn -0.338699 0.139003 0.930570
vn -0.429669 0.139002 0.892224
vn -0.516371 0.139002 0.845008
vn -0.597943 0.139004 0.789393
vn -0.673569 0.139004 0.725936
vn -0.673570 0.139003 0.725935
vn -0.804056 0.139004 0.578076
vn -0.742501 0.139003 0.655264
vn -0.803298 0.145497 0.577532
vn -0.804056 0.139003 0.578076
vn -0.758591 0.139131 0.636540
vn -0.789381 0.139131 0.597930
vn -0.244366 0.139002 0.959669
vn -0.244363 0.139004 0.959669
vn -0.338699 0.139003 0.930570
vn -0.429670 0.139003 0.892223
vn -0.597943 0.139004 0.789393
vn -0.516371 0.139004 0.845008
vn -0.673570 0.139003 0.725935
vn -0.741801 0.145496 0.654646
vn -0.742501 0.139003 0.655264
vn -0.691446 0.139131 0.708904
vn -0.725925 0.139131 0.673555
vn -0.049362 0.139003 0.989061
vn -0.147594 0.139003 0.979231
vn -0.049362 0.139003 0.989061
vn -0.147593 0.139004 0.979232
vn -0.244366 0.139005 0.959668
vn -0.338703 0.139005 0.930569
vn -0.516373 0.139005 0.845007
vn -0.429670 0.139005 0.892223
vn -0.673572 0.139004 0.725933
vn -0.672937 0.145497 0.725249
vn -0.617425 0.139129 0.774228
vn -0.655248 0.139129 0.742491
vn -0.244359 0.139001 0.959670
vn -0.429671 0.139005 0.892222
vn -0.338702 0.139005 0.930569
vn -0.597941 0.139004 0.789395
vn -0.597944 0.139003 0.789393
vn -0.537269 0.139131 0.831856
vn -0.578070 0.139131 0.804038
vn -0.597378 0.145496 0.788651
vn -0.049362 0.139003 0.989061
vn -0.147593 0.139003 0.979232
vn -0.049362 0.139003 0.989061
vn -0.147596 0.139001 0.979231
vn -0.244359 0.139003 0.959670
vn -0.338698 0.139003 0.930571
vn -0.515885 0.145497 0.844211
vn -0.516373 0.139002 0.845007
vn -0.451773 0.139132 0.881217
vn -0.495138 0.139131 0.857602
vn -0.516372 0.139003 0.845008
vn -0.244361 0.139003 0.959670
vn -0.338698 0.139003 0.930571
vn -0.429268 0.145498 0.891381
vn -0.429671 0.139003 0.892222
vn -0.429673 0.139002 0.892222
vn -0.361785 0.139130 0.921821
vn -0.407285 0.139130 0.902641
vn -0.147596 0.139003 0.979231
vn -0.147596 0.139003 0.979231
vn -0.049362 0.139003 0.989061
vn -0.049362 0.139003 0.989061
vn -0.338381 0.145496 0.929693
vn -0.268209 0.139130 0.953261
vn -0.315392 0.139130 0.938707
vn -0.338701 0.139005 0.930570
vn -0.244361 0.139004 0.959670
vn -0.244359 0.139005 0.959670
vn -0.244128 0.145498 0.958766
vn -0.171964 0.139131 0.975229
vn -0.220352 0.139131 0.965447
vn -0.049362 0.139005 0.989061
vn -0.147460 0.145498 0.978308
vn -0.049361 0.139005 0.989061
vn -0.074003 0.139130 0.987505
vn -0.147596 0.139005 0.979231
vn -0.123135 0.139130 0.982589
vn -0.049315 0.145497 0.988129
vn -0.147599 0.139004 0.979231
vn 0.000000 1.000000 0.000000
vn -0.000000 1.000000 -0.000000
vn 0.000000 1.000000 0.000000
vn 0.000000 1.000000 0.000000
vn -0.000000 1.000000 -0.000000
vn -0.000000 1.000000 -0.000000
vn -0.000000 1.000000 -0.000000
vn 0.000000 1.000000 0.000000
vn 0.000000 1.000000 0.000000
vn -0.000000 1.000000 -0.000000
vn -0.000000 1.000000 -0.000000
vn -0.000000 1.000000 -0.000000
vn -0.000000 1.000000 -0.000000
vn 0.000000 1.000000 0.000000
vn 0.000000 1.000000 0.000000
vn -0.000000 1.000000 -0.000000
vn 0.000000 1.000000 0.000000
vn 0.000000 1.000000 0.000000
vn -0.000000 1.000000 -0.000000
vn -0.000000 1.000000 -0.000000
vn 0.000000 1.000000 0.000000
vn -0.000000 1.000000 -0.000000
vn -0.000000 1.000000 0.000000
vn -0.000000 1.000000 0.000000
vn 0.000000 1.000000 0.000000
vn 0.000000 1.000000 0.000000
vn 0.000000 1.000000 0.000000
vn 0.000000 1.000000 0.000000
vn -0.000000 1.000000 0.000000
vn -0.000000 1.000000 0.000000
vn -0.000000 1.000000 0.000000
vn 0.000000 1.000000 0.000000
vn -0.000000 1.000000 0.000000
vn 0.000000 1.000000 0.000000
vn 0.000000 1.000000 0.000000
vn -0.000000 1.000000 0.000000
vn -0.000000 1.000000 0.000000
vn 0.000000 1.000000 0.000000
vn 0.000000 1.000000 0.000000
vn -0.000000 1.000000 0.000000
vn -0.000000 1.000000 0.000000
vn -0.000000 1.000000 0.000000
vn -0.000000 1.000000 0.000000
vn -0.000000 1.000000 0.000000
vn 0.000000 1.000000 0.000000
vn -0.000000 1.000000 0.000000
vn -0.000000 1.000000 0.000000
vn -0.000000 1.000000 0.000000
vn 0.000000 1.000000 0.000000
vn 0.000000 1.000000 0.000000
vn 0.000000 1.000000 0.000000
vn 0.000000 1.000000 0.000000
vn -0.000000 1.000000 0.000000
vn -0.000000 1.000000 0.000000
vn 0.000000 1.000000 0.000000
vn 0.000000 1.000000 0.000000
vn 0.000000 1.000000 0.000000
vn -0.000000 1.000000 0.000000
vn -0.000000 1.000000 0.000000
vn -0.000000 1.000000 0.000000
vn -0.000000 1.000000 0.000000
vn -0.000000 1.000000 0.000000
vn -0.000000 1.000000 0.000000
vn -0.000000 1.000000 0.000000
vn 0.000000 1.000000 0.000000
vn -0.000000 1.000000 0.000000
vn 0.000000 1.000000 0.000000
vn 0.000000 1.000000 0.000000
vn -0.000000 1.000000 0.000000
vn -0.000000 1.000000 0.000000
vn 0.000000 1.000000 0.000000
vn -0.000000 1.000000 0.000000
vn -0.000000 1.000000 0.000000
vn 0.000000 1.000000 0.000000
vn -0.000000 1.000000 0.000000
vn -0.000000 1.000000 0.000000
vn -0.000000 1.000000 0.000000
vn -0.000000 1.000000 0.000000
vn -0.000000 1.000000 0.000000
vn 0.000000 1.000000 0.000000
vn 0.000000 1.000000 0.000000
vn 0.000000 1.000000 0.000000
vn -0.000000 1.000000 0.000000
vn 0.000000 1.000000 0.000000
vn 0.000000 1.000000 -0.000000
vn 0.000000 1.000000 0.000000
vn 0.000000 1.000000 0.000000
vn 0.000000 1.000000 0.000000
vn 0.000000 1.000000 0.000000
vn 0.000000 1.000000 0.000000
vn 0.000000 1.000000 0.000000
vn 0.000000 1.000000 0.000000
vn 0.000000 1.000000 0.000000
vn 0.000000 1.000000 0.000000
vn 0.000000 1.000000 0.000000
vn -0.000000 1.000000 0.000000
vn 0.000000 1.000000 0.000000
vn -0.000000 1.000000 0.000000
vn 0.000000 1.000000 -0.000000
vn 0.000000 1.000000 0.000000
vn 0.000000 1.000000 0.000000
vn 0.000000 1.000000 0.000000
vn 0.000000 1.000000 0.000000
vn 0.000000 1.000000 -0.000000
vn 0.000000 1.000000 0.000000
vn 0.000000 1.000000 0.000000
vn 0.000000 1.000000 0.000000
vn 0.000000 1.000000 0.000000
vn 0.000000 1.000000 0.000000
vn 0.000000 1.000000 0.000000
vn 0.000000 1.000000 0.000000
vn 0.000000 1.000000 0.000000
vn 0.000000 1.000000 0.000000
vn 0.000000 1.000000 0.000000
vn 0.000000 1.000000 0.000000
vn 0.000000 1.000000 0.000000
vn 0.000000 1.000000 0.000000
vn 0.000000 1.000000 0.000000
vn 0.000000 1.000000 0.000000
vn 0.000000 1.000000 -0.000000
vn 0.000000 1.000000 -0.000000
vn 0.000000 1.000000 0.000000
vn 0.000000 1.000000 0.000000
vn 0.000000 1.000000 0.000000
vn 0.024921 -0.000000 0.999689
vn 0.074731 -0.000000 0.997204
vn 0.024921 0.000000 0.999689
vn 0.124348 -0.000000 0.992239
vn 0.074731 0.000000 0.997204
vn 0.173644 -0.000000 0.984808
vn 0.124348 -0.000000 0.992239
vn 0.222522 -0.000000 0.974928
vn 0.173644 -0.000000 0.984808
vn 0.270843 -0.000000 0.962623
vn 0.222522 0.000000 0.974928
vn 0.318490 -0.000000 0.947926
vn 0.270843 0.000000 0.962623
vn 0.365334 -0.000000 0.930877
vn 0.318490 -0.000000 0.947926
vn 0.411287 -0.000000 0.911506
vn 0.365334 -0.000000 0.930877
vn 0.456215 -0.000000 0.889870
vn 0.411287 0.000000 0.911506
vn 0.499997 -0.000000 0.866027
vn 0.456215 -0.000000 0.889870
vn 0.499997 -0.000000 0.866027
vn 0.542551 -0.000000 0.840023
vn 0.542551 -0.000000 0.840023
vn 0.583744 -0.000000 0.811938
vn 0.583744 -0.000000 0.811938
vn 0.623488 -0.000000 0.781833
vn 0.661685 -0.000000 0.749782
vn 0.623488 0.000000 0.781833
vn 0.661685 -0.000000 0.749782
vn 0.698238 -0.000000 0.715866
vn 0.733049 -0.000000 0.680176
vn 0.698238 0.000000 0.715866
vn 0.766046 -0.000000 0.642786
vn 0.733049 0.000000 0.680176
vn 0.797133 -0.000000 0.603804
vn 0.766046 0.000000 0.642786
vn 0.826239 -0.000000 0.563320
vn 0.797133 0.000000 0.603804
vn 0.853291 -0.000000 0.521435
vn 0.826239 -0.000000 0.563320
vn 0.878222 -0.000000 0.478254
vn 0.853291 -0.000000 0.521435
vn 0.900968 -0.000000 0.433884
vn 0.878222 -0.000000 0.478254
vn 0.921477 -0.000000 0.388433
vn 0.900968 -0.000000 0.433884
vn 0.939693 -0.000000 0.342018
vn 0.921477 -0.000000 0.388433
vn 0.955572 -0.000000 0.294759
vn 0.939693 0.000000 0.342018
vn 0.955572 0.000000 0.294759
vn 0.969077 -0.000000 0.246757
vn 0.969077 0.000000 0.246757
vn 0.980172 -0.000000 0.198148
vn 0.980172 0.000000 0.198148
vn 0.988831 -0.000000 0.149039
vn 0.988831 -0.000000 0.149039
vn 0.995030 -0.000000 0.099572
vn 0.995030 -0.000000 0.099572
vn 0.998757 -0.000000 0.049842
vn 0.998757 0.000000 0.049842
vn 1.000000 0.000000 0.000000
vn 1.000000 0.000000 -0.000000
vn 0.998757 0.000000 -0.049842
vn 0.998757 -0.000000 -0.049842
vn 0.995030 0.000000 -0.099572
vn 0.988831 0.000000 -0.149039
vn 0.995030 0.000000 -0.099572
vn 0.980172 0.000000 -0.198146
vn 0.988831 0.000000 -0.149039
vn 0.980172 0.000000 -0.198146
vn 0.969077 0.000000 -0.246759
vn 0.969077 -0.000000 -0.246759
vn 0.955572 0.000000 -0.294756
vn 0.955572 0.000000 -0.294756
vn 0.939693 0.000000 -0.342018
vn 0.939693 0.000000 -0.342018
vn 0.921475 0.000000 -0.388437
vn 0.921475 -0.000000 -0.388437
vn 0.900968 0.000000 -0.433884
vn 0.900968 0.000000 -0.433884
vn 0.878222 0.000000 -0.478254
vn 0.878222 0.000000 -0.478254
vn 0.853291 0.000000 -0.521435
vn 0.853291 0.000000 -0.521435
vn 0.826239 0.000000 -0.563320
vn 0.826239 0.000000 -0.563320
vn 0.797137 0.000000 -0.603799
vn 0.797137 0.000000 -0.603799
vn 0.766042 0.000000 -0.642791
vn 0.766042 0.000000 -0.642791
vn 0.733054 0.000000 -0.680170
vn 0.733054 -0.000000 -0.680170
vn 0.698232 0.000000 -0.715871
vn 0.698232 -0.000000 -0.715871
vn 0.661685 0.000000 -0.749782
vn 0.661685 0.000000 -0.749782
vn 0.623494 0.000000 -0.781828
vn 0.623494 -0.000000 -0.781828
vn 0.583744 0.000000 -0.811938
vn 0.583744 0.000000 -0.811938
vn 0.542544 0.000000 -0.840027
vn 0.542544 -0.000000 -0.840027
vn 0.500005 0.000000 -0.866023
vn 0.500005 0.000000 -0.866023
vn 0.456206 0.000000 -0.889874
vn 0.411287 0.000000 -0.911506
vn 0.456206 -0.000000 -0.889874
vn 0.365343 0.000000 -0.930873
vn 0.411287 -0.000000 -0.911506
vn 0.318481 0.000000 -0.947929
vn 0.365343 -0.000000 -0.930873
vn 0.270843 0.000000 -0.962623
vn 0.318481 -0.000000 -0.947929
vn 0.222522 0.000000 -0.974928
vn 0.270843 -0.000000 -0.962623
vn 0.173644 0.000000 -0.984808
vn 0.222522 -0.000000 -0.974928
vn 0.124348 0.000000 -0.992239
vn 0.173644 0.000000 -0.984808
vn 0.074731 0.000000 -0.997204
vn 0.124348 0.000000 -0.992239
vn 0.024932 0.000000 -0.999689
vn 0.074731 -0.000000 -0.997204
vn 0.024932 0.000000 -0.999689
vn -0.024932 -0.000000 -0.999689
vn -0.074731 0.000000 -0.997204
vn -0.024932 0.000000 -0.999689
vn -0.074731 0.000000 -0.997204
vn -0.124348 -0.000000 -0.992239
vn -0.124348 -0.000000 -0.992239
vn -0.173644 -0.000000 -0.984808
vn -0.173644 -0.000000 -0.984808
vn -0.222522 -0.000000 -0.974928
vn -0.222522 0.000000 -0.974928
vn -0.270843 -0.000000 -0.962623
vn -0.318481 0.000000 -0.947929
vn -0.270843 0.000000 -0.962623
vn -0.318481 0.000000 -0.947929
vn -0.365343 -0.000000 -0.930873
vn -0.365343 0.000000 -0.930873
vn -0.411287 -0.000000 -0.911506
vn -0.411287 0.000000 -0.911506
vn -0.456206 -0.000000 -0.889874
vn -0.456206 0.000000 -0.889874
vn -0.500005 -0.000000 -0.866023
vn -0.500005 -0.000000 -0.866023
vn -0.583744 0.000000 -0.811938
vn -0.542544 0.000000 -0.840027
vn -0.542544 -0.000000 -0.840027
vn -0.583744 -0.000000 -0.811938
vn -0.623494 0.000000 -0.781828
vn -0.623494 -0.000000 -0.781828
vn -0.661685 -0.000000 -0.749782
vn -0.661685 -0.000000 -0.749782
vn -0.733054 0.000000 -0.680170
vn -0.698232 0.000000 -0.715871
vn -0.698232 -0.000000 -0.715871
vn -0.733054 0.000000 -0.680170
vn -0.766042 -0.000000 -0.642791
vn -0.766042 -0.000000 -0.642791
vn -0.797137 -0.000000 -0.603799
vn -0.797137 -0.000000 -0.603799
vn -0.826239 -0.000000 -0.563320
vn -0.826239 -0.000000 -0.563320
vn -0.853291 -0.000000 -0.521435
vn -0.853291 -0.000000 -0.521435
vn -0.878222 -0.000000 -0.478254
vn -0.878222 -0.000000 -0.478254
vn -0.900968 -0.000000 -0.433884
vn -0.900968 -0.000000 -0.433884
vn -0.921475 -0.000000 -0.388437
vn -0.921475 0.000000 -0.388437
vn -0.939693 -0.000000 -0.342018
vn -0.955572 0.000000 -0.294756
vn -0.939693 0.000000 -0.342018
vn -0.955572 -0.000000 -0.294756
vn -0.969077 -0.000000 -0.246759
vn -0.969077 0.000000 -0.246759
vn -0.980172 -0.000000 -0.198146
vn -0.980172 -0.000000 -0.198146
vn -0.988831 -0.000000 -0.149039
vn -0.988831 -0.000000 -0.149039
vn -0.995030 -0.000000 -0.099572
vn -0.995030 -0.000000 -0.099572
vn -0.998757 -0.000000 -0.049842
vn -0.998757 0.000000 -0.049842
vn -1.000000 0.000000 0.000000
vn -1.000000 -0.000000 -0.000000
vn -0.998757 0.000000 0.049842
vn -0.995030 0.000000 0.099572
vn -0.998757 -0.000000 0.049842
vn -0.988831 0.000000 0.149039
vn -0.995030 0.000000 0.099572
vn -0.988831 0.000000 0.149039
vn -0.980172 -0.000000 0.198148
vn -0.980172 0.000000 0.198148
vn -0.969077 -0.000000 0.246757
vn -0.969077 0.000000 0.246757
vn -0.955572 -0.000000 0.294759
vn -0.955572 0.000000 0.294759
vn -0.939693 0.000000 0.342018
vn -0.939693 0.000000 0.342018
vn -0.921477 0.000000 0.388433
vn -0.921477 0.000000 0.388433
vn -0.878222 0.000000 0.478254
vn -0.900968 0.000000 0.433884
vn -0.900968 0.000000 0.433884
vn -0.878222 0.000000 0.478254
vn -0.853291 0.000000 0.521435
vn -0.853291 0.000000 0.521435
vn -0.797133 0.000000 0.603804
vn -0.826239 0.000000 0.563320
vn -0.826239 0.000000 0.563320
vn -0.797133 0.000000 0.603804
vn -0.766046 -0.000000 0.642786
vn -0.766046 0.000000 0.642786
vn -0.733049 -0.000000 0.680176
vn -0.733049 0.000000 0.680176
vn -0.698238 -0.000000 0.715866
vn -0.698238 0.000000 0.715866
vn -0.623488 0.000000 0.781833
vn -0.661685 0.000000 0.749782
vn -0.661685 0.000000 0.749782
vn -0.623488 -0.000000 0.781833
vn -0.583744 0.000000 0.811938
vn -0.583744 0.000000 0.811938
vn -0.499997 0.000000 0.866027
vn -0.542551 0.000000 0.840023
vn -0.542551 0.000000 0.840023
vn -0.499997 0.000000 0.866027
vn -0.456215 0.000000 0.889870
vn -0.456215 0.000000 0.889870
vn -0.365334 0.000000 0.930877
vn -0.411287 -0.000000 0.911506
vn -0.411287 0.000000 0.911506
vn -0.365334 0.000000 0.930877
vn -0.270843 0.000000 0.962623
vn -0.318490 0.000000 0.947926
vn -0.318490 0.000000 0.947926
vn -0.270843 -0.000000 0.962623
vn -0.222522 -0.000000 0.974928
vn -0.222522 0.000000 0.974928
vn -0.173644 0.000000 0.984808
vn -0.173644 0.000000 0.984808
vn -0.124348 0.000000 0.992239
vn -0.124348 0.000000 0.992239
vn -0.074731 -0.000000 0.997204
vn -0.074731 0.000000 0.997204
vn -0.024921 -0.000000 0.999689
vn -0.024921 0.000000 0.999689
vn 0.000000 1.000000 0.000000
vn -0.000000 1.000000 -0.000000
vn 0.000000 1.000000 0.000000
vn 0.000000 1.000000 0.000000
vn -0.000000 1.000000 -0.000000
vn -0.000000 1.000000 -0.000000
vn -0.000000 1.000000 -0.000000
vn 0.000000 1.000000 0.000000
vn 0.000000 1.000000 0.000000
vn -0.000000 1.000000 -0.000000
vn -0.000000 1.000000 -0.000000
vn -0.000000 1.000000 -0.000000
vn -0.000000 1.000000 -0.000000
vn 0.000000 1.000000 0.000000
vn 0.000000 1.000000 0.000000
vn -0.000000 1.000000 -0.000000
vn 0.000000 1.000000 0.000000
vn 0.000000 1.000000 0.000000
vn -0.000000 1.000000 -0.000000
vn -0.000000 1.000000 -0.000000
vn 0.000000 1.000000 0.000000
vn -0.000000 1.000000 -0.000000
vn -0.000000 1.000000 0.000000
vn -0.000000 1.000000 0.000000
vn 0.000000 1.000000 0.000000
vn 0.000000 1.000000 0.000000
vn 0.000000 1.000000 0.000000
vn 0.000000 1.000000 0.000000
vn -0.000000 1.000000 0.000000
vn -0.000000 1.000000 0.000000
vn -0.000000 1.000000 0.000000
vn 0.000000 1.000000 0.000000
vn -0.000000 1.000000 0.000000
vn 0.000000 1.000000 0.000000
vn 0.000000 1.000000 0.000000
vn -0.000000 1.000000 0.000000
vn -0.000000 1.000000 0.000000
vn 0.000000 1.000000 0.000000
vn 0.000000 1.000000 0.000000
vn -0.000000 1.000000 0.000000
vn -0.000000 1.000000 0.000000
vn -0.000000 1.000000 0.000000
vn -0.000000 1.000000 0.000000
vn -0.000000 1.000000 0.000000
vn 0.000000 1.000000 0.000000
vn -0.000000 1.000000 0.000000
vn -0.000000 1.000000 0.000000
vn -0.000000 1.000000 0.000000
vn 0.000000 1.000000 0.000000
vn 0.000000 1.000000 0.000000
vn 0.000000 1.000000 0.000000
vn 0.000000 1.000000 0.000000
vn -0.000000 1.000000 0.000000
vn -0.000000 1.000000 0.000000
vn 0.000000 1.000000 0.000000
vn 0.000000 1.000000 0.000000
vn 0.000000 1.000000 0.000000
vn -0.000000 1.000000 0.000000
vn -0.000000 1.000000 0.000000
vn -0.000000 1.000000 0.000000
vn -0.000000 1.000000 0.000000
vn -0.000000 1.000000 0.000000
vn -0.000000 1.000000 0.000000
vn -0.000000 1.000000 0.000000
vn 0.000000 1.000000 0.000000
vn -0.000000 1.000000 0.000000
vn 0.000000 1.000000 0.000000
vn 0.000000 1.000000 0.000000
vn -0.000000 1.000000 0.000000
vn -0.000000 1.000000 0.000000
vn 0.000000 1.000000 0.000000
vn -0.000000 1.000000 0.000000
vn -0.000000 1.000000 0.000000
vn 0.000000 1.000000 0.000000
vn -0.000000 1.000000 0.000000
vn -0.000000 1.000000 0.000000
vn -0.000000 1.000000 0.000000
vn -0.000000 1.000000 0.000000
vn -0.000000 1.000000 0.000000
vn 0.000000 1.000000 0.000000
vn 0.000000 1.000000 0.000000
vn 0.000000 1.000000 0.000000
vn -0.000000 1.000000 0.000000
vn 0.000000 1.000000 0.000000
vn 0.000000 1.000000 -0.000000
vn 0.000000 1.000000 0.000000
vn 0.000000 1.000000 0.000000
vn 0.000000 1.000000 0.000000
vn 0.000000 1.000000 0.000000
vn 0.000000 1.000000 0.000000
vn 0.000000 1.000000 0.000000
vn 0.000000 1.000000 0.000000
vn 0.000000 1.000000 0.000000
vn 0.000000 1.000000 0.000000
vn 0.000000 1.000000 0.000000
vn -0.000000 1.000000 0.000000
vn 0.000000 1.000000 0.000000
vn -0.000000 1.000000 0.000000
vn 0.000000 1.000000 -0.000000
vn 0.000000 1.000000 0.000000
vn 0.000000 1.000000 0.000000
vn 0.000000 1.000000 0.000000
vn 0.000000 1.000000 0.000000
vn 0.000000 1.000000 -0.000000
vn 0.000000 1.000000 0.000000
vn 0.000000 1.000000 0.000000
vn 0.000000 1.000000 0.000000
vn 0.000000 1.000000 0.000000
vn 0.000000 1.000000 0.000000
vn 0.000000 1.000000 0.000000
vn 0.000000 1.000000 0.000000
vn 0.000000 1.000000 0.000000
vn 0.000000 1.000000 0.000000
vn 0.000000 1.000000 0.000000
vn 0.000000 1.000000 0.000000
vn 0.000000 1.000000 0.000000
vn 0.000000 1.000000 0.000000
vn 0.000000 1.000000 0.000000
vn 0.000000 1.000000 0.000000
vn 0.000000 1.000000 -0.000000
vn 0.000000 1.000000 -0.000000
vn 0.000000 1.000000 0.000000
vn 0.000000 1.000000 0.000000
vn 0.000000 1.000000 0.000000
vn 0.024921 -0.000000 0.999689
vn 0.074731 -0.000000 0.997204
vn 0.024921 0.000000 0.999689
vn 0.124348 -0.000000 0.992239
vn 0.074731 0.000000 0.997204
vn 0.173644 -0.000000 0.984808
vn 0.124348 -0.000000 0.992239
vn 0.222522 -0.000000 0.974928
vn 0.173644 -0.000000 0.984808
vn 0.270843 -0.000000 0.962623
vn 0.222522 0.000000 0.974928
vn 0.318490 -0.000000 0.947926
vn 0.270843 0.000000 0.962623
vn 0.365334 -0.000000 0.930877
vn 0.318490 -0.000000 0.947926
vn 0.411287 -0.000000 0.911506
vn 0.365334 -0.000000 0.930877
vn 0.456215 -0.000000 0.889870
vn 0.411287 0.000000 0.911506
vn 0.499997 -0.000000 0.866027
vn 0.456215 -0.000000 0.889870
vn 0.499997 -0.000000 0.866027
vn 0.542551 -0.000000 0.840023
vn 0.542551 -0.000000 0.840023
vn 0.583744 -0.000000 0.811938
vn 0.583744 -0.000000 0.811938
vn 0.623488 -0.000000 0.781833
vn 0.661685 -0.000000 0.749782
vn 0.623488 0.000000 0.781833
vn 0.661685 -0.000000 0.749782
vn 0.698238 -0.000000 0.715866
vn 0.733049 -0.000000 0.680176
vn 0.698238 0.000000 0.715866
vn 0.766046 -0.000000 0.642786
vn 0.733049 0.000000 0.680176
vn 0.797133 -0.000000 0.603804
vn 0.766046 0.000000 0.642786
vn 0.826239 -0.000000 0.563320
vn 0.797133 0.000000 0.603804
vn 0.853291 -0.000000 0.521435
vn 0.826239 -0.000000 0.563320
vn 0.878222 -0.000000 0.478254
vn 0.853291 -0.000000 0.521435
vn 0.900968 -0.000000 0.433884
vn 0.878222 -0.000000 0.478254
vn 0.921477 -0.000000 0.388433
vn 0.900968 -0.000000 0.433884
vn 0.939693 -0.000000 0.342018
vn 0.921477 -0.000000 0.388433
vn 0.955572 -0.000000 0.294759
vn 0.939693 0.000000 0.342018
vn 0.955572 0.000000 0.294759
vn 0.969077 -0.000000 0.246757
vn 0.969077 0.000000 0.246757
vn 0.980172 -0.000000 0.198148
vn 0.980172 0.000000 0.198148
vn 0.988831 -0.000000 0.149039
vn 0.988831 -0.000000 0.149039
vn 0.995030 -0.000000 0.099572
vn 0.995030 -0.000000 0.099572
vn 0.998757 -0.000000 0.049842
vn 0.998757 0.000000 0.049842
vn 1.000000 0.000000 0.000000
vn 1.000000 0.000000 -0.000000
vn 0.998757 0.000000 -0.049842
vn 0.998757 -0.000000 -0.049842
vn 0.995030 0.000000 -0.099572
vn 0.988831 0.000000 -0.149039
vn 0.995030 0.000000 -0.099572
vn 0.980172 0.000000 -0.198146
vn 0.988831 0.000000 -0.149039
vn 0.980172 0.000000 -0.198146
vn 0.969077 0.000000 -0.246759
vn 0.969077 -0.000000 -0.246759
vn 0.955572 0.000000 -0.294756
vn 0.955572 0.000000 -0.294756
vn 0.939693 0.000000 -0.342018
vn 0.939693 0.000000 -0.342018
vn 0.921475 0.000000 -0.388437
vn 0.921475 -0.000000 -0.388437
vn 0.900968 0.000000 -0.433884
vn 0.900968 0.000000 -0.433884
vn 0.878222 0.000000 -0.478254
vn 0.878222 0.000000 -0.478254
vn 0.853291 0.000000 -0.521435
vn 0.853291 0.000000 -0.521435
vn 0.826239 0.000000 -0.563320
vn 0.826239 0.000000 -0.563320
vn 0.797137 0.000000 -0.603799
vn 0.797137 0.000000 -0.603799
vn 0.766042 0.000000 -0.642791
vn 0.766042 0.000000 -0.642791
vn 0.733054 0.000000 -0.680170
vn 0.733054 -0.000000 -0.680170
vn 0.698232 0.000000 -0.715871
vn 0.698232 -0.000000 -0.715871
vn 0.661685 0.000000 -0.749782
vn 0.661685 0.000000 -0.749782
vn 0.623494 0.000000 -0.781828
vn 0.623494 -0.000000 -0.781828
vn 0.583744 0.000000 -0.811938
vn 0.583744 0.000000 -0.811938
vn 0.542544 0.000000 -0.840027
vn 0.542544 -0.000000 -0.840027
vn 0.500005 0.000000 -0.866023
vn 0.500005 0.000000 -0.866023
vn 0.456206 0.000000 -0.889874
vn 0.411287 0.000000 -0.911506
vn 0.456206 -0.000000 -0.889874
vn 0.365343 0.000000 -0.930873
vn 0.411287 -0.000000 -0.911506
vn 0.318481 0.000000 -0.947929
vn 0.365343 -0.000000 -0.930873
vn 0.270843 0.000000 -0.962623
vn 0.318481 -0.000000 -0.947929
vn 0.222522 0.000000 -0.974928
vn 0.270843 -0.000000 -0.962623
vn 0.173644 0.000000 -0.984808
vn 0.222522 -0.000000 -0.974928
vn 0.124348 0.000000 -0.992239
vn 0.173644 0.000000 -0.984808
vn 0.074731 0.000000 -0.997204
vn 0.124348 0.000000 -0.992239
vn 0.024932 0.000000 -0.999689
vn 0.074731 -0.000000 -0.997204
vn 0.024932 0.000000 -0.999689
vn -0.024932 -0.000000 -0.999689
vn -0.074731 0.000000 -0.997204
vn -0.024932 0.000000 -0.999689
vn -0.074731 0.000000 -0.997204
vn -0.124348 -0.000000 -0.992239
vn -0.124348 -0.000000 -0.992239
vn -0.173644 -0.000000 -0.984808
vn -0.173644 -0.000000 -0.984808
vn -0.222522 -0.000000 -0.974928
vn -0.222522 0.000000 -0.974928
vn -0.270843 -0.000000 -0.962623
vn -0.318481 0.000000 -0.947929
vn -0.270843 0.000000 -0.962623
vn -0.318481 0.000000 -0.947929
vn -0.365343 -0.000000 -0.930873
vn -0.365343 0.000000 -0.930873
vn -0.411287 -0.000000 -0.911506
vn -0.411287 0.000000 -0.911506
vn -0.456206 -0.000000 -0.889874
vn -0.456206 0.000000 -0.889874
vn -0.500005 -0.000000 -0.866023
vn -0.500005 -0.000000 -0.866023
vn -0.583744 0.000000 -0.811938
vn -0.542544 0.000000 -0.840027
vn -0.542544 -0.000000 -0.840027
vn -0.583744 -0.000000 -0.811938
vn -0.623494 0.000000 -0.781828
vn -0.623494 -0.000000 -0.781828
vn -0.661685 -0.000000 -0.749782
vn -0.661685 -0.000000 -0.749782
vn -0.733054 0.000000 -0.680170
vn -0.698232 0.000000 -0.715871
vn -0.698232 -0.000000 -0.715871
vn -0.733054 0.000000 -0.680170
vn -0.766042 -0.000000 -0.642791
vn -0.766042 -0.000000 -0.642791
vn -0.797137 -0.000000 -0.603799
vn -0.797137 -0.000000 -0.603799
vn -0.826239 -0.000000 -0.563320
vn -0.826239 -0.000000 -0.563320
vn -0.853291 -0.000000 -0.521435
vn -0.853291 -0.000000 -0.521435
vn -0.878222 -0.000000 -0.478254
vn -0.878222 -0.000000 -0.478254
vn -0.900968 -0.000000 -0.433884
vn -0.900968 -0.000000 -0.433884
vn -0.921475 -0.000000 -0.388437
vn -0.921475 0.000000 -0.388437
vn -0.939693 -0.000000 -0.342018
vn -0.955572 0.000000 -0.294756
vn -0.939693 0.000000 -0.342018
vn -0.955572 -0.000000 -0.294756
vn -0.969077 -0.000000 -0.246759
vn -0.969077 0.000000 -0.246759
vn -0.980172 -0.000000 -0.198146
vn -0.980172 -0.000000 -0.198146
vn -0.988831 -0.000000 -0.149039
vn -0.988831 -0.000000 -0.149039
vn -0.995030 -0.000000 -0.099572
vn -0.995030 -0.000000 -0.099572
vn -0.998757 -0.000000 -0.049842
vn -0.998757 0.000000 -0.049842
vn -1.000000 0.000000 0.000000
vn -1.000000 -0.000000 -0.000000
vn -0.998757 0.000000 0.049842
vn -0.995030 0.000000 0.099572
vn -0.998757 -0.000000 0.049842
vn -0.988831 0.000000 0.149039
vn -0.995030 0.000000 0.099572
vn -0.988831 0.000000 0.149039
vn -0.980172 -0.000000 0.198148
vn -0.980172 0.000000 0.198148
vn -0.969077 -0.000000 0.246757
vn -0.969077 0.000000 0.246757
vn -0.955572 -0.000000 0.294759
vn -0.955572 0.000000 0.294759
vn -0.939693 0.000000 0.342018
vn -0.939693 0.000000 0.342018
vn -0.921477 0.000000 0.388433
vn -0.921477 0.000000 0.388433
vn -0.878222 0.000000 0.478254
vn -0.900968 0.000000 0.433884
vn -0.900968 0.000000 0.433884
vn -0.878222 0.000000 0.478254
vn -0.853291 0.000000 0.521435
vn -0.853291 0.000000 0.521435
vn -0.797133 0.000000 0.603804
vn -0.826239 0.000000 0.563320
vn -0.826239 0.000000 0.563320
vn -0.797133 0.000000 0.603804
vn -0.766046 -0.000000 0.642786
vn -0.766046 0.000000 0.642786
vn -0.733049 -0.000000 0.680176
vn -0.733049 0.000000 0.680176
vn -0.698238 -0.000000 0.715866
vn -0.698238 0.000000 0.715866
vn -0.623488 0.000000 0.781833
vn -0.661685 0.000000 0.749782
vn -0.661685 0.000000 0.749782
vn -0.623488 -0.000000 0.781833
vn -0.583744 0.000000 0.811938
vn -0.583744 0.000000 0.811938
vn -0.499997 0.000000 0.866027
vn -0.542551 0.000000 0.840023
vn -0.542551 0.000000 0.840023
vn -0.499997 0.000000 0.866027
vn -0.456215 0.000000 0.889870
vn -0.456215 0.000000 0.889870
vn -0.365334 0.000000 0.930877
vn -0.411287 -0.000000 0.911506
vn -0.411287 0.000000 0.911506
vn -0.365334 0.000000 0.930877
vn -0.270843 0.000000 0.962623
vn -0.318490 0.000000 0.947926
vn -0.318490 0.000000 0.947926
vn -0.270843 -0.000000 0.962623
vn -0.222522 -0.000000 0.974928
vn -0.222522 0.000000 0.974928
vn -0.173644 0.000000 0.984808
vn -0.173644 0.000000 0.984808
vn -0.124348 0.000000 0.992239
vn -0.124348 0.000000 0.992239
vn -0.074731 -0.000000 0.997204
vn -0.074731 0.000000 0.997204
vn -0.024921 -0.000000 0.999689
vn -0.024921 0.000000 0.999689
vn 0.000000 1.000000 0.000000
vn 0.000000 1.000000 0.000000
vn 0.000000 1.000000 0.000000
vn 0.000000 1.000000 0.000000
vn -0.000000 1.000000 -0.000000
vn -0.000000 1.000000 -0.000000
vn -0.000000 1.000000 -0.000000
vn 0.000000 1.000000 0.000000
vn 0.000000 1.000000 0.000000
vn 0.000000 1.000000 0.000000
vn 0.000000 1.000000 0.000000
vn 0.000000 1.000000 0.000000
vn 0.000000 1.000000 0.000000
vn 0.000000 1.000000 0.000000
vn -0.000000 1.000000 -0.000000
vn -0.000000 1.000000 -0.000000
vn -0.000000 1.000000 -0.000000
vn -0.000000 1.000000 -0.000000
vn 0.000000 1.000000 0.000000
vn -0.000000 1.000000 -0.000000
vn 0.000000 1.000000 0.000000
vn 0.000000 1.000000 0.000000
vn -0.000000 1.000000 -0.000000
vn -0.000000 1.000000 -0.000000
vn 0.000000 1.000000 0.000000
vn -0.000000 1.000000 -0.000000
vn -0.000000 1.000000 0.000000
vn -0.000000 1.000000 0.000000
vn 0.000000 1.000000 0.000000
vn 0.000000 1.000000 0.000000
vn -0.000000 1.000000 0.000000
vn -0.000000 1.000000 0.000000
vn -0.000000 1.000000 0.000000
vn 0.000000 1.000000 0.000000
vn -0.000000 1.000000 0.000000
vn 0.000000 1.000000 0.000000
vn 0.000000 1.000000 0.000000
vn 0.000000 1.000000 0.000000
vn 0.000000 1.000000 0.000000
vn -0.000000 1.000000 0.000000
vn -0.000000 1.000000 0.000000
vn -0.000000 1.000000 0.000000
vn -0.000000 1.000000 0.000000
vn -0.000000 1.000000 0.000000
vn -0.000000 1.000000 0.000000
vn -0.000000 1.000000 0.000000
vn -0.000000 1.000000 0.000000
vn -0.000000 1.000000 0.000000
vn -0.000000 1.000000 0.000000
vn 0.000000 1.000000 0.000000
vn -0.000000 1.000000 0.000000
vn 0.000000 1.000000 0.000000
vn 0.000000 1.000000 0.000000
vn 0.000000 1.000000 0.000000
vn -0.000000 1.000000 0.000000
vn -0.000000 1.000000 0.000000
vn -0.000000 1.000000 0.000000
vn 0.000000 1.000000 0.000000
vn 0.000000 1.000000 0.000000
vn 0.000000 1.000000 0.000000
vn -0.000000 1.000000 0.000000
vn -0.000000 1.000000 0.000000
vn -0.000000 1.000000 0.000000
vn 0.000000 1.000000 0.000000
vn -0.000000 1.000000 0.000000
vn 0.000000 1.000000 0.000000
vn 0.000000 1.000000 0.000000
vn -0.000000 1.000000 0.000000
vn -0.000000 1.000000 0.000000
vn 0.000000 1.000000 0.000000
vn -0.000000 1.000000 0.000000
vn -0.000000 1.000000 0.000000
vn 0.000000 1.000000 0.000000
vn 0.000000 1.000000 0.000000
vn -0.000000 1.000000 0.000000
vn -0.000000 1.000000 0.000000
vn -0.000000 1.000000 0.000000
vn -0.000000 1.000000 0.000000
vn -0.000000 1.000000 0.000000
vn -0.000000 1.000000 0.000000
vn 0.000000 1.000000 0.000000
vn 0.000000 1.000000 0.000000
vn 0.000000 1.000000 0.000000
vn -0.000000 1.000000 0.000000
vn 0.000000 1.000000 0.000000
vn 0.000000 1.000000 -0.000000
vn 0.000000 1.000000 0.000000
vn 0.000000 1.000000 0.000000
vn 0.000000 1.000000 0.000000
vn 0.000000 1.000000 0.000000
vn 0.000000 1.000000 0.000000
vn 0.000000 1.000000 0.000000
vn 0.000000 1.000000 0.000000
vn 0.000000 1.000000 0.000000
vn 0.000000 1.000000 0.000000
vn 0.000000 1.000000 -0.000000
vn 0.000000 1.000000 0.000000
vn 0.000000 1.000000 0.000000
vn 0.000000 1.000000 0.000000
vn 0.000000 1.000000 0.000000
vn 0.000000 1.000000 0.000000
vn 0.000000 1.000000 0.000000
vn 0.000000 1.000000 0.000000
vn 0.000000 1.000000 0.000000
vn 0.000000 1.000000 -0.000000
vn 0.000000 1.000000 -0.000000
vn 0.000000 1.000000 0.000000
vn 0.000000 1.000000 0.000000
vn 0.000000 1.000000 0.000000
vn 0.000000 1.000000 0.000000
vn 0.000000 1.000000 0.000000
vn 0.000000 1.000000 0.000000
vn 0.000000 1.000000 0.000000
vn 0.000000 1.000000 0.000000
vn 0.000000 1.000000 0.000000
vn 0.000000 1.000000 0.000000
vn 0.000000 1.000000 0.000000
vn 0.000000 1.000000 0.000000
vn 0.000000 1.000000 0.000000
vn 0.000000 1.000000 0.000000
vn 0.000000 1.000000 0.000000
vn 0.000000 1.000000 0.000000
vn 0.000000 1.000000 0.000000
vn 0.000000 1.000000 -0.000000
vn 0.024921 -0.000000 0.999689
vn 0.074731 -0.000000 0.997204
vn 0.024921 0.000000 0.999689
vn 0.124348 -0.000000 0.992239
vn 0.074731 0.000000 0.997204
vn 0.173644 -0.000000 0.984808
vn 0.124348 -0.000000 0.992239
vn 0.222522 -0.000000 0.974928
vn 0.173644 -0.000000 0.984808
vn 0.270843 -0.000000 0.962623
vn 0.222522 0.000000 0.974928
vn 0.318490 -0.000000 0.947926
vn 0.270843 0.000000 0.962623
vn 0.365334 -0.000000 0.930877
vn 0.318490 -0.000000 0.947926
vn 0.411287 -0.000000 0.911506
vn 0.365334 -0.000000 0.930877
vn 0.456215 -0.000000 0.889870
vn 0.411287 0.000000 0.911506
vn 0.499997 -0.000000 0.866027
vn 0.456215 -0.000000 0.889870
vn 0.499997 -0.000000 0.866027
vn 0.542551 -0.000000 0.840023
vn 0.542551 -0.000000 0.840023
vn 0.583744 -0.000000 0.811938
vn 0.583744 -0.000000 0.811938
vn 0.623488 -0.000000 0.781833
vn 0.661685 -0.000000 0.749782
vn 0.623488 0.000000 0.781833
vn 0.661685 -0.000000 0.749782
vn 0.698238 -0.000000 0.715866
vn 0.733049 -0.000000 0.680176
vn 0.698238 0.000000 0.715866
vn 0.766046 -0.000000 0.642786
vn 0.733049 0.000000 0.680176
vn 0.797133 -0.000000 0.603804
vn 0.766046 0.000000 0.642786
vn 0.826239 -0.000000 0.563320
vn 0.797133 0.000000 0.603804
vn 0.853291 -0.000000 0.521435
vn 0.826239 -0.000000 0.563320
vn 0.878222 -0.000000 0.478254
vn 0.853291 -0.000000 0.521435
vn 0.900968 -0.000000 0.433884
vn 0.878222 -0.000000 0.478254
vn 0.921477 -0.000000 0.388433
vn 0.900968 -0.000000 0.433884
vn 0.939693 -0.000000 0.342018
vn 0.921477 -0.000000 0.388433
vn 0.955572 -0.000000 0.294759
vn 0.939693 0.000000 0.342018
vn 0.955572 0.000000 0.294759
vn 0.969077 -0.000000 0.246757
vn 0.969077 0.000000 0.246757
vn 0.980172 -0.000000 0.198148
vn 0.980172 0.000000 0.198148
vn 0.988831 -0.000000 0.149039
vn 0.988831 -0.000000 0.149039
vn 0.995030 -0.000000 0.099572
vn 0.995030 -0.000000 0.099572
vn 0.998757 -0.000000 0.049842
vn 0.998757 0.000000 0.049842
vn 1.000000 0.000000 0.000000
vn 1.000000 0.000000 -0.000000
vn 0.998757 0.000000 -0.049842
vn 0.998757 -0.000000 -0.049842
vn 0.995030 0.000000 -0.099572
vn 0.988831 0.000000 -0.149039
vn 0.995030 0.000000 -0.099572
vn 0.980172 0.000000 -0.198146
vn 0.988831 0.000000 -0.149039
vn 0.980172 0.000000 -0.198146
vn 0.969077 0.000000 -0.246759
vn 0.969077 -0.000000 -0.246759
vn 0.955572 0.000000 -0.294756
vn 0.955572 0.000000 -0.294756
vn 0.939693 0.000000 -0.342018
vn 0.939693 0.000000 -0.342018
vn 0.921475 0.000000 -0.388437
vn 0.921475 -0.000000 -0.388437
vn 0.900968 0.000000 -0.433884
vn 0.900968 0.000000 -0.433884
vn 0.878222 0.000000 -0.478254
vn 0.878222 0.000000 -0.478254
vn 0.853291 0.000000 -0.521435
vn 0.853291 0.000000 -0.521435
vn 0.826239 0.000000 -0.563320
vn 0.826239 0.000000 -0.563320
vn 0.797137 0.000000 -0.603799
vn 0.797137 0.000000 -0.603799
vn 0.766042 0.000000 -0.642791
vn 0.766042 0.000000 -0.642791
vn 0.733054 0.000000 -0.680170
vn 0.733054 -0.000000 -0.680170
vn 0.698232 0.000000 -0.715871
vn 0.698232 -0.000000 -0.715871
vn 0.661685 0.000000 -0.749782
vn 0.661685 0.000000 -0.749782
vn 0.623494 0.000000 -0.781828
vn 0.623494 -0.000000 -0.781828
vn 0.583744 0.000000 -0.811938
vn 0.583744 0.000000 -0.811938
vn 0.542544 0.000000 -0.840027
vn 0.542544 -0.000000 -0.840027
vn 0.500005 0.000000 -0.866023
vn 0.500005 0.000000 -0.866023
vn 0.456206 0.000000 -0.889874
vn 0.411287 0.000000 -0.911506
vn 0.456206 -0.000000 -0.889874
vn 0.365343 0.000000 -0.930873
vn 0.411287 -0.000000 -0.911506
vn 0.318481 0.000000 -0.947929
vn 0.365343 -0.000000 -0.930873
vn 0.270843 0.000000 -0.962623
vn 0.318481 -0.000000 -0.947929
vn 0.222522 0.000000 -0.974928
vn 0.270843 -0.000000 -0.962623
vn 0.173644 0.000000 -0.984808
vn 0.222522 -0.000000 -0.974928
vn 0.124348 0.000000 -0.992239
vn 0.173644 0.000000 -0.984808
vn 0.074731 0.000000 -0.997204
vn 0.124348 0.000000 -0.992239
vn 0.024932 0.000000 -0.999689
vn 0.074731 -0.000000 -0.997204
vn 0.024932 0.000000 -0.999689
vn -0.024932 -0.000000 -0.999689
vn -0.074731 0.000000 -0.997204
vn -0.024932 0.000000 -0.999689
vn -0.074731 0.000000 -0.997204
vn -0.124348 -0.000000 -0.992239
vn -0.124348 -0.000000 -0.992239
vn -0.173644 -0.000000 -0.984808
vn -0.173644 -0.000000 -0.984808
vn -0.222522 -0.000000 -0.974928
vn -0.222522 0.000000 -0.974928
vn -0.270843 -0.000000 -0.962623
vn -0.318481 0.000000 -0.947929
vn -0.270843 0.000000 -0.962623
vn -0.318481 0.000000 -0.947929
vn -0.365343 -0.000000 -0.930873
vn -0.365343 0.000000 -0.930873
vn -0.411287 -0.000000 -0.911506
vn -0.411287 0.000000 -0.911506
vn -0.456206 -0.000000 -0.889874
vn -0.456206 0.000000 -0.889874
vn -0.500005 -0.000000 -0.866023
vn -0.500005 -0.000000 -0.866023
vn -0.583744 0.000000 -0.811938
vn -0.542544 0.000000 -0.840027
vn -0.542544 -0.000000 -0.840027
vn -0.583744 -0.000000 -0.811938
vn -0.623494 0.000000 -0.781828
vn -0.623494 -0.000000 -0.781828
vn -0.661685 -0.000000 -0.749782
vn -0.661685 -0.000000 -0.749782
vn -0.733054 0.000000 -0.680170
vn -0.698232 0.000000 -0.715871
vn -0.698232 -0.000000 -0.715871
vn -0.733054 0.000000 -0.680170
vn -0.766042 -0.000000 -0.642791
vn -0.766042 -0.000000 -0.642791
vn -0.797137 -0.000000 -0.603799
vn -0.797137 -0.000000 -0.603799
vn -0.826239 -0.000000 -0.563320
vn -0.826239 -0.000000 -0.563320
vn -0.853291 -0.000000 -0.521435
vn -0.853291 -0.000000 -0.521435
vn -0.878222 -0.000000 -0.478254
vn -0.878222 -0.000000 -0.478254
vn -0.900968 -0.000000 -0.433884
vn -0.900968 -0.000000 -0.433884
vn -0.921475 -0.000000 -0.388437
vn -0.921475 0.000000 -0.388437
vn -0.939693 -0.000000 -0.342018
vn -0.955572 0.000000 -0.294756
vn -0.939693 0.000000 -0.342018
vn -0.955572 -0.000000 -0.294756
vn -0.969077 -0.000000 -0.246759
vn -0.969077 0.000000 -0.246759
vn -0.980172 -0.000000 -0.198146
vn -0.980172 -0.000000 -0.198146
vn -0.988831 -0.000000 -0.149039
vn -0.988831 -0.000000 -0.149039
vn -0.995030 -0.000000 -0.099572
vn -0.995030 -0.000000 -0.099572
vn -0.998757 -0.000000 -0.049842
vn -0.998757 0.000000 -0.049842
vn -1.000000 0.000000 0.000000
vn -1.000000 -0.000000 -0.000000
vn -0.998757 0.000000 0.049842
vn -0.995030 0.000000 0.099572
vn -0.998757 -0.000000 0.049842
vn -0.988831 0.000000 0.149039
vn -0.995030 0.000000 0.099572
vn -0.988831 0.000000 0.149039
vn -0.980172 -0.000000 0.198148
vn -0.980172 0.000000 0.198148
vn -0.969077 -0.000000 0.246757
vn -0.969077 0.000000 0.246757
vn -0.955572 -0.000000 0.294759
vn -0.955572 0.000000 0.294759
vn -0.939693 0.000000 0.342018
vn -0.939693 0.000000 0.342018
vn -0.921477 0.000000 0.388433
vn -0.921477 0.000000 0.388433
vn -0.878222 0.000000 0.478254
vn -0.900968 0.000000 0.433884
vn -0.900968 0.000000 0.433884
vn -0.878222 0.000000 0.478254
vn -0.853291 0.000000 0.521435
vn -0.853291 0.000000 0.521435
vn -0.797133 0.000000 0.603804
vn -0.826239 0.000000 0.563320
vn -0.826239 0.000000 0.563320
vn -0.797133 0.000000 0.603804
vn -0.766046 -0.000000 0.642786
vn -0.766046 0.000000 0.642786
vn -0.733049 -0.000000 0.680176
vn -0.733049 0.000000 0.680176
vn -0.698238 -0.000000 0.715866
vn -0.698238 0.000000 0.715866
vn -0.623488 0.000000 0.781833
vn -0.661685 0.000000 0.749782
vn -0.661685 0.000000 0.749782
vn -0.623488 -0.000000 0.781833
vn -0.583744 0.000000 0.811938
vn -0.583744 0.000000 0.811938
vn -0.499997 0.000000 0.866027
vn -0.542551 0.000000 0.840023
vn -0.542551 0.000000 0.840023
vn -0.499997 0.000000 0.866027
vn -0.456215 0.000000 0.889870
vn -0.456215 0.000000 0.889870
vn -0.365334 0.000000 0.930877
vn -0.411287 -0.000000 0.911506
vn -0.411287 0.000000 0.911506
vn -0.365334 0.000000 0.930877
vn -0.270843 0.000000 0.962623
vn -0.318490 0.000000 0.947926
vn -0.318490 0.000000 0.947926
vn -0.270843 -0.000000 0.962623
vn -0.222522 -0.000000 0.974928
vn -0.222522 0.000000 0.974928
vn -0.173644 0.000000 0.984808
vn -0.173644 0.000000 0.984808
vn -0.124348 0.000000 0.992239
vn -0.124348 0.000000 0.992239
vn -0.074731 -0.000000 0.997204
vn -0.074731 0.000000 0.997204
vn -0.024921 -0.000000 0.999689
vn -0.024921 0.000000 0.999689
vn 0.000000 1.000000 0.000000
vn 0.000000 1.000000 0.000000
vn 0.000000 1.000000 0.000000
vn 0.000000 1.000000 0.000000
vn -0.000000 1.000000 -0.000000
vn -0.000000 1.000000 -0.000000
vn -0.000000 1.000000 -0.000000
vn 0.000000 1.000000 0.000000
vn 0.000000 1.000000 0.000000
vn 0.000000 1.000000 0.000000
vn 0.000000 1.000000 0.000000
vn 0.000000 1.000000 0.000000
vn 0.000000 1.000000 0.000000
vn 0.000000 1.000000 0.000000
vn -0.000000 1.000000 -0.000000
vn -0.000000 1.000000 -0.000000
vn -0.000000 1.000000 -0.000000
vn -0.000000 1.000000 -0.000000
vn 0.000000 1.000000 0.000000
vn -0.000000 1.000000 -0.000000
vn 0.000000 1.000000 0.000000
vn 0.000000 1.000000 0.000000
vn -0.000000 1.000000 -0.000000
vn -0.000000 1.000000 -0.000000
vn 0.000000 1.000000 0.000000
vn -0.000000 1.000000 -0.000000
vn -0.000000 1.000000 0.000000
vn -0.000000 1.000000 0.000000
vn 0.000000 1.000000 0.000000
vn 0.000000 1.000000 0.000000
vn -0.000000 1.000000 0.000000
vn -0.000000 1.000000 0.000000
vn -0.000000 1.000000 0.000000
vn 0.000000 1.000000 0.000000
vn -0.000000 1.000000 0.000000
vn 0.000000 1.000000 0.000000
vn 0.000000 1.000000 0.000000
vn 0.000000 1.000000 0.000000
vn 0.000000 1.000000 0.000000
vn -0.000000 1.000000 0.000000
vn -0.000000 1.000000 0.000000
vn -0.000000 1.000000 0.000000
vn -0.000000 1.000000 0.000000
vn -0.000000 1.000000 0.000000
vn -0.000000 1.000000 0.000000
vn -0.000000 1.000000 0.000000
vn -0.000000 1.000000 0.000000
vn -0.000000 1.000000 0.000000
vn -0.000000 1.000000 0.000000
vn 0.000000 1.000000 0.000000
vn -0.000000 1.000000 0.000000
vn 0.000000 1.000000 0.000000
vn 0.000000 1.000000 0.000000
vn 0.000000 1.000000 0.000000
vn -0.000000 1.000000 0.000000
vn -0.000000 1.000000 0.000000
vn -0.000000 1.000000 0.000000
vn 0.000000 1.000000 0.000000
vn 0.000000 1.000000 0.000000
vn 0.000000 1.000000 0.000000
vn -0.000000 1.000000 0.000000
vn -0.000000 1.000000 0.000000
vn -0.000000 1.000000 0.000000
vn 0.000000 1.000000 0.000000
vn -0.000000 1.000000 0.000000
vn 0.000000 1.000000 0.000000
vn 0.000000 1.000000 0.000000
vn -0.000000 1.000000 0.000000
vn -0.000000 1.000000 0.000000
vn 0.000000 1.000000 0.000000
vn -0.000000 1.000000 0.000000
vn -0.000000 1.000000 0.000000
vn 0.000000 1.000000 0.000000
vn 0.000000 1.000000 0.000000
vn -0.000000 1.000000 0.000000
vn -0.000000 1.000000 0.000000
vn -0.000000 1.000000 0.000000
vn -0.000000 1.000000 0.000000
vn -0.000000 1.000000 0.000000
vn -0.000000 1.000000 0.000000
vn 0.000000 1.000000 0.000000
vn 0.000000 1.000000 0.000000
vn 0.000000 1.000000 0.000000
vn -0.000000 1.000000 0.000000
vn 0.000000 1.000000 0.000000
vn 0.000000 1.000000 -0.000000
vn 0.000000 1.000000 0.000000
vn 0.000000 1.000000 0.000000
vn 0.000000 1.000000 0.000000
vn 0.000000 1.000000 0.000000
vn 0.000000 1.000000 0.000000
vn 0.000000 1.000000 0.000000
vn 0.000000 1.000000 0.000000
vn 0.000000 1.000000 0.000000
vn 0.000000 1.000000 0.000000
vn 0.000000 1.000000 -0.000000
vn 0.000000 1.000000 0.000000
vn 0.000000 1.000000 0.000000
vn 0.000000 1.000000 0.000000
vn 0.000000 1.000000 0.000000
vn 0.000000 1.000000 0.000000
vn 0.000000 1.000000 0.000000
vn 0.000000 1.000000 0.000000
vn 0.000000 1.000000 0.000000
vn 0.000000 1.000000 -0.000000
vn 0.000000 1.000000 -0.000000
vn 0.000000 1.000000 0.000000
vn 0.000000 1.000000 0.000000
vn 0.000000 1.000000 0.000000
vn 0.000000 1.000000 0.000000
vn 0.000000 1.000000 0.000000
vn 0.000000 1.000000 0.000000
vn 0.000000 1.000000 0.000000
vn 0.000000 1.000000 0.000000
vn 0.000000 1.000000 0.000000
vn 0.000000 1.000000 0.000000
vn 0.000000 1.000000 0.000000
vn 0.000000 1.000000 0.000000
vn 0.000000 1.000000 0.000000
vn 0.000000 1.000000 0.000000
vn 0.000000 1.000000 0.000000
vn 0.000000 1.000000 0.000000
vn 0.000000 1.000000 0.000000
vn 0.000000 1.000000 -0.000000
vn 0.024921 -0.000000 0.999689
vn 0.074731 -0.000000 0.997204
vn 0.024921 0.000000 0.999689
vn 0.124348 -0.000000 0.992239
vn 0.074731 0.000000 0.997204
vn 0.173644 -0.000000 0.984808
vn 0.124348 -0.000000 0.992239
vn 0.222522 -0.000000 0.974928
vn 0.173644 -0.000000 0.984808
vn 0.270843 -0.000000 0.962623
vn 0.222522 0.000000 0.974928
vn 0.318490 -0.000000 0.947926
vn 0.270843 0.000000 0.962623
vn 0.365334 -0.000000 0.930877
vn 0.318490 -0.000000 0.947926
vn 0.411287 -0.000000 0.911506
vn 0.365334 -0.000000 0.930877
vn 0.456215 -0.000000 0.889870
vn 0.411287 0.000000 0.911506
vn 0.499997 -0.000000 0.866027
vn 0.456215 -0.000000 0.889870
vn 0.499997 -0.000000 0.866027
vn 0.542551 -0.000000 0.840023
vn 0.542551 -0.000000 0.840023
vn 0.583744 -0.000000 0.811938
vn 0.583744 -0.000000 0.811938
vn 0.623488 -0.000000 0.781833
vn 0.661685 -0.000000 0.749782
vn 0.623488 0.000000 0.781833
vn 0.661685 -0.000000 0.749782
vn 0.698238 -0.000000 0.715866
vn 0.733049 -0.000000 0.680176
vn 0.698238 0.000000 0.715866
vn 0.766046 -0.000000 0.642786
vn 0.733049 0.000000 0.680176
vn 0.797133 -0.000000 0.603804
vn 0.766046 0.000000 0.642786
vn 0.826239 -0.000000 0.563320
vn 0.797133 0.000000 0.603804
vn 0.853291 -0.000000 0.521435
vn 0.826239 -0.000000 0.563320
vn 0.878222 -0.000000 0.478254
vn 0.853291 -0.000000 0.521435
vn 0.900968 -0.000000 0.433884
vn 0.878222 -0.000000 0.478254
vn 0.921477 -0.000000 0.388433
vn 0.900968 -0.000000 0.433884
vn 0.939693 -0.000000 0.342018
vn 0.921477 -0.000000 0.388433
vn 0.955572 -0.000000 0.294759
vn 0.939693 0.000000 0.342018
vn 0.955572 0.000000 0.294759
vn 0.969077 -0.000000 0.246757
vn 0.969077 0.000000 0.246757
vn 0.980172 -0.000000 0.198148
vn 0.980172 0.000000 0.198148
vn 0.988831 -0.000000 0.149039
vn 0.988831 -0.000000 0.149039
vn 0.995030 -0.000000 0.099572
vn 0.995030 -0.000000 0.099572
vn 0.998757 -0.000000 0.049842
vn 0.998757 0.000000 0.049842
vn 1.000000 0.000000 0.000000
vn 1.000000 0.000000 -0.000000
vn 0.998757 0.000000 -0.049842
vn 0.998757 -0.000000 -0.049842
vn 0.995030 0.000000 -0.099572
vn 0.988831 0.000000 -0.149039
vn 0.995030 0.000000 -0.099572
vn 0.980172 0.000000 -0.198146
vn 0.988831 0.000000 -0.149039
vn 0.980172 0.000000 -0.198146
vn 0.969077 0.000000 -0.246759
vn 0.969077 -0.000000 -0.246759
vn 0.955572 0.000000 -0.294756
vn 0.955572 0.000000 -0.294756
vn 0.939693 0.000000 -0.342018
vn 0.939693 0.000000 -0.342018
vn 0.921475 0.000000 -0.388437
vn 0.921475 -0.000000 -0.388437
vn 0.900968 0.000000 -0.433884
vn 0.900968 0.000000 -0.433884
vn 0.878222 0.000000 -0.478254
vn 0.878222 0.000000 -0.478254
vn 0.853291 0.000000 -0.521435
vn 0.853291 0.000000 -0.521435
vn 0.826239 0.000000 -0.563320
vn 0.826239 0.000000 -0.563320
vn 0.797137 0.000000 -0.603799
vn 0.797137 0.000000 -0.603799
vn 0.766042 0.000000 -0.642791
vn 0.766042 0.000000 -0.642791
vn 0.733054 0.000000 -0.680170
vn 0.733054 -0.000000 -0.680170
vn 0.698232 0.000000 -0.715871
vn 0.698232 -0.000000 -0.715871
vn 0.661685 0.000000 -0.749782
vn 0.661685 0.000000 -0.749782
vn 0.623494 0.000000 -0.781828
vn 0.623494 -0.000000 -0.781828
vn 0.583744 0.000000 -0.811938
vn 0.583744 0.000000 -0.811938
vn 0.542544 0.000000 -0.840027
vn 0.542544 -0.000000 -0.840027
vn 0.500005 0.000000 -0.866023
vn 0.500005 0.000000 -0.866023
vn 0.456206 0.000000 -0.889874
vn 0.411287 0.000000 -0.911506
vn 0.456206 -0.000000 -0.889874
vn 0.365343 0.000000 -0.930873
vn 0.411287 -0.000000 -0.911506
vn 0.318481 0.000000 -0.947929
vn 0.365343 -0.000000 -0.930873
vn 0.270843 0.000000 -0.962623
vn 0.318481 -0.000000 -0.947929
vn 0.222522 0.000000 -0.974928
vn 0.270843 -0.000000 -0.962623
vn 0.173644 0.000000 -0.984808
vn 0.222522 -0.000000 -0.974928
vn 0.124348 0.000000 -0.992239
vn 0.173644 0.000000 -0.984808
vn 0.074731 0.000000 -0.997204
vn 0.124348 0.000000 -0.992239
vn 0.024932 0.000000 -0.999689
vn 0.074731 -0.000000 -0.997204
vn 0.024932 0.000000 -0.999689
vn -0.024932 -0.000000 -0.999689
vn -0.074731 0.000000 -0.997204
vn -0.024932 0.000000 -0.999689
vn -0.074731 0.000000 -0.997204
vn -0.124348 -0.000000 -0.992239
vn -0.124348 -0.000000 -0.992239
vn -0.173644 -0.000000 -0.984808
vn -0.173644 -0.000000 -0.984808
vn -0.222522 -0.000000 -0.974928
vn -0.222522 0.000000 -0.974928
vn -0.270843 -0.000000 -0.962623
vn -0.318481 0.000000 -0.947929
vn -0.270843 0.000000 -0.962623
vn -0.318481 0.000000 -0.947929
vn -0.365343 -0.000000 -0.930873
vn -0.365343 0.000000 -0.930873
vn -0.411287 -0.000000 -0.911506
vn -0.411287 0.000000 -0.911506
vn -0.456206 -0.000000 -0.889874
vn -0.456206 0.000000 -0.889874
vn -0.500005 -0.000000 -0.866023
vn -0.500005 -0.000000 -0.866023
vn -0.583744 0.000000 -0.811938
vn -0.542544 0.000000 -0.840027
vn -0.542544 -0.000000 -0.840027
vn -0.583744 -0.000000 -0.811938
vn -0.623494 0.000000 -0.781828
vn -0.623494 -0.000000 -0.781828
vn -0.661685 -0.000000 -0.749782
vn -0.661685 -0.000000 -0.749782
vn -0.733054 0.000000 -0.680170
vn -0.698232 0.000000 -0.715871
vn -0.698232 -0.000000 -0.715871
vn -0.733054 0.000000 -0.680170
vn -0.766042 -0.000000 -0.642791
vn -0.766042 -0.000000 -0.642791
vn -0.797137 -0.000000 -0.603799
vn -0.797137 -0.000000 -0.603799
vn -0.826239 -0.000000 -0.563320
vn -0.826239 -0.000000 -0.563320
vn -0.853291 -0.000000 -0.521435
vn -0.853291 -0.000000 -0.521435
vn -0.878222 -0.000000 -0.478254
vn -0.878222 -0.000000 -0.478254
vn -0.900968 -0.000000 -0.433884
vn -0.900968 -0.000000 -0.433884
vn -0.921475 -0.000000 -0.388437
vn -0.921475 0.000000 -0.388437
vn -0.939693 -0.000000 -0.342018
vn -0.955572 0.000000 -0.294756
vn -0.939693 0.000000 -0.342018
vn -0.955572 -0.000000 -0.294756
vn -0.969077 -0.000000 -0.246759
vn -0.969077 0.000000 -0.246759
vn -0.980172 -0.000000 -0.198146
vn -0.980172 -0.000000 -0.198146
vn -0.988831 -0.000000 -0.149039
vn -0.988831 -0.000000 -0.149039
vn -0.995030 -0.000000 -0.099572
vn -0.995030 -0.000000 -0.099572
vn -0.998757 -0.000000 -0.049842
vn -0.998757 0.000000 -0.049842
vn -1.000000 0.000000 0.000000
vn -1.000000 -0.000000 -0.000000
vn -0.998757 0.000000 0.049842
vn -0.995030 0.000000 0.099572
vn -0.998757 -0.000000 0.049842
vn -0.988831 0.000000 0.149039
vn -0.995030 0.000000 0.099572
vn -0.988831 0.000000 0.149039
vn -0.980172 -0.000000 0.198148
vn -0.980172 0.000000 0.198148
vn -0.969077 -0.000000 0.246757
vn -0.969077 0.000000 0.246757
vn -0.955572 -0.000000 0.294759
vn -0.955572 0.000000 0.294759
vn -0.939693 0.000000 0.342018
vn -0.939693 0.000000 0.342018
vn -0.921477 0.000000 0.388433
vn -0.921477 0.000000 0.388433
vn -0.878222 0.000000 0.478254
vn -0.900968 0.000000 0.433884
vn -0.900968 0.000000 0.433884
vn -0.878222 0.000000 0.478254
vn -0.853291 0.000000 0.521435
vn -0.853291 0.000000 0.521435
vn -0.797133 0.000000 0.603804
vn -0.826239 0.000000 0.563320
vn -0.826239 0.000000 0.563320
vn -0.797133 0.000000 0.603804
vn -0.766046 -0.000000 0.642786
vn -0.766046 0.000000 0.642786
vn -0.733049 -0.000000 0.680176
vn -0.733049 0.000000 0.680176
vn -0.698238 -0.000000 0.715866
vn -0.698238 0.000000 0.715866
vn -0.623488 0.000000 0.781833
vn -0.661685 0.000000 0.749782
vn -0.661685 0.000000 0.749782
vn -0.623488 -0.000000 0.781833
vn -0.583744 0.000000 0.811938
vn -0.583744 0.000000 0.811938
vn -0.499997 0.000000 0.866027
vn -0.542551 0.000000 0.840023
vn -0.542551 0.000000 0.840023
vn -0.499997 0.000000 0.866027
vn -0.456215 0.000000 0.889870
vn -0.456215 0.000000 0.889870
vn -0.365334 0.000000 0.930877
vn -0.411287 -0.000000 0.911506
vn -0.411287 0.000000 0.911506
vn -0.365334 0.000000 0.930877
vn -0.270843 0.000000 0.962623
vn -0.318490 0.000000 0.947926
vn -0.318490 0.000000 0.947926
vn -0.270843 -0.000000 0.962623
vn -0.222522 -0.000000 0.974928
vn -0.222522 0.000000 0.974928
vn -0.173644 0.000000 0.984808
vn -0.173644 0.000000 0.984808
vn -0.124348 0.000000 0.992239
vn -0.124348 0.000000 0.992239
vn -0.074731 -0.000000 0.997204
vn -0.074731 0.000000 0.997204
vn -0.024921 -0.000000 0.999689
vn -0.024921 0.000000 0.999689
f 1//1 2//1 3//1
f 4//2 5//2 1//2
f 4//3 6//3 5//3
f 7//4 1//4 3//4
f 7//5 4//5 1//5
f 8//6 4//6 9//6
f 8//7 6//7 4//7
f 10//8 6//8 11//8
f 10//9 5//9 6//9
f 12//10 9//10 7//10
f 12//11 7//11 3//11
f 13//12 8//12 9//12
f 13//13 9//13 12//13
f 14//14 11//14 8//14
f 14//15 10//15 11//15
f 15//16 8//16 13//16
f 15//17 14//17 8//17
f 16//18 17//18 15//18
f 16//19 15//19 13//19
f 18//20 16//20 12//20
f 18//21 14//21 17//21
f 18//22 10//22 14//22
f 18//23 17//23 16//23
f 3//24 18//24 12//24
f 19//25 20//25 21//25
f 22//26 23//26 20//26
f 24//27 23//27 22//27
f 24//28 25//28 23//28
f 25//29 26//29 23//29
f 20//30 27//30 21//30
f 23//31 27//31 20//31
f 24//32 28//32 29//32
f 22//33 28//33 24//33
f 25//34 30//34 26//34
f 26//35 31//35 27//35
f 30//36 31//36 26//36
f 27//37 31//37 21//37
f 25//38 32//38 30//38
f 29//39 33//39 25//39
f 28//40 33//40 29//40
f 25//41 33//41 32//41
f 34//42 35//42 32//42
f 32//43 35//43 30//43
f 35//44 36//44 31//44
f 33//45 36//45 34//45
f 28//46 36//46 33//46
f 34//47 36//47 35//47
f 36//48 21//48 31//48
f 36//49 28//49 37//49
f 28//50 38//50 37//50
f 39//51 40//51 41//51
f 40//52 42//52 41//52
f 43//53 44//53 41//53
f 42//54 43//54 41//54
f 43//55 45//55 46//55
f 43//56 46//56 44//56
f 47//57 48//57 45//57
f 49//58 45//58 48//58
f 50//59 47//59 45//59
f 51//60 45//60 49//60
f 52//61 50//61 45//61
f 53//62 45//62 51//62
f 54//63 52//63 45//63
f 55//64 45//64 53//64
f 56//65 54//65 45//65
f 57//66 20//66 45//66
f 57//67 45//67 55//67
f 58//68 56//68 45//68
f 59//69 20//69 57//69
f 60//70 58//70 45//70
f 61//71 22//71 20//71
f 61//72 20//72 59//72
f 62//73 60//73 45//73
f 63//74 22//74 61//74
f 64//75 62//75 45//75
f 65//76 22//76 63//76
f 66//77 64//77 45//77
f 67//78 22//78 65//78
f 68//79 66//79 45//79
f 69//80 22//80 67//80
f 70//81 69//81 67//81
f 71//82 72//82 73//82
f 74//83 68//83 45//83
f 75//84 69//84 70//84
f 76//85 71//85 73//85
f 77//86 78//86 79//86
f 77//87 79//87 76//87
f 77//88 73//88 69//88
f 77//89 69//89 75//89
f 77//90 76//90 73//90
f 80//91 81//91 82//91
f 83//92 74//92 45//92
f 84//93 85//93 77//93
f 86//94 81//94 80//94
f 86//95 75//95 87//95
f 86//96 87//96 81//96
f 86//97 80//97 88//97
f 89//98 86//98 90//98
f 91//99 92//99 93//99
f 91//100 93//100 84//100
f 94//101 77//101 75//101
f 94//102 75//102 86//102
f 94//103 86//103 89//103
f 95//104 96//104 91//104
f 97//105 94//105 98//105
f 99//106 84//106 77//106
f 99//107 91//107 84//107
f 99//108 95//108 91//108
f 100//109 99//109 77//109
f 100//110 77//110 94//110
f 100//111 94//111 97//111
f 101//112 83//112 45//112
f 101//113 45//113 43//113
f 102//114 101//114 43//114
f 103//115 102//115 43//115
f 103//116 43//116 42//116
f 104//117 103//117 42//117
f 105//118 104//118 42//118
f 40//119 105//119 42//119
f 40//120 106//120 105//120
f 40//121 107//121 106//121
f 40//122 108//122 107//122
f 40//123 109//123 108//123
f 40//124 110//124 109//124
f 40//125 111//125 110//125
f 40//126 112//126 111//126
f 40//127 113//127 112//127
f 40//128 114//128 113//128
f 40//129 115//129 114//129
f 116//130 115//130 40//130
f 117//131 116//131 40//131
f 118//132 117//132 40//132
f 119//133 118//133 40//133
f 120//134 119//134 40//134
f 121//135 120//135 40//135
f 122//136 121//136 40//136
f 123//137 122//137 40//137
f 124//138 40//138 1//138
f 124//139 123//139 40//139
f 125//140 124//140 1//140
f 126//141 125//141 1//141
f 127//142 128//142 129//142
f 127//143 129//143 130//143
f 131//144 127//144 130//144
f 132//145 131//145 130//145
f 133//146 132//146 130//146
f 133//147 134//147 135//147
f 133//148 135//148 132//148
f 136//149 137//149 133//149
f 138//150 133//150 130//150
f 138//151 136//151 133//151
f 139//152 138//152 130//152
f 140//153 139//153 130//153
f 141//154 142//154 140//154
f 141//155 140//155 130//155
f 143//156 141//156 130//156
f 144//157 145//157 143//157
f 144//158 143//158 130//158
f 146//159 147//159 144//159
f 146//160 144//160 130//160
f 148//161 149//161 146//161
f 150//162 148//162 146//162
f 151//163 150//163 146//163
f 152//164 153//164 154//164
f 152//165 154//165 151//165
f 152//166 151//166 146//166
f 155//167 146//167 130//167
f 155//168 152//168 146//168
f 155//169 156//169 157//169
f 155//170 130//170 156//170
f 5//171 155//171 157//171
f 5//172 158//172 126//172
f 5//173 159//173 158//173
f 5//174 157//174 159//174
f 5//175 126//175 1//175
f 160//176 22//176 69//176
f 161//177 22//177 160//177
f 162//178 22//178 161//178
f 163//179 22//179 162//179
f 164//180 22//180 163//180
f 165//181 22//181 164//181
f 166//182 22//182 165//182
f 167//183 22//183 166//183
f 168//184 22//184 167//184
f 169//185 22//185 168//185
f 170//186 22//186 169//186
f 171//187 22//187 170//187
f 172//188 22//188 171//188
f 173//189 22//189 172//189
f 174//190 22//190 173//190
f 175//191 155//191 5//191
f 176//192 175//192 5//192
f 177//193 176//193 5//193
f 178//194 177//194 5//194
f 179//195 178//195 5//195
f 180//196 179//196 5//196
f 181//197 180//197 5//197
f 182//198 181//198 5//198
f 183//199 182//199 5//199
f 184//200 183//200 5//200
f 185//201 184//201 5//201
f 186//202 185//202 5//202
f 187//203 186//203 5//203
f 188//204 187//204 5//204
f 189//205 188//205 5//205
f 190//206 189//206 5//206
f 28//207 22//207 174//207
f 28//208 174//208 191//208
f 28//209 191//209 192//209
f 28//210 192//210 193//210
f 28//211 193//211 194//211
f 28//212 194//212 195//212
f 28//213 195//213 196//213
f 28//214 196//214 197//214
f 28//215 197//215 198//215
f 28//216 198//216 199//216
f 28//217 199//217 200//217
f 28//218 200//218 201//218
f 28//219 201//219 202//219
f 28//220 202//220 203//220
f 28//221 203//221 204//221
f 28//222 204//222 205//222
f 28//223 205//223 206//223
f 28//224 206//224 207//224
f 28//225 207//225 208//225
f 28//226 208//226 209//226
f 38//227 28//227 209//227
f 38//228 209//228 210//228
f 38//229 210//229 211//229
f 38//230 211//230 212//230
f 38//231 212//231 213//231
f 38//232 213//232 214//232
f 215//233 214//233 216//233
f 215//234 216//234 217//234
f 215//235 217//235 218//235
f 215//236 38//236 214//236
f 10//237 218//237 219//237
f 10//238 219//238 220//238
f 10//239 220//239 221//239
f 10//240 221//240 222//240
f 10//241 222//241 223//241
f 10//242 223//242 224//242
f 10//243 224//243 225//243
f 10//244 225//244 226//244
f 10//245 226//245 227//245
f 10//246 227//246 228//246
f 10//247 228//247 229//247
f 10//248 229//248 230//248
f 10//249 230//249 231//249
f 10//250 231//250 232//250
f 10//251 232//251 233//251
f 10//252 233//252 234//252
f 10//253 234//253 235//253
f 10//254 215//254 218//254
f 10//255 235//255 190//255
f 10//256 190//256 5//256
f 236//257 237//257 38//257
f 236//258 38//258 215//258
f 21//259 37//259 3//259
f 36//260 37//260 21//260
f 37//261 238//261 3//261
f 238//262 18//262 3//262
f 239//263 240//263 37//263
f 37//264 240//264 238//264
f 238//265 215//265 18//265
f 215//266 10//266 18//266
f 39//267 19//267 2//267
f 39//268 46//268 19//268
f 20//269 19//269 46//269
f 45//270 20//270 46//270
f 1//271 40//271 39//271
f 1//272 39//272 2//272
f 241//273 242//273 21//273
f 243//274 21//274 242//274
f 244//275 241//275 21//275
f 245//276 21//276 243//276
f 246//277 244//277 21//277
f 247//278 21//278 245//278
f 248//279 246//279 21//279
f 249//280 21//280 247//280
f 250//281 248//281 21//281
f 251//282 21//282 249//282
f 252//283 250//283 21//283
f 253//284 21//284 251//284
f 254//285 252//285 21//285
f 255//286 21//286 253//286
f 256//287 254//287 21//287
f 257//288 21//288 255//288
f 258//289 256//289 21//289
f 259//290 21//290 257//290
f 260//291 258//291 21//291
f 261//292 21//292 259//292
f 262//293 260//293 21//293
f 263//294 21//294 261//294
f 264//295 262//295 21//295
f 265//296 21//296 263//296
f 266//297 264//297 21//297
f 267//298 21//298 265//298
f 268//299 266//299 21//299
f 269//300 21//300 267//300
f 270//301 268//301 21//301
f 271//302 21//302 269//302
f 272//303 270//303 21//303
f 273//304 21//304 271//304
f 274//305 272//305 21//305
f 275//306 21//306 273//306
f 276//307 274//307 21//307
f 277//308 276//308 21//308
f 278//309 277//309 21//309
f 279//310 278//310 21//310
f 280//311 279//311 21//311
f 281//312 280//312 21//312
f 282//313 281//313 21//313
f 283//314 282//314 21//314
f 284//315 283//315 21//315
f 285//316 284//316 21//316
f 19//317 275//317 286//317
f 19//318 286//318 287//318
f 19//319 287//319 288//319
f 19//320 288//320 289//320
f 19//321 289//321 290//321
f 19//322 290//322 291//322
f 19//323 292//323 293//323
f 19//324 291//324 294//324
f 19//325 293//325 295//325
f 19//326 294//326 296//326
f 19//327 295//327 297//327
f 19//328 296//328 298//328
f 19//329 297//329 299//329
f 19//330 298//330 300//330
f 19//331 299//331 301//331
f 19//332 21//332 275//332
f 19//333 301//333 302//333
f 19//334 300//334 303//334
f 19//335 302//335 304//335
f 19//336 303//336 305//336
f 19//337 304//337 306//337
f 19//338 305//338 307//338
f 19//339 306//339 308//339
f 19//340 307//340 309//340
f 19//341 308//341 310//341
f 19//342 309//342 311//342
f 19//343 310//343 312//343
f 19//344 311//344 313//344
f 19//345 312//345 314//345
f 19//346 313//346 315//346
f 19//347 315//347 316//347
f 19//348 316//348 317//348
f 19//349 317//349 318//349
f 19//350 318//350 319//350
f 19//351 319//351 320//351
f 19//352 320//352 321//352
f 19//353 321//353 322//353
f 19//354 322//354 323//354
f 19//355 323//355 324//355
f 19//356 324//356 325//356
f 19//357 325//357 326//357
f 19//358 326//358 327//358
f 19//359 327//359 292//359
f 328//360 329//360 330//360
f 331//361 328//361 330//361
f 331//362 330//362 332//362
f 333//363 329//363 328//363
f 333//364 334//364 329//364
f 335//365 331//365 332//365
f 335//366 332//366 336//366
f 337//367 334//367 333//367
f 338//368 335//368 336//368
f 338//369 336//369 339//369
f 340//370 341//370 334//370
f 340//371 334//371 337//371
f 342//372 338//372 339//372
f 342//373 339//373 343//373
f 344//374 341//374 340//374
f 344//375 345//375 346//375
f 344//376 346//376 341//376
f 347//377 21//377 3//377
f 347//378 342//378 343//378
f 347//379 343//379 285//379
f 347//380 285//380 21//380
f 348//381 345//381 344//381
f 349//382 347//382 3//382
f 350//383 351//383 352//383
f 350//384 352//384 345//384
f 350//385 345//385 348//385
f 353//386 349//386 3//386
f 354//387 355//387 351//387
f 354//388 351//388 350//388
f 356//389 353//389 3//389
f 357//390 355//390 354//390
f 358//391 356//391 3//391
f 359//392 360//392 355//392
f 359//393 355//393 357//393
f 361//394 358//394 3//394
f 362//395 360//395 359//395
f 362//396 363//396 364//396
f 362//397 364//397 360//397
f 365//398 361//398 3//398
f 366//399 363//399 362//399
f 367//400 365//400 3//400
f 368//401 369//401 363//401
f 368//402 363//402 366//402
f 370//403 367//403 3//403
f 371//404 369//404 368//404
f 371//405 372//405 369//405
f 373//406 370//406 3//406
f 374//407 372//407 371//407
f 374//408 375//408 372//408
f 376//409 373//409 3//409
f 377//410 378//410 375//410
f 377//411 375//411 374//411
f 379//412 376//412 3//412
f 380//413 381//413 382//413
f 380//414 382//414 378//414
f 380//415 378//415 377//415
f 383//416 379//416 3//416
f 384//417 381//417 380//417
f 384//418 385//418 381//418
f 386//419 383//419 3//419
f 387//420 388//420 385//420
f 387//421 385//421 384//421
f 389//422 386//422 3//422
f 390//423 388//423 387//423
f 391//424 389//424 3//424
f 392//425 393//425 394//425
f 392//426 394//426 388//426
f 392//427 388//427 390//427
f 395//428 391//428 3//428
f 396//429 397//429 393//429
f 396//430 393//430 392//430
f 398//431 395//431 3//431
f 399//432 397//432 396//432
f 400//433 398//433 3//433
f 401//434 402//434 397//434
f 401//435 397//435 399//435
f 403//436 400//436 3//436
f 404//437 402//437 401//437
f 404//438 405//438 402//438
f 406//439 403//439 3//439
f 407//440 408//440 405//440
f 407//441 405//441 404//441
f 409//442 406//442 3//442
f 410//443 411//443 412//443
f 410//444 412//444 408//444
f 410//445 408//445 407//445
f 413//446 409//446 3//446
f 414//447 415//447 411//447
f 414//448 411//448 410//448
f 416//449 413//449 3//449
f 417//450 418//450 415//450
f 417//451 415//451 414//451
f 419//452 416//452 3//452
f 420//453 418//453 417//453
f 420//454 421//454 418//454
f 422//455 419//455 3//455
f 423//456 421//456 420//456
f 424//457 422//457 3//457
f 425//458 426//458 421//458
f 425//459 421//459 423//459
f 427//460 424//460 3//460
f 428//461 429//461 426//461
f 428//462 426//462 425//462
f 430//463 427//463 3//463
f 431//464 432//464 433//464
f 431//465 433//465 429//465
f 431//466 429//466 428//466
f 434//467 430//467 3//467
f 435//468 314//468 432//468
f 435//469 432//469 431//469
f 436//470 434//470 3//470
f 437//471 314//471 435//471
f 438//472 436//472 3//472
f 439//473 438//473 3//473
f 440//474 439//474 3//474
f 441//475 440//475 3//475
f 442//476 441//476 3//476
f 443//477 442//477 3//477
f 444//478 443//478 3//478
f 445//479 444//479 3//479
f 446//480 445//480 3//480
f 447//481 446//481 3//481
f 448//482 447//482 3//482
f 449//483 448//483 3//483
f 450//484 449//484 3//484
f 451//485 450//485 3//485
f 2//486 452//486 453//486
f 2//487 453//487 454//487
f 2//488 454//488 455//488
f 2//489 455//489 456//489
f 2//490 456//490 457//490
f 2//491 457//491 458//491
f 2//492 458//492 459//492
f 2//493 459//493 460//493
f 2//494 460//494 461//494
f 2//495 461//495 462//495
f 2//496 314//496 437//496
f 2//497 462//497 463//497
f 2//498 463//498 464//498
f 2//499 464//499 465//499
f 2//500 437//500 466//500
f 2//501 465//501 467//501
f 2//502 466//502 468//502
f 2//503 467//503 469//503
f 2//504 468//504 470//504
f 2//505 469//505 471//505
f 2//506 470//506 472//506
f 2//507 471//507 473//507
f 2//508 472//508 474//508
f 2//509 473//509 475//509
f 2//510 474//510 476//510
f 2//511 475//511 477//511
f 2//512 476//512 478//512
f 2//513 477//513 479//513
f 2//514 478//514 480//514
f 2//515 479//515 481//515
f 2//516 480//516 482//516
f 2//517 481//517 483//517
f 2//518 482//518 484//518
f 2//519 483//519 485//519
f 2//520 484//520 486//520
f 2//521 485//521 487//521
f 2//522 486//522 452//522
f 2//523 487//523 488//523
f 2//524 488//524 489//524
f 2//525 489//525 490//525
f 2//526 490//526 491//526
f 2//527 491//527 492//527
f 2//528 492//528 451//528
f 2//529 451//529 3//529
f 2//530 19//530 314//530
f 493//531 494//531 44//531
f 44//532 495//532 493//532
f 494//533 496//533 44//533
f 44//534 497//534 495//534
f 496//535 498//535 44//535
f 44//536 499//536 497//536
f 498//537 500//537 44//537
f 44//538 501//538 499//538
f 500//539 502//539 44//539
f 44//540 503//540 501//540
f 502//541 504//541 44//541
f 44//542 505//542 503//542
f 504//543 506//543 44//543
f 44//544 507//544 505//544
f 506//545 508//545 44//545
f 44//546 509//546 507//546
f 508//547 510//547 44//547
f 44//548 511//548 509//548
f 510//549 512//549 44//549
f 44//550 513//550 511//550
f 512//551 514//551 44//551
f 44//552 515//552 513//552
f 514//553 516//553 44//553
f 44//554 517//554 515//554
f 516//555 518//555 44//555
f 44//556 519//556 517//556
f 518//557 520//557 44//557
f 44//558 521//558 519//558
f 520//559 522//559 44//559
f 44//560 523//560 521//560
f 522//561 524//561 44//561
f 44//562 525//562 523//562
f 524//563 526//563 44//563
f 44//564 527//564 525//564
f 526//565 528//565 44//565
f 44//566 529//566 527//566
f 528//567 530//567 44//567
f 44//568 531//568 529//568
f 530//569 532//569 44//569
f 44//570 533//570 531//570
f 532//571 534//571 44//571
f 44//572 535//572 533//572
f 534//573 536//573 44//573
f 44//574 537//574 535//574
f 536//575 538//575 44//575
f 44//576 539//576 537//576
f 538//577 540//577 44//577
f 541//578 46//578 542//578
f 539//579 46//579 543//579
f 542//580 46//580 544//580
f 543//581 46//581 545//581
f 544//582 46//582 546//582
f 545//583 46//583 547//583
f 546//584 46//584 548//584
f 547//585 46//585 549//585
f 548//586 46//586 550//586
f 549//587 46//587 551//587
f 550//588 46//588 552//588
f 551//589 46//589 553//589
f 552//590 46//590 554//590
f 554//591 46//591 555//591
f 553//592 46//592 556//592
f 555//593 46//593 557//593
f 556//594 46//594 558//594
f 557//595 46//595 559//595
f 558//596 46//596 560//596
f 559//597 46//597 561//597
f 560//598 46//598 562//598
f 561//599 46//599 563//599
f 562//600 46//600 564//600
f 563//601 46//601 565//601
f 564//602 46//602 566//602
f 565//603 46//603 567//603
f 566//604 46//604 568//604
f 567//605 46//605 569//605
f 568//606 46//606 570//606
f 570//607 46//607 571//607
f 571//608 46//608 572//608
f 572//609 46//609 573//609
f 573//610 46//610 574//610
f 574//611 46//611 575//611
f 575//612 46//612 576//612
f 576//613 46//613 577//613
f 577//614 46//614 578//614
f 578//615 46//615 579//615
f 579//616 46//616 541//616
f 44//617 46//617 539//617
f 580//618 581//618 582//618
f 582//619 583//619 584//619
f 581//620 583//620 582//620
f 580//621 585//621 581//621
f 583//622 586//622 584//622
f 584//623 586//623 587//623
f 587//624 586//624 588//624
f 580//625 589//625 585//625
f 590//626 589//626 580//626
f 586//627 591//627 588//627
f 590//628 592//628 589//628
f 593//629 592//629 590//629
f 591//630 594//630 588//630
f 588//631 594//631 595//631
f 595//632 594//632 596//632
f 593//633 597//633 592//633
f 598//634 597//634 599//634
f 599//635 597//635 593//635
f 594//636 600//636 596//636
f 598//637 601//637 597//637
f 600//638 602//638 596//638
f 596//639 602//639 603//639
f 603//640 602//640 604//640
f 598//641 605//641 601//641
f 606//642 605//642 607//642
f 607//643 605//643 598//643
f 602//644 608//644 604//644
f 606//645 609//645 605//645
f 608//646 610//646 604//646
f 604//647 610//647 540//647
f 611//648 612//648 613//648
f 613//649 612//649 606//649
f 606//650 612//650 609//650
f 611//651 614//651 612//651
f 615//652 616//652 611//652
f 611//653 616//653 614//653
f 617//654 618//654 619//654
f 619//655 618//655 615//655
f 615//656 618//656 616//656
f 617//657 620//657 618//657
f 621//658 622//658 623//658
f 623//659 622//659 617//659
f 617//660 622//660 620//660
f 621//661 624//661 622//661
f 621//662 625//662 624//662
f 626//663 625//663 621//663
f 627//664 628//664 629//664
f 629//665 628//665 626//665
f 626//666 628//666 625//666
f 627//667 630//667 628//667
f 631//668 632//668 633//668
f 633//669 632//669 627//669
f 627//670 632//670 630//670
f 631//671 634//671 632//671
f 635//672 636//672 631//672
f 631//673 636//673 634//673
f 637//674 638//674 639//674
f 639//675 638//675 635//675
f 635//676 638//676 636//676
f 637//677 640//677 638//677
f 641//678 642//678 643//678
f 643//679 642//679 637//679
f 637//680 642//680 640//680
f 644//681 645//681 641//681
f 641//682 645//682 642//682
f 646//683 647//683 644//683
f 644//684 647//684 645//684
f 646//685 648//685 647//685
f 646//686 649//686 648//686
f 650//687 649//687 646//687
f 651//688 652//688 653//688
f 653//689 652//689 650//689
f 650//690 652//690 649//690
f 651//691 654//691 652//691
f 651//692 655//692 654//692
f 656//693 655//693 657//693
f 657//694 655//694 651//694
f 656//695 658//695 655//695
f 656//696 659//696 658//696
f 569//697 659//697 656//697
f 540//698 41//698 44//698
f 610//699 41//699 540//699
f 660//700 41//700 661//700
f 661//701 41//701 662//701
f 662//702 41//702 663//702
f 663//703 41//703 664//703
f 664//704 41//704 665//704
f 665//705 41//705 666//705
f 666//706 41//706 667//706
f 667//707 41//707 668//707
f 668//708 41//708 669//708
f 669//709 41//709 670//709
f 670//710 41//710 671//710
f 671//711 41//711 672//711
f 672//712 41//712 673//712
f 673//713 41//713 674//713
f 674//714 41//714 675//714
f 675//715 41//715 676//715
f 676//716 41//716 677//716
f 677//717 41//717 678//717
f 678//718 41//718 679//718
f 679//719 41//719 680//719
f 680//720 41//720 681//720
f 681//721 41//721 682//721
f 682//722 41//722 683//722
f 683//723 41//723 684//723
f 684//724 41//724 685//724
f 685//725 41//725 610//725
f 660//726 686//726 41//726
f 686//727 687//727 41//727
f 687//728 688//728 41//728
f 688//729 689//729 41//729
f 689//730 690//730 41//730
f 690//731 691//731 41//731
f 691//732 692//732 41//732
f 692//733 693//733 41//733
f 693//734 694//734 41//734
f 694//735 695//735 41//735
f 695//736 696//736 41//736
f 696//737 697//737 41//737
f 697//738 698//738 41//738
f 698//739 699//739 41//739
f 699//740 700//740 41//740
f 700//741 701//741 41//741
f 701//742 702//742 41//742
f 702//743 703//743 41//743
f 703//744 704//744 41//744
f 704//745 705//745 41//745
f 705//746 706//746 41//746
f 706//747 39//747 41//747
f 707//748 39//748 708//748
f 708//749 39//749 709//749
f 709//750 39//750 710//750
f 710//751 39//751 711//751
f 711//752 39//752 712//752
f 712//753 39//753 713//753
f 713//754 39//754 714//754
f 714//755 39//755 715//755
f 715//756 39//756 716//756
f 716//757 39//757 717//757
f 659//758 39//758 718//758
f 717//759 39//759 719//759
f 569//760 39//760 659//760
f 718//761 39//761 720//761
f 719//762 39//762 721//762
f 720//763 39//763 722//763
f 721//764 39//764 723//764
f 722//765 39//765 724//765
f 723//766 39//766 725//766
f 724//767 39//767 726//767
f 725//768 39//768 727//768
f 726//769 39//769 728//769
f 727//770 39//770 729//770
f 728//771 39//771 730//771
f 729//772 39//772 731//772
f 730//773 39//773 732//773
f 731//774 39//774 733//774
f 732//775 39//775 734//775
f 733//776 39//776 735//776
f 734//777 39//777 736//777
f 735//778 39//778 737//778
f 736//779 39//779 738//779
f 737//780 39//780 739//780
f 738//781 39//781 740//781
f 739//782 39//782 741//782
f 740//783 39//783 742//783
f 741//784 39//784 743//784
f 742//785 39//785 744//785
f 743//786 39//786 706//786
f 744//787 39//787 707//787
f 46//788 39//788 569//788
f 745//789 746//789 747//789
f 745//790 748//790 746//790
f 748//791 749//791 746//791
f 748//792 750//792 749//792
f 749//793 751//793 752//793
f 750//794 751//794 749//794
f 237//795 37//795 38//795
f 237//796 239//796 37//796
f 238//797 236//797 215//797
f 240//798 236//798 238//798
f 751//799 747//799 752//799
f 751//800 745//800 747//800
f 745//801 240//801 748//801
f 748//802 240//802 239//802
f 237//803 750//803 239//803
f 239//804 750//804 748//804
f 745//805 751//805 240//805
f 751//806 236//806 240//806
f 237//807 236//807 750//807
f 750//808 236//808 751//808
f 753//809 754//809 746//809
f 746//810 755//810 753//810
f 754//811 756//811 746//811
f 746//812 757//812 755//812
f 756//813 758//813 746//813
f 746//814 759//814 757//814
f 758//815 760//815 746//815
f 746//816 761//816 759//816
f 760//817 762//817 746//817
f 746//818 763//818 761//818
f 762//819 764//819 746//819
f 746//820 765//820 763//820
f 764//821 766//821 746//821
f 746//822 767//822 765//822
f 766//823 768//823 746//823
f 746//824 769//824 767//824
f 768//825 770//825 746//825
f 746//826 771//826 769//826
f 770//827 772//827 746//827
f 746//828 773//828 771//828
f 772//829 774//829 746//829
f 746//830 775//830 773//830
f 774//831 776//831 746//831
f 746//832 777//832 775//832
f 776//833 778//833 746//833
f 746//834 779//834 777//834
f 778//835 780//835 746//835
f 746//836 781//836 779//836
f 780//837 782//837 746//837
f 746//838 783//838 781//838
f 782//839 784//839 746//839
f 746//840 785//840 783//840
f 784//841 786//841 746//841
f 746//842 787//842 785//842
f 786//843 788//843 746//843
f 746//844 789//844 787//844
f 788//845 790//845 746//845
f 746//846 791//846 789//846
f 790//847 792//847 746//847
f 746//848 793//848 791//848
f 792//849 794//849 746//849
f 746//850 795//850 793//850
f 794//851 796//851 746//851
f 796//852 797//852 746//852
f 797//853 798//853 746//853
f 799//854 800//854 801//854
f 802//855 800//855 803//855
f 801//856 800//856 802//856
f 801//857 804//857 799//857
f 805//858 804//858 801//858
f 803//859 806//859 807//859
f 800//860 806//860 803//860
f 808//861 809//861 805//861
f 805//862 809//862 804//862
f 806//863 810//863 807//863
f 808//864 811//864 809//864
f 812//865 811//865 808//865
f 807//866 813//866 814//866
f 810//867 813//867 807//867
f 812//868 815//868 811//868
f 816//869 815//869 812//869
f 817//870 818//870 819//870
f 814//871 818//871 817//871
f 813//872 818//872 814//872
f 816//873 820//873 815//873
f 821//874 820//874 816//874
f 822//875 820//875 821//875
f 818//876 823//876 819//876
f 822//877 824//877 820//877
f 825//878 826//878 798//878
f 819//879 826//879 825//879
f 823//880 826//880 819//880
f 827//881 828//881 822//881
f 822//882 828//882 824//882
f 826//883 829//883 798//883
f 827//884 830//884 828//884
f 831//885 830//885 827//885
f 831//886 832//886 830//886
f 833//887 832//887 831//887
f 834//888 835//888 833//888
f 833//889 835//889 832//889
f 834//890 836//890 835//890
f 837//891 836//891 834//891
f 838//892 839//892 837//892
f 837//893 839//893 836//893
f 798//894 747//894 746//894
f 840//895 747//895 829//895
f 841//896 747//896 840//896
f 842//897 747//897 841//897
f 843//898 747//898 842//898
f 829//899 747//899 798//899
f 843//900 844//900 747//900
f 838//901 845//901 839//901
f 846//902 845//902 838//902
f 847//903 845//903 846//903
f 844//904 848//904 747//904
f 847//905 849//905 845//905
f 848//906 850//906 747//906
f 847//907 851//907 849//907
f 852//908 851//908 847//908
f 850//909 853//909 747//909
f 852//910 854//910 851//910
f 855//911 854//911 852//911
f 856//912 854//912 855//912
f 853//913 857//913 747//913
f 856//914 858//914 854//914
f 857//915 859//915 747//915
f 856//916 860//916 858//916
f 861//917 860//917 856//917
f 862//918 860//918 861//918
f 859//919 863//919 747//919
f 862//920 864//920 860//920
f 863//921 865//921 747//921
f 862//922 866//922 864//922
f 867//923 866//923 862//923
f 865//924 868//924 747//924
f 869//925 870//925 867//925
f 867//926 870//926 866//926
f 868//927 871//927 747//927
f 869//928 872//928 870//928
f 873//929 872//929 869//929
f 871//930 874//930 747//930
f 875//931 876//931 873//931
f 873//932 876//932 872//932
f 874//933 877//933 747//933
f 875//934 878//934 876//934
f 879//935 878//935 875//935
f 880//936 878//936 879//936
f 877//937 881//937 747//937
f 880//938 882//938 878//938
f 881//939 883//939 747//939
f 880//940 884//940 882//940
f 885//941 884//941 880//941
f 886//942 884//942 885//942
f 883//943 887//943 747//943
f 886//944 888//944 884//944
f 887//945 889//945 747//945
f 886//946 890//946 888//946
f 891//947 890//947 886//947
f 889//948 892//948 747//948
f 891//949 893//949 890//949
f 894//950 893//950 891//950
f 892//951 895//951 747//951
f 894//952 896//952 893//952
f 897//953 896//953 894//953
f 895//954 898//954 747//954
f 899//955 900//955 897//955
f 897//956 900//956 896//956
f 898//957 901//957 747//957
f 902//958 903//958 899//958
f 899//959 903//959 900//959
f 901//960 904//960 747//960
f 905//961 906//961 902//961
f 902//962 906//962 903//962
f 904//963 907//963 747//963
f 905//964 908//964 906//964
f 909//965 908//965 905//965
f 907//966 910//966 747//966
f 909//967 911//967 908//967
f 912//968 911//968 909//968
f 910//969 913//969 747//969
f 914//970 915//970 912//970
f 912//971 915//971 911//971
f 913//972 916//972 747//972
f 914//973 917//973 915//973
f 918//974 917//974 914//974
f 916//975 919//975 747//975
f 920//976 921//976 918//976
f 918//977 921//977 917//977
f 919//978 922//978 747//978
f 922//979 923//979 747//979
f 923//980 924//980 747//980
f 924//981 925//981 747//981
f 925//982 926//982 747//982
f 926//983 927//983 747//983
f 927//984 928//984 747//984
f 928//985 929//985 747//985
f 929//986 930//986 747//986
f 930//987 931//987 747//987
f 931//988 932//988 747//988
f 932//989 933//989 747//989
f 933//990 934//990 747//990
f 934//991 935//991 747//991
f 935//992 936//992 747//992
f 937//993 938//993 939//993
f 940//994 938//994 937//994
f 941//995 942//995 937//995
f 937//996 942//996 940//996
f 943//997 944//997 945//997
f 939//998 944//998 943//998
f 938//999 944//999 939//999
f 946//1000 947//1000 941//1000
f 948//1001 947//1001 946//1001
f 941//1002 947//1002 942//1002
f 945//1003 949//1003 950//1003
f 944//1004 949//1004 945//1004
f 948//1005 951//1005 947//1005
f 949//1006 952//1006 950//1006
f 953//1007 954//1007 948//1007
f 948//1008 954//1008 951//1008
f 950//1009 955//1009 956//1009
f 952//1010 955//1010 950//1010
f 957//1011 958//1011 953//1011
f 953//1012 958//1012 954//1012
f 956//1013 959//1013 960//1013
f 955//1014 959//1014 956//1014
f 961//1015 962//1015 957//1015
f 957//1016 962//1016 958//1016
f 963//1017 964//1017 965//1017
f 960//1018 964//1018 963//1018
f 959//1019 964//1019 960//1019
f 966//1020 967//1020 961//1020
f 961//1021 967//1021 962//1021
f 964//1022 968//1022 965//1022
f 969//1023 970//1023 966//1023
f 966//1024 970//1024 967//1024
f 968//1025 971//1025 965//1025
f 965//1026 971//1026 972//1026
f 973//1027 974//1027 969//1027
f 969//1028 974//1028 970//1028
f 971//1029 975//1029 972//1029
f 972//1030 975//1030 976//1030
f 795//1031 977//1031 973//1031
f 973//1032 977//1032 974//1032
f 746//1033 977//1033 795//1033
f 975//1034 978//1034 976//1034
f 976//1035 978//1035 979//1035
f 978//1036 980//1036 979//1036
f 981//1037 980//1037 982//1037
f 979//1038 980//1038 981//1038
f 980//1039 983//1039 982//1039
f 983//1040 984//1040 982//1040
f 985//1041 984//1041 986//1041
f 982//1042 984//1042 985//1042
f 984//1043 987//1043 986//1043
f 987//1044 988//1044 986//1044
f 986//1045 988//1045 989//1045
f 988//1046 990//1046 989//1046
f 989//1047 990//1047 991//1047
f 990//1048 992//1048 991//1048
f 993//1049 992//1049 994//1049
f 991//1050 992//1050 993//1050
f 992//1051 995//1051 994//1051
f 994//1052 995//1052 996//1052
f 995//1053 997//1053 996//1053
f 998//1054 999//1054 1000//1054
f 996//1055 999//1055 998//1055
f 997//1056 999//1056 996//1056
f 1000//1057 1001//1057 1002//1057
f 999//1058 1001//1058 1000//1058
f 1001//1059 1003//1059 1002//1059
f 1003//1060 1004//1060 1002//1060
f 1005//1061 1004//1061 920//1061
f 1002//1062 1004//1062 1005//1062
f 920//1063 1006//1063 921//1063
f 1004//1064 1006//1064 920//1064
f 1007//1065 749//1065 1008//1065
f 1009//1066 749//1066 1007//1066
f 1010//1067 749//1067 1009//1067
f 1011//1068 749//1068 1010//1068
f 1012//1069 749//1069 1011//1069
f 1013//1070 749//1070 1012//1070
f 1014//1071 749//1071 1013//1071
f 1015//1072 749//1072 1014//1072
f 1016//1073 749//1073 1015//1073
f 1017//1074 749//1074 1016//1074
f 1018//1075 749//1075 1017//1075
f 1019//1076 749//1076 1018//1076
f 1020//1077 749//1077 1019//1077
f 1021//1078 749//1078 1020//1078
f 1022//1079 749//1079 1021//1079
f 1023//1080 749//1080 1022//1080
f 1024//1081 749//1081 1023//1081
f 1025//1082 749//1082 1024//1082
f 1026//1083 749//1083 1025//1083
f 1027//1084 749//1084 1026//1084
f 1028//1085 749//1085 1027//1085
f 1029//1086 749//1086 1028//1086
f 746//1087 749//1087 977//1087
f 1030//1088 749//1088 1029//1088
f 1031//1089 749//1089 1030//1089
f 1032//1090 749//1090 1031//1090
f 1033//1091 749//1091 1032//1091
f 1034//1092 749//1092 1033//1092
f 1035//1093 749//1093 1034//1093
f 1036//1094 749//1094 1035//1094
f 1037//1095 749//1095 1036//1095
f 1038//1096 749//1096 1037//1096
f 1039//1097 749//1097 1038//1097
f 1040//1098 749//1098 1039//1098
f 1041//1099 749//1099 1040//1099
f 1042//1100 749//1100 1041//1100
f 1043//1101 749//1101 1042//1101
f 1044//1102 749//1102 1043//1102
f 1045//1103 749//1103 1044//1103
f 1046//1104 749//1104 1045//1104
f 977//1105 749//1105 1046//1105
f 749//1106 1047//1106 1008//1106
f 749//1107 1048//1107 1047//1107
f 749//1108 1049//1108 1048//1108
f 749//1109 1050//1109 1049//1109
f 749//1110 1051//1110 1050//1110
f 1052//1111 1053//1111 1054//1111
f 1054//1112 1053//1112 1055//1112
f 1054//1113 1056//1113 1052//1113
f 1057//1114 1056//1114 1054//1114
f 1053//1115 1058//1115 1055//1115
f 1059//1116 1058//1116 1060//1116
f 1055//1117 1058//1117 1059//1117
f 1057//1118 1061//1118 1056//1118
f 1062//1119 1061//1119 1057//1119
f 1058//1120 1063//1120 1060//1120
f 1062//1121 1064//1121 1061//1121
f 1065//1122 1064//1122 1062//1122
f 1066//1123 1067//1123 1068//1123
f 1060//1124 1067//1124 1066//1124
f 1063//1125 1067//1125 1060//1125
f 1065//1126 1069//1126 1064//1126
f 1070//1127 1069//1127 1065//1127
f 1067//1128 1071//1128 1068//1128
f 1072//1129 1073//1129 1070//1129
f 1070//1130 1073//1130 1069//1130
f 1074//1131 1075//1131 1006//1131
f 1068//1132 1075//1132 1074//1132
f 1071//1133 1075//1133 1068//1133
f 1076//1134 1077//1134 1072//1134
f 1072//1135 1077//1135 1073//1135
f 1075//1136 1078//1136 1006//1136
f 1006//1137 1078//1137 921//1137
f 921//1138 1078//1138 1079//1138
f 1080//1139 1081//1139 1076//1139
f 1076//1140 1081//1140 1077//1140
f 1078//1141 1082//1141 1079//1141
f 1083//1142 1084//1142 1080//1142
f 1085//1143 1084//1143 1083//1143
f 1080//1144 1084//1144 1081//1144
f 1079//1145 1086//1145 1087//1145
f 1082//1146 1086//1146 1079//1146
f 1085//1147 1088//1147 1084//1147
f 1087//1148 1089//1148 1090//1148
f 1086//1149 1089//1149 1087//1149
f 1091//1150 1092//1150 1085//1150
f 1093//1151 1092//1151 1091//1151
f 1085//1152 1092//1152 1088//1152
f 1089//1153 1094//1153 1090//1153
f 1090//1154 1094//1154 1095//1154
f 1093//1155 1096//1155 1092//1155
f 1097//1156 1096//1156 1093//1156
f 1094//1157 1098//1157 1095//1157
f 1095//1158 1098//1158 1099//1158
f 1097//1159 1100//1159 1096//1159
f 1098//1160 1101//1160 1099//1160
f 1099//1161 1101//1161 1102//1161
f 1097//1162 1103//1162 1100//1162
f 1104//1163 1103//1163 1097//1163
f 1105//1164 1103//1164 1104//1164
f 1101//1165 1106//1165 1102//1165
f 1107//1166 1106//1166 1108//1166
f 1102//1167 1106//1167 1107//1167
f 1105//1168 1109//1168 1103//1168
f 1110//1169 1109//1169 1105//1169
f 1106//1170 1111//1170 1108//1170
f 1110//1171 1112//1171 1109//1171
f 1113//1172 1112//1172 1110//1172
f 1108//1173 1114//1173 1115//1173
f 1111//1174 1114//1174 1108//1174
f 1113//1175 1116//1175 1112//1175
f 1114//1176 1117//1176 1115//1176
f 1115//1177 1117//1177 1118//1177
f 1113//1178 1119//1178 1116//1178
f 1120//1179 1119//1179 1113//1179
f 1117//1180 1121//1180 1118//1180
f 1122//1181 1121//1181 1123//1181
f 1118//1182 1121//1182 1122//1182
f 1120//1183 1124//1183 1119//1183
f 1125//1184 1124//1184 1120//1184
f 1126//1185 1124//1185 1125//1185
f 1121//1186 1127//1186 1123//1186
f 1126//1187 1128//1187 1124//1187
f 1127//1188 1129//1188 1123//1188
f 1130//1189 1129//1189 1131//1189
f 1123//1190 1129//1190 1130//1190
f 1126//1191 1132//1191 1128//1191
f 1133//1192 1132//1192 1126//1192
f 1134//1193 1132//1193 1133//1193
f 1129//1194 1135//1194 1131//1194
f 1131//1195 1135//1195 1136//1195
f 1134//1196 1137//1196 1132//1196
f 1135//1197 1138//1197 1136//1197
f 1136//1198 1138//1198 1139//1198
f 1134//1199 1140//1199 1137//1199
f 1141//1200 1140//1200 1134//1200
f 1138//1201 1142//1201 1139//1201
f 1139//1202 1142//1202 1143//1202
f 1141//1203 1144//1203 1140//1203
f 1145//1204 1144//1204 1141//1204
f 1142//1205 1146//1205 1143//1205
f 1147//1206 1148//1206 1145//1206
f 1149//1207 1148//1207 1147//1207
f 1145//1208 1148//1208 1144//1208
f 1146//1209 1150//1209 1143//1209
f 1151//1210 1150//1210 1152//1210
f 1143//1211 1150//1211 1151//1211
f 1149//1212 1153//1212 1148//1212
f 1154//1213 1153//1213 1149//1213
f 1150//1214 1155//1214 1152//1214
f 1154//1215 1156//1215 1153//1215
f 1157//1216 1156//1216 1154//1216
f 1152//1217 1158//1217 1159//1217
f 1155//1218 1158//1218 1152//1218
f 1157//1219 1160//1219 1156//1219
f 1159//1220 1161//1220 1162//1220
f 1158//1221 1161//1221 1159//1221
f 1157//1222 1163//1222 1160//1222
f 1164//1223 1163//1223 1157//1223
f 1162//1224 1165//1224 1166//1224
f 1161//1225 1165//1225 1162//1225
f 1164//1226 1167//1226 1163//1226
f 1168//1227 1167//1227 1164//1227
f 1169//1228 1167//1228 1168//1228
f 1165//1229 1170//1229 1166//1229
f 1166//1230 1170//1230 1171//1230
f 1169//1231 1172//1231 1167//1231
f 1173//1232 1174//1232 1175//1232
f 1171//1233 1174//1233 1173//1233
f 1170//1234 1174//1234 1171//1234
f 1169//1235 1176//1235 1172//1235
f 1177//1236 1176//1236 1169//1236
f 1174//1237 1178//1237 1175//1237
f 1179//1238 1180//1238 1177//1238
f 1181//1239 1180//1239 1179//1239
f 1177//1240 1180//1240 1176//1240
f 1178//1241 1182//1241 1175//1241
f 1175//1242 1182//1242 1183//1242
f 1181//1243 1184//1243 1180//1243
f 1183//1244 1185//1244 1186//1244
f 1182//1245 1185//1245 1183//1245
f 1187//1246 1188//1246 1181//1246
f 1181//1247 1188//1247 1184//1247
f 1185//1248 1189//1248 1186//1248
f 1186//1249 1189//1249 1190//1249
f 1191//1250 1192//1250 1187//1250
f 1187//1251 1192//1251 1188//1251
f 1189//1252 1193//1252 1190//1252
f 1190//1253 1193//1253 1194//1253
f 1195//1254 1196//1254 1191//1254
f 1191//1255 1196//1255 1192//1255
f 1193//1256 1197//1256 1194//1256
f 1194//1257 1197//1257 1198//1257
f 1195//1258 1199//1258 1196//1258
f 1200//1259 1199//1259 1195//1259
f 1197//1260 1201//1260 1198//1260
f 1202//1261 1201//1261 1203//1261
f 1198//1262 1201//1262 1202//1262
f 1204//1263 1205//1263 1200//1263
f 1200//1264 1205//1264 1199//1264
f 1201//1265 1206//1265 1203//1265
f 1051//1266 1207//1266 1204//1266
f 1204//1267 1207//1267 1205//1267
f 749//1268 1207//1268 1051//1268
f 1206//1269 1208//1269 1203//1269
f 1203//1270 1208//1270 1209//1270
f 1208//1271 1210//1271 1209//1271
f 1209//1272 1210//1272 1211//1272
f 1210//1273 1212//1273 1211//1273
f 1211//1274 1212//1274 936//1274
f 936//1275 1212//1275 747//1275
f 1213//1276 752//1276 1212//1276
f 1214//1277 752//1277 1213//1277
f 1215//1278 752//1278 1214//1278
f 1216//1279 752//1279 1215//1279
f 1217//1280 752//1280 1216//1280
f 1218//1281 752//1281 1217//1281
f 1219//1282 752//1282 1218//1282
f 1212//1283 752//1283 747//1283
f 1220//1284 752//1284 1219//1284
f 1221//1285 752//1285 1220//1285
f 1222//1286 752//1286 1221//1286
f 1223//1287 752//1287 1222//1287
f 1224//1288 752//1288 1223//1288
f 1225//1289 752//1289 1224//1289
f 749//1290 752//1290 1207//1290
f 1226//1291 752//1291 1225//1291
f 1227//1292 752//1292 1226//1292
f 1228//1293 752//1293 1227//1293
f 1229//1294 752//1294 1228//1294
f 1230//1295 752//1295 1229//1295
f 1231//1296 752//1296 1230//1296
f 1232//1297 752//1297 1231//1297
f 1233//1298 752//1298 1232//1298
f 1234//1299 752//1299 1233//1299
f 1235//1300 752//1300 1234//1300
f 1236//1301 752//1301 1235//1301
f 1237//1302 752//1302 1236//1302
f 1238//1303 752//1303 1237//1303
f 1239//1304 752//1304 1238//1304
f 1240//1305 752//1305 1239//1305
f 1241//1306 752//1306 1240//1306
f 1242//1307 752//1307 1241//1307
f 1243//1308 752//1308 1242//1308
f 1244//1309 752//1309 1243//1309
f 1245//1310 752//1310 1244//1310
f 1246//1311 752//1311 1245//1311
f 1247//1312 752//1312 1246//1312
f 1248//1313 752//1313 1247//1313
f 1249//1314 752//1314 1248//1314
f 1250//1315 752//1315 1249//1315
f 1251//1316 752//1316 1250//1316
f 1252//1317 752//1317 1251//1317
f 1253//1318 752//1318 1252//1318
f 1254//1319 752//1319 1253//1319
f 1255//1320 752//1320 1254//1320
f 1256//1321 752//1321 1255//1321
f 1207//1322 752//1322 1256//1322
f 707//1323 708//1323 1257//1323
f 1257//1324 708//1324 1258//1324
f 1258//1325 709//1325 1259//1325
f 708//1326 709//1326 1258//1326
f 1259//1327 710//1327 1260//1327
f 709//1328 710//1328 1259//1328
f 1260//1329 711//1329 1261//1329
f 710//1330 711//1330 1260//1330
f 1261//1331 712//1331 1262//1331
f 711//1332 712//1332 1261//1332
f 1262//1333 713//1333 1263//1333
f 712//1334 713//1334 1262//1334
f 1263//1335 714//1335 1264//1335
f 713//1336 714//1336 1263//1336
f 1264//1337 715//1337 1265//1337
f 714//1338 715//1338 1264//1338
f 1265//1339 716//1339 1266//1339
f 715//1340 716//1340 1265//1340
f 1266//1341 717//1341 1267//1341
f 716//1342 717//1342 1266//1342
f 717//1343 719//1343 1267//1343
f 1267//1344 719//1344 1268//1344
f 719//1345 721//1345 1268//1345
f 1268//1346 721//1346 1269//1346
f 721//1347 723//1347 1269//1347
f 1269//1348 723//1348 1270//1348
f 723//1349 725//1349 1270//1349
f 1270//1350 725//1350 1271//1350
f 725//1351 727//1351 1271//1351
f 1271//1352 727//1352 1272//1352
f 1272//1353 727//1353 1273//1353
f 727//1354 729//1354 1273//1354
f 729//1355 731//1355 1273//1355
f 1273//1356 731//1356 1274//1356
f 731//1357 733//1357 1274//1357
f 1274//1358 733//1358 1275//1358
f 733//1359 735//1359 1275//1359
f 1275//1360 735//1360 1276//1360
f 1276//1361 735//1361 1277//1361
f 735//1362 737//1362 1277//1362
f 737//1363 739//1363 1277//1363
f 1277//1364 739//1364 1278//1364
f 739//1365 741//1365 1278//1365
f 1278//1366 741//1366 1279//1366
f 1279//1367 743//1367 1280//1367
f 741//1368 743//1368 1279//1368
f 1280//1369 743//1369 1281//1369
f 743//1370 706//1370 1281//1370
f 1281//1371 705//1371 1282//1371
f 706//1372 705//1372 1281//1372
f 1282//1373 704//1373 1283//1373
f 1283//1374 704//1374 1284//1374
f 705//1375 704//1375 1282//1375
f 1284//1376 703//1376 1285//1376
f 704//1377 703//1377 1284//1377
f 1285//1378 702//1378 1286//1378
f 703//1379 702//1379 1285//1379
f 702//1380 701//1380 1286//1380
f 1286//1381 700//1381 1287//1381
f 701//1382 700//1382 1286//1382
f 1287//1383 699//1383 1288//1383
f 1288//1384 699//1384 1289//1384
f 700//1385 699//1385 1287//1385
f 699//1386 698//1386 1289//1386
f 1289//1387 697//1387 1290//1387
f 698//1388 697//1388 1289//1388
f 1290//1389 696//1389 1291//1389
f 697//1390 696//1390 1290//1390
f 1291//1391 695//1391 1292//1391
f 696//1392 695//1392 1291//1392
f 1292//1393 694//1393 1293//1393
f 1293//1394 694//1394 1294//1394
f 695//1395 694//1395 1292//1395
f 694//1396 693//1396 1294//1396
f 693//1397 692//1397 1294//1397
f 1294//1398 692//1398 1295//1398
f 1295//1399 692//1399 1296//1399
f 692//1400 691//1400 1296//1400
f 691//1401 690//1401 1296//1401
f 1296//1402 690//1402 1297//1402
f 1297//1403 690//1403 1298//1403
f 690//1404 689//1404 1298//1404
f 689//1405 688//1405 1298//1405
f 1298//1406 688//1406 1299//1406
f 688//1407 687//1407 1299//1407
f 1299//1408 687//1408 1300//1408
f 687//1409 686//1409 1300//1409
f 1300//1410 686//1410 1301//1410
f 686//1411 660//1411 1301//1411
f 1301//1412 660//1412 1302//1412
f 660//1413 661//1413 1302//1413
f 1302//1414 661//1414 1303//1414
f 1303//1415 661//1415 1304//1415
f 661//1416 662//1416 1304//1416
f 662//1417 663//1417 1304//1417
f 1304//1418 663//1418 1305//1418
f 663//1419 664//1419 1305//1419
f 1305//1420 664//1420 1306//1420
f 1306//1421 664//1421 1307//1421
f 664//1422 665//1422 1307//1422
f 665//1423 666//1423 1307//1423
f 1307//1424 666//1424 1308//1424
f 1308//1425 666//1425 1309//1425
f 666//1426 667//1426 1309//1426
f 1309//1427 667//1427 1310//1427
f 667//1428 668//1428 1310//1428
f 668//1429 669//1429 1310//1429
f 1310//1430 669//1430 1311//1430
f 669//1431 670//1431 1311//1431
f 1311//1432 670//1432 1312//1432
f 670//1433 671//1433 1312//1433
f 1312//1434 671//1434 1313//1434
f 671//1435 672//1435 1313//1435
f 1313//1436 672//1436 1314//1436
f 1314//1437 673//1437 1315//1437
f 672//1438 673//1438 1314//1438
f 1315//1439 674//1439 1316//1439
f 673//1440 674//1440 1315//1440
f 1316//1441 675//1441 1317//1441
f 674//1442 675//1442 1316//1442
f 1317//1443 676//1443 1318//1443
f 675//1444 676//1444 1317//1444
f 676//1445 677//1445 1318//1445
f 1318//1446 677//1446 1319//1446
f 677//1447 678//1447 1319//1447
f 1319//1448 678//1448 1320//1448
f 678//1449 679//1449 1320//1449
f 1320//1450 679//1450 1321//1450
f 1321//1451 679//1451 1322//1451
f 679//1452 680//1452 1322//1452
f 1322//1453 680//1453 1323//1453
f 680//1454 681//1454 1323//1454
f 681//1455 682//1455 1323//1455
f 1323//1456 682//1456 1324//1456
f 1324//1457 682//1457 1325//1457
f 682//1458 683//1458 1325//1458
f 1325//1459 683//1459 1326//1459
f 683//1460 684//1460 1326//1460
f 684//1461 685//1461 1326//1461
f 1326//1462 685//1462 1327//1462
f 1327//1463 685//1463 1328//1463
f 685//1464 610//1464 1328//1464
f 1328//1465 610//1465 1329//1465
f 610//1466 608//1466 1329//1466
f 608//1467 602//1467 1329//1467
f 1329//1468 602//1468 1330//1468
f 1330//1469 602//1469 1331//1469
f 602//1470 600//1470 1331//1470
f 1331//1471 594//1471 1332//1471
f 600//1472 594//1472 1331//1472
f 1332//1473 591//1473 1333//1473
f 594//1474 591//1474 1332//1474
f 1333//1475 586//1475 1334//1475
f 591//1476 586//1476 1333//1476
f 1334//1477 583//1477 1335//1477
f 1335//1478 583//1478 1336//1478
f 586//1479 583//1479 1334//1479
f 583//1480 581//1480 1336//1480
f 1336//1481 585//1481 1337//1481
f 1337//1482 585//1482 1338//1482
f 581//1483 585//1483 1336//1483
f 1338//1484 589//1484 1339//1484
f 585//1485 589//1485 1338//1485
f 1339//1486 592//1486 1340//1486
f 589//1487 592//1487 1339//1487
f 592//1488 597//1488 1340//1488
f 1340//1489 601//1489 1341//1489
f 597//1490 601//1490 1340//1490
f 1341//1491 605//1491 1342//1491
f 601//1492 605//1492 1341//1492
f 1342//1493 609//1493 1343//1493
f 605//1494 609//1494 1342//1494
f 1343//1495 612//1495 1344//1495
f 609//1496 612//1496 1343//1496
f 612//1497 614//1497 1344//1497
f 1344//1498 614//1498 1345//1498
f 614//1499 616//1499 1345//1499
f 1345//1500 616//1500 1346//1500
f 1346//1501 616//1501 1347//1501
f 616//1502 618//1502 1347//1502
f 618//1503 620//1503 1347//1503
f 1347//1504 620//1504 1348//1504
f 1348//1505 622//1505 1349//1505
f 620//1506 622//1506 1348//1506
f 1349//1507 624//1507 1350//1507
f 1350//1508 624//1508 1351//1508
f 622//1509 624//1509 1349//1509
f 624//1510 625//1510 1351//1510
f 1351//1511 628//1511 1352//1511
f 1352//1512 628//1512 1353//1512
f 625//1513 628//1513 1351//1513
f 628//1514 630//1514 1353//1514
f 1353//1515 630//1515 1354//1515
f 630//1516 632//1516 1354//1516
f 1354//1517 634//1517 1355//1517
f 632//1518 634//1518 1354//1518
f 1355//1519 636//1519 1356//1519
f 634//1520 636//1520 1355//1520
f 1356//1521 638//1521 1357//1521
f 636//1522 638//1522 1356//1522
f 1357//1523 640//1523 1358//1523
f 638//1524 640//1524 1357//1524
f 1358//1525 642//1525 1359//1525
f 640//1526 642//1526 1358//1526
f 1359//1527 645//1527 1360//1527
f 1360//1528 645//1528 1361//1528
f 642//1529 645//1529 1359//1529
f 645//1530 647//1530 1361//1530
f 1361//1531 648//1531 1362//1531
f 1362//1532 648//1532 1363//1532
f 647//1533 648//1533 1361//1533
f 1363//1534 649//1534 1364//1534
f 648//1535 649//1535 1363//1535
f 649//1536 652//1536 1364//1536
f 1364//1537 654//1537 1365//1537
f 652//1538 654//1538 1364//1538
f 1365//1539 655//1539 1366//1539
f 654//1540 655//1540 1365//1540
f 1366//1541 658//1541 1367//1541
f 1367//1542 658//1542 1368//1542
f 655//1543 658//1543 1366//1543
f 1368//1544 659//1544 1369//1544
f 658//1545 659//1545 1368//1545
f 659//1546 718//1546 1369//1546
f 1369//1547 718//1547 1370//1547
f 718//1548 720//1548 1370//1548
f 720//1549 722//1549 1370//1549
f 1370//1550 722//1550 1371//1550
f 722//1551 724//1551 1371//1551
f 1371//1552 724//1552 1372//1552
f 724//1553 726//1553 1372//1553
f 1372//1554 726//1554 1373//1554
f 726//1555 728//1555 1373//1555
f 1373//1556 728//1556 1374//1556
f 728//1557 730//1557 1374//1557
f 1374//1558 730//1558 1375//1558
f 730//1559 732//1559 1375//1559
f 1375//1560 732//1560 1376//1560
f 732//1561 734//1561 1376//1561
f 1376//1562 734//1562 1377//1562
f 734//1563 736//1563 1377//1563
f 1377//1564 736//1564 1378//1564
f 736//1565 738//1565 1378//1565
f 1378//1566 738//1566 1379//1566
f 738//1567 740//1567 1379//1567
f 1379//1568 740//1568 1380//1568
f 1380//1569 740//1569 1381//1569
f 740//1570 742//1570 1381//1570
f 1381//1571 744//1571 1382//1571
f 1382//1572 744//1572 1257//1572
f 742//1573 744//1573 1381//1573
f 744//1574 707//1574 1257//1574
f 1257//1575 1383//1575 1382//1575
f 452//1576 486//1576 1384//1576
f 1258//1577 1383//1577 1257//1577
f 453//1578 452//1578 1384//1578
f 1381//1579 1385//1579 1380//1579
f 1382//1580 1385//1580 1381//1580
f 1383//1581 1385//1581 1382//1581
f 1379//1582 1386//1582 1378//1582
f 1380//1583 1386//1583 1379//1583
f 1385//1584 1386//1584 1380//1584
f 1377//1585 1387//1585 1376//1585
f 1378//1586 1387//1586 1377//1586
f 1386//1587 1387//1587 1378//1587
f 1388//1588 1389//1588 1383//1588
f 1384//1589 1389//1589 1388//1589
f 1383//1590 1389//1590 1385//1590
f 1375//1591 1390//1591 1374//1591
f 1376//1592 1390//1592 1375//1592
f 1387//1593 1390//1593 1376//1593
f 1385//1594 1391//1594 1386//1594
f 1389//1595 1391//1595 1385//1595
f 1390//1596 1392//1596 1374//1596
f 1373//1597 1392//1597 1372//1597
f 1374//1598 1392//1598 1373//1598
f 1386//1599 1393//1599 1387//1599
f 1391//1600 1393//1600 1386//1600
f 1371//1601 1394//1601 1370//1601
f 1372//1602 1394//1602 1371//1602
f 1392//1603 1394//1603 1372//1603
f 486//1604 1395//1604 1384//1604
f 482//1605 1395//1605 484//1605
f 484//1606 1395//1606 486//1606
f 1384//1607 1395//1607 1389//1607
f 1387//1608 1396//1608 1390//1608
f 1393//1609 1396//1609 1387//1609
f 1369//1610 1397//1610 1368//1610
f 1370//1611 1397//1611 1369//1611
f 1394//1612 1397//1612 1370//1612
f 1389//1613 1398//1613 1391//1613
f 482//1614 1398//1614 1395//1614
f 478//1615 1398//1615 480//1615
f 480//1616 1398//1616 482//1616
f 1395//1617 1398//1617 1389//1617
f 1396//1618 1399//1618 1390//1618
f 1390//1619 1399//1619 1392//1619
f 1367//1620 1400//1620 1366//1620
f 1368//1621 1400//1621 1367//1621
f 1397//1622 1400//1622 1368//1622
f 478//1623 1401//1623 1398//1623
f 474//1624 1401//1624 476//1624
f 476//1625 1401//1625 478//1625
f 1398//1626 1401//1626 1391//1626
f 1391//1627 1401//1627 1393//1627
f 1399//1628 1402//1628 1392//1628
f 1392//1629 1402//1629 1394//1629
f 1365//1630 1403//1630 1364//1630
f 1366//1631 1403//1631 1365//1631
f 1400//1632 1403//1632 1366//1632
f 474//1633 1404//1633 1401//1633
f 470//1634 1404//1634 472//1634
f 472//1635 1404//1635 474//1635
f 1393//1636 1404//1636 1396//1636
f 1401//1637 1404//1637 1393//1637
f 1394//1638 1405//1638 1397//1638
f 1402//1639 1405//1639 1394//1639
f 1363//1640 1406//1640 1362//1640
f 1364//1641 1406//1641 1363//1641
f 1403//1642 1406//1642 1364//1642
f 1396//1643 1407//1643 1399//1643
f 470//1644 1407//1644 1404//1644
f 1404//1645 1407//1645 1396//1645
f 466//1646 1407//1646 468//1646
f 468//1647 1407//1647 470//1647
f 1405//1648 1408//1648 1397//1648
f 1397//1649 1408//1649 1400//1649
f 1361//1650 1409//1650 1360//1650
f 1362//1651 1409//1651 1361//1651
f 1406//1652 1409//1652 1362//1652
f 1407//1653 1410//1653 1399//1653
f 466//1654 1410//1654 1407//1654
f 435//1655 1410//1655 437//1655
f 437//1656 1410//1656 466//1656
f 1399//1657 1410//1657 1402//1657
f 1400//1658 1411//1658 1403//1658
f 1408//1659 1411//1659 1400//1659
f 1359//1660 1412//1660 1358//1660
f 1360//1661 1412//1661 1359//1661
f 1409//1662 1412//1662 1360//1662
f 1402//1663 1413//1663 1405//1663
f 428//1664 1413//1664 431//1664
f 431//1665 1413//1665 435//1665
f 435//1666 1413//1666 1410//1666
f 1410//1667 1413//1667 1402//1667
f 1411//1668 1414//1668 1403//1668
f 1403//1669 1414//1669 1406//1669
f 1358//1670 1415//1670 1357//1670
f 1412//1671 1415//1671 1358//1671
f 1357//1672 1415//1672 1356//1672
f 1405//1673 1416//1673 1408//1673
f 423//1674 1416//1674 425//1674
f 425//1675 1416//1675 428//1675
f 428//1676 1416//1676 1413//1676
f 1413//1677 1416//1677 1405//1677
f 1414//1678 1417//1678 1406//1678
f 1409//1679 1417//1679 1412//1679
f 1406//1680 1417//1680 1409//1680
f 1415//1681 1418//1681 1356//1681
f 1355//1682 1418//1682 1354//1682
f 1356//1683 1418//1683 1355//1683
f 423//1684 1419//1684 1416//1684
f 417//1685 1419//1685 420//1685
f 420//1686 1419//1686 423//1686
f 1416//1687 1419//1687 1408//1687
f 1408//1688 1419//1688 1411//1688
f 1417//1689 1420//1689 1412//1689
f 1353//1690 1421//1690 1352//1690
f 1354//1691 1421//1691 1353//1691
f 1418//1692 1421//1692 1354//1692
f 1419//1693 1422//1693 1411//1693
f 410//1694 1422//1694 414//1694
f 414//1695 1422//1695 417//1695
f 417//1696 1422//1696 1419//1696
f 1414//1697 1422//1697 1417//1697
f 1411//1698 1422//1698 1414//1698
f 1420//1699 1423//1699 1412//1699
f 1412//1700 1423//1700 1415//1700
f 1421//1701 1424//1701 1352//1701
f 1351//1702 1424//1702 1350//1702
f 1352//1703 1424//1703 1351//1703
f 404//1704 1425//1704 407//1704
f 407//1705 1425//1705 410//1705
f 410//1706 1425//1706 1422//1706
f 1422//1707 1425//1707 1417//1707
f 1415//1708 1426//1708 1418//1708
f 1418//1709 1426//1709 1421//1709
f 1423//1710 1426//1710 1415//1710
f 1424//1711 1427//1711 1350//1711
f 1349//1712 1427//1712 1348//1712
f 1350//1713 1427//1713 1349//1713
f 399//1714 1428//1714 401//1714
f 401//1715 1428//1715 404//1715
f 404//1716 1428//1716 1425//1716
f 1417//1717 1428//1717 1420//1717
f 1425//1718 1428//1718 1417//1718
f 1426//1719 1429//1719 1421//1719
f 1427//1720 1430//1720 1348//1720
f 1347//1721 1430//1721 1346//1721
f 1348//1722 1430//1722 1347//1722
f 1428//1723 1431//1723 1420//1723
f 392//1724 1431//1724 396//1724
f 396//1725 1431//1725 399//1725
f 1420//1726 1431//1726 1423//1726
f 399//1727 1431//1727 1428//1727
f 1421//1728 1432//1728 1424//1728
f 1429//1729 1432//1729 1421//1729
f 1430//1730 1433//1730 1346//1730
f 1345//1731 1433//1731 1344//1731
f 1346//1732 1433//1732 1345//1732
f 1431//1733 1434//1733 1423//1733
f 387//1734 1434//1734 390//1734
f 390//1735 1434//1735 392//1735
f 392//1736 1434//1736 1431//1736
f 1423//1737 1434//1737 1426//1737
f 1424//1738 1435//1738 1427//1738
f 1432//1739 1435//1739 1424//1739
f 1433//1740 1436//1740 1344//1740
f 1343//1741 1436//1741 1342//1741
f 1344//1742 1436//1742 1343//1742
f 380//1743 1437//1743 384//1743
f 384//1744 1437//1744 387//1744
f 387//1745 1437//1745 1434//1745
f 1434//1746 1437//1746 1426//1746
f 1429//1747 1437//1747 1432//1747
f 1426//1748 1437//1748 1429//1748
f 1435//1749 1438//1749 1427//1749
f 1430//1750 1438//1750 1433//1750
f 1427//1751 1438//1751 1430//1751
f 1341//1752 1439//1752 1340//1752
f 1342//1753 1439//1753 1341//1753
f 1436//1754 1439//1754 1342//1754
f 380//1755 1440//1755 1437//1755
f 374//1756 1440//1756 377//1756
f 377//1757 1440//1757 380//1757
f 1437//1758 1440//1758 1432//1758
f 1438//1759 1441//1759 1433//1759
f 1439//1760 1442//1760 1340//1760
f 1339//1761 1442//1761 1338//1761
f 1340//1762 1442//1762 1339//1762
f 1440//1763 1443//1763 1432//1763
f 368//1764 1443//1764 371//1764
f 371//1765 1443//1765 374//1765
f 374//1766 1443//1766 1440//1766
f 1432//1767 1443//1767 1435//1767
f 1441//1768 1444//1768 1433//1768
f 1433//1769 1444//1769 1436//1769
f 1442//1770 1445//1770 1338//1770
f 1337//1771 1445//1771 1336//1771
f 1338//1772 1445//1772 1337//1772
f 362//1773 1446//1773 366//1773
f 366//1774 1446//1774 368//1774
f 1443//1775 1446//1775 1435//1775
f 368//1776 1446//1776 1443//1776
f 1435//1777 1446//1777 1438//1777
f 1438//1778 1446//1778 1441//1778
f 1444//1779 1447//1779 1436//1779
f 1436//1780 1447//1780 1439//1780
f 1445//1781 1448//1781 1336//1781
f 1335//1782 1448//1782 1334//1782
f 1336//1783 1448//1783 1335//1783
f 362//1784 1449//1784 1446//1784
f 357//1785 1449//1785 359//1785
f 359//1786 1449//1786 362//1786
f 1446//1787 1449//1787 1441//1787
f 1439//1788 1450//1788 1442//1788
f 1447//1789 1450//1789 1439//1789
f 1333//1790 1451//1790 1332//1790
f 1334//1791 1451//1791 1333//1791
f 1448//1792 1451//1792 1334//1792
f 1444//1793 1452//1793 1447//1793
f 350//1794 1452//1794 354//1794
f 354//1795 1452//1795 357//1795
f 1449//1796 1452//1796 1441//1796
f 1441//1797 1452//1797 1444//1797
f 357//1798 1452//1798 1449//1798
f 1445//1799 1453//1799 1448//1799
f 1442//1800 1453//1800 1445//1800
f 1450//1801 1453//1801 1442//1801
f 1451//1802 1454//1802 1332//1802
f 1331//1803 1454//1803 1330//1803
f 1332//1804 1454//1804 1331//1804
f 350//1805 1455//1805 1452//1805
f 344//1806 1455//1806 348//1806
f 348//1807 1455//1807 350//1807
f 1447//1808 1455//1808 1450//1808
f 1452//1809 1455//1809 1447//1809
f 1453//1810 1456//1810 1448//1810
f 1454//1811 1457//1811 1330//1811
f 1329//1812 1457//1812 1328//1812
f 1330//1813 1457//1813 1329//1813
f 337//1814 1458//1814 340//1814
f 340//1815 1458//1815 344//1815
f 344//1816 1458//1816 1455//1816
f 1450//1817 1458//1817 1453//1817
f 1455//1818 1458//1818 1450//1818
f 1448//1819 1459//1819 1451//1819
f 1456//1820 1459//1820 1448//1820
f 1327//1821 1460//1821 1326//1821
f 1328//1822 1460//1822 1327//1822
f 1457//1823 1460//1823 1328//1823
f 337//1824 1461//1824 1458//1824
f 328//1825 1461//1825 333//1825
f 333//1826 1461//1826 337//1826
f 1458//1827 1461//1827 1453//1827
f 1451//1828 1462//1828 1454//1828
f 1454//1829 1462//1829 1457//1829
f 1459//1830 1462//1830 1451//1830
f 1460//1831 1463//1831 1326//1831
f 1325//1832 1463//1832 1324//1832
f 1326//1833 1463//1833 1325//1833
f 335//1834 1464//1834 331//1834
f 331//1835 1464//1835 328//1835
f 1461//1836 1464//1836 1453//1836
f 328//1837 1464//1837 1461//1837
f 1453//1838 1464//1838 1456//1838
f 1462//1839 1465//1839 1457//1839
f 1463//1840 1466//1840 1324//1840
f 1323//1841 1466//1841 1322//1841
f 1324//1842 1466//1842 1323//1842
f 342//1843 1467//1843 338//1843
f 335//1844 1467//1844 1464//1844
f 338//1845 1467//1845 335//1845
f 1464//1846 1467//1846 1456//1846
f 1456//1847 1467//1847 1459//1847
f 1457//1848 1468//1848 1460//1848
f 1460//1849 1468//1849 1463//1849
f 1465//1850 1468//1850 1457//1850
f 1466//1851 1469//1851 1322//1851
f 1321//1852 1469//1852 1320//1852
f 1322//1853 1469//1853 1321//1853
f 349//1854 1470//1854 347//1854
f 347//1855 1470//1855 342//1855
f 342//1856 1470//1856 1467//1856
f 1459//1857 1470//1857 1462//1857
f 1467//1858 1470//1858 1459//1858
f 1462//1859 1470//1859 1465//1859
f 1468//1860 1471//1860 1463//1860
f 1319//1861 1472//1861 1318//1861
f 1320//1862 1472//1862 1319//1862
f 1469//1863 1472//1863 1320//1863
f 356//1864 1473//1864 353//1864
f 353//1865 1473//1865 349//1865
f 1470//1866 1473//1866 1465//1866
f 349//1867 1473//1867 1470//1867
f 1471//1868 1474//1868 1463//1868
f 1463//1869 1474//1869 1466//1869
f 1472//1870 1475//1870 1318//1870
f 1317//1871 1475//1871 1316//1871
f 1318//1872 1475//1872 1317//1872
f 356//1873 1476//1873 1473//1873
f 1465//1874 1476//1874 1468//1874
f 1468//1875 1476//1875 1471//1875
f 361//1876 1476//1876 358//1876
f 1473//1877 1476//1877 1465//1877
f 358//1878 1476//1878 356//1878
f 1466//1879 1477//1879 1469//1879
f 1474//1880 1477//1880 1466//1880
f 1315//1881 1478//1881 1314//1881
f 1316//1882 1478//1882 1315//1882
f 1475//1883 1478//1883 1316//1883
f 1476//1884 1479//1884 1471//1884
f 361//1885 1479//1885 1476//1885
f 367//1886 1479//1886 365//1886
f 365//1887 1479//1887 361//1887
f 1477//1888 1480//1888 1469//1888
f 1469//1889 1480//1889 1472//1889
f 1313//1890 1481//1890 1312//1890
f 1314//1891 1481//1891 1313//1891
f 1478//1892 1481//1892 1314//1892
f 1471//1893 1482//1893 1474//1893
f 1479//1894 1482//1894 1471//1894
f 367//1895 1482//1895 1479//1895
f 373//1896 1482//1896 370//1896
f 370//1897 1482//1897 367//1897
f 1480//1898 1483//1898 1472//1898
f 1472//1899 1483//1899 1475//1899
f 1311//1900 1484//1900 1310//1900
f 1312//1901 1484//1901 1311//1901
f 1481//1902 1484//1902 1312//1902
f 1474//1903 1485//1903 1477//1903
f 1482//1904 1485//1904 1474//1904
f 1477//1905 1485//1905 1480//1905
f 379//1906 1485//1906 376//1906
f 376//1907 1485//1907 373//1907
f 373//1908 1485//1908 1482//1908
f 1475//1909 1486//1909 1478//1909
f 1478//1910 1486//1910 1481//1910
f 1483//1911 1486//1911 1475//1911
f 1484//1912 1487//1912 1310//1912
f 1309//1913 1487//1913 1308//1913
f 1310//1914 1487//1914 1309//1914
f 379//1915 1488//1915 1485//1915
f 386//1916 1488//1916 383//1916
f 383//1917 1488//1917 379//1917
f 1485//1918 1488//1918 1480//1918
f 1486//1919 1489//1919 1481//1919
f 1307//1920 1490//1920 1306//1920
f 1308//1921 1490//1921 1307//1921
f 1487//1922 1490//1922 1308//1922
f 1483//1923 1491//1923 1486//1923
f 386//1924 1491//1924 1488//1924
f 1480//1925 1491//1925 1483//1925
f 391//1926 1491//1926 389//1926
f 389//1927 1491//1927 386//1927
f 1488//1928 1491//1928 1480//1928
f 1481//1929 1492//1929 1484//1929
f 1489//1930 1492//1930 1481//1930
f 1490//1931 1493//1931 1306//1931
f 1305//1932 1493//1932 1304//1932
f 1306//1933 1493//1933 1305//1933
f 1486//1934 1494//1934 1489//1934
f 1491//1935 1494//1935 1486//1935
f 391//1936 1494//1936 1491//1936
f 398//1937 1494//1937 395//1937
f 395//1938 1494//1938 391//1938
f 1492//1939 1495//1939 1484//1939
f 1484//1940 1495//1940 1487//1940
f 1493//1941 1496//1941 1304//1941
f 1303//1942 1496//1942 1302//1942
f 1304//1943 1496//1943 1303//1943
f 398//1944 1497//1944 1494//1944
f 403//1945 1497//1945 400//1945
f 400//1946 1497//1946 398//1946
f 1494//1947 1497//1947 1489//1947
f 1495//1948 1498//1948 1487//1948
f 1487//1949 1498//1949 1490//1949
f 1301//1950 1499//1950 1300//1950
f 1302//1951 1499//1951 1301//1951
f 1496//1952 1499//1952 1302//1952
f 1489//1953 1500//1953 1492//1953
f 403//1954 1500//1954 1497//1954
f 409//1955 1500//1955 406//1955
f 406//1956 1500//1956 403//1956
f 1497//1957 1500//1957 1489//1957
f 1490//1958 1501//1958 1493//1958
f 1498//1959 1501//1959 1490//1959
f 1499//1960 1502//1960 1300//1960
f 1299//1961 1502//1961 1298//1961
f 1300//1962 1502//1962 1299//1962
f 1492//1963 1503//1963 1495//1963
f 1500//1964 1503//1964 1492//1964
f 409//1965 1503//1965 1500//1965
f 416//1966 1503//1966 413//1966
f 413//1967 1503//1967 409//1967
f 1493//1968 1504//1968 1496//1968
f 1501//1969 1504//1969 1493//1969
f 1297//1970 1505//1970 1296//1970
f 1298//1971 1505//1971 1297//1971
f 1502//1972 1505//1972 1298//1972
f 1495//1973 1506//1973 1498//1973
f 1498//1974 1506//1974 1501//1974
f 1503//1975 1506//1975 1495//1975
f 416//1976 1506//1976 1503//1976
f 422//1977 1506//1977 419//1977
f 419//1978 1506//1978 416//1978
f 1496//1979 1507//1979 1499//1979
f 1504//1980 1507//1980 1496//1980
f 1505//1981 1508//1981 1296//1981
f 1295//1982 1508//1982 1294//1982
f 1296//1983 1508//1983 1295//1983
f 1506//1984 1509//1984 1501//1984
f 422//1985 1509//1985 1506//1985
f 427//1986 1509//1986 424//1986
f 424//1987 1509//1987 422//1987
f 1507//1988 1510//1988 1499//1988
f 1499//1989 1510//1989 1502//1989
f 1502//1990 1510//1990 1505//1990
f 1293//1991 1511//1991 1292//1991
f 1294//1992 1511//1992 1293//1992
f 1508//1993 1511//1993 1294//1993
f 1509//1994 1512//1994 1501//1994
f 1501//1995 1512//1995 1504//1995
f 434//1996 1512//1996 430//1996
f 430//1997 1512//1997 427//1997
f 427//1998 1512//1998 1509//1998
f 1505//1999 1513//1999 1508//1999
f 1510//2000 1513//2000 1505//2000
f 1291//2001 1514//2001 1290//2001
f 1292//2002 1514//2002 1291//2002
f 1511//2003 1514//2003 1292//2003
f 1504//2004 1515//2004 1507//2004
f 1512//2005 1515//2005 1504//2005
f 438//2006 1515//2006 436//2006
f 436//2007 1515//2007 434//2007
f 434//2008 1515//2008 1512//2008
f 1513//2009 1516//2009 1508//2009
f 1289//2010 1517//2010 1288//2010
f 1290//2011 1517//2011 1289//2011
f 1514//2012 1517//2012 1290//2012
f 1507//2013 1518//2013 1510//2013
f 440//2014 1518//2014 439//2014
f 439//2015 1518//2015 438//2015
f 1515//2016 1518//2016 1507//2016
f 1510//2017 1518//2017 1513//2017
f 438//2018 1518//2018 1515//2018
f 1508//2019 1519//2019 1511//2019
f 1516//2020 1519//2020 1508//2020
f 1287//2021 1520//2021 1286//2021
f 1288//2022 1520//2022 1287//2022
f 1517//2023 1520//2023 1288//2023
f 1513//2024 1521//2024 1516//2024
f 1518//2025 1521//2025 1513//2025
f 442//2026 1521//2026 441//2026
f 441//2027 1521//2027 440//2027
f 440//2028 1521//2028 1518//2028
f 1514//2029 1522//2029 1517//2029
f 1519//2030 1522//2030 1511//2030
f 1511//2031 1522//2031 1514//2031
f 1285//2032 1523//2032 1284//2032
f 1286//2033 1523//2033 1285//2033
f 1520//2034 1523//2034 1286//2034
f 1521//2035 1524//2035 1516//2035
f 442//2036 1524//2036 1521//2036
f 444//2037 1524//2037 443//2037
f 443//2038 1524//2038 442//2038
f 1522//2039 1525//2039 1517//2039
f 1523//2040 1526//2040 1284//2040
f 1283//2041 1526//2041 1282//2041
f 1284//2042 1526//2042 1283//2042
f 1519//2043 1527//2043 1522//2043
f 1524//2044 1527//2044 1516//2044
f 444//2045 1527//2045 1524//2045
f 446//2046 1527//2046 445//2046
f 445//2047 1527//2047 444//2047
f 1516//2048 1527//2048 1519//2048
f 1517//2049 1528//2049 1520//2049
f 1525//2050 1528//2050 1517//2050
f 1526//2051 1529//2051 1282//2051
f 1281//2052 1529//2052 1280//2052
f 1282//2053 1529//2053 1281//2053
f 1527//2054 1530//2054 1522//2054
f 446//2055 1530//2055 1527//2055
f 448//2056 1530//2056 447//2056
f 447//2057 1530//2057 446//2057
f 1520//2058 1531//2058 1523//2058
f 1528//2059 1531//2059 1520//2059
f 1523//2060 1531//2060 1526//2060
f 1279//2061 1532//2061 1278//2061
f 1280//2062 1532//2062 1279//2062
f 1529//2063 1532//2063 1280//2063
f 1530//2064 1533//2064 1522//2064
f 448//2065 1533//2065 1530//2065
f 1522//2066 1533//2066 1525//2066
f 450//2067 1533//2067 449//2067
f 449//2068 1533//2068 448//2068
f 1531//2069 1534//2069 1526//2069
f 1277//2070 1535//2070 1276//2070
f 1278//2071 1535//2071 1277//2071
f 1532//2072 1535//2072 1278//2072
f 1533//2073 1536//2073 1525//2073
f 450//2074 1536//2074 1533//2074
f 492//2075 1536//2075 451//2075
f 451//2076 1536//2076 450//2076
f 1525//2077 1536//2077 1528//2077
f 1534//2078 1537//2078 1526//2078
f 1526//2079 1537//2079 1529//2079
f 1535//2080 1538//2080 1276//2080
f 1275//2081 1538//2081 1274//2081
f 1276//2082 1538//2082 1275//2082
f 1528//2083 1539//2083 1531//2083
f 1531//2084 1539//2084 1534//2084
f 1536//2085 1539//2085 1528//2085
f 490//2086 1539//2086 491//2086
f 491//2087 1539//2087 492//2087
f 492//2088 1539//2088 1536//2088
f 1529//2089 1540//2089 1532//2089
f 1537//2090 1540//2090 1529//2090
f 1532//2091 1540//2091 1535//2091
f 1273//2092 1541//2092 1272//2092
f 1274//2093 1541//2093 1273//2093
f 1538//2094 1541//2094 1274//2094
f 488//2095 1542//2095 489//2095
f 489//2096 1542//2096 490//2096
f 490//2097 1542//2097 1539//2097
f 1539//2098 1542//2098 1534//2098
f 1540//2099 1543//2099 1535//2099
f 1271//2100 1544//2100 1270//2100
f 1272//2101 1544//2101 1271//2101
f 1541//2102 1544//2102 1272//2102
f 1534//2103 1545//2103 1537//2103
f 1542//2104 1545//2104 1534//2104
f 485//2105 1545//2105 487//2105
f 487//2106 1545//2106 488//2106
f 1537//2107 1545//2107 1540//2107
f 488//2108 1545//2108 1542//2108
f 1543//2109 1546//2109 1535//2109
f 1535//2110 1546//2110 1538//2110
f 1269//2111 1547//2111 1268//2111
f 1270//2112 1547//2112 1269//2112
f 1544//2113 1547//2113 1270//2113
f 485//2114 1548//2114 1545//2114
f 481//2115 1548//2115 483//2115
f 483//2116 1548//2116 485//2116
f 1545//2117 1548//2117 1540//2117
f 1538//2118 1549//2118 1541//2118
f 1546//2119 1549//2119 1538//2119
f 1267//2120 1550//2120 1266//2120
f 1268//2121 1550//2121 1267//2121
f 1547//2122 1550//2122 1268//2122
f 481//2123 1551//2123 1548//2123
f 477//2124 1551//2124 479//2124
f 479//2125 1551//2125 481//2125
f 1540//2126 1551//2126 1543//2126
f 1548//2127 1551//2127 1540//2127
f 1541//2128 1552//2128 1544//2128
f 1549//2129 1552//2129 1541//2129
f 1265//2130 1553//2130 1264//2130
f 1266//2131 1553//2131 1265//2131
f 1550//2132 1553//2132 1266//2132
f 1551//2133 1554//2133 1543//2133
f 473//2134 1554//2134 475//2134
f 475//2135 1554//2135 477//2135
f 477//2136 1554//2136 1551//2136
f 1543//2137 1554//2137 1546//2137
f 1552//2138 1555//2138 1544//2138
f 1544//2139 1555//2139 1547//2139
f 1263//2140 1556//2140 1262//2140
f 1264//2141 1556//2141 1263//2141
f 1553//2142 1556//2142 1264//2142
f 1554//2143 1557//2143 1546//2143
f 469//2144 1557//2144 471//2144
f 471//2145 1557//2145 473//2145
f 473//2146 1557//2146 1554//2146
f 1546//2147 1557//2147 1549//2147
f 1555//2148 1558//2148 1547//2148
f 1547//2149 1558//2149 1550//2149
f 1261//2150 1559//2150 1260//2150
f 1262//2151 1559//2151 1261//2151
f 1556//2152 1559//2152 1262//2152
f 1557//2153 1560//2153 1549//2153
f 465//2154 1560//2154 467//2154
f 467//2155 1560//2155 469//2155
f 469//2156 1560//2156 1557//2156
f 1549//2157 1560//2157 1552//2157
f 1550//2158 1561//2158 1553//2158
f 1558//2159 1561//2159 1550//2159
f 1259//2160 1562//2160 1258//2160
f 1260//2161 1562//2161 1259//2161
f 1559//2162 1562//2162 1260//2162
f 1258//2163 1562//2163 1383//2163
f 1552//2164 1563//2164 1555//2164
f 465//2165 1563//2165 1560//2165
f 463//2166 1563//2166 464//2166
f 464//2167 1563//2167 465//2167
f 1560//2168 1563//2168 1552//2168
f 1553//2169 1564//2169 1556//2169
f 1561//2170 1564//2170 1553//2170
f 1558//2171 1565//2171 1561//2171
f 1563//2172 1565//2172 1555//2172
f 461//2173 1565//2173 462//2173
f 463//2174 1565//2174 1563//2174
f 462//2175 1565//2175 463//2175
f 1555//2176 1565//2176 1558//2176
f 1556//2177 1566//2177 1559//2177
f 1559//2178 1566//2178 1562//2178
f 1564//2179 1566//2179 1556//2179
f 459//2180 1567//2180 460//2180
f 460//2181 1567//2181 461//2181
f 1565//2182 1567//2182 1561//2182
f 461//2183 1567//2183 1565//2183
f 1383//2184 1568//2184 1388//2184
f 1388//2185 1568//2185 1384//2185
f 1562//2186 1568//2186 1383//2186
f 1566//2187 1568//2187 1562//2187
f 457//2188 1569//2188 458//2188
f 458//2189 1569//2189 459//2189
f 1564//2190 1569//2190 1566//2190
f 1567//2191 1569//2191 1561//2191
f 1561//2192 1569//2192 1564//2192
f 459//2193 1569//2193 1567//2193
f 1569//2194 1570//2194 1566//2194
f 455//2195 1570//2195 456//2195
f 456//2196 1570//2196 457//2196
f 1566//2197 1570//2197 1568//2197
f 457//2198 1570//2198 1569//2198
f 455//2199 1571//2199 1570//2199
f 453//2200 1571//2200 454//2200
f 454//2201 1571//2201 455//2201
f 1568//2202 1571//2202 1384//2202
f 1570//2203 1571//2203 1568//2203
f 1384//2204 1571//2204 453//2204
f 541//2205 542//2205 1572//2205
f 1572//2206 542//2206 1573//2206
f 1573//2207 544//2207 1574//2207
f 542//2208 544//2208 1573//2208
f 1574//2209 546//2209 1575//2209
f 544//2210 546//2210 1574//2210
f 1575//2211 548//2211 1576//2211
f 546//2212 548//2212 1575//2212
f 1576//2213 550//2213 1577//2213
f 548//2214 550//2214 1576//2214
f 1577//2215 552//2215 1578//2215
f 550//2216 552//2216 1577//2216
f 1578//2217 554//2217 1579//2217
f 552//2218 554//2218 1578//2218
f 1579//2219 555//2219 1580//2219
f 554//2220 555//2220 1579//2220
f 1580//2221 557//2221 1581//2221
f 555//2222 557//2222 1580//2222
f 1581//2223 559//2223 1582//2223
f 557//2224 559//2224 1581//2224
f 559//2225 561//2225 1582//2225
f 1582//2226 561//2226 1583//2226
f 561//2227 563//2227 1583//2227
f 1583//2228 563//2228 1584//2228
f 563//2229 565//2229 1584//2229
f 1584//2230 565//2230 1585//2230
f 565//2231 567//2231 1585//2231
f 1585//2232 567//2232 1586//2232
f 567//2233 569//2233 1586//2233
f 1586//2234 569//2234 1587//2234
f 1587//2235 569//2235 1588//2235
f 569//2236 656//2236 1588//2236
f 656//2237 657//2237 1588//2237
f 1588//2238 657//2238 1589//2238
f 657//2239 651//2239 1589//2239
f 1589//2240 651//2240 1590//2240
f 651//2241 653//2241 1590//2241
f 1590//2242 653//2242 1591//2242
f 1591//2243 653//2243 1592//2243
f 653//2244 650//2244 1592//2244
f 650//2245 646//2245 1592//2245
f 1592//2246 646//2246 1593//2246
f 646//2247 644//2247 1593//2247
f 1593//2248 644//2248 1594//2248
f 1594//2249 641//2249 1595//2249
f 644//2250 641//2250 1594//2250
f 1595//2251 641//2251 1596//2251
f 641//2252 643//2252 1596//2252
f 1596//2253 637//2253 1597//2253
f 643//2254 637//2254 1596//2254
f 1597//2255 639//2255 1598//2255
f 1598//2256 639//2256 1599//2256
f 637//2257 639//2257 1597//2257
f 1599//2258 635//2258 1600//2258
f 639//2259 635//2259 1599//2259
f 1600//2260 631//2260 1601//2260
f 635//2261 631//2261 1600//2261
f 631//2262 633//2262 1601//2262
f 1601//2263 627//2263 1602//2263
f 633//2264 627//2264 1601//2264
f 1602//2265 629//2265 1603//2265
f 1603//2266 629//2266 1604//2266
f 627//2267 629//2267 1602//2267
f 629//2268 626//2268 1604//2268
f 1604//2269 621//2269 1605//2269
f 626//2270 621//2270 1604//2270
f 1605//2271 623//2271 1606//2271
f 621//2272 623//2272 1605//2272
f 1606//2273 617//2273 1607//2273
f 623//2274 617//2274 1606//2274
f 1607//2275 619//2275 1608//2275
f 1608//2276 619//2276 1609//2276
f 617//2277 619//2277 1607//2277
f 619//2278 615//2278 1609//2278
f 615//2279 611//2279 1609//2279
f 1609//2280 611//2280 1610//2280
f 1610//2281 611//2281 1611//2281
f 611//2282 613//2282 1611//2282
f 613//2283 606//2283 1611//2283
f 1611//2284 606//2284 1612//2284
f 1612//2285 606//2285 1613//2285
f 606//2286 607//2286 1613//2286
f 607//2287 598//2287 1613//2287
f 1613//2288 598//2288 1614//2288
f 598//2289 599//2289 1614//2289
f 1614//2290 599//2290 1615//2290
f 599//2291 593//2291 1615//2291
f 1615//2292 593//2292 1616//2292
f 593//2293 590//2293 1616//2293
f 1616//2294 590//2294 1617//2294
f 590//2295 580//2295 1617//2295
f 1617//2296 580//2296 1618//2296
f 1618//2297 580//2297 1619//2297
f 580//2298 582//2298 1619//2298
f 582//2299 584//2299 1619//2299
f 1619//2300 584//2300 1620//2300
f 584//2301 587//2301 1620//2301
f 1620//2302 587//2302 1621//2302
f 1621//2303 587//2303 1622//2303
f 587//2304 588//2304 1622//2304
f 588//2305 595//2305 1622//2305
f 1622//2306 595//2306 1623//2306
f 1623//2307 595//2307 1624//2307
f 595//2308 596//2308 1624//2308
f 1624//2309 596//2309 1625//2309
f 596//2310 603//2310 1625//2310
f 603//2311 604//2311 1625//2311
f 1625//2312 604//2312 1626//2312
f 604//2313 540//2313 1626//2313
f 1626//2314 540//2314 1627//2314
f 540//2315 538//2315 1627//2315
f 1627//2316 538//2316 1628//2316
f 538//2317 536//2317 1628//2317
f 1628//2318 536//2318 1629//2318
f 1629//2319 534//2319 1630//2319
f 536//2320 534//2320 1629//2320
f 1630//2321 532//2321 1631//2321
f 534//2322 532//2322 1630//2322
f 1631//2323 530//2323 1632//2323
f 532//2324 530//2324 1631//2324
f 1632//2325 528//2325 1633//2325
f 530//2326 528//2326 1632//2326
f 528//2327 526//2327 1633//2327
f 1633//2328 526//2328 1634//2328
f 526//2329 524//2329 1634//2329
f 1634//2330 524//2330 1635//2330
f 524//2331 522//2331 1635//2331
f 1635//2332 522//2332 1636//2332
f 1636//2333 522//2333 1637//2333
f 522//2334 520//2334 1637//2334
f 1637//2335 520//2335 1638//2335
f 520//2336 518//2336 1638//2336
f 518//2337 516//2337 1638//2337
f 1638//2338 516//2338 1639//2338
f 1639//2339 516//2339 1640//2339
f 516//2340 514//2340 1640//2340
f 1640//2341 514//2341 1641//2341
f 514//2342 512//2342 1641//2342
f 512//2343 510//2343 1641//2343
f 1641//2344 510//2344 1642//2344
f 1642//2345 510//2345 1643//2345
f 510//2346 508//2346 1643//2346
f 1643//2347 508//2347 1644//2347
f 508//2348 506//2348 1644//2348
f 506//2349 504//2349 1644//2349
f 1644//2350 504//2350 1645//2350
f 1645//2351 504//2351 1646//2351
f 504//2352 502//2352 1646//2352
f 1646//2353 500//2353 1647//2353
f 502//2354 500//2354 1646//2354
f 1647//2355 498//2355 1648//2355
f 500//2356 498//2356 1647//2356
f 1648//2357 496//2357 1649//2357
f 498//2358 496//2358 1648//2358
f 1649//2359 494//2359 1650//2359
f 1650//2360 494//2360 1651//2360
f 496//2361 494//2361 1649//2361
f 494//2362 493//2362 1651//2362
f 1651//2363 495//2363 1652//2363
f 1652//2364 495//2364 1653//2364
f 493//2365 495//2365 1651//2365
f 1653//2366 497//2366 1654//2366
f 495//2367 497//2367 1653//2367
f 1654//2368 499//2368 1655//2368
f 497//2369 499//2369 1654//2369
f 499//2370 501//2370 1655//2370
f 1655//2371 503//2371 1656//2371
f 501//2372 503//2372 1655//2372
f 1656//2373 505//2373 1657//2373
f 503//2374 505//2374 1656//2374
f 1657//2375 507//2375 1658//2375
f 505//2376 507//2376 1657//2376
f 1658//2377 509//2377 1659//2377
f 507//2378 509//2378 1658//2378
f 509//2379 511//2379 1659//2379
f 1659//2380 511//2380 1660//2380
f 511//2381 513//2381 1660//2381
f 1660//2382 513//2382 1661//2382
f 1661//2383 513//2383 1662//2383
f 513//2384 515//2384 1662//2384
f 515//2385 517//2385 1662//2385
f 1662//2386 517//2386 1663//2386
f 1663//2387 519//2387 1664//2387
f 517//2388 519//2388 1663//2388
f 1664//2389 521//2389 1665//2389
f 1665//2390 521//2390 1666//2390
f 519//2391 521//2391 1664//2391
f 521//2392 523//2392 1666//2392
f 1666//2393 525//2393 1667//2393
f 1667//2394 525//2394 1668//2394
f 523//2395 525//2395 1666//2395
f 525//2396 527//2396 1668//2396
f 1668//2397 527//2397 1669//2397
f 527//2398 529//2398 1669//2398
f 1669//2399 531//2399 1670//2399
f 529//2400 531//2400 1669//2400
f 1670//2401 533//2401 1671//2401
f 531//2402 533//2402 1670//2402
f 1671//2403 535//2403 1672//2403
f 533//2404 535//2404 1671//2404
f 1672//2405 537//2405 1673//2405
f 535//2406 537//2406 1672//2406
f 1673//2407 539//2407 1674//2407
f 537//2408 539//2408 1673//2408
f 1674//2409 543//2409 1675//2409
f 1675//2410 543//2410 1676//2410
f 539//2411 543//2411 1674//2411
f 543//2412 545//2412 1676//2412
f 1676//2413 547//2413 1677//2413
f 1677//2414 547//2414 1678//2414
f 545//2415 547//2415 1676//2415
f 1678//2416 549//2416 1679//2416
f 547//2417 549//2417 1678//2417
f 549//2418 551//2418 1679//2418
f 1679//2419 553//2419 1680//2419
f 551//2420 553//2420 1679//2420
f 1680//2421 556//2421 1681//2421
f 553//2422 556//2422 1680//2422
f 1681//2423 558//2423 1682//2423
f 1682//2424 558//2424 1683//2424
f 556//2425 558//2425 1681//2425
f 1683//2426 560//2426 1684//2426
f 558//2427 560//2427 1683//2427
f 560//2428 562//2428 1684//2428
f 1684//2429 562//2429 1685//2429
f 562//2430 564//2430 1685//2430
f 564//2431 566//2431 1685//2431
f 1685//2432 566//2432 1686//2432
f 566//2433 568//2433 1686//2433
f 1686//2434 568//2434 1687//2434
f 568//2435 570//2435 1687//2435
f 1687//2436 570//2436 1688//2436
f 570//2437 571//2437 1688//2437
f 1688//2438 571//2438 1689//2438
f 571//2439 572//2439 1689//2439
f 1689//2440 572//2440 1690//2440
f 572//2441 573//2441 1690//2441
f 1690//2442 573//2442 1691//2442
f 573//2443 574//2443 1691//2443
f 1691//2444 574//2444 1692//2444
f 574//2445 575//2445 1692//2445
f 1692//2446 575//2446 1693//2446
f 575//2447 576//2447 1693//2447
f 1693//2448 576//2448 1694//2448
f 576//2449 577//2449 1694//2449
f 1694//2450 577//2450 1695//2450
f 1695//2451 577//2451 1696//2451
f 577//2452 578//2452 1696//2452
f 1696//2453 579//2453 1697//2453
f 1697//2454 579//2454 1572//2454
f 578//2455 579//2455 1696//2455
f 579//2456 541//2456 1572//2456
f 1572//2457 1698//2457 1697//2457
f 292//2458 327//2458 1699//2458
f 1573//2459 1698//2459 1572//2459
f 293//2460 292//2460 1699//2460
f 1696//2461 1700//2461 1695//2461
f 1697//2462 1700//2462 1696//2462
f 1698//2463 1700//2463 1697//2463
f 1694//2464 1701//2464 1693//2464
f 1695//2465 1701//2465 1694//2465
f 1700//2466 1701//2466 1695//2466
f 1692//2467 1702//2467 1691//2467
f 1693//2468 1702//2468 1692//2468
f 1701//2469 1702//2469 1693//2469
f 1703//2470 1704//2470 1698//2470
f 1699//2471 1704//2471 1703//2471
f 1698//2472 1704//2472 1700//2472
f 1690//2473 1705//2473 1689//2473
f 1691//2474 1705//2474 1690//2474
f 1702//2475 1705//2475 1691//2475
f 1700//2476 1706//2476 1701//2476
f 1704//2477 1706//2477 1700//2477
f 1705//2478 1707//2478 1689//2478
f 1688//2479 1707//2479 1687//2479
f 1689//2480 1707//2480 1688//2480
f 1701//2481 1708//2481 1702//2481
f 1706//2482 1708//2482 1701//2482
f 1686//2483 1709//2483 1685//2483
f 1687//2484 1709//2484 1686//2484
f 1707//2485 1709//2485 1687//2485
f 327//2486 1710//2486 1699//2486
f 325//2487 1710//2487 326//2487
f 326//2488 1710//2488 327//2488
f 1699//2489 1710//2489 1704//2489
f 1702//2490 1711//2490 1705//2490
f 1708//2491 1711//2491 1702//2491
f 1684//2492 1712//2492 1683//2492
f 1685//2493 1712//2493 1684//2493
f 1709//2494 1712//2494 1685//2494
f 1704//2495 1713//2495 1706//2495
f 325//2496 1713//2496 1710//2496
f 323//2497 1713//2497 324//2497
f 324//2498 1713//2498 325//2498
f 1710//2499 1713//2499 1704//2499
f 1711//2500 1714//2500 1705//2500
f 1705//2501 1714//2501 1707//2501
f 1682//2502 1715//2502 1681//2502
f 1683//2503 1715//2503 1682//2503
f 1712//2504 1715//2504 1683//2504
f 323//2505 1716//2505 1713//2505
f 321//2506 1716//2506 322//2506
f 322//2507 1716//2507 323//2507
f 1713//2508 1716//2508 1706//2508
f 1706//2509 1716//2509 1708//2509
f 1714//2510 1717//2510 1707//2510
f 1707//2511 1717//2511 1709//2511
f 1680//2512 1718//2512 1679//2512
f 1681//2513 1718//2513 1680//2513
f 1715//2514 1718//2514 1681//2514
f 321//2515 1719//2515 1716//2515
f 319//2516 1719//2516 320//2516
f 320//2517 1719//2517 321//2517
f 1708//2518 1719//2518 1711//2518
f 1716//2519 1719//2519 1708//2519
f 1709//2520 1720//2520 1712//2520
f 1717//2521 1720//2521 1709//2521
f 1678//2522 1721//2522 1677//2522
f 1679//2523 1721//2523 1678//2523
f 1718//2524 1721//2524 1679//2524
f 1711//2525 1722//2525 1714//2525
f 319//2526 1722//2526 1719//2526
f 1719//2527 1722//2527 1711//2527
f 317//2528 1722//2528 318//2528
f 318//2529 1722//2529 319//2529
f 1720//2530 1723//2530 1712//2530
f 1712//2531 1723//2531 1715//2531
f 1676//2532 1724//2532 1675//2532
f 1677//2533 1724//2533 1676//2533
f 1721//2534 1724//2534 1677//2534
f 1722//2535 1725//2535 1714//2535
f 317//2536 1725//2536 1722//2536
f 315//2537 1725//2537 316//2537
f 316//2538 1725//2538 317//2538
f 1714//2539 1725//2539 1717//2539
f 1715//2540 1726//2540 1718//2540
f 1723//2541 1726//2541 1715//2541
f 1674//2542 1727//2542 1673//2542
f 1675//2543 1727//2543 1674//2543
f 1724//2544 1727//2544 1675//2544
f 1717//2545 1728//2545 1720//2545
f 311//2546 1728//2546 313//2546
f 313//2547 1728//2547 315//2547
f 315//2548 1728//2548 1725//2548
f 1725//2549 1728//2549 1717//2549
f 1726//2550 1729//2550 1718//2550
f 1718//2551 1729//2551 1721//2551
f 1673//2552 1730//2552 1672//2552
f 1727//2553 1730//2553 1673//2553
f 1672//2554 1730//2554 1671//2554
f 1720//2555 1731//2555 1723//2555
f 307//2556 1731//2556 309//2556
f 309//2557 1731//2557 311//2557
f 311//2558 1731//2558 1728//2558
f 1728//2559 1731//2559 1720//2559
f 1729//2560 1732//2560 1721//2560
f 1724//2561 1732//2561 1727//2561
f 1721//2562 1732//2562 1724//2562
f 1730//2563 1733//2563 1671//2563
f 1670//2564 1733//2564 1669//2564
f 1671//2565 1733//2565 1670//2565
f 307//2566 1734//2566 1731//2566
f 303//2567 1734//2567 305//2567
f 305//2568 1734//2568 307//2568
f 1731//2569 1734//2569 1723//2569
f 1723//2570 1734//2570 1726//2570
f 1732//2571 1735//2571 1727//2571
f 1668//2572 1736//2572 1667//2572
f 1669//2573 1736//2573 1668//2573
f 1733//2574 1736//2574 1669//2574
f 1734//2575 1737//2575 1726//2575
f 298//2576 1737//2576 300//2576
f 300//2577 1737//2577 303//2577
f 303//2578 1737//2578 1734//2578
f 1729//2579 1737//2579 1732//2579
f 1726//2580 1737//2580 1729//2580
f 1735//2581 1738//2581 1727//2581
f 1727//2582 1738//2582 1730//2582
f 1736//2583 1739//2583 1667//2583
f 1666//2584 1739//2584 1665//2584
f 1667//2585 1739//2585 1666//2585
f 294//2586 1740//2586 296//2586
f 296//2587 1740//2587 298//2587
f 298//2588 1740//2588 1737//2588
f 1737//2589 1740//2589 1732//2589
f 1730//2590 1741//2590 1733//2590
f 1733//2591 1741//2591 1736//2591
f 1738//2592 1741//2592 1730//2592
f 1739//2593 1742//2593 1665//2593
f 1664//2594 1742//2594 1663//2594
f 1665//2595 1742//2595 1664//2595
f 290//2596 1743//2596 291//2596
f 291//2597 1743//2597 294//2597
f 294//2598 1743//2598 1740//2598
f 1732//2599 1743//2599 1735//2599
f 1740//2600 1743//2600 1732//2600
f 1741//2601 1744//2601 1736//2601
f 1742//2602 1745//2602 1663//2602
f 1662//2603 1745//2603 1661//2603
f 1663//2604 1745//2604 1662//2604
f 1743//2605 1746//2605 1735//2605
f 288//2606 1746//2606 289//2606
f 289//2607 1746//2607 290//2607
f 1735//2608 1746//2608 1738//2608
f 290//2609 1746//2609 1743//2609
f 1736//2610 1747//2610 1739//2610
f 1744//2611 1747//2611 1736//2611
f 1745//2612 1748//2612 1661//2612
f 1660//2613 1748//2613 1659//2613
f 1661//2614 1748//2614 1660//2614
f 1746//2615 1749//2615 1738//2615
f 286//2616 1749//2616 287//2616
f 287//2617 1749//2617 288//2617
f 288//2618 1749//2618 1746//2618
f 1738//2619 1749//2619 1741//2619
f 1739//2620 1750//2620 1742//2620
f 1747//2621 1750//2621 1739//2621
f 1748//2622 1751//2622 1659//2622
f 1658//2623 1751//2623 1657//2623
f 1659//2624 1751//2624 1658//2624
f 273//2625 1752//2625 275//2625
f 275//2626 1752//2626 286//2626
f 286//2627 1752//2627 1749//2627
f 1749//2628 1752//2628 1741//2628
f 1744//2629 1752//2629 1747//2629
f 1741//2630 1752//2630 1744//2630
f 1750//2631 1753//2631 1742//2631
f 1745//2632 1753//2632 1748//2632
f 1742//2633 1753//2633 1745//2633
f 1656//2634 1754//2634 1655//2634
f 1657//2635 1754//2635 1656//2635
f 1751//2636 1754//2636 1657//2636
f 273//2637 1755//2637 1752//2637
f 269//2638 1755//2638 271//2638
f 271//2639 1755//2639 273//2639
f 1752//2640 1755//2640 1747//2640
f 1753//2641 1756//2641 1748//2641
f 1754//2642 1757//2642 1655//2642
f 1654//2643 1757//2643 1653//2643
f 1655//2644 1757//2644 1654//2644
f 1755//2645 1758//2645 1747//2645
f 265//2646 1758//2646 267//2646
f 267//2647 1758//2647 269//2647
f 269//2648 1758//2648 1755//2648
f 1747//2649 1758//2649 1750//2649
f 1756//2650 1759//2650 1748//2650
f 1748//2651 1759//2651 1751//2651
f 1757//2652 1760//2652 1653//2652
f 1652//2653 1760//2653 1651//2653
f 1653//2654 1760//2654 1652//2654
f 261//2655 1761//2655 263//2655
f 263//2656 1761//2656 265//2656
f 1758//2657 1761//2657 1750//2657
f 265//2658 1761//2658 1758//2658
f 1750//2659 1761//2659 1753//2659
f 1753//2660 1761//2660 1756//2660
f 1759//2661 1762//2661 1751//2661
f 1751//2662 1762//2662 1754//2662
f 1760//2663 1763//2663 1651//2663
f 1650//2664 1763//2664 1649//2664
f 1651//2665 1763//2665 1650//2665
f 261//2666 1764//2666 1761//2666
f 257//2667 1764//2667 259//2667
f 259//2668 1764//2668 261//2668
f 1761//2669 1764//2669 1756//2669
f 1754//2670 1765//2670 1757//2670
f 1762//2671 1765//2671 1754//2671
f 1648//2672 1766//2672 1647//2672
f 1649//2673 1766//2673 1648//2673
f 1763//2674 1766//2674 1649//2674
f 1759//2675 1767//2675 1762//2675
f 253//2676 1767//2676 255//2676
f 255//2677 1767//2677 257//2677
f 1764//2678 1767//2678 1756//2678
f 1756//2679 1767//2679 1759//2679
f 257//2680 1767//2680 1764//2680
f 1760//2681 1768//2681 1763//2681
f 1757//2682 1768//2682 1760//2682
f 1765//2683 1768//2683 1757//2683
f 1766//2684 1769//2684 1647//2684
f 1646//2685 1769//2685 1645//2685
f 1647//2686 1769//2686 1646//2686
f 253//2687 1770//2687 1767//2687
f 249//2688 1770//2688 251//2688
f 251//2689 1770//2689 253//2689
f 1762//2690 1770//2690 1765//2690
f 1767//2691 1770//2691 1762//2691
f 1768//2692 1771//2692 1763//2692
f 1769//2693 1772//2693 1645//2693
f 1644//2694 1772//2694 1643//2694
f 1645//2695 1772//2695 1644//2695
f 245//2696 1773//2696 247//2696
f 247//2697 1773//2697 249//2697
f 249//2698 1773//2698 1770//2698
f 1765//2699 1773//2699 1768//2699
f 1770//2700 1773//2700 1765//2700
f 1763//2701 1774//2701 1766//2701
f 1771//2702 1774//2702 1763//2702
f 1642//2703 1775//2703 1641//2703
f 1643//2704 1775//2704 1642//2704
f 1772//2705 1775//2705 1643//2705
f 245//2706 1776//2706 1773//2706
f 242//2707 1776//2707 243//2707
f 243//2708 1776//2708 245//2708
f 1773//2709 1776//2709 1768//2709
f 1766//2710 1777//2710 1769//2710
f 1769//2711 1777//2711 1772//2711
f 1774//2712 1777//2712 1766//2712
f 1775//2713 1778//2713 1641//2713
f 1640//2714 1778//2714 1639//2714
f 1641//2715 1778//2715 1640//2715
f 244//2716 1779//2716 241//2716
f 241//2717 1779//2717 242//2717
f 1776//2718 1779//2718 1768//2718
f 242//2719 1779//2719 1776//2719
f 1768//2720 1779//2720 1771//2720
f 1777//2721 1780//2721 1772//2721
f 1778//2722 1781//2722 1639//2722
f 1638//2723 1781//2723 1637//2723
f 1639//2724 1781//2724 1638//2724
f 248//2725 1782//2725 246//2725
f 244//2726 1782//2726 1779//2726
f 246//2727 1782//2727 244//2727
f 1779//2728 1782//2728 1771//2728
f 1771//2729 1782//2729 1774//2729
f 1772//2730 1783//2730 1775//2730
f 1775//2731 1783//2731 1778//2731
f 1780//2732 1783//2732 1772//2732
f 1781//2733 1784//2733 1637//2733
f 1636//2734 1784//2734 1635//2734
f 1637//2735 1784//2735 1636//2735
f 252//2736 1785//2736 250//2736
f 250//2737 1785//2737 248//2737
f 248//2738 1785//2738 1782//2738
f 1774//2739 1785//2739 1777//2739
f 1782//2740 1785//2740 1774//2740
f 1777//2741 1785//2741 1780//2741
f 1783//2742 1786//2742 1778//2742
f 1634//2743 1787//2743 1633//2743
f 1635//2744 1787//2744 1634//2744
f 1784//2745 1787//2745 1635//2745
f 256//2746 1788//2746 254//2746
f 254//2747 1788//2747 252//2747
f 1785//2748 1788//2748 1780//2748
f 252//2749 1788//2749 1785//2749
f 1786//2750 1789//2750 1778//2750
f 1778//2751 1789//2751 1781//2751
f 1787//2752 1790//2752 1633//2752
f 1632//2753 1790//2753 1631//2753
f 1633//2754 1790//2754 1632//2754
f 256//2755 1791//2755 1788//2755
f 1780//2756 1791//2756 1783//2756
f 1783//2757 1791//2757 1786//2757
f 260//2758 1791//2758 258//2758
f 1788//2759 1791//2759 1780//2759
f 258//2760 1791//2760 256//2760
f 1781//2761 1792//2761 1784//2761
f 1789//2762 1792//2762 1781//2762
f 1630//2763 1793//2763 1629//2763
f 1631//2764 1793//2764 1630//2764
f 1790//2765 1793//2765 1631//2765
f 1791//2766 1794//2766 1786//2766
f 260//2767 1794//2767 1791//2767
f 264//2768 1794//2768 262//2768
f 262//2769 1794//2769 260//2769
f 1792//2770 1795//2770 1784//2770
f 1784//2771 1795//2771 1787//2771
f 1628//2772 1796//2772 1627//2772
f 1629//2773 1796//2773 1628//2773
f 1793//2774 1796//2774 1629//2774
f 1786//2775 1797//2775 1789//2775
f 1794//2776 1797//2776 1786//2776
f 264//2777 1797//2777 1794//2777
f 268//2778 1797//2778 266//2778
f 266//2779 1797//2779 264//2779
f 1795//2780 1798//2780 1787//2780
f 1787//2781 1798//2781 1790//2781
f 1626//2782 1799//2782 1625//2782
f 1627//2783 1799//2783 1626//2783
f 1796//2784 1799//2784 1627//2784
f 1789//2785 1800//2785 1792//2785
f 1797//2786 1800//2786 1789//2786
f 1792//2787 1800//2787 1795//2787
f 272//2788 1800//2788 270//2788
f 270//2789 1800//2789 268//2789
f 268//2790 1800//2790 1797//2790
f 1790//2791 1801//2791 1793//2791
f 1793//2792 1801//2792 1796//2792
f 1798//2793 1801//2793 1790//2793
f 1799//2794 1802//2794 1625//2794
f 1624//2795 1802//2795 1623//2795
f 1625//2796 1802//2796 1624//2796
f 272//2797 1803//2797 1800//2797
f 276//2798 1803//2798 274//2798
f 274//2799 1803//2799 272//2799
f 1800//2800 1803//2800 1795//2800
f 1801//2801 1804//2801 1796//2801
f 1622//2802 1805//2802 1621//2802
f 1623//2803 1805//2803 1622//2803
f 1802//2804 1805//2804 1623//2804
f 1798//2805 1806//2805 1801//2805
f 276//2806 1806//2806 1803//2806
f 1795//2807 1806//2807 1798//2807
f 278//2808 1806//2808 277//2808
f 277//2809 1806//2809 276//2809
f 1803//2810 1806//2810 1795//2810
f 1796//2811 1807//2811 1799//2811
f 1804//2812 1807//2812 1796//2812
f 1805//2813 1808//2813 1621//2813
f 1620//2814 1808//2814 1619//2814
f 1621//2815 1808//2815 1620//2815
f 1801//2816 1809//2816 1804//2816
f 1806//2817 1809//2817 1801//2817
f 278//2818 1809//2818 1806//2818
f 280//2819 1809//2819 279//2819
f 279//2820 1809//2820 278//2820
f 1807//2821 1810//2821 1799//2821
f 1799//2822 1810//2822 1802//2822
f 1808//2823 1811//2823 1619//2823
f 1618//2824 1811//2824 1617//2824
f 1619//2825 1811//2825 1618//2825
f 280//2826 1812//2826 1809//2826
f 282//2827 1812//2827 281//2827
f 281//2828 1812//2828 280//2828
f 1809//2829 1812//2829 1804//2829
f 1810//2830 1813//2830 1802//2830
f 1802//2831 1813//2831 1805//2831
f 1616//2832 1814//2832 1615//2832
f 1617//2833 1814//2833 1616//2833
f 1811//2834 1814//2834 1617//2834
f 1804//2835 1815//2835 1807//2835
f 282//2836 1815//2836 1812//2836
f 284//2837 1815//2837 283//2837
f 283//2838 1815//2838 282//2838
f 1812//2839 1815//2839 1804//2839
f 1805//2840 1816//2840 1808//2840
f 1813//2841 1816//2841 1805//2841
f 1814//2842 1817//2842 1615//2842
f 1614//2843 1817//2843 1613//2843
f 1615//2844 1817//2844 1614//2844
f 1807//2845 1818//2845 1810//2845
f 1815//2846 1818//2846 1807//2846
f 284//2847 1818//2847 1815//2847
f 343//2848 1818//2848 285//2848
f 285//2849 1818//2849 284//2849
f 1808//2850 1819//2850 1811//2850
f 1816//2851 1819//2851 1808//2851
f 1612//2852 1820//2852 1611//2852
f 1613//2853 1820//2853 1612//2853
f 1817//2854 1820//2854 1613//2854
f 1810//2855 1821//2855 1813//2855
f 1813//2856 1821//2856 1816//2856
f 1818//2857 1821//2857 1810//2857
f 343//2858 1821//2858 1818//2858
f 336//2859 1821//2859 339//2859
f 339//2860 1821//2860 343//2860
f 1811//2861 1822//2861 1814//2861
f 1819//2862 1822//2862 1811//2862
f 1820//2863 1823//2863 1611//2863
f 1610//2864 1823//2864 1609//2864
f 1611//2865 1823//2865 1610//2865
f 1821//2866 1824//2866 1816//2866
f 336//2867 1824//2867 1821//2867
f 330//2868 1824//2868 332//2868
f 332//2869 1824//2869 336//2869
f 1822//2870 1825//2870 1814//2870
f 1814//2871 1825//2871 1817//2871
f 1817//2872 1825//2872 1820//2872
f 1608//2873 1826//2873 1607//2873
f 1609//2874 1826//2874 1608//2874
f 1823//2875 1826//2875 1609//2875
f 1824//2876 1827//2876 1816//2876
f 1816//2877 1827//2877 1819//2877
f 334//2878 1827//2878 329//2878
f 329//2879 1827//2879 330//2879
f 330//2880 1827//2880 1824//2880
f 1820//2881 1828//2881 1823//2881
f 1825//2882 1828//2882 1820//2882
f 1606//2883 1829//2883 1605//2883
f 1607//2884 1829//2884 1606//2884
f 1826//2885 1829//2885 1607//2885
f 1819//2886 1830//2886 1822//2886
f 1827//2887 1830//2887 1819//2887
f 346//2888 1830//2888 341//2888
f 341//2889 1830//2889 334//2889
f 334//2890 1830//2890 1827//2890
f 1828//2891 1831//2891 1823//2891
f 1604//2892 1832//2892 1603//2892
f 1605//2893 1832//2893 1604//2893
f 1829//2894 1832//2894 1605//2894
f 1822//2895 1833//2895 1825//2895
f 352//2896 1833//2896 345//2896
f 345//2897 1833//2897 346//2897
f 1830//2898 1833//2898 1822//2898
f 1825//2899 1833//2899 1828//2899
f 346//2900 1833//2900 1830//2900
f 1823//2901 1834//2901 1826//2901
f 1831//2902 1834//2902 1823//2902
f 1602//2903 1835//2903 1601//2903
f 1603//2904 1835//2904 1602//2904
f 1832//2905 1835//2905 1603//2905
f 1828//2906 1836//2906 1831//2906
f 1833//2907 1836//2907 1828//2907
f 355//2908 1836//2908 351//2908
f 351//2909 1836//2909 352//2909
f 352//2910 1836//2910 1833//2910
f 1829//2911 1837//2911 1832//2911
f 1834//2912 1837//2912 1826//2912
f 1826//2913 1837//2913 1829//2913
f 1600//2914 1838//2914 1599//2914
f 1601//2915 1838//2915 1600//2915
f 1835//2916 1838//2916 1601//2916
f 1836//2917 1839//2917 1831//2917
f 355//2918 1839//2918 1836//2918
f 364//2919 1839//2919 360//2919
f 360//2920 1839//2920 355//2920
f 1837//2921 1840//2921 1832//2921
f 1838//2922 1841//2922 1599//2922
f 1598//2923 1841//2923 1597//2923
f 1599//2924 1841//2924 1598//2924
f 1834//2925 1842//2925 1837//2925
f 1839//2926 1842//2926 1831//2926
f 364//2927 1842//2927 1839//2927
f 369//2928 1842//2928 363//2928
f 363//2929 1842//2929 364//2929
f 1831//2930 1842//2930 1834//2930
f 1832//2931 1843//2931 1835//2931
f 1840//2932 1843//2932 1832//2932
f 1841//2933 1844//2933 1597//2933
f 1596//2934 1844//2934 1595//2934
f 1597//2935 1844//2935 1596//2935
f 1842//2936 1845//2936 1837//2936
f 369//2937 1845//2937 1842//2937
f 375//2938 1845//2938 372//2938
f 372//2939 1845//2939 369//2939
f 1835//2940 1846//2940 1838//2940
f 1843//2941 1846//2941 1835//2941
f 1838//2942 1846//2942 1841//2942
f 1594//2943 1847//2943 1593//2943
f 1595//2944 1847//2944 1594//2944
f 1844//2945 1847//2945 1595//2945
f 1845//2946 1848//2946 1837//2946
f 375//2947 1848//2947 1845//2947
f 1837//2948 1848//2948 1840//2948
f 382//2949 1848//2949 378//2949
f 378//2950 1848//2950 375//2950
f 1846//2951 1849//2951 1841//2951
f 1592//2952 1850//2952 1591//2952
f 1593//2953 1850//2953 1592//2953
f 1847//2954 1850//2954 1593//2954
f 1848//2955 1851//2955 1840//2955
f 382//2956 1851//2956 1848//2956
f 385//2957 1851//2957 381//2957
f 381//2958 1851//2958 382//2958
f 1840//2959 1851//2959 1843//2959
f 1849//2960 1852//2960 1841//2960
f 1841//2961 1852//2961 1844//2961
f 1850//2962 1853//2962 1591//2962
f 1590//2963 1853//2963 1589//2963
f 1591//2964 1853//2964 1590//2964
f 1843//2965 1854//2965 1846//2965
f 1846//2966 1854//2966 1849//2966
f 1851//2967 1854//2967 1843//2967
f 394//2968 1854//2968 388//2968
f 388//2969 1854//2969 385//2969
f 385//2970 1854//2970 1851//2970
f 1844//2971 1855//2971 1847//2971
f 1852//2972 1855//2972 1844//2972
f 1847//2973 1855//2973 1850//2973
f 1588//2974 1856//2974 1587//2974
f 1589//2975 1856//2975 1588//2975
f 1853//2976 1856//2976 1589//2976
f 397//2977 1857//2977 393//2977
f 393//2978 1857//2978 394//2978
f 394//2979 1857//2979 1854//2979
f 1854//2980 1857//2980 1849//2980
f 1855//2981 1858//2981 1850//2981
f 1586//2982 1859//2982 1585//2982
f 1587//2983 1859//2983 1586//2983
f 1856//2984 1859//2984 1587//2984
f 1849//2985 1860//2985 1852//2985
f 1857//2986 1860//2986 1849//2986
f 405//2987 1860//2987 402//2987
f 402//2988 1860//2988 397//2988
f 1852//2989 1860//2989 1855//2989
f 397//2990 1860//2990 1857//2990
f 1858//2991 1861//2991 1850//2991
f 1850//2992 1861//2992 1853//2992
f 1584//2993 1862//2993 1583//2993
f 1585//2994 1862//2994 1584//2994
f 1859//2995 1862//2995 1585//2995
f 405//2996 1863//2996 1860//2996
f 412//2997 1863//2997 408//2997
f 408//2998 1863//2998 405//2998
f 1860//2999 1863//2999 1855//2999
f 1853//3000 1864//3000 1856//3000
f 1861//3001 1864//3001 1853//3001
f 1582//3002 1865//3002 1581//3002
f 1583//3003 1865//3003 1582//3003
f 1862//3004 1865//3004 1583//3004
f 412//3005 1866//3005 1863//3005
f 415//3006 1866//3006 411//3006
f 411//3007 1866//3007 412//3007
f 1855//3008 1866//3008 1858//3008
f 1863//3009 1866//3009 1855//3009
f 1856//3010 1867//3010 1859//3010
f 1864//3011 1867//3011 1856//3011
f 1580//3012 1868//3012 1579//3012
f 1581//3013 1868//3013 1580//3013
f 1865//3014 1868//3014 1581//3014
f 1866//3015 1869//3015 1858//3015
f 421//3016 1869//3016 418//3016
f 418//3017 1869//3017 415//3017
f 415//3018 1869//3018 1866//3018
f 1858//3019 1869//3019 1861//3019
f 1867//3020 1870//3020 1859//3020
f 1859//3021 1870//3021 1862//3021
f 1578//3022 1871//3022 1577//3022
f 1579//3023 1871//3023 1578//3023
f 1868//3024 1871//3024 1579//3024
f 1869//3025 1872//3025 1861//3025
f 429//3026 1872//3026 426//3026
f 426//3027 1872//3027 421//3027
f 421//3028 1872//3028 1869//3028
f 1861//3029 1872//3029 1864//3029
f 1870//3030 1873//3030 1862//3030
f 1862//3031 1873//3031 1865//3031
f 1576//3032 1874//3032 1575//3032
f 1577//3033 1874//3033 1576//3033
f 1871//3034 1874//3034 1577//3034
f 1872//3035 1875//3035 1864//3035
f 432//3036 1875//3036 433//3036
f 433//3037 1875//3037 429//3037
f 429//3038 1875//3038 1872//3038
f 1864//3039 1875//3039 1867//3039
f 1865//3040 1876//3040 1868//3040
f 1873//3041 1876//3041 1865//3041
f 1574//3042 1877//3042 1573//3042
f 1575//3043 1877//3043 1574//3043
f 1874//3044 1877//3044 1575//3044
f 1573//3045 1877//3045 1698//3045
f 1867//3046 1878//3046 1870//3046
f 432//3047 1878//3047 1875//3047
f 312//3048 1878//3048 314//3048
f 314//3049 1878//3049 432//3049
f 1875//3050 1878//3050 1867//3050
f 1868//3051 1879//3051 1871//3051
f 1876//3052 1879//3052 1868//3052
f 1873//3053 1880//3053 1876//3053
f 1878//3054 1880//3054 1870//3054
f 308//3055 1880//3055 310//3055
f 312//3056 1880//3056 1878//3056
f 310//3057 1880//3057 312//3057
f 1870//3058 1880//3058 1873//3058
f 1871//3059 1881//3059 1874//3059
f 1874//3060 1881//3060 1877//3060
f 1879//3061 1881//3061 1871//3061
f 304//3062 1882//3062 306//3062
f 306//3063 1882//3063 308//3063
f 1880//3064 1882//3064 1876//3064
f 308//3065 1882//3065 1880//3065
f 1698//3066 1883//3066 1703//3066
f 1703//3067 1883//3067 1699//3067
f 1877//3068 1883//3068 1698//3068
f 1881//3069 1883//3069 1877//3069
f 301//3070 1884//3070 302//3070
f 302//3071 1884//3071 304//3071
f 1879//3072 1884//3072 1881//3072
f 1882//3073 1884//3073 1876//3073
f 1876//3074 1884//3074 1879//3074
f 304//3075 1884//3075 1882//3075
f 1884//3076 1885//3076 1881//3076
f 297//3077 1885//3077 299//3077
f 299//3078 1885//3078 301//3078
f 1881//3079 1885//3079 1883//3079
f 301//3080 1885//3080 1884//3080
f 297//3081 1886//3081 1885//3081
f 293//3082 1886//3082 295//3082
f 295//3083 1886//3083 297//3083
f 1883//3084 1886//3084 1699//3084
f 1885//3085 1886//3085 1883//3085
f 1699//3086 1886//3086 293//3086
f 8//3087 11//3087 29//3087
f 8//3088 29//3088 25//3088
f 29//3089 6//3089 24//3089
f 29//3090 11//3090 6//3090
f 24//3091 6//3091 25//3091
f 6//3092 8//3092 25//3092
f 4//3093 23//3093 26//3093
f 9//3094 4//3094 26//3094
f 4//3095 7//3095 27//3095
f 4//3096 27//3096 23//3096
f 7//3097 9//3097 27//3097
f 27//3098 9//3098 26//3098
f 34//3099 17//3099 33//3099
f 17//3100 14//3100 33//3100
f 33//3101 14//3101 32//3101
f 14//3102 15//3102 32//3102
f 15//3103 17//3103 34//3103
f 15//3104 34//3104 32//3104
f 31//3105 12//3105 35//3105
f 12//3106 16//3106 35//3106
f 16//3107 13//3107 35//3107
f 35//3108 13//3108 30//3108
f 13//3109 12//3109 31//3109
f 13//3110 31//3110 30//3110
f 1887//3111 75//3111 1888//3111
f 1888//3112 75//3112 1889//3112
f 1889//3113 70//3113 1890//3113
f 1890//3114 70//3114 1891//3114
f 75//3115 70//3115 1889//3115
f 1891//3116 67//3116 1892//3116
f 70//3117 67//3117 1891//3117
f 1892//3118 65//3118 1893//3118
f 67//3119 65//3119 1892//3119
f 1893//3120 63//3120 1894//3120
f 65//3121 63//3121 1893//3121
f 1894//3122 61//3122 1895//3122
f 63//3123 61//3123 1894//3123
f 1895//3124 59//3124 1896//3124
f 61//3125 59//3125 1895//3125
f 1896//3126 57//3126 1897//3126
f 59//3127 57//3127 1896//3127
f 1897//3128 55//3128 1898//3128
f 57//3129 55//3129 1897//3129
f 1898//3130 53//3130 1899//3130
f 55//3131 53//3131 1898//3131
f 1899//3132 51//3132 1900//3132
f 53//3133 51//3133 1899//3133
f 1900//3134 49//3134 1901//3134
f 51//3135 49//3135 1900//3135
f 1901//3136 48//3136 1902//3136
f 49//3137 48//3137 1901//3137
f 1902//3138 47//3138 1903//3138
f 48//3139 47//3139 1902//3139
f 1903//3140 50//3140 1904//3140
f 47//3141 50//3141 1903//3141
f 1904//3142 52//3142 1905//3142
f 50//3143 52//3143 1904//3143
f 1905//3144 54//3144 1906//3144
f 52//3145 54//3145 1905//3145
f 1906//3146 56//3146 1907//3146
f 54//3147 56//3147 1906//3147
f 1907//3148 58//3148 1908//3148
f 56//3149 58//3149 1907//3149
f 58//3150 60//3150 1908//3150
f 1908//3151 60//3151 1909//3151
f 60//3152 62//3152 1909//3152
f 1909//3153 62//3153 1910//3153
f 62//3154 64//3154 1910//3154
f 1910//3155 64//3155 1911//3155
f 64//3156 66//3156 1911//3156
f 1911//3157 66//3157 1912//3157
f 66//3158 68//3158 1912//3158
f 1912//3159 68//3159 1913//3159
f 68//3160 74//3160 1913//3160
f 1913//3161 74//3161 1914//3161
f 74//3162 83//3162 1914//3162
f 1914//3163 83//3163 1915//3163
f 1915//3164 101//3164 1916//3164
f 83//3165 101//3165 1915//3165
f 1916//3166 102//3166 1917//3166
f 101//3167 102//3167 1916//3167
f 102//3168 103//3168 1917//3168
f 1917//3169 104//3169 1918//3169
f 103//3170 104//3170 1917//3170
f 1918//3171 105//3171 1919//3171
f 104//3172 105//3172 1918//3172
f 1919//3173 106//3173 1920//3173
f 105//3174 106//3174 1919//3174
f 1920//3175 107//3175 1921//3175
f 106//3176 107//3176 1920//3176
f 1921//3177 108//3177 1922//3177
f 107//3178 108//3178 1921//3178
f 1922//3179 109//3179 1923//3179
f 108//3180 109//3180 1922//3180
f 1923//3181 110//3181 1924//3181
f 109//3182 110//3182 1923//3182
f 1924//3183 111//3183 1925//3183
f 110//3184 111//3184 1924//3184
f 1925//3185 112//3185 1926//3185
f 111//3186 112//3186 1925//3186
f 1926//3187 113//3187 1927//3187
f 112//3188 113//3188 1926//3188
f 1927//3189 114//3189 1928//3189
f 113//3190 114//3190 1927//3190
f 1928//3191 115//3191 1929//3191
f 114//3192 115//3192 1928//3192
f 1929//3193 116//3193 1930//3193
f 115//3194 116//3194 1929//3194
f 1930//3195 117//3195 1931//3195
f 116//3196 117//3196 1930//3196
f 1931//3197 118//3197 1932//3197
f 117//3198 118//3198 1931//3198
f 118//3199 119//3199 1932//3199
f 1932//3200 119//3200 1933//3200
f 119//3201 120//3201 1933//3201
f 1933//3202 120//3202 1934//3202
f 120//3203 121//3203 1934//3203
f 1934//3204 121//3204 1935//3204
f 121//3205 122//3205 1935//3205
f 1935//3206 122//3206 1936//3206
f 122//3207 123//3207 1936//3207
f 1936//3208 123//3208 1937//3208
f 123//3209 124//3209 1937//3209
f 1937//3210 124//3210 1938//3210
f 124//3211 125//3211 1938//3211
f 1938//3212 125//3212 1939//3212
f 125//3213 126//3213 1939//3213
f 1939//3214 126//3214 1940//3214
f 126//3215 158//3215 1940//3215
f 1940//3216 158//3216 1941//3216
f 158//3217 159//3217 1941//3217
f 1941//3218 159//3218 1942//3218
f 159//3219 157//3219 1942//3219
f 1942//3220 157//3220 1943//3220
f 157//3221 156//3221 1943//3221
f 1943//3222 156//3222 1944//3222
f 1944//3223 156//3223 1945//3223
f 156//3224 130//3224 1945//3224
f 1945//3225 130//3225 1946//3225
f 1946//3226 130//3226 1947//3226
f 1900//3227 1901//3227 1902//3227
f 1903//3228 1900//3228 1902//3228
f 1898//3229 1899//3229 1900//3229
f 1897//3230 1898//3230 1900//3230
f 1906//3231 1904//3231 1905//3231
f 1895//3232 1896//3232 1897//3232
f 1908//3233 1903//3233 1904//3233
f 1908//3234 1906//3234 1907//3234
f 1908//3235 1904//3235 1906//3235
f 1892//3236 1893//3236 1894//3236
f 1892//3237 1894//3237 1895//3237
f 1892//3238 1897//3238 1900//3238
f 1892//3239 1900//3239 1903//3239
f 1892//3240 1895//3240 1897//3240
f 1912//3241 1909//3241 1910//3241
f 1912//3242 1910//3242 1911//3242
f 1890//3243 1891//3243 1892//3243
f 1914//3244 1909//3244 1912//3244
f 1914//3245 1908//3245 1909//3245
f 1914//3246 1912//3246 1913//3246
f 1914//3247 1903//3247 1908//3247
f 1916//3248 1914//3248 1915//3248
f 1919//3249 1917//3249 1918//3249
f 1920//3250 1903//3250 1914//3250
f 1920//3251 1914//3251 1916//3251
f 1920//3252 1917//3252 1919//3252
f 1920//3253 1916//3253 1917//3253
f 1920//3254 1892//3254 1903//3254
f 1924//3255 1920//3255 1921//3255
f 1924//3256 1921//3256 1922//3256
f 1924//3257 1922//3257 1923//3257
f 1925//3258 1892//3258 1920//3258
f 1925//3259 1920//3259 1924//3259
f 1928//3260 1925//3260 1926//3260
f 1928//3261 1926//3261 1927//3261
f 1931//3262 1928//3262 1929//3262
f 1931//3263 1929//3263 1930//3263
f 1933//3264 1931//3264 1932//3264
f 1935//3265 1931//3265 1933//3265
f 1935//3266 1933//3266 1934//3266
f 1936//3267 1925//3267 1928//3267
f 1936//3268 1928//3268 1931//3268
f 1936//3269 1931//3269 1935//3269
f 1938//3270 1936//3270 1937//3270
f 1939//3271 1892//3271 1925//3271
f 1939//3272 1925//3272 1936//3272
f 1939//3273 1936//3273 1938//3273
f 1940//3274 1892//3274 1939//3274
f 1942//3275 1940//3275 1941//3275
f 1944//3276 1942//3276 1943//3276
f 1944//3277 1892//3277 1940//3277
f 1944//3278 1940//3278 1942//3278
f 1944//3279 1890//3279 1892//3279
f 75//3280 1887//3280 1948//3280
f 87//3281 1948//3281 1949//3281
f 87//3282 75//3282 1948//3282
f 81//3283 1949//3283 1950//3283
f 81//3284 87//3284 1949//3284
f 82//3285 1950//3285 1951//3285
f 82//3286 81//3286 1950//3286
f 80//3287 1951//3287 1952//3287
f 80//3288 82//3288 1951//3288
f 88//3289 1952//3289 1953//3289
f 88//3290 80//3290 1952//3290
f 86//3291 1953//3291 1954//3291
f 86//3292 88//3292 1953//3292
f 90//3293 1954//3293 1955//3293
f 90//3294 86//3294 1954//3294
f 89//3295 90//3295 1955//3295
f 89//3296 1955//3296 1956//3296
f 89//3297 1956//3297 1957//3297
f 94//3298 89//3298 1957//3298
f 94//3299 1957//3299 1958//3299
f 98//3300 94//3300 1958//3300
f 98//3301 1958//3301 1959//3301
f 97//3302 98//3302 1959//3302
f 97//3303 1959//3303 1960//3303
f 100//3304 97//3304 1960//3304
f 100//3305 1960//3305 1961//3305
f 99//3306 100//3306 1961//3306
f 99//3307 1961//3307 1962//3307
f 95//3308 99//3308 1962//3308
f 95//3309 1962//3309 1963//3309
f 96//3310 95//3310 1963//3310
f 96//3311 1963//3311 1964//3311
f 91//3312 96//3312 1964//3312
f 91//3313 1964//3313 1965//3313
f 92//3314 91//3314 1965//3314
f 92//3315 1965//3315 1966//3315
f 92//3316 1966//3316 1967//3316
f 93//3317 92//3317 1967//3317
f 93//3318 1967//3318 1968//3318
f 84//3319 93//3319 1968//3319
f 84//3320 1968//3320 1969//3320
f 85//3321 84//3321 1969//3321
f 85//3322 1969//3322 1970//3322
f 77//3323 85//3323 1970//3323
f 77//3324 1970//3324 1971//3324
f 78//3325 1971//3325 1972//3325
f 78//3326 77//3326 1971//3326
f 79//3327 1972//3327 1973//3327
f 79//3328 78//3328 1972//3328
f 76//3329 1973//3329 1974//3329
f 76//3330 79//3330 1973//3330
f 71//3331 1974//3331 1975//3331
f 71//3332 1975//3332 1976//3332
f 71//3333 76//3333 1974//3333
f 72//3334 71//3334 1976//3334
f 72//3335 1976//3335 1977//3335
f 73//3336 1977//3336 1978//3336
f 73//3337 72//3337 1977//3337
f 69//3338 1978//3338 160//3338
f 69//3339 73//3339 1978//3339
f 1979//3340 1980//3340 1981//3340
f 1979//3341 1982//3341 1983//3341
f 1979//3342 1983//3342 1984//3342
f 1979//3343 1985//3343 1982//3343
f 1979//3344 1981//3344 1985//3344
f 1979//3345 1984//3345 1986//3345
f 1987//3346 1980//3346 1979//3346
f 1987//3347 1979//3347 1986//3347
f 1988//3348 1989//3348 1980//3348
f 1988//3349 1990//3349 1991//3349
f 1988//3350 1980//3350 1987//3350
f 1988//3351 1987//3351 1986//3351
f 1988//3352 1991//3352 1989//3352
f 1988//3353 1986//3353 1992//3353
f 1993//3354 1994//3354 1995//3354
f 1993//3355 1996//3355 1994//3355
f 1993//3356 1995//3356 1997//3356
f 1993//3357 1997//3357 1998//3357
f 1993//3358 1998//3358 1999//3358
f 1978//3359 161//3359 160//3359
f 162//3360 161//3360 1978//3360
f 1977//3361 162//3361 1978//3361
f 1977//3362 163//3362 162//3362
f 2000//3363 1996//3363 1993//3363
f 2000//3364 2001//3364 1990//3364
f 2000//3365 2002//3365 2001//3365
f 2000//3366 1888//3366 2002//3366
f 2000//3367 1988//3367 1992//3367
f 2000//3368 1990//3368 1988//3368
f 2000//3369 1992//3369 1996//3369
f 2000//3370 1993//3370 1888//3370
f 2003//3371 1993//3371 1999//3371
f 2003//3372 1888//3372 1993//3372
f 2003//3373 1999//3373 2004//3373
f 2005//3374 1888//3374 2003//3374
f 2005//3375 2003//3375 2004//3375
f 2006//3376 2004//3376 2007//3376
f 2006//3377 2005//3377 2004//3377
f 2006//3378 1888//3378 2005//3378
f 2008//3379 1888//3379 2006//3379
f 2008//3380 2006//3380 2007//3380
f 2009//3381 2007//3381 2010//3381
f 2009//3382 2008//3382 2007//3382
f 2009//3383 1888//3383 2008//3383
f 2011//3384 2009//3384 2010//3384
f 2011//3385 1888//3385 2009//3385
f 2012//3386 2010//3386 1887//3386
f 2012//3387 1887//3387 1888//3387
f 2012//3388 2011//3388 2010//3388
f 2012//3389 1888//3389 2011//3389
f 2013//3390 2002//3390 2014//3390
f 2013//3391 2015//3391 2002//3391
f 2013//3392 2014//3392 2016//3392
f 2013//3393 1889//3393 2015//3393
f 2017//3394 2018//3394 2019//3394
f 2017//3395 2020//3395 2021//3395
f 2017//3396 2022//3396 2018//3396
f 2017//3397 2021//3397 2022//3397
f 2017//3398 2019//3398 2020//3398
f 2023//3399 2024//3399 2025//3399
f 2023//3400 2026//3400 2024//3400
f 2023//3401 2027//3401 2028//3401
f 2023//3402 2025//3402 2027//3402
f 2029//3403 2030//3403 2031//3403
f 2029//3404 2023//3404 2028//3404
f 2029//3405 2026//3405 2023//3405
f 2029//3406 2028//3406 2030//3406
f 2029//3407 2031//3407 2032//3407
f 2033//3408 2034//3408 2021//3408
f 2033//3409 2035//3409 2036//3409
f 2033//3410 2036//3410 2034//3410
f 2033//3411 2021//3411 2024//3411
f 2033//3412 2024//3412 2035//3412
f 2037//3413 1996//3413 2038//3413
f 2037//3414 2032//3414 2039//3414
f 2037//3415 2029//3415 2032//3415
f 2037//3416 2038//3416 2026//3416
f 2037//3417 2026//3417 2029//3417
f 2040//3418 1996//3418 2037//3418
f 2040//3419 2039//3419 2041//3419
f 2040//3420 2037//3420 2039//3420
f 2040//3421 1994//3421 1996//3421
f 2040//3422 2041//3422 2042//3422
f 2040//3423 2042//3423 1994//3423
f 2043//3424 2016//3424 1888//3424
f 2044//3425 2013//3425 2016//3425
f 2044//3426 2016//3426 2043//3426
f 2044//3427 1889//3427 2013//3427
f 2045//3428 2043//3428 1888//3428
f 2046//3429 1889//3429 2044//3429
f 2046//3430 2044//3430 2043//3430
f 2047//3431 2045//3431 1888//3431
f 2048//3432 1889//3432 2046//3432
f 2048//3433 2043//3433 2045//3433
f 2048//3434 2046//3434 2043//3434
f 2048//3435 2045//3435 2047//3435
f 2049//3436 2048//3436 2047//3436
f 2049//3437 1888//3437 1889//3437
f 2049//3438 2047//3438 1888//3438
f 2049//3439 1889//3439 2048//3439
f 2050//3440 211//3440 210//3440
f 2050//3441 212//3441 211//3441
f 2050//3442 213//3442 212//3442
f 2051//3443 1963//3443 1962//3443
f 2052//3444 2053//3444 2054//3444
f 2055//3445 163//3445 1977//3445
f 2055//3446 1975//3446 1974//3446
f 2055//3447 1976//3447 1975//3447
f 2055//3448 1977//3448 1976//3448
f 2055//3449 164//3449 163//3449
f 2055//3450 165//3450 164//3450
f 2055//3451 166//3451 165//3451
f 2056//3452 166//3452 2055//3452
f 2057//3453 166//3453 2056//3453
f 2057//3454 167//3454 166//3454
f 2057//3455 168//3455 167//3455
f 2057//3456 169//3456 168//3456
f 2058//3457 2055//3457 1974//3457
f 2058//3458 1974//3458 1973//3458
f 2058//3459 2056//3459 2055//3459
f 2058//3460 2057//3460 2056//3460
f 2059//3461 2057//3461 2058//3461
f 2060//3462 2057//3462 2059//3462
f 2061//3463 2057//3463 2060//3463
f 2061//3464 170//3464 169//3464
f 2061//3465 171//3465 170//3465
f 2061//3466 172//3466 171//3466
f 2061//3467 169//3467 2057//3467
f 2062//3468 2058//3468 1973//3468
f 2062//3469 2061//3469 2060//3469
f 2062//3470 2059//3470 2058//3470
f 2062//3471 2060//3471 2059//3471
f 2063//3472 2061//3472 2062//3472
f 2064//3473 1966//3473 1965//3473
f 2064//3474 1967//3474 1966//3474
f 2065//3475 2064//3475 1965//3475
f 2066//3476 2067//3476 2064//3476
f 2068//3477 2069//3477 2070//3477
f 2068//3478 2071//3478 2069//3478
f 2072//3479 1964//3479 1963//3479
f 2072//3480 1965//3480 1964//3480
f 2072//3481 2065//3481 1965//3481
f 2072//3482 1963//3482 2051//3482
f 2072//3483 2051//3483 2073//3483
f 2074//3484 2072//3484 2073//3484
f 2074//3485 2066//3485 2064//3485
f 2074//3486 2064//3486 2065//3486
f 2074//3487 2065//3487 2072//3487
f 2075//3488 2066//3488 2074//3488
f 2075//3489 2067//3489 2066//3489
f 2075//3490 2076//3490 2067//3490
f 2077//3491 2078//3491 2071//3491
f 2077//3492 2071//3492 2068//3492
f 2079//3493 2078//3493 2077//3493
f 2080//3494 202//3494 201//3494
f 2081//3495 202//3495 2080//3495
f 2081//3496 203//3496 202//3496
f 2082//3497 203//3497 2081//3497
f 2082//3498 204//3498 203//3498
f 2082//3499 205//3499 204//3499
f 2083//3500 206//3500 205//3500
f 2083//3501 207//3501 206//3501
f 2083//3502 208//3502 207//3502
f 2083//3503 205//3503 2082//3503
f 2084//3504 2081//3504 2080//3504
f 2085//3505 2082//3505 2081//3505
f 2086//3506 2083//3506 2082//3506
f 2087//3507 208//3507 2083//3507
f 2088//3508 2084//3508 2080//3508
f 2089//3509 2084//3509 2088//3509
f 2089//3510 2081//3510 2084//3510
f 2089//3511 2085//3511 2081//3511
f 2090//3512 2086//3512 2082//3512
f 2090//3513 2085//3513 2089//3513
f 2090//3514 2091//3514 2092//3514
f 2090//3515 2082//3515 2085//3515
f 2093//3516 2086//3516 2090//3516
f 2093//3517 2087//3517 2083//3517
f 2093//3518 2083//3518 2086//3518
f 2093//3519 2090//3519 2092//3519
f 2094//3520 209//3520 208//3520
f 2094//3521 210//3521 209//3521
f 2094//3522 2050//3522 210//3522
f 2094//3523 2095//3523 2050//3523
f 2094//3524 2087//3524 2093//3524
f 2094//3525 2096//3525 2095//3525
f 2094//3526 2092//3526 2096//3526
f 2094//3527 2093//3527 2092//3527
f 2094//3528 208//3528 2087//3528
f 2097//3529 1962//3529 1961//3529
f 2097//3530 2073//3530 2051//3530
f 2097//3531 2051//3531 1962//3531
f 2098//3532 2097//3532 1961//3532
f 2099//3533 1961//3533 1960//3533
f 2099//3534 2098//3534 1961//3534
f 2100//3535 1960//3535 1959//3535
f 2100//3536 2099//3536 1960//3536
f 2101//3537 2073//3537 2097//3537
f 2101//3538 2098//3538 2099//3538
f 2101//3539 2099//3539 2100//3539
f 2101//3540 2097//3540 2098//3540
f 2102//3541 2101//3541 2100//3541
f 2103//3542 2102//3542 2100//3542
f 2104//3543 2101//3543 2102//3543
f 2104//3544 2102//3544 2103//3544
f 2105//3545 2106//3545 2107//3545
f 2108//3546 2105//3546 2107//3546
f 2109//3547 2108//3547 2107//3547
f 2110//3548 2105//3548 2108//3548
f 2110//3549 2111//3549 2112//3549
f 2110//3550 2113//3550 2111//3550
f 2110//3551 2112//3551 2106//3551
f 2110//3552 2106//3552 2105//3552
f 2110//3553 2108//3553 2109//3553
f 2114//3554 2113//3554 2110//3554
f 2114//3555 2115//3555 2113//3555
f 2114//3556 2110//3556 2109//3556
f 2116//3557 2117//3557 2052//3557
f 2116//3558 2115//3558 2114//3558
f 2116//3559 2054//3559 2115//3559
f 2116//3560 2052//3560 2054//3560
f 2116//3561 2109//3561 2117//3561
f 2116//3562 2114//3562 2109//3562
f 2118//3563 2052//3563 2117//3563
f 2118//3564 2117//3564 2119//3564
f 2120//3565 2119//3565 2121//3565
f 2122//3566 2118//3566 2119//3566
f 2123//3567 2052//3567 2118//3567
f 2123//3568 2124//3568 2053//3568
f 2123//3569 2125//3569 2124//3569
f 2123//3570 2053//3570 2052//3570
f 2126//3571 2120//3571 2121//3571
f 2127//3572 2120//3572 2126//3572
f 2127//3573 2122//3573 2119//3573
f 2127//3574 2119//3574 2120//3574
f 2128//3575 2123//3575 2118//3575
f 2128//3576 2118//3576 2122//3576
f 2128//3577 2125//3577 2123//3577
f 2128//3578 2129//3578 2125//3578
f 2128//3579 2122//3579 2127//3579
f 2130//3580 2126//3580 2121//3580
f 2131//3581 2132//3581 2133//3581
f 2131//3582 2134//3582 2132//3582
f 2135//3583 2134//3583 2131//3583
f 2136//3584 2015//3584 1889//3584
f 2136//3585 2135//3585 2015//3585
f 2136//3586 2134//3586 2135//3586
f 2136//3587 2137//3587 2134//3587
f 2138//3588 2136//3588 1889//3588
f 2138//3589 2137//3589 2136//3589
f 2139//3590 1889//3590 1890//3590
f 2139//3591 2138//3591 1889//3591
f 2139//3592 1890//3592 2137//3592
f 2139//3593 2137//3593 2138//3593
f 2140//3594 172//3594 2061//3594
f 2140//3595 173//3595 172//3595
f 2140//3596 174//3596 173//3596
f 2140//3597 2061//3597 2063//3597
f 2140//3598 191//3598 174//3598
f 2140//3599 192//3599 191//3599
f 2141//3600 192//3600 2140//3600
f 2141//3601 2140//3601 2069//3601
f 2141//3602 193//3602 192//3602
f 2142//3603 2141//3603 2069//3603
f 2142//3604 193//3604 2141//3604
f 2143//3605 2142//3605 2069//3605
f 2143//3606 193//3606 2142//3606
f 2143//3607 194//3607 193//3607
f 2144//3608 2143//3608 2069//3608
f 2144//3609 194//3609 2143//3609
f 2145//3610 2069//3610 2071//3610
f 2145//3611 2144//3611 2069//3611
f 2145//3612 194//3612 2144//3612
f 2146//3613 2071//3613 2078//3613
f 2146//3614 194//3614 2145//3614
f 2146//3615 2145//3615 2071//3615
f 2146//3616 195//3616 194//3616
f 2147//3617 195//3617 2146//3617
f 2147//3618 2146//3618 2078//3618
f 2148//3619 195//3619 2147//3619
f 2148//3620 196//3620 195//3620
f 2148//3621 2147//3621 2078//3621
f 2149//3622 1970//3622 1969//3622
f 2149//3623 1971//3623 1970//3623
f 2150//3624 2149//3624 2076//3624
f 2150//3625 1972//3625 1971//3625
f 2150//3626 1973//3626 1972//3626
f 2150//3627 2063//3627 2062//3627
f 2150//3628 1971//3628 2149//3628
f 2150//3629 2062//3629 1973//3629
f 2151//3630 196//3630 2148//3630
f 2151//3631 2148//3631 2078//3631
f 2152//3632 2070//3632 2069//3632
f 2152//3633 2063//3633 2150//3633
f 2152//3634 2069//3634 2140//3634
f 2152//3635 2140//3635 2063//3635
f 2153//3636 2151//3636 2078//3636
f 2153//3637 2078//3637 2088//3637
f 2153//3638 2088//3638 2080//3638
f 2153//3639 2080//3639 201//3639
f 2153//3640 197//3640 196//3640
f 2153//3641 198//3641 197//3641
f 2153//3642 199//3642 198//3642
f 2153//3643 200//3643 199//3643
f 2153//3644 201//3644 200//3644
f 2153//3645 196//3645 2151//3645
f 2154//3646 2076//3646 2149//3646
f 2154//3647 1969//3647 1968//3647
f 2154//3648 2149//3648 1969//3648
f 2155//3649 2076//3649 2154//3649
f 2155//3650 2154//3650 1968//3650
f 2155//3651 1968//3651 1967//3651
f 2155//3652 2064//3652 2067//3652
f 2155//3653 1967//3653 2064//3653
f 2155//3654 2067//3654 2076//3654
f 2156//3655 2070//3655 2152//3655
f 2156//3656 2150//3656 2076//3656
f 2156//3657 2152//3657 2150//3657
f 2157//3658 2074//3658 2073//3658
f 2157//3659 2073//3659 2158//3659
f 2157//3660 2075//3660 2074//3660
f 2159//3661 2076//3661 2075//3661
f 2159//3662 2075//3662 2157//3662
f 2159//3663 2156//3663 2076//3663
f 2160//3664 2159//3664 2019//3664
f 2160//3665 2156//3665 2159//3665
f 2160//3666 2068//3666 2070//3666
f 2160//3667 2070//3667 2156//3667
f 2161//3668 2160//3668 2019//3668
f 2161//3669 2068//3669 2160//3669
f 2162//3670 2158//3670 2019//3670
f 2162//3671 2159//3671 2157//3671
f 2162//3672 2019//3672 2159//3672
f 2162//3673 2157//3673 2158//3673
f 2163//3674 2161//3674 2019//3674
f 2163//3675 2068//3675 2161//3675
f 2163//3676 2077//3676 2068//3676
f 2164//3677 2163//3677 2019//3677
f 2164//3678 2077//3678 2163//3678
f 2164//3679 2079//3679 2077//3679
f 2165//3680 2079//3680 2164//3680
f 2166//3681 2088//3681 2078//3681
f 2166//3682 2079//3682 2165//3682
f 2166//3683 2165//3683 2107//3683
f 2166//3684 2078//3684 2079//3684
f 2167//3685 2089//3685 2088//3685
f 2167//3686 2090//3686 2089//3686
f 2167//3687 2091//3687 2090//3687
f 2167//3688 2168//3688 2091//3688
f 2167//3689 2169//3689 2168//3689
f 2167//3690 2170//3690 2169//3690
f 2167//3691 2171//3691 2170//3691
f 2167//3692 2088//3692 2166//3692
f 2172//3693 2103//3693 2100//3693
f 2172//3694 2100//3694 1959//3694
f 2172//3695 1959//3695 1958//3695
f 2173//3696 2103//3696 2172//3696
f 2173//3697 2172//3697 1958//3697
f 2174//3698 1958//3698 1957//3698
f 2174//3699 2173//3699 1958//3699
f 2175//3700 2073//3700 2101//3700
f 2175//3701 2158//3701 2073//3701
f 2175//3702 2101//3702 2104//3702
f 2176//3703 1956//3703 1955//3703
f 2176//3704 1957//3704 1956//3704
f 2176//3705 2174//3705 1957//3705
f 2177//3706 2103//3706 2173//3706
f 2177//3707 2173//3707 2174//3707
f 2177//3708 2174//3708 2176//3708
f 2178//3709 2019//3709 2158//3709
f 2178//3710 2158//3710 2175//3710
f 2179//3711 2164//3711 2019//3711
f 2179//3712 2165//3712 2164//3712
f 2179//3713 2107//3713 2165//3713
f 2179//3714 2019//3714 2180//3714
f 2181//3715 2171//3715 2167//3715
f 2181//3716 2167//3716 2166//3716
f 2181//3717 2166//3717 2107//3717
f 2181//3718 2107//3718 2106//3718
f 2182//3719 2183//3719 2171//3719
f 2182//3720 2184//3720 2183//3720
f 2182//3721 2185//3721 2184//3721
f 2182//3722 2112//3722 2185//3722
f 2182//3723 2171//3723 2181//3723
f 2182//3724 2106//3724 2112//3724
f 2182//3725 2181//3725 2106//3725
f 2186//3726 2117//3726 2109//3726
f 2186//3727 2107//3727 2179//3727
f 2186//3728 2109//3728 2107//3728
f 2186//3729 2179//3729 2180//3729
f 2186//3730 2180//3730 2117//3730
f 2018//3731 2180//3731 2019//3731
f 2187//3732 2119//3732 2117//3732
f 2187//3733 2121//3733 2119//3733
f 2187//3734 2180//3734 2018//3734
f 2187//3735 2117//3735 2180//3735
f 2188//3736 2128//3736 2127//3736
f 2188//3737 2129//3737 2128//3737
f 2188//3738 2189//3738 2129//3738
f 2188//3739 2190//3739 2189//3739
f 2191//3740 2127//3740 2126//3740
f 2191//3741 2126//3741 2130//3741
f 2191//3742 2188//3742 2127//3742
f 2191//3743 2190//3743 2188//3743
f 2192//3744 2191//3744 2130//3744
f 2192//3745 2190//3745 2191//3745
f 2192//3746 2193//3746 2190//3746
f 2194//3747 2192//3747 2130//3747
f 2194//3748 2193//3748 2192//3748
f 2195//3749 2194//3749 2130//3749
f 2196//3750 2194//3750 2195//3750
f 2196//3751 2197//3751 2193//3751
f 2196//3752 2193//3752 2194//3752
f 2198//3753 2196//3753 2195//3753
f 2198//3754 2197//3754 2196//3754
f 1982//3755 2199//3755 2200//3755
f 1982//3756 2201//3756 2199//3756
f 1990//3757 2202//3757 1991//3757
f 1990//3758 2015//3758 2202//3758
f 1985//3759 2201//3759 1982//3759
f 2001//3760 2015//3760 1990//3760
f 2002//3761 2015//3761 2001//3761
f 1981//3762 2201//3762 1985//3762
f 1981//3763 2203//3763 2201//3763
f 2014//3764 2002//3764 1888//3764
f 2016//3765 2014//3765 1888//3765
f 2204//3766 1981//3766 1980//3766
f 2204//3767 2203//3767 1981//3767
f 2205//3768 2204//3768 1980//3768
f 2205//3769 2203//3769 2204//3769
f 2205//3770 2131//3770 2133//3770
f 2205//3771 2133//3771 2203//3771
f 2206//3772 1980//3772 1989//3772
f 2206//3773 2205//3773 1980//3773
f 2206//3774 2131//3774 2205//3774
f 2206//3775 1989//3775 1991//3775
f 2207//3776 2131//3776 2206//3776
f 2207//3777 2135//3777 2131//3777
f 2207//3778 2206//3778 1991//3778
f 2207//3779 1991//3779 2202//3779
f 2207//3780 2202//3780 2015//3780
f 2207//3781 2015//3781 2135//3781
f 2208//3782 1955//3782 1954//3782
f 2208//3783 2176//3783 1955//3783
f 2208//3784 2177//3784 2176//3784
f 2209//3785 2103//3785 2177//3785
f 2209//3786 2177//3786 2208//3786
f 2209//3787 2208//3787 2210//3787
f 2209//3788 2104//3788 2103//3788
f 2209//3789 2210//3789 2028//3789
f 2027//3790 2104//3790 2209//3790
f 2027//3791 2209//3791 2028//3791
f 2027//3792 2175//3792 2104//3792
f 2027//3793 2178//3793 2175//3793
f 2211//3794 1954//3794 1953//3794
f 2211//3795 2210//3795 2208//3795
f 2211//3796 2208//3796 1954//3796
f 2020//3797 2025//3797 2021//3797
f 2020//3798 2178//3798 2027//3798
f 2020//3799 2019//3799 2178//3799
f 2020//3800 2027//3800 2025//3800
f 2212//3801 2211//3801 1953//3801
f 2212//3802 2210//3802 2211//3802
f 2213//3803 1953//3803 1952//3803
f 2213//3804 2212//3804 1953//3804
f 2213//3805 2210//3805 2212//3805
f 2213//3806 2214//3806 2210//3806
f 2215//3807 2216//3807 2214//3807
f 2215//3808 2213//3808 1952//3808
f 2215//3809 2214//3809 2213//3809
f 2217//3810 2216//3810 2215//3810
f 2217//3811 2215//3811 1952//3811
f 2218//3812 1952//3812 1951//3812
f 2218//3813 2217//3813 1952//3813
f 2218//3814 2219//3814 2216//3814
f 2218//3815 2216//3815 2217//3815
f 2220//3816 2221//3816 2219//3816
f 2220//3817 2219//3817 2218//3817
f 2220//3818 2218//3818 1951//3818
f 2222//3819 2221//3819 2220//3819
f 2222//3820 2220//3820 1951//3820
f 2223//3821 2221//3821 2222//3821
f 2223//3822 2224//3822 2221//3822
f 2223//3823 2222//3823 1951//3823
f 2225//3824 1951//3824 1950//3824
f 2225//3825 2226//3825 2224//3825
f 2225//3826 2224//3826 2223//3826
f 2225//3827 2223//3827 1951//3827
f 2227//3828 2228//3828 2226//3828
f 2227//3829 2226//3829 2225//3829
f 2227//3830 2225//3830 1950//3830
f 2229//3831 2228//3831 2227//3831
f 2229//3832 2227//3832 1950//3832
f 2230//3833 2231//3833 2228//3833
f 2230//3834 2228//3834 2229//3834
f 2230//3835 2229//3835 1950//3835
f 2030//3836 2214//3836 2216//3836
f 2030//3837 2028//3837 2210//3837
f 2030//3838 2210//3838 2214//3838
f 2232//3839 1950//3839 1949//3839
f 2232//3840 2233//3840 2231//3840
f 2232//3841 2231//3841 2230//3841
f 2232//3842 2230//3842 1950//3842
f 2031//3843 2030//3843 2216//3843
f 2031//3844 2216//3844 2219//3844
f 2022//3845 2034//3845 2121//3845
f 2022//3846 2021//3846 2034//3846
f 2022//3847 2187//3847 2018//3847
f 2022//3848 2121//3848 2187//3848
f 2024//3849 2026//3849 2035//3849
f 2024//3850 2021//3850 2025//3850
f 2234//3851 2032//3851 2031//3851
f 2234//3852 2031//3852 2219//3852
f 2235//3853 2234//3853 2219//3853
f 2235//3854 2032//3854 2234//3854
f 2235//3855 2219//3855 2221//3855
f 2236//3856 2237//3856 2233//3856
f 2236//3857 2238//3857 2237//3857
f 2236//3858 2233//3858 2232//3858
f 2236//3859 2232//3859 1949//3859
f 2239//3860 2235//3860 2221//3860
f 2239//3861 2032//3861 2235//3861
f 2240//3862 2239//3862 2221//3862
f 2240//3863 2221//3863 2224//3863
f 2240//3864 2032//3864 2239//3864
f 2241//3865 1949//3865 1948//3865
f 2241//3866 2242//3866 2238//3866
f 2241//3867 2238//3867 2236//3867
f 2241//3868 2236//3868 1949//3868
f 2243//3869 2244//3869 2032//3869
f 2243//3870 2240//3870 2224//3870
f 2243//3871 2224//3871 2226//3871
f 2243//3872 2032//3872 2240//3872
f 2245//3873 2243//3873 2226//3873
f 2245//3874 2244//3874 2243//3874
f 2246//3875 1948//3875 1887//3875
f 2246//3876 2241//3876 1948//3876
f 2246//3877 1887//3877 2247//3877
f 2246//3878 2242//3878 2241//3878
f 2246//3879 2247//3879 2242//3879
f 2248//3880 2226//3880 2228//3880
f 2248//3881 2244//3881 2245//3881
f 2248//3882 2245//3882 2226//3882
f 2248//3883 2249//3883 2244//3883
f 2250//3884 2228//3884 2231//3884
f 2250//3885 2249//3885 2248//3885
f 2250//3886 2248//3886 2228//3886
f 2251//3887 2231//3887 2233//3887
f 2251//3888 2249//3888 2250//3888
f 2251//3889 2252//3889 2249//3889
f 2251//3890 2250//3890 2231//3890
f 2253//3891 2233//3891 2237//3891
f 2253//3892 2254//3892 2252//3892
f 2253//3893 2251//3893 2233//3893
f 2253//3894 2252//3894 2251//3894
f 2255//3895 2237//3895 2238//3895
f 2255//3896 2254//3896 2253//3896
f 2255//3897 2253//3897 2237//3897
f 2256//3898 2254//3898 2255//3898
f 2256//3899 2257//3899 2254//3899
f 2256//3900 2255//3900 2238//3900
f 2258//3901 2238//3901 2242//3901
f 2258//3902 2259//3902 2257//3902
f 2258//3903 2256//3903 2238//3903
f 2258//3904 2257//3904 2256//3904
f 2260//3905 2259//3905 2258//3905
f 2260//3906 2242//3906 2247//3906
f 2260//3907 2258//3907 2242//3907
f 2261//3908 2121//3908 2034//3908
f 2261//3909 2195//3909 2130//3909
f 2261//3910 2130//3910 2121//3910
f 2261//3911 1984//3911 2195//3911
f 2039//3912 2032//3912 2244//3912
f 2039//3913 2244//3913 2249//3913
f 2262//3914 2247//3914 1887//3914
f 2262//3915 1887//3915 2263//3915
f 2262//3916 2263//3916 2259//3916
f 2262//3917 2259//3917 2260//3917
f 2262//3918 2260//3918 2247//3918
f 2264//3919 2261//3919 2034//3919
f 2264//3920 1984//3920 2261//3920
f 2036//3921 2264//3921 2034//3921
f 2036//3922 1984//3922 2264//3922
f 2036//3923 1986//3923 1984//3923
f 2038//3924 2035//3924 2026//3924
f 2041//3925 2039//3925 2249//3925
f 2041//3926 2249//3926 2252//3926
f 2265//3927 2036//3927 2035//3927
f 2265//3928 2035//3928 2038//3928
f 2265//3929 1986//3929 2036//3929
f 2265//3930 2038//3930 1992//3930
f 2265//3931 1992//3931 1986//3931
f 2042//3932 2041//3932 2252//3932
f 2266//3933 2252//3933 2254//3933
f 2266//3934 2042//3934 2252//3934
f 2266//3935 1994//3935 2042//3935
f 2267//3936 2266//3936 2254//3936
f 2267//3937 1994//3937 2266//3937
f 2268//3938 1994//3938 2267//3938
f 2268//3939 2254//3939 2257//3939
f 2268//3940 1995//3940 1994//3940
f 2268//3941 2267//3941 2254//3941
f 2269//3942 1995//3942 2268//3942
f 2269//3943 1997//3943 1995//3943
f 2269//3944 2268//3944 2257//3944
f 2270//3945 2269//3945 2257//3945
f 2270//3946 1997//3946 2269//3946
f 2271//3947 2257//3947 2259//3947
f 2271//3948 1998//3948 1997//3948
f 2271//3949 2270//3949 2257//3949
f 2271//3950 1997//3950 2270//3950
f 2272//3951 1999//3951 1998//3951
f 2272//3952 1998//3952 2271//3952
f 2272//3953 2271//3953 2259//3953
f 2273//3954 2272//3954 2259//3954
f 2273//3955 1999//3955 2272//3955
f 2274//3956 2259//3956 2263//3956
f 2274//3957 1999//3957 2273//3957
f 2274//3958 2273//3958 2259//3958
f 2274//3959 2004//3959 1999//3959
f 1996//3960 1992//3960 2038//3960
f 2275//3961 2007//3961 2004//3961
f 2275//3962 2274//3962 2263//3962
f 2275//3963 2004//3963 2274//3963
f 2276//3964 2010//3964 2007//3964
f 2276//3965 1887//3965 2010//3965
f 2276//3966 2275//3966 2263//3966
f 2276//3967 2263//3967 1887//3967
f 2276//3968 2007//3968 2275//3968
f 2277//3969 2278//3969 2197//3969
f 2277//3970 2279//3970 2278//3970
f 2277//3971 2197//3971 2198//3971
f 2277//3972 2198//3972 2195//3972
f 2280//3973 1982//3973 2200//3973
f 2280//3974 2279//3974 2277//3974
f 2280//3975 2277//3975 2195//3975
f 2280//3976 2200//3976 2279//3976
f 2280//3977 2195//3977 1984//3977
f 1983//3978 1982//3978 2280//3978
f 1983//3979 2280//3979 1984//3979
f 2281//3980 213//3980 2050//3980
f 2281//3981 214//3981 213//3981
f 2282//3982 2050//3982 2095//3982
f 2282//3983 2281//3983 2050//3983
f 2283//3984 2095//3984 2096//3984
f 2283//3985 2282//3985 2095//3985
f 2284//3986 2096//3986 2092//3986
f 2284//3987 2283//3987 2096//3987
f 2285//3988 2092//3988 2091//3988
f 2285//3989 2284//3989 2092//3989
f 2286//3990 2091//3990 2168//3990
f 2286//3991 2285//3991 2091//3991
f 2287//3992 2286//3992 2168//3992
f 2287//3993 2168//3993 2169//3993
f 2288//3994 2169//3994 2170//3994
f 2288//3995 2287//3995 2169//3995
f 2289//3996 2170//3996 2171//3996
f 2289//3997 2288//3997 2170//3997
f 2290//3998 2289//3998 2171//3998
f 2290//3999 2171//3999 2183//3999
f 2291//4000 2183//4000 2184//4000
f 2291//4001 2290//4001 2183//4001
f 2292//4002 2184//4002 2185//4002
f 2292//4003 2291//4003 2184//4003
f 2293//4004 2185//4004 2112//4004
f 2293//4005 2292//4005 2185//4005
f 2294//4006 2112//4006 2111//4006
f 2294//4007 2293//4007 2112//4007
f 2295//4008 2111//4008 2113//4008
f 2295//4009 2294//4009 2111//4009
f 2296//4010 2113//4010 2115//4010
f 2296//4011 2295//4011 2113//4011
f 2297//4012 2115//4012 2054//4012
f 2297//4013 2296//4013 2115//4013
f 2298//4014 2054//4014 2053//4014
f 2298//4015 2297//4015 2054//4015
f 2299//4016 2053//4016 2124//4016
f 2299//4017 2298//4017 2053//4017
f 2300//4018 2124//4018 2125//4018
f 2300//4019 2299//4019 2124//4019
f 2301//4020 2125//4020 2129//4020
f 2301//4021 2300//4021 2125//4021
f 2302//4022 2129//4022 2189//4022
f 2302//4023 2301//4023 2129//4023
f 2303//4024 2189//4024 2190//4024
f 2303//4025 2302//4025 2189//4025
f 2304//4026 2190//4026 2193//4026
f 2304//4027 2303//4027 2190//4027
f 2305//4028 2193//4028 2197//4028
f 2305//4029 2304//4029 2193//4029
f 2306//4030 2197//4030 2278//4030
f 2306//4031 2305//4031 2197//4031
f 2307//4032 2278//4032 2279//4032
f 2307//4033 2306//4033 2278//4033
f 2308//4034 2279//4034 2200//4034
f 2308//4035 2307//4035 2279//4035
f 2309//4036 2200//4036 2199//4036
f 2309//4037 2308//4037 2200//4037
f 2310//4038 2199//4038 2201//4038
f 2310//4039 2309//4039 2199//4039
f 2311//4040 2310//4040 2201//4040
f 2311//4041 2201//4041 2203//4041
f 2312//4042 2311//4042 2203//4042
f 2312//4043 2203//4043 2133//4043
f 2313//4044 2312//4044 2133//4044
f 2313//4045 2133//4045 2132//4045
f 2314//4046 2313//4046 2132//4046
f 2314//4047 2132//4047 2134//4047
f 2315//4048 2314//4048 2134//4048
f 2315//4049 2134//4049 2137//4049
f 1944//4050 2315//4050 2137//4050
f 1944//4051 2137//4051 1890//4051
f 2316//4052 2317//4052 2318//4052
f 2316//4053 2319//4053 2317//4053
f 2316//4054 2320//4054 2319//4054
f 2321//4055 2322//4055 2323//4055
f 2321//4056 2316//4056 2322//4056
f 2321//4057 2320//4057 2316//4057
f 2324//4058 2321//4058 2323//4058
f 2324//4059 2323//4059 2325//4059
f 2324//4060 2320//4060 2321//4060
f 2326//4061 2325//4061 2327//4061
f 2326//4062 2324//4062 2325//4062
f 2326//4063 2327//4063 2328//4063
f 2326//4064 2320//4064 2324//4064
f 2326//4065 2329//4065 2320//4065
f 2330//4066 2326//4066 2328//4066
f 2281//4067 216//4067 214//4067
f 217//4068 216//4068 2281//4068
f 2282//4069 217//4069 2281//4069
f 2282//4070 218//4070 217//4070
f 2330//4071 2328//4071 2331//4071
f 2330//4072 2329//4072 2326//4072
f 2330//4073 2332//4073 2329//4073
f 2333//4074 2330//4074 2331//4074
f 2333//4075 2331//4075 2334//4075
f 2333//4076 2334//4076 1947//4076
f 2333//4077 2332//4077 2330//4077
f 2333//4078 1947//4078 2332//4078
f 2335//4079 2336//4079 2337//4079
f 2335//4080 2338//4080 2336//4080
f 2335//4081 2339//4081 2340//4081
f 2335//4082 2341//4082 2339//4082
f 2335//4083 2340//4083 2338//4083
f 2335//4084 2337//4084 2341//4084
f 2342//4085 2340//4085 2343//4085
f 2342//4086 2344//4086 2345//4086
f 2342//4087 2346//4087 2344//4087
f 2342//4088 2343//4088 2346//4088
f 2342//4089 2345//4089 2340//4089
f 2347//4090 2348//4090 2349//4090
f 2347//4091 2350//4091 2348//4091
f 2347//4092 2351//4092 2352//4092
f 2347//4093 2352//4093 2350//4093
f 2353//4094 2354//4094 2351//4094
f 2353//4095 2355//4095 2356//4095
f 2353//4096 2356//4096 2354//4096
f 2353//4097 2347//4097 2349//4097
f 2353//4098 2351//4098 2347//4098
f 2353//4099 2349//4099 2355//4099
f 2357//4100 177//4100 178//4100
f 2357//4101 176//4101 177//4101
f 2357//4102 175//4102 176//4102
f 2358//4103 2297//4103 2298//4103
f 2359//4104 2360//4104 2361//4104
f 2362//4105 218//4105 2282//4105
f 2362//4106 2282//4106 2283//4106
f 2362//4107 219//4107 218//4107
f 2362//4108 220//4108 219//4108
f 2362//4109 221//4109 220//4109
f 2362//4110 222//4110 221//4110
f 2363//4111 2284//4111 2285//4111
f 2363//4112 2283//4112 2284//4112
f 2363//4113 2362//4113 2283//4113
f 2364//4114 2362//4114 2363//4114
f 2365//4115 222//4115 2362//4115
f 2365//4116 223//4116 222//4116
f 2365//4117 2362//4117 2364//4117
f 2366//4118 2363//4118 2285//4118
f 2366//4119 2365//4119 2364//4119
f 2366//4120 2364//4120 2363//4120
f 2367//4121 2365//4121 2366//4121
f 2368//4122 2365//4122 2367//4122
f 2368//4123 223//4123 2365//4123
f 2368//4124 224//4124 223//4124
f 2369//4125 2368//4125 2367//4125
f 2369//4126 2367//4126 2366//4126
f 2370//4127 2368//4127 2369//4127
f 2371//4128 224//4128 2368//4128
f 2371//4129 2368//4129 2370//4129
f 2371//4130 225//4130 224//4130
f 2372//4131 2370//4131 2369//4131
f 2372//4132 2371//4132 2370//4132
f 2373//4133 2296//4133 2297//4133
f 2373//4134 2295//4134 2296//4134
f 2373//4135 2297//4135 2358//4135
f 2374//4136 2294//4136 2295//4136
f 2374//4137 2293//4137 2294//4137
f 2374//4138 2375//4138 2293//4138
f 2374//4139 2295//4139 2373//4139
f 2376//4140 2375//4140 2374//4140
f 2377//4141 2374//4141 2373//4141
f 2378//4142 2376//4142 2374//4142
f 2379//4143 2376//4143 2378//4143
f 2379//4144 2375//4144 2376//4144
f 2380//4145 2358//4145 2381//4145
f 2380//4146 2373//4146 2358//4146
f 2380//4147 2377//4147 2373//4147
f 2382//4148 2383//4148 2384//4148
f 2382//4149 2385//4149 2383//4149
f 2386//4150 2377//4150 2380//4150
f 2386//4151 2378//4151 2374//4151
f 2386//4152 2380//4152 2381//4152
f 2386//4153 2374//4153 2377//4153
f 2386//4154 2379//4154 2378//4154
f 2387//4155 2385//4155 2382//4155
f 2387//4156 2388//4156 2385//4156
f 2389//4157 186//4157 187//4157
f 2389//4158 185//4158 186//4158
f 2390//4159 2389//4159 187//4159
f 2391//4160 2388//4160 2387//4160
f 2392//4161 181//4161 182//4161
f 2392//4162 184//4162 185//4162
f 2392//4163 185//4163 2389//4163
f 2392//4164 183//4164 184//4164
f 2392//4165 182//4165 183//4165
f 2393//4166 2392//4166 2389//4166
f 2394//4167 2389//4167 2390//4167
f 2395//4168 181//4168 2392//4168
f 2396//4169 2392//4169 2393//4169
f 2397//4170 2389//4170 2394//4170
f 2397//4171 2396//4171 2393//4171
f 2397//4172 2393//4172 2389//4172
f 2398//4173 180//4173 181//4173
f 2398//4174 179//4174 180//4174
f 2398//4175 178//4175 179//4175
f 2398//4176 2357//4176 178//4176
f 2398//4177 2399//4177 2357//4177
f 2398//4178 2400//4178 2399//4178
f 2398//4179 2401//4179 2400//4179
f 2398//4180 181//4180 2395//4180
f 2402//4181 2397//4181 2394//4181
f 2402//4182 2394//4182 2390//4182
f 2403//4183 2401//4183 2398//4183
f 2403//4184 2395//4184 2392//4184
f 2403//4185 2396//4185 2397//4185
f 2403//4186 2392//4186 2396//4186
f 2403//4187 2398//4187 2395//4187
f 2404//4188 2299//4188 2300//4188
f 2404//4189 2298//4189 2299//4189
f 2404//4190 2358//4190 2298//4190
f 2405//4191 2404//4191 2300//4191
f 2405//4192 2300//4192 2301//4192
f 2406//4193 2404//4193 2405//4193
f 2406//4194 2358//4194 2404//4194
f 2406//4195 2381//4195 2358//4195
f 2407//4196 2406//4196 2405//4196
f 2408//4197 2407//4197 2405//4197
f 2409//4198 2381//4198 2406//4198
f 2409//4199 2406//4199 2407//4199
f 2409//4200 2407//4200 2408//4200
f 2410//4201 2409//4201 2408//4201
f 2411//4202 2410//4202 2408//4202
f 2412//4203 2409//4203 2410//4203
f 2412//4204 2410//4204 2411//4204
f 2412//4205 2411//4205 2413//4205
f 2414//4206 2415//4206 2416//4206
f 2417//4207 2414//4207 2416//4207
f 2418//4208 2419//4208 2420//4208
f 2418//4209 2421//4209 2419//4209
f 2418//4210 2415//4210 2414//4210
f 2418//4211 2414//4211 2417//4211
f 2422//4212 2423//4212 2421//4212
f 2422//4213 2421//4213 2418//4213
f 2422//4214 2418//4214 2417//4214
f 2424//4215 2423//4215 2422//4215
f 2424//4216 2422//4216 2417//4216
f 2425//4217 2361//4217 2423//4217
f 2425//4218 2426//4218 2359//4218
f 2425//4219 2359//4219 2361//4219
f 2425//4220 2417//4220 2426//4220
f 2425//4221 2423//4221 2424//4221
f 2425//4222 2424//4222 2417//4222
f 2427//4223 2313//4223 2314//4223
f 2428//4224 2427//4224 2314//4224
f 2429//4225 2314//4225 2315//4225
f 2429//4226 2428//4226 2314//4226
f 2430//4227 2359//4227 2426//4227
f 2430//4228 2426//4228 2431//4228
f 2432//4229 1945//4229 2429//4229
f 2432//4230 2429//4230 2315//4230
f 2433//4231 2431//4231 2434//4231
f 2435//4232 2430//4232 2431//4232
f 2436//4233 2315//4233 1944//4233
f 2436//4234 1945//4234 2432//4234
f 2436//4235 1944//4235 1945//4235
f 2436//4236 2432//4236 2315//4236
f 2437//4237 2429//4237 1945//4237
f 2437//4238 2428//4238 2429//4238
f 2438//4239 2434//4239 2439//4239
f 2438//4240 2433//4240 2434//4240
f 2440//4241 2433//4241 2438//4241
f 2440//4242 2441//4242 2442//4242
f 2440//4243 2431//4243 2433//4243
f 2440//4244 2435//4244 2431//4244
f 2443//4245 2359//4245 2430//4245
f 2443//4246 2440//4246 2442//4246
f 2443//4247 2435//4247 2440//4247
f 2443//4248 2444//4248 2360//4248
f 2443//4249 2442//4249 2444//4249
f 2443//4250 2360//4250 2359//4250
f 2443//4251 2430//4251 2435//4251
f 2445//4252 2369//4252 2366//4252
f 2445//4253 2366//4253 2285//4253
f 2445//4254 2288//4254 2289//4254
f 2445//4255 2287//4255 2288//4255
f 2445//4256 2286//4256 2287//4256
f 2445//4257 2285//4257 2286//4257
f 2445//4258 2372//4258 2369//4258
f 2446//4259 2372//4259 2383//4259
f 2446//4260 225//4260 2371//4260
f 2446//4261 226//4261 225//4261
f 2446//4262 227//4262 226//4262
f 2446//4263 228//4263 227//4263
f 2446//4264 2371//4264 2372//4264
f 2446//4265 229//4265 228//4265
f 2446//4266 230//4266 229//4266
f 2447//4267 2446//4267 2383//4267
f 2447//4268 230//4268 2446//4268
f 2448//4269 230//4269 2447//4269
f 2448//4270 2447//4270 2383//4270
f 2448//4271 231//4271 230//4271
f 2449//4272 231//4272 2448//4272
f 2449//4273 2448//4273 2383//4273
f 2450//4274 2383//4274 2385//4274
f 2450//4275 2449//4275 2383//4275
f 2450//4276 231//4276 2449//4276
f 2451//4277 231//4277 2450//4277
f 2451//4278 2385//4278 2388//4278
f 2451//4279 232//4279 231//4279
f 2451//4280 2450//4280 2385//4280
f 2452//4281 2451//4281 2388//4281
f 2452//4282 232//4282 2451//4282
f 2453//4283 2452//4283 2388//4283
f 2453//4284 232//4284 2452//4284
f 2453//4285 233//4285 232//4285
f 2454//4286 2292//4286 2293//4286
f 2454//4287 2291//4287 2292//4287
f 2454//4288 2290//4288 2291//4288
f 2454//4289 2289//4289 2290//4289
f 2454//4290 2293//4290 2375//4290
f 2455//4291 2453//4291 2388//4291
f 2455//4292 233//4292 2453//4292
f 2456//4293 2455//4293 2388//4293
f 2456//4294 234//4294 233//4294
f 2456//4295 233//4295 2455//4295
f 2457//4296 2383//4296 2372//4296
f 2457//4297 2384//4297 2383//4297
f 2457//4298 2372//4298 2445//4298
f 2458//4299 2454//4299 2375//4299
f 2458//4300 2445//4300 2289//4300
f 2458//4301 2379//4301 2457//4301
f 2458//4302 2457//4302 2445//4302
f 2458//4303 2289//4303 2454//4303
f 2458//4304 2375//4304 2379//4304
f 2459//4305 234//4305 2456//4305
f 2459//4306 2456//4306 2388//4306
f 2459//4307 2388//4307 2402//4307
f 2459//4308 2402//4308 2390//4308
f 2459//4309 2390//4309 187//4309
f 2459//4310 235//4310 234//4310
f 2459//4311 190//4311 235//4311
f 2459//4312 189//4312 190//4312
f 2459//4313 188//4313 189//4313
f 2459//4314 187//4314 188//4314
f 2460//4315 2457//4315 2379//4315
f 2460//4316 2384//4316 2457//4316
f 2461//4317 2386//4317 2381//4317
f 2461//4318 2381//4318 2462//4318
f 2461//4319 2379//4319 2386//4319
f 2463//4320 2382//4320 2384//4320
f 2463//4321 2384//4321 2460//4321
f 2464//4322 2302//4322 2303//4322
f 2464//4323 2301//4323 2302//4323
f 2464//4324 2405//4324 2301//4324
f 2464//4325 2408//4325 2405//4325
f 2465//4326 2460//4326 2379//4326
f 2465//4327 2337//4327 2463//4327
f 2465//4328 2461//4328 2462//4328
f 2465//4329 2462//4329 2337//4329
f 2465//4330 2463//4330 2460//4330
f 2465//4331 2379//4331 2461//4331
f 2466//4332 2463//4332 2337//4332
f 2466//4333 2382//4333 2463//4333
f 2467//4334 2466//4334 2337//4334
f 2467//4335 2387//4335 2382//4335
f 2467//4336 2382//4336 2466//4336
f 2468//4337 2391//4337 2387//4337
f 2468//4338 2387//4338 2467//4338
f 2468//4339 2467//4339 2337//4339
f 2469//4340 2391//4340 2468//4340
f 2470//4341 2391//4341 2469//4341
f 2470//4342 2388//4342 2391//4342
f 2470//4343 2402//4343 2388//4343
f 2470//4344 2469//4344 2416//4344
f 2471//4345 2397//4345 2402//4345
f 2471//4346 2403//4346 2397//4346
f 2471//4347 2472//4347 2401//4347
f 2471//4348 2473//4348 2472//4348
f 2471//4349 2474//4349 2473//4349
f 2471//4350 2475//4350 2474//4350
f 2471//4351 2402//4351 2470//4351
f 2471//4352 2401//4352 2403//4352
f 2476//4353 2408//4353 2464//4353
f 2476//4354 2464//4354 2303//4354
f 2476//4355 2411//4355 2408//4355
f 2476//4356 2413//4356 2411//4356
f 2477//4357 2303//4357 2304//4357
f 2477//4358 2413//4358 2476//4358
f 2477//4359 2476//4359 2303//4359
f 2478//4360 2477//4360 2304//4360
f 2478//4361 2413//4361 2477//4361
f 2479//4362 2304//4362 2305//4362
f 2479//4363 2478//4363 2304//4363
f 2480//4364 2409//4364 2412//4364
f 2480//4365 2381//4365 2409//4365
f 2480//4366 2462//4366 2381//4366
f 2481//4367 2479//4367 2305//4367
f 2482//4368 2478//4368 2479//4368
f 2482//4369 2479//4369 2481//4369
f 2482//4370 2413//4370 2478//4370
f 2341//4371 2337//4371 2462//4371
f 2341//4372 2462//4372 2480//4372
f 2483//4373 2337//4373 2484//4373
f 2483//4374 2468//4374 2337//4374
f 2483//4375 2416//4375 2469//4375
f 2483//4376 2469//4376 2468//4376
f 2485//4377 2470//4377 2416//4377
f 2485//4378 2475//4378 2471//4378
f 2485//4379 2471//4379 2470//4379
f 2485//4380 2416//4380 2415//4380
f 2486//4381 2487//4381 2475//4381
f 2486//4382 2488//4382 2487//4382
f 2486//4383 2420//4383 2488//4383
f 2486//4384 2475//4384 2485//4384
f 2486//4385 2418//4385 2420//4385
f 2486//4386 2415//4386 2418//4386
f 2486//4387 2485//4387 2415//4387
f 2489//4388 2483//4388 2484//4388
f 2489//4389 2416//4389 2483//4389
f 2489//4390 2426//4390 2417//4390
f 2489//4391 2417//4391 2416//4391
f 2489//4392 2484//4392 2426//4392
f 2490//4393 2309//4393 2310//4393
f 2490//4394 2308//4394 2309//4394
f 2491//4395 2490//4395 2310//4395
f 2492//4396 2491//4396 2310//4396
f 2492//4397 2310//4397 2311//4397
f 2336//4398 2484//4398 2337//4398
f 2493//4399 2492//4399 2311//4399
f 2493//4400 2494//4400 2492//4400
f 2495//4401 2311//4401 2312//4401
f 2495//4402 2493//4402 2311//4402
f 2495//4403 2494//4403 2493//4403
f 2496//4404 2336//4404 2497//4404
f 2496//4405 2497//4405 2434//4405
f 2496//4406 2434//4406 2431//4406
f 2496//4407 2484//4407 2336//4407
f 2496//4408 2431//4408 2426//4408
f 2496//4409 2426//4409 2484//4409
f 2498//4410 2495//4410 2312//4410
f 2498//4411 2312//4411 2313//4411
f 2498//4412 2494//4412 2495//4412
f 2498//4413 2313//4413 2427//4413
f 2499//4414 2500//4414 2501//4414
f 2499//4415 2494//4415 2498//4415
f 2499//4416 2501//4416 2494//4416
f 2499//4417 2498//4417 2427//4417
f 2502//4418 2427//4418 2428//4418
f 2502//4419 2503//4419 2500//4419
f 2502//4420 2500//4420 2499//4420
f 2502//4421 2428//4421 2437//4421
f 2502//4422 2499//4422 2427//4422
f 2502//4423 2437//4423 2503//4423
f 2504//4424 2500//4424 2503//4424
f 2504//4425 2503//4425 2437//4425
f 2505//4426 2440//4426 2438//4426
f 2505//4427 2441//4427 2440//4427
f 2505//4428 2506//4428 2441//4428
f 2507//4429 2504//4429 2437//4429
f 2508//4430 2507//4430 2437//4430
f 2509//4431 2506//4431 2505//4431
f 2509//4432 2505//4432 2438//4432
f 2510//4433 1946//4433 2508//4433
f 2510//4434 2508//4434 2437//4434
f 2511//4435 2438//4435 2439//4435
f 2511//4436 2509//4436 2438//4436
f 2512//4437 1945//4437 1946//4437
f 2512//4438 2437//4438 1945//4438
f 2512//4439 1946//4439 2510//4439
f 2512//4440 2510//4440 2437//4440
f 2513//4441 2506//4441 2509//4441
f 2513//4442 2509//4442 2511//4442
f 2513//4443 2514//4443 2506//4443
f 2513//4444 2515//4444 2514//4444
f 2516//4445 2511//4445 2439//4445
f 2516//4446 2513//4446 2511//4446
f 2516//4447 2515//4447 2513//4447
f 2517//4448 2518//4448 2515//4448
f 2517//4449 2515//4449 2516//4449
f 2519//4450 2306//4450 2307//4450
f 2519//4451 2305//4451 2306//4451
f 2519//4452 2481//4452 2305//4452
f 2519//4453 2482//4453 2481//4453
f 2520//4454 2307//4454 2308//4454
f 2520//4455 2482//4455 2519//4455
f 2520//4456 2519//4456 2307//4456
f 2520//4457 2308//4457 2490//4457
f 2520//4458 2521//4458 2482//4458
f 2522//4459 2412//4459 2413//4459
f 2522//4460 2413//4460 2482//4460
f 2522//4461 2343//4461 2412//4461
f 2522//4462 2482//4462 2521//4462
f 2339//4463 2480//4463 2412//4463
f 2339//4464 2343//4464 2340//4464
f 2339//4465 2341//4465 2480//4465
f 2339//4466 2412//4466 2343//4466
f 2523//4467 2520//4467 2490//4467
f 2523//4468 2521//4468 2520//4468
f 2338//4469 2340//4469 2524//4469
f 2338//4470 2497//4470 2336//4470
f 2525//4471 2490//4471 2491//4471
f 2525//4472 2492//4472 2494//4472
f 2525//4473 2526//4473 2521//4473
f 2525//4474 2521//4474 2523//4474
f 2525//4475 2491//4475 2492//4475
f 2525//4476 2523//4476 2490//4476
f 2346//4477 2522//4477 2521//4477
f 2346//4478 2521//4478 2526//4478
f 2346//4479 2343//4479 2522//4479
f 2527//4480 2526//4480 2525//4480
f 2527//4481 2525//4481 2494//4481
f 2528//4482 2346//4482 2526//4482
f 2528//4483 2344//4483 2346//4483
f 2528//4484 2526//4484 2529//4484
f 2345//4485 2524//4485 2340//4485
f 2530//4486 2434//4486 2497//4486
f 2530//4487 2439//4487 2434//4487
f 2530//4488 2338//4488 2524//4488
f 2530//4489 2497//4489 2338//4489
f 2530//4490 2524//4490 2531//4490
f 2532//4491 2501//4491 2500//4491
f 2532//4492 2500//4492 2504//4492
f 2532//4493 2526//4493 2527//4493
f 2532//4494 2494//4494 2501//4494
f 2532//4495 2527//4495 2494//4495
f 2532//4496 2529//4496 2526//4496
f 2533//4497 2345//4497 2344//4497
f 2533//4498 2344//4498 2528//4498
f 2534//4499 2504//4499 2507//4499
f 2534//4500 2508//4500 1946//4500
f 2534//4501 2507//4501 2508//4501
f 2534//4502 2532//4502 2504//4502
f 2534//4503 2529//4503 2532//4503
f 2348//4504 2350//4504 2533//4504
f 2348//4505 2528//4505 2529//4505
f 2348//4506 2533//4506 2528//4506
f 2535//4507 2533//4507 2350//4507
f 2535//4508 2350//4508 2352//4508
f 2535//4509 2531//4509 2524//4509
f 2535//4510 2345//4510 2533//4510
f 2535//4511 2524//4511 2345//4511
f 2536//4512 2531//4512 2537//4512
f 2536//4513 2439//4513 2530//4513
f 2536//4514 2516//4514 2439//4514
f 2536//4515 2530//4515 2531//4515
f 2536//4516 2517//4516 2516//4516
f 2349//4517 2529//4517 2534//4517
f 2349//4518 2348//4518 2529//4518
f 2538//4519 2534//4519 1946//4519
f 2538//4520 2349//4520 2534//4520
f 2538//4521 2539//4521 2355//4521
f 2538//4522 2355//4522 2349//4522
f 2538//4523 2540//4523 2539//4523
f 2538//4524 2541//4524 2540//4524
f 2538//4525 2542//4525 2541//4525
f 2543//4526 2542//4526 2538//4526
f 2543//4527 2538//4527 1946//4527
f 2544//4528 2545//4528 2542//4528
f 2544//4529 2543//4529 1946//4529
f 2544//4530 2542//4530 2543//4530
f 2546//4531 2545//4531 2544//4531
f 2546//4532 2544//4532 1946//4532
f 2351//4533 2547//4533 2352//4533
f 2351//4534 2548//4534 2547//4534
f 2549//4535 2550//4535 2545//4535
f 2549//4536 2545//4536 2546//4536
f 2549//4537 2546//4537 1946//4537
f 2551//4538 2552//4538 2550//4538
f 2551//4539 2550//4539 2549//4539
f 2551//4540 2549//4540 1946//4540
f 2354//4541 2553//4541 2548//4541
f 2354//4542 2548//4542 2351//4542
f 2554//4543 2552//4543 2551//4543
f 2554//4544 2551//4544 1946//4544
f 2555//4545 1947//4545 2552//4545
f 2555//4546 2554//4546 1946//4546
f 2555//4547 2552//4547 2554//4547
f 2555//4548 1946//4548 1947//4548
f 2356//4549 2553//4549 2354//4549
f 2556//4550 2557//4550 2537//4550
f 2556//4551 2558//4551 2559//4551
f 2556//4552 2537//4552 2531//4552
f 2556//4553 2531//4553 2535//4553
f 2556//4554 2559//4554 2557//4554
f 2556//4555 2535//4555 2352//4555
f 2560//4556 2356//4556 2355//4556
f 2560//4557 2561//4557 2553//4557
f 2560//4558 2553//4558 2356//4558
f 2562//4559 2558//4559 2556//4559
f 2562//4560 2556//4560 2352//4560
f 2563//4561 2517//4561 2536//4561
f 2563//4562 2564//4562 2518//4562
f 2563//4563 2565//4563 2564//4563
f 2563//4564 2518//4564 2517//4564
f 2563//4565 2536//4565 2537//4565
f 2566//4566 2561//4566 2560//4566
f 2566//4567 2560//4567 2355//4567
f 2566//4568 2355//4568 2539//4568
f 2567//4569 2566//4569 2539//4569
f 2567//4570 2561//4570 2566//4570
f 2568//4571 2562//4571 2352//4571
f 2568//4572 2558//4572 2562//4572
f 2568//4573 2569//4573 2558//4573
f 2570//4574 2561//4574 2567//4574
f 2570//4575 2567//4575 2539//4575
f 2570//4576 2571//4576 2561//4576
f 2570//4577 2539//4577 2540//4577
f 2572//4578 2565//4578 2563//4578
f 2572//4579 2573//4579 2565//4579
f 2572//4580 2563//4580 2537//4580
f 2574//4581 2569//4581 2568//4581
f 2574//4582 2568//4582 2352//4582
f 2575//4583 2571//4583 2570//4583
f 2575//4584 2570//4584 2540//4584
f 2575//4585 2540//4585 2541//4585
f 2576//4586 2571//4586 2575//4586
f 2576//4587 2575//4587 2541//4587
f 2577//4588 2352//4588 2547//4588
f 2577//4589 2578//4589 2569//4589
f 2577//4590 2569//4590 2574//4590
f 2577//4591 2574//4591 2352//4591
f 2579//4592 2571//4592 2576//4592
f 2579//4593 2576//4593 2541//4593
f 2579//4594 2580//4594 2571//4594
f 2579//4595 2541//4595 2542//4595
f 2581//4596 2578//4596 2577//4596
f 2581//4597 2577//4597 2547//4597
f 2582//4598 2573//4598 2572//4598
f 2582//4599 2572//4599 2537//4599
f 2583//4600 2318//4600 2578//4600
f 2583//4601 2578//4601 2581//4601
f 2583//4602 2581//4602 2547//4602
f 2584//4603 2542//4603 2545//4603
f 2584//4604 2579//4604 2542//4604
f 2584//4605 2580//4605 2579//4605
f 2585//4606 2584//4606 2545//4606
f 2585//4607 2586//4607 2580//4607
f 2585//4608 2580//4608 2584//4608
f 2587//4609 2537//4609 2557//4609
f 2587//4610 2582//4610 2537//4610
f 2587//4611 2573//4611 2582//4611
f 2588//4612 2322//4612 2318//4612
f 2588//4613 2318//4613 2583//4613
f 2588//4614 2547//4614 2548//4614
f 2588//4615 2583//4615 2547//4615
f 2589//4616 2545//4616 2550//4616
f 2589//4617 2585//4617 2545//4617
f 2589//4618 2586//4618 2585//4618
f 2590//4619 2586//4619 2589//4619
f 2590//4620 2550//4620 2552//4620
f 2590//4621 2552//4621 1947//4621
f 2590//4622 2589//4622 2550//4622
f 2590//4623 1947//4623 2586//4623
f 2591//4624 2587//4624 2557//4624
f 2591//4625 2592//4625 2573//4625
f 2591//4626 2557//4626 2559//4626
f 2591//4627 2573//4627 2587//4627
f 2593//4628 2323//4628 2322//4628
f 2593//4629 2548//4629 2553//4629
f 2593//4630 2322//4630 2588//4630
f 2593//4631 2588//4631 2548//4631
f 2594//4632 2325//4632 2323//4632
f 2594//4633 2593//4633 2553//4633
f 2594//4634 2323//4634 2593//4634
f 2595//4635 2592//4635 2591//4635
f 2595//4636 2591//4636 2559//4636
f 2596//4637 2559//4637 2558//4637
f 2596//4638 2592//4638 2595//4638
f 2596//4639 2595//4639 2559//4639
f 2597//4640 2325//4640 2594//4640
f 2597//4641 2327//4641 2325//4641
f 2597//4642 2553//4642 2561//4642
f 2597//4643 2594//4643 2553//4643
f 2598//4644 2596//4644 2558//4644
f 2598//4645 2592//4645 2596//4645
f 2598//4646 2319//4646 2592//4646
f 2598//4647 2558//4647 2569//4647
f 2599//4648 2327//4648 2597//4648
f 2599//4649 2597//4649 2561//4649
f 2599//4650 2328//4650 2327//4650
f 2599//4651 2561//4651 2571//4651
f 2600//4652 2599//4652 2571//4652
f 2600//4653 2328//4653 2599//4653
f 2601//4654 2598//4654 2569//4654
f 2601//4655 2569//4655 2578//4655
f 2601//4656 2319//4656 2598//4656
f 2602//4657 2601//4657 2578//4657
f 2602//4658 2319//4658 2601//4658
f 2603//4659 2600//4659 2571//4659
f 2603//4660 2328//4660 2600//4660
f 2603//4661 2331//4661 2328//4661
f 2603//4662 2571//4662 2580//4662
f 2317//4663 2578//4663 2318//4663
f 2317//4664 2602//4664 2578//4664
f 2317//4665 2319//4665 2602//4665
f 2604//4666 2331//4666 2603//4666
f 2604//4667 2334//4667 2331//4667
f 2604//4668 2603//4668 2580//4668
f 2605//4669 2334//4669 2604//4669
f 2605//4670 2604//4670 2580//4670
f 2605//4671 1947//4671 2334//4671
f 2605//4672 2586//4672 1947//4672
f 2605//4673 2580//4673 2586//4673
f 2316//4674 2318//4674 2322//4674
f 155//4675 175//4675 2357//4675
f 152//4676 2357//4676 2399//4676
f 152//4677 155//4677 2357//4677
f 153//4678 2399//4678 2400//4678
f 153//4679 152//4679 2399//4679
f 154//4680 2400//4680 2401//4680
f 154//4681 153//4681 2400//4681
f 151//4682 2401//4682 2472//4682
f 151//4683 154//4683 2401//4683
f 150//4684 2472//4684 2473//4684
f 150//4685 151//4685 2472//4685
f 148//4686 2473//4686 2474//4686
f 148//4687 150//4687 2473//4687
f 149//4688 2474//4688 2475//4688
f 149//4689 148//4689 2474//4689
f 146//4690 149//4690 2475//4690
f 146//4691 2475//4691 2487//4691
f 146//4692 2487//4692 2488//4692
f 147//4693 146//4693 2488//4693
f 147//4694 2488//4694 2420//4694
f 144//4695 147//4695 2420//4695
f 144//4696 2420//4696 2419//4696
f 145//4697 144//4697 2419//4697
f 145//4698 2419//4698 2421//4698
f 143//4699 145//4699 2421//4699
f 143//4700 2421//4700 2423//4700
f 141//4701 143//4701 2423//4701
f 141//4702 2423//4702 2361//4702
f 142//4703 141//4703 2361//4703
f 142//4704 2361//4704 2360//4704
f 140//4705 142//4705 2360//4705
f 140//4706 2360//4706 2444//4706
f 139//4707 140//4707 2444//4707
f 139//4708 2444//4708 2442//4708
f 138//4709 139//4709 2442//4709
f 138//4710 2442//4710 2441//4710
f 138//4711 2441//4711 2506//4711
f 136//4712 138//4712 2506//4712
f 136//4713 2506//4713 2514//4713
f 137//4714 136//4714 2514//4714
f 137//4715 2514//4715 2515//4715
f 133//4716 137//4716 2515//4716
f 133//4717 2515//4717 2518//4717
f 134//4718 133//4718 2518//4718
f 134//4719 2518//4719 2564//4719
f 135//4720 2564//4720 2565//4720
f 135//4721 134//4721 2564//4721
f 132//4722 2565//4722 2573//4722
f 132//4723 135//4723 2565//4723
f 131//4724 2573//4724 2592//4724
f 131//4725 132//4725 2573//4725
f 127//4726 2592//4726 2319//4726
f 127//4727 2319//4727 2320//4727
f 127//4728 131//4728 2592//4728
f 128//4729 127//4729 2320//4729
f 128//4730 2320//4730 2329//4730
f 129//4731 2329//4731 2332//4731
f 129//4732 128//4732 2329//4732
f 130//4733 2332//4733 1947//4733
f 130//4734 129//4734 2332//4734
f 2606//4735 2607//4735 2608//4735
f 853//4736 850//4736 2609//4736
f 2610//4737 2607//4737 2606//4737
f 857//4738 853//4738 2609//4738
f 2608//4739 2611//4739 2612//4739
f 2612//4740 2611//4740 2613//4740
f 2607//4741 2611//4741 2608//4741
f 2613//4742 2614//4742 2615//4742
f 2615//4743 2614//4743 2616//4743
f 2611//4744 2614//4744 2613//4744
f 2616//4745 2617//4745 2618//4745
f 2618//4746 2617//4746 2619//4746
f 2614//4747 2617//4747 2616//4747
f 2607//4748 2620//4748 2611//4748
f 2621//4749 2620//4749 2607//4749
f 2617//4750 2622//4750 2619//4750
f 2619//4751 2622//4751 2623//4751
f 2623//4752 2622//4752 2624//4752
f 2620//4753 2625//4753 2611//4753
f 2611//4754 2625//4754 2614//4754
f 2624//4755 2626//4755 2627//4755
f 2627//4756 2626//4756 2628//4756
f 2622//4757 2626//4757 2624//4757
f 2614//4758 2629//4758 2617//4758
f 2625//4759 2629//4759 2614//4759
f 2621//4760 2630//4760 2620//4760
f 2631//4761 2630//4761 2621//4761
f 2628//4762 2632//4762 2633//4762
f 2633//4763 2632//4763 2634//4763
f 2626//4764 2632//4764 2628//4764
f 2629//4765 2635//4765 2617//4765
f 2617//4766 2635//4766 2622//4766
f 2620//4767 2636//4767 2625//4767
f 2630//4768 2636//4768 2620//4768
f 2634//4769 2637//4769 2638//4769
f 2638//4770 2637//4770 2639//4770
f 2632//4771 2637//4771 2634//4771
f 2622//4772 2640//4772 2626//4772
f 2635//4773 2640//4773 2622//4773
f 2636//4774 2641//4774 2625//4774
f 2625//4775 2641//4775 2629//4775
f 2631//4776 2642//4776 2630//4776
f 2643//4777 2642//4777 2631//4777
f 2639//4778 2644//4778 2645//4778
f 2645//4779 2644//4779 2646//4779
f 2637//4780 2644//4780 2639//4780
f 2626//4781 2647//4781 2632//4781
f 2640//4782 2647//4782 2626//4782
f 2641//4783 2648//4783 2629//4783
f 2629//4784 2648//4784 2635//4784
f 2642//4785 2649//4785 2630//4785
f 2630//4786 2649//4786 2636//4786
f 2646//4787 2650//4787 2651//4787
f 2651//4788 2650//4788 2652//4788
f 2644//4789 2650//4789 2646//4789
f 2632//4790 2653//4790 2637//4790
f 2647//4791 2653//4791 2632//4791
f 2635//4792 2654//4792 2640//4792
f 2648//4793 2654//4793 2635//4793
f 2636//4794 2655//4794 2641//4794
f 2649//4795 2655//4795 2636//4795
f 2643//4796 2656//4796 2642//4796
f 2657//4797 2656//4797 2643//4797
f 2652//4798 2658//4798 2659//4798
f 2659//4799 2658//4799 2660//4799
f 2650//4800 2658//4800 2652//4800
f 2637//4801 2661//4801 2644//4801
f 2653//4802 2661//4802 2637//4802
f 2654//4803 2662//4803 2640//4803
f 2640//4804 2662//4804 2647//4804
f 2641//4805 2663//4805 2648//4805
f 2655//4806 2663//4806 2641//4806
f 2656//4807 2664//4807 2642//4807
f 2642//4808 2664//4808 2649//4808
f 2658//4809 2665//4809 2660//4809
f 2660//4810 2665//4810 2666//4810
f 2666//4811 2665//4811 2667//4811
f 2644//4812 2668//4812 2650//4812
f 2661//4813 2668//4813 2644//4813
f 2662//4814 2669//4814 2647//4814
f 2647//4815 2669//4815 2653//4815
f 2663//4816 2670//4816 2648//4816
f 2648//4817 2670//4817 2654//4817
f 2664//4818 2671//4818 2649//4818
f 2649//4819 2671//4819 2655//4819
f 2609//4820 2672//4820 2657//4820
f 850//4821 2672//4821 2609//4821
f 2657//4822 2672//4822 2656//4822
f 844//4823 2672//4823 848//4823
f 848//4824 2672//4824 850//4824
f 2667//4825 2673//4825 2674//4825
f 2674//4826 2673//4826 2675//4826
f 2665//4827 2673//4827 2667//4827
f 2650//4828 2676//4828 2658//4828
f 2668//4829 2676//4829 2650//4829
f 2669//4830 2677//4830 2653//4830
f 2661//4831 2677//4831 2668//4831
f 2653//4832 2677//4832 2661//4832
f 2654//4833 2678//4833 2662//4833
f 2670//4834 2678//4834 2654//4834
f 2655//4835 2679//4835 2663//4835
f 2671//4836 2679//4836 2655//4836
f 844//4837 2680//4837 2672//4837
f 2672//4838 2680//4838 2656//4838
f 2656//4839 2680//4839 2664//4839
f 842//4840 2680//4840 843//4840
f 843//4841 2680//4841 844//4841
f 2675//4842 2681//4842 2682//4842
f 2682//4843 2681//4843 2683//4843
f 2673//4844 2681//4844 2675//4844
f 2676//4845 2684//4845 2658//4845
f 2658//4846 2684//4846 2665//4846
f 2677//4847 2685//4847 2668//4847
f 2668//4848 2685//4848 2676//4848
f 2678//4849 2686//4849 2662//4849
f 2662//4850 2686//4850 2669//4850
f 2679//4851 2687//4851 2663//4851
f 2663//4852 2687//4852 2670//4852
f 2680//4853 2688//4853 2664//4853
f 842//4854 2688//4854 2680//4854
f 840//4855 2688//4855 841//4855
f 841//4856 2688//4856 842//4856
f 2664//4857 2688//4857 2671//4857
f 2681//4858 2689//4858 2683//4858
f 2683//4859 2689//4859 2690//4859
f 2690//4860 2689//4860 2691//4860
f 2665//4861 2692//4861 2673//4861
f 2684//4862 2692//4862 2665//4862
f 2685//4863 2693//4863 2676//4863
f 2686//4864 2694//4864 2669//4864
f 2677//4865 2694//4865 2685//4865
f 2669//4866 2694//4866 2677//4866
f 2687//4867 2695//4867 2670//4867
f 2670//4868 2695//4868 2678//4868
f 2688//4869 2696//4869 2671//4869
f 840//4870 2696//4870 2688//4870
f 2671//4871 2696//4871 2679//4871
f 826//4872 2696//4872 829//4872
f 829//4873 2696//4873 840//4873
f 2691//4874 2697//4874 2698//4874
f 2698//4875 2697//4875 2699//4875
f 2689//4876 2697//4876 2691//4876
f 2692//4877 2700//4877 2673//4877
f 2673//4878 2700//4878 2681//4878
f 2693//4879 2701//4879 2676//4879
f 2676//4880 2701//4880 2684//4880
f 2694//4881 2702//4881 2685//4881
f 2678//4882 2703//4882 2686//4882
f 2695//4883 2703//4883 2678//4883
f 826//4884 2704//4884 2696//4884
f 2696//4885 2704//4885 2679//4885
f 2679//4886 2704//4886 2687//4886
f 818//4887 2704//4887 823//4887
f 823//4888 2704//4888 826//4888
f 2699//4889 2705//4889 2706//4889
f 2706//4890 2705//4890 2707//4890
f 2697//4891 2705//4891 2699//4891
f 2700//4892 2708//4892 2681//4892
f 2681//4893 2708//4893 2689//4893
f 2684//4894 2709//4894 2692//4894
f 2701//4895 2709//4895 2684//4895
f 2685//4896 2710//4896 2693//4896
f 2702//4897 2710//4897 2685//4897
f 2703//4898 2711//4898 2686//4898
f 2686//4899 2711//4899 2694//4899
f 2695//4900 2712//4900 2703//4900
f 818//4901 2712//4901 2704//4901
f 2704//4902 2712//4902 2687//4902
f 810//4903 2712//4903 813//4903
f 813//4904 2712//4904 818//4904
f 2687//4905 2712//4905 2695//4905
f 2707//4906 2713//4906 2714//4906
f 2714//4907 2713//4907 2715//4907
f 2705//4908 2713//4908 2707//4908
f 2689//4909 2716//4909 2697//4909
f 2708//4910 2716//4910 2689//4910
f 2709//4911 2717//4911 2692//4911
f 2692//4912 2717//4912 2700//4912
f 2693//4913 2718//4913 2701//4913
f 2710//4914 2718//4914 2693//4914
f 2711//4915 2719//4915 2694//4915
f 2694//4916 2719//4916 2702//4916
f 810//4917 2720//4917 2712//4917
f 2712//4918 2720//4918 2703//4918
f 800//4919 2720//4919 806//4919
f 806//4920 2720//4920 810//4920
f 2713//4921 2721//4921 2715//4921
f 2715//4922 2721//4922 2722//4922
f 2722//4923 2721//4923 2723//4923
f 2697//4924 2724//4924 2705//4924
f 2716//4925 2724//4925 2697//4925
f 2700//4926 2725//4926 2708//4926
f 2717//4927 2725//4927 2700//4927
f 2718//4928 2726//4928 2701//4928
f 2701//4929 2726//4929 2709//4929
f 2719//4930 2727//4930 2702//4930
f 2702//4931 2727//4931 2710//4931
f 800//4932 2728//4932 2720//4932
f 2720//4933 2728//4933 2703//4933
f 804//4934 2728//4934 799//4934
f 799//4935 2728//4935 800//4935
f 2703//4936 2728//4936 2711//4936
f 2721//4937 2729//4937 2723//4937
f 2723//4938 2729//4938 2730//4938
f 2730//4939 2729//4939 2731//4939
f 2724//4940 2732//4940 2705//4940
f 2705//4941 2732//4941 2713//4941
f 2725//4942 2733//4942 2708//4942
f 2708//4943 2733//4943 2716//4943
f 2726//4944 2734//4944 2709//4944
f 2709//4945 2734//4945 2717//4945
f 2717//4946 2734//4946 2725//4946
f 2727//4947 2735//4947 2710//4947
f 2710//4948 2735//4948 2718//4948
f 804//4949 2736//4949 2728//4949
f 2728//4950 2736//4950 2711//4950
f 2711//4951 2736//4951 2719//4951
f 811//4952 2736//4952 809//4952
f 809//4953 2736//4953 804//4953
f 2731//4954 2737//4954 2738//4954
f 2738//4955 2737//4955 2739//4955
f 2729//4956 2737//4956 2731//4956
f 2713//4957 2740//4957 2721//4957
f 2721//4958 2740//4958 2729//4958
f 2732//4959 2740//4959 2713//4959
f 2733//4960 2741//4960 2716//4960
f 2716//4961 2741//4961 2724//4961
f 2734//4962 2742//4962 2725//4962
f 2726//4963 2743//4963 2734//4963
f 2735//4964 2743//4964 2718//4964
f 2718//4965 2743//4965 2726//4965
f 2736//4966 2744//4966 2719//4966
f 2719//4967 2744//4967 2727//4967
f 820//4968 2744//4968 815//4968
f 815//4969 2744//4969 811//4969
f 811//4970 2744//4970 2736//4970
f 2737//4971 2745//4971 2739//4971
f 2739//4972 2745//4972 2746//4972
f 2746//4973 2745//4973 2747//4973
f 2740//4974 2748//4974 2729//4974
f 2741//4975 2749//4975 2724//4975
f 2724//4976 2749//4976 2732//4976
f 2742//4977 2750//4977 2725//4977
f 2725//4978 2750//4978 2733//4978
f 2743//4979 2751//4979 2734//4979
f 2734//4980 2751//4980 2742//4980
f 2744//4981 2752//4981 2727//4981
f 820//4982 2752//4982 2744//4982
f 828//4983 2752//4983 824//4983
f 824//4984 2752//4984 820//4984
f 2727//4985 2752//4985 2735//4985
f 2735//4986 2752//4986 2743//4986
f 2747//4987 2753//4987 2754//4987
f 2754//4988 2753//4988 2755//4988
f 2745//4989 2753//4989 2747//4989
f 2729//4990 2756//4990 2737//4990
f 2748//4991 2756//4991 2729//4991
f 2749//4992 2757//4992 2732//4992
f 2732//4993 2757//4993 2740//4993
f 2740//4994 2757//4994 2748//4994
f 2733//4995 2758//4995 2741//4995
f 2750//4996 2758//4996 2733//4996
f 2751//4997 2759//4997 2742//4997
f 2742//4998 2759//4998 2750//4998
f 828//4999 2760//4999 2752//4999
f 2752//5000 2760//5000 2743//5000
f 832//5001 2760//5001 830//5001
f 830//5002 2760//5002 828//5002
f 2755//5003 2761//5003 2762//5003
f 2762//5004 2761//5004 2763//5004
f 2753//5005 2761//5005 2755//5005
f 2737//5006 2764//5006 2745//5006
f 2756//5007 2764//5007 2737//5007
f 2757//5008 2765//5008 2748//5008
f 2758//5009 2766//5009 2741//5009
f 2741//5010 2766//5010 2749//5010
f 2749//5011 2766//5011 2757//5011
f 2759//5012 2767//5012 2750//5012
f 832//5013 2768//5013 2760//5013
f 836//5014 2768//5014 835//5014
f 835//5015 2768//5015 832//5015
f 2760//5016 2768//5016 2743//5016
f 2743//5017 2768//5017 2751//5017
f 2763//5018 2769//5018 2770//5018
f 2770//5019 2769//5019 2771//5019
f 2761//5020 2769//5020 2763//5020
f 2745//5021 2772//5021 2753//5021
f 2764//5022 2772//5022 2745//5022
f 2748//5023 2773//5023 2756//5023
f 2765//5024 2773//5024 2748//5024
f 2766//5025 2774//5025 2757//5025
f 2757//5026 2774//5026 2765//5026
f 2767//5027 2775//5027 2750//5027
f 2750//5028 2775//5028 2758//5028
f 836//5029 2776//5029 2768//5029
f 2768//5030 2776//5030 2751//5030
f 845//5031 2776//5031 839//5031
f 839//5032 2776//5032 836//5032
f 2751//5033 2776//5033 2759//5033
f 2771//5034 2777//5034 2778//5034
f 2769//5035 2777//5035 2771//5035
f 2778//5036 2777//5036 2779//5036
f 2753//5037 2780//5037 2761//5037
f 2772//5038 2780//5038 2753//5038
f 2756//5039 2781//5039 2764//5039
f 2773//5040 2781//5040 2756//5040
f 2774//5041 2782//5041 2765//5041
f 2766//5042 2783//5042 2774//5042
f 2758//5043 2783//5043 2766//5043
f 2775//5044 2783//5044 2758//5044
f 2776//5045 2784//5045 2759//5045
f 2759//5046 2784//5046 2767//5046
f 845//5047 2784//5047 2776//5047
f 851//5048 2784//5048 849//5048
f 849//5049 2784//5049 845//5049
f 2777//5050 2785//5050 2779//5050
f 2779//5051 2785//5051 2786//5051
f 2786//5052 2785//5052 2787//5052
f 2769//5053 2788//5053 2777//5053
f 2780//5054 2788//5054 2761//5054
f 2761//5055 2788//5055 2769//5055
f 2781//5056 2789//5056 2764//5056
f 2764//5057 2789//5057 2772//5057
f 2782//5058 2790//5058 2765//5058
f 2765//5059 2790//5059 2773//5059
f 2783//5060 2791//5060 2774//5060
f 2767//5061 2792//5061 2775//5061
f 2784//5062 2792//5062 2767//5062
f 858//5063 2792//5063 854//5063
f 854//5064 2792//5064 851//5064
f 851//5065 2792//5065 2784//5065
f 2785//5066 2793//5066 2787//5066
f 2787//5067 2793//5067 2794//5067
f 2794//5068 2793//5068 2795//5068
f 2788//5069 2796//5069 2777//5069
f 2772//5070 2797//5070 2780//5070
f 2789//5071 2797//5071 2772//5071
f 2773//5072 2798//5072 2781//5072
f 2790//5073 2798//5073 2773//5073
f 2774//5074 2799//5074 2782//5074
f 2791//5075 2799//5075 2774//5075
f 2775//5076 2800//5076 2783//5076
f 858//5077 2800//5077 2792//5077
f 2792//5078 2800//5078 2775//5078
f 864//5079 2800//5079 860//5079
f 860//5080 2800//5080 858//5080
f 2793//5081 2801//5081 2795//5081
f 2795//5082 2801//5082 2802//5082
f 2802//5083 2801//5083 2803//5083
f 2796//5084 2804//5084 2777//5084
f 2777//5085 2804//5085 2785//5085
f 2780//5086 2805//5086 2788//5086
f 2788//5087 2805//5087 2796//5087
f 2797//5088 2805//5088 2780//5088
f 2789//5089 2806//5089 2797//5089
f 2798//5090 2806//5090 2781//5090
f 2781//5091 2806//5091 2789//5091
f 2799//5092 2807//5092 2782//5092
f 2782//5093 2807//5093 2790//5093
f 864//5094 2808//5094 2800//5094
f 870//5095 2808//5095 866//5095
f 866//5096 2808//5096 864//5096
f 2800//5097 2808//5097 2783//5097
f 2783//5098 2808//5098 2791//5098
f 2803//5099 2809//5099 2810//5099
f 2810//5100 2809//5100 2811//5100
f 2801//5101 2809//5101 2803//5101
f 2804//5102 2812//5102 2785//5102
f 2785//5103 2812//5103 2793//5103
f 2805//5104 2813//5104 2796//5104
f 2806//5105 2814//5105 2797//5105
f 2798//5106 2815//5106 2806//5106
f 2807//5107 2815//5107 2790//5107
f 2790//5108 2815//5108 2798//5108
f 2791//5109 2816//5109 2799//5109
f 2799//5110 2816//5110 2807//5110
f 870//5111 2816//5111 2808//5111
f 876//5112 2816//5112 872//5112
f 872//5113 2816//5113 870//5113
f 2808//5114 2816//5114 2791//5114
f 2811//5115 2817//5115 2818//5115
f 2818//5116 2817//5116 2819//5116
f 2809//5117 2817//5117 2811//5117
f 2812//5118 2820//5118 2793//5118
f 2793//5119 2820//5119 2801//5119
f 2804//5120 2821//5120 2812//5120
f 2813//5121 2821//5121 2796//5121
f 2796//5122 2821//5122 2804//5122
f 2797//5123 2822//5123 2805//5123
f 2814//5124 2822//5124 2797//5124
f 2815//5125 2823//5125 2806//5125
f 2816//5126 2824//5126 2807//5126
f 876//5127 2824//5127 2816//5127
f 882//5128 2824//5128 878//5128
f 878//5129 2824//5129 876//5129
f 2817//5130 2825//5130 2819//5130
f 2819//5131 2825//5131 2826//5131
f 2826//5132 2825//5132 2827//5132
f 2801//5133 2828//5133 2809//5133
f 2820//5134 2828//5134 2801//5134
f 2821//5135 2829//5135 2812//5135
f 2805//5136 2830//5136 2813//5136
f 2822//5137 2830//5137 2805//5137
f 2823//5138 2831//5138 2806//5138
f 2806//5139 2831//5139 2814//5139
f 2824//5140 2832//5140 2807//5140
f 888//5141 2832//5141 884//5141
f 884//5142 2832//5142 882//5142
f 882//5143 2832//5143 2824//5143
f 2807//5144 2832//5144 2815//5144
f 2827//5145 2833//5145 2834//5145
f 2834//5146 2833//5146 2835//5146
f 2825//5147 2833//5147 2827//5147
f 2809//5148 2836//5148 2817//5148
f 2828//5149 2836//5149 2809//5149
f 2812//5150 2837//5150 2820//5150
f 2829//5151 2837//5151 2812//5151
f 2830//5152 2838//5152 2813//5152
f 2813//5153 2838//5153 2821//5153
f 2814//5154 2839//5154 2822//5154
f 2831//5155 2839//5155 2814//5155
f 2815//5156 2840//5156 2823//5156
f 893//5157 2840//5157 890//5157
f 890//5158 2840//5158 888//5158
f 2832//5159 2840//5159 2815//5159
f 888//5160 2840//5160 2832//5160
f 2835//5161 2841//5161 2842//5161
f 2842//5162 2841//5162 2843//5162
f 2833//5163 2841//5163 2835//5163
f 2817//5164 2844//5164 2825//5164
f 2836//5165 2844//5165 2817//5165
f 2837//5166 2845//5166 2820//5166
f 2820//5167 2845//5167 2828//5167
f 2821//5168 2846//5168 2829//5168
f 2838//5169 2846//5169 2821//5169
f 2822//5170 2847//5170 2830//5170
f 2839//5171 2847//5171 2822//5171
f 2830//5172 2847//5172 2838//5172
f 893//5173 2848//5173 2840//5173
f 900//5174 2848//5174 896//5174
f 896//5175 2848//5175 893//5175
f 2840//5176 2848//5176 2823//5176
f 2823//5177 2848//5177 2831//5177
f 2843//5178 2849//5178 2850//5178
f 2850//5179 2849//5179 2851//5179
f 2841//5180 2849//5180 2843//5180
f 2844//5181 2852//5181 2825//5181
f 2825//5182 2852//5182 2833//5182
f 2845//5183 2853//5183 2828//5183
f 2836//5184 2853//5184 2844//5184
f 2828//5185 2853//5185 2836//5185
f 2837//5186 2854//5186 2845//5186
f 2846//5187 2854//5187 2829//5187
f 2829//5188 2854//5188 2837//5188
f 2847//5189 2855//5189 2838//5189
f 2831//5190 2856//5190 2839//5190
f 900//5191 2856//5191 2848//5191
f 906//5192 2856//5192 903//5192
f 903//5193 2856//5193 900//5193
f 2848//5194 2856//5194 2831//5194
f 2849//5195 2857//5195 2851//5195
f 2851//5196 2857//5196 2858//5196
f 2858//5197 2857//5197 2859//5197
f 2833//5198 2860//5198 2841//5198
f 2841//5199 2860//5199 2849//5199
f 2852//5200 2860//5200 2833//5200
f 2853//5201 2861//5201 2844//5201
f 2845//5202 2862//5202 2853//5202
f 2854//5203 2862//5203 2845//5203
f 2838//5204 2863//5204 2846//5204
f 2855//5205 2863//5205 2838//5205
f 2856//5206 2864//5206 2839//5206
f 906//5207 2864//5207 2856//5207
f 911//5208 2864//5208 908//5208
f 908//5209 2864//5209 906//5209
f 2839//5210 2864//5210 2847//5210
f 2859//5211 2865//5211 2866//5211
f 2866//5212 2865//5212 2867//5212
f 2857//5213 2865//5213 2859//5213
f 2860//5214 2868//5214 2849//5214
f 2844//5215 2869//5215 2852//5215
f 2861//5216 2869//5216 2844//5216
f 2862//5217 2870//5217 2853//5217
f 2846//5218 2871//5218 2854//5218
f 2863//5219 2871//5219 2846//5219
f 2854//5220 2871//5220 2862//5220
f 2847//5221 2872//5221 2855//5221
f 2864//5222 2872//5222 2847//5222
f 917//5223 2872//5223 915//5223
f 915//5224 2872//5224 911//5224
f 911//5225 2872//5225 2864//5225
f 2867//5226 2873//5226 2874//5226
f 2874//5227 2873//5227 2875//5227
f 2865//5228 2873//5228 2867//5228
f 2868//5229 2876//5229 2849//5229
f 2849//5230 2876//5230 2857//5230
f 2852//5231 2877//5231 2860//5231
f 2860//5232 2877//5232 2868//5232
f 2869//5233 2877//5233 2852//5233
f 2870//5234 2878//5234 2853//5234
f 2853//5235 2878//5235 2861//5235
f 2871//5236 2879//5236 2862//5236
f 2872//5237 2880//5237 2855//5237
f 1079//5238 2880//5238 921//5238
f 921//5239 2880//5239 917//5239
f 917//5240 2880//5240 2872//5240
f 2855//5241 2880//5241 2863//5241
f 2863//5242 2880//5242 2871//5242
f 2875//5243 2881//5243 2882//5243
f 2882//5244 2881//5244 2883//5244
f 2873//5245 2881//5245 2875//5245
f 2876//5246 2884//5246 2857//5246
f 2857//5247 2884//5247 2865//5247
f 2877//5248 2885//5248 2868//5248
f 2861//5249 2886//5249 2869//5249
f 2869//5250 2886//5250 2877//5250
f 2878//5251 2886//5251 2861//5251
f 2862//5252 2887//5252 2870//5252
f 2879//5253 2887//5253 2862//5253
f 1079//5254 2888//5254 2880//5254
f 1090//5255 2888//5255 1087//5255
f 1087//5256 2888//5256 1079//5256
f 2880//5257 2888//5257 2871//5257
f 2883//5258 2889//5258 2890//5258
f 2881//5259 2889//5259 2883//5259
f 2890//5260 2889//5260 2891//5260
f 2865//5261 2892//5261 2873//5261
f 2884//5262 2892//5262 2865//5262
f 2885//5263 2893//5263 2868//5263
f 2868//5264 2893//5264 2876//5264
f 2886//5265 2894//5265 2877//5265
f 2870//5266 2895//5266 2878//5266
f 2887//5267 2895//5267 2870//5267
f 1090//5268 2896//5268 2888//5268
f 2871//5269 2896//5269 2879//5269
f 1099//5270 2896//5270 1095//5270
f 1095//5271 2896//5271 1090//5271
f 2888//5272 2896//5272 2871//5272
f 2891//5273 2897//5273 2898//5273
f 2898//5274 2897//5274 2899//5274
f 2889//5275 2897//5275 2891//5275
f 2892//5276 2900//5276 2873//5276
f 2873//5277 2900//5277 2881//5277
f 2893//5278 2901//5278 2876//5278
f 2876//5279 2901//5279 2884//5279
f 2877//5280 2902//5280 2885//5280
f 2894//5281 2902//5281 2877//5281
f 2878//5282 2903//5282 2886//5282
f 2895//5283 2903//5283 2878//5283
f 2879//5284 2904//5284 2887//5284
f 2896//5285 2904//5285 2879//5285
f 1099//5286 2904//5286 2896//5286
f 1107//5287 2904//5287 1102//5287
f 1102//5288 2904//5288 1099//5288
f 2899//5289 2905//5289 2906//5289
f 2906//5290 2905//5290 2907//5290
f 2897//5291 2905//5291 2899//5291
f 2900//5292 2908//5292 2881//5292
f 2881//5293 2908//5293 2889//5293
f 2901//5294 2909//5294 2884//5294
f 2892//5295 2909//5295 2900//5295
f 2884//5296 2909//5296 2892//5296
f 2902//5297 2910//5297 2885//5297
f 2893//5298 2910//5298 2901//5298
f 2885//5299 2910//5299 2893//5299
f 2886//5300 2911//5300 2894//5300
f 2903//5301 2911//5301 2886//5301
f 2904//5302 2912//5302 2887//5302
f 2887//5303 2912//5303 2895//5303
f 1115//5304 2912//5304 1108//5304
f 1108//5305 2912//5305 1107//5305
f 1107//5306 2912//5306 2904//5306
f 2895//5307 2912//5307 2903//5307
f 2905//5308 2913//5308 2907//5308
f 2907//5309 2913//5309 2914//5309
f 2914//5310 2913//5310 2915//5310
f 2889//5311 2916//5311 2897//5311
f 2908//5312 2916//5312 2889//5312
f 2909//5313 2917//5313 2900//5313
f 2910//5314 2918//5314 2901//5314
f 2894//5315 2919//5315 2902//5315
f 2911//5316 2919//5316 2894//5316
f 1122//5317 2920//5317 1118//5317
f 1118//5318 2920//5318 1115//5318
f 2912//5319 2920//5319 2903//5319
f 1115//5320 2920//5320 2912//5320
f 2915//5321 2921//5321 2922//5321
f 2922//5322 2921//5322 2923//5322
f 2913//5323 2921//5323 2915//5323
f 2897//5324 2924//5324 2905//5324
f 2916//5325 2924//5325 2897//5325
f 2900//5326 2925//5326 2908//5326
f 2917//5327 2925//5327 2900//5327
f 2918//5328 2926//5328 2901//5328
f 2901//5329 2926//5329 2909//5329
f 2919//5330 2927//5330 2902//5330
f 2902//5331 2927//5331 2910//5331
f 1130//5332 2928//5332 1123//5332
f 1123//5333 2928//5333 1122//5333
f 1122//5334 2928//5334 2920//5334
f 2903//5335 2928//5335 2911//5335
f 2920//5336 2928//5336 2903//5336
f 2923//5337 2929//5337 2930//5337
f 2930//5338 2929//5338 2931//5338
f 2921//5339 2929//5339 2923//5339
f 2905//5340 2932//5340 2913//5340
f 2924//5341 2932//5341 2905//5341
f 2913//5342 2932//5342 2921//5342
f 2908//5343 2933//5343 2916//5343
f 2925//5344 2933//5344 2908//5344
f 2909//5345 2934//5345 2917//5345
f 2917//5346 2934//5346 2925//5346
f 2926//5347 2934//5347 2909//5347
f 2918//5348 2935//5348 2926//5348
f 2910//5349 2935//5349 2918//5349
f 2927//5350 2935//5350 2910//5350
f 2928//5351 2936//5351 2911//5351
f 1136//5352 2936//5352 1131//5352
f 1131//5353 2936//5353 1130//5353
f 1130//5354 2936//5354 2928//5354
f 2911//5355 2936//5355 2919//5355
f 2919//5356 2936//5356 2927//5356
f 2931//5357 2937//5357 2938//5357
f 2938//5358 2937//5358 2939//5358
f 2929//5359 2937//5359 2931//5359
f 2932//5360 2940//5360 2921//5360
f 2924//5361 2941//5361 2932//5361
f 2933//5362 2941//5362 2916//5362
f 2916//5363 2941//5363 2924//5363
f 2934//5364 2942//5364 2925//5364
f 2935//5365 2943//5365 2926//5365
f 2936//5366 2944//5366 2927//5366
f 1136//5367 2944//5367 2936//5367
f 1143//5368 2944//5368 1139//5368
f 1139//5369 2944//5369 1136//5369
f 2937//5370 2945//5370 2939//5370
f 2939//5371 2945//5371 2946//5371
f 2946//5372 2945//5372 2947//5372
f 2921//5373 2948//5373 2929//5373
f 2940//5374 2948//5374 2921//5374
f 2941//5375 2949//5375 2932//5375
f 2925//5376 2950//5376 2933//5376
f 2942//5377 2950//5377 2925//5377
f 2926//5378 2951//5378 2934//5378
f 2943//5379 2951//5379 2926//5379
f 1152//5380 2952//5380 1151//5380
f 1151//5381 2952//5381 1143//5381
f 2935//5382 2952//5382 2943//5382
f 1143//5383 2952//5383 2944//5383
f 2944//5384 2952//5384 2927//5384
f 2927//5385 2952//5385 2935//5385
f 2945//5386 2953//5386 2947//5386
f 2947//5387 2953//5387 2954//5387
f 2954//5388 2953//5388 2955//5388
f 2929//5389 2956//5389 2937//5389
f 2948//5390 2956//5390 2929//5390
f 2937//5391 2956//5391 2945//5391
f 2932//5392 2957//5392 2940//5392
f 2949//5393 2957//5393 2932//5393
f 2933//5394 2958//5394 2941//5394
f 2950//5395 2958//5395 2933//5395
f 2934//5396 2959//5396 2942//5396
f 2951//5397 2959//5397 2934//5397
f 1162//5398 2960//5398 1159//5398
f 1159//5399 2960//5399 1152//5399
f 2952//5400 2960//5400 2943//5400
f 1152//5401 2960//5401 2952//5401
f 2953//5402 2961//5402 2955//5402
f 2955//5403 2961//5403 2962//5403
f 2962//5404 2961//5404 2963//5404
f 2956//5405 2964//5405 2945//5405
f 2957//5406 2965//5406 2940//5406
f 2940//5407 2965//5407 2948//5407
f 2948//5408 2965//5408 2956//5408
f 2958//5409 2966//5409 2941//5409
f 2941//5410 2966//5410 2949//5410
f 2949//5411 2966//5411 2957//5411
f 2942//5412 2967//5412 2950//5412
f 2959//5413 2967//5413 2942//5413
f 1171//5414 2968//5414 1166//5414
f 1166//5415 2968//5415 1162//5415
f 2943//5416 2968//5416 2951//5416
f 1162//5417 2968//5417 2960//5417
f 2960//5418 2968//5418 2943//5418
f 2963//5419 2969//5419 2970//5419
f 2970//5420 2969//5420 2971//5420
f 2961//5421 2969//5421 2963//5421
f 2945//5422 2972//5422 2953//5422
f 2964//5423 2972//5423 2945//5423
f 2965//5424 2973//5424 2956//5424
f 2966//5425 2974//5425 2957//5425
f 2967//5426 2975//5426 2950//5426
f 2958//5427 2975//5427 2966//5427
f 2950//5428 2975//5428 2958//5428
f 2968//5429 2976//5429 2951//5429
f 1175//5430 2976//5430 1173//5430
f 1173//5431 2976//5431 1171//5431
f 1171//5432 2976//5432 2968//5432
f 2951//5433 2976//5433 2959//5433
f 2971//5434 2977//5434 2978//5434
f 2978//5435 2977//5435 2979//5435
f 2969//5436 2977//5436 2971//5436
f 2961//5437 2980//5437 2969//5437
f 2972//5438 2980//5438 2953//5438
f 2953//5439 2980//5439 2961//5439
f 2973//5440 2981//5440 2956//5440
f 2956//5441 2981//5441 2964//5441
f 2957//5442 2982//5442 2965//5442
f 2974//5443 2982//5443 2957//5443
f 2966//5444 2983//5444 2974//5444
f 2975//5445 2983//5445 2966//5445
f 2976//5446 2984//5446 2959//5446
f 1186//5447 2984//5447 1183//5447
f 1183//5448 2984//5448 1175//5448
f 2959//5449 2984//5449 2967//5449
f 1175//5450 2984//5450 2976//5450
f 2979//5451 2985//5451 2986//5451
f 2986//5452 2985//5452 2987//5452
f 2977//5453 2985//5453 2979//5453
f 2980//5454 2988//5454 2969//5454
f 2964//5455 2989//5455 2972//5455
f 2981//5456 2989//5456 2964//5456
f 2973//5457 2990//5457 2981//5457
f 2982//5458 2990//5458 2965//5458
f 2965//5459 2990//5459 2973//5459
f 2983//5460 2991//5460 2974//5460
f 2967//5461 2992//5461 2975//5461
f 1194//5462 2992//5462 1190//5462
f 1190//5463 2992//5463 1186//5463
f 1186//5464 2992//5464 2984//5464
f 2984//5465 2992//5465 2967//5465
f 2985//5466 2993//5466 2987//5466
f 2987//5467 2993//5467 2994//5467
f 2994//5468 2993//5468 2995//5468
f 2988//5469 2996//5469 2969//5469
f 2969//5470 2996//5470 2977//5470
f 2972//5471 2997//5471 2980//5471
f 2980//5472 2997//5472 2988//5472
f 2989//5473 2997//5473 2972//5473
f 2990//5474 2998//5474 2981//5474
f 2981//5475 2998//5475 2989//5475
f 2974//5476 2999//5476 2982//5476
f 2991//5477 2999//5477 2974//5477
f 1202//5478 3000//5478 1198//5478
f 1198//5479 3000//5479 1194//5479
f 1194//5480 3000//5480 2992//5480
f 2975//5481 3000//5481 2983//5481
f 2992//5482 3000//5482 2975//5482
f 2995//5483 3001//5483 3002//5483
f 3002//5484 3001//5484 3003//5484
f 2993//5485 3001//5485 2995//5485
f 2996//5486 3004//5486 2977//5486
f 2985//5487 3004//5487 2993//5487
f 2977//5488 3004//5488 2985//5488
f 2988//5489 3005//5489 2996//5489
f 2997//5490 3005//5490 2988//5490
f 2998//5491 3006//5491 2989//5491
f 2982//5492 3007//5492 2990//5492
f 2999//5493 3007//5493 2982//5493
f 1209//5494 3008//5494 1203//5494
f 1203//5495 3008//5495 1202//5495
f 1202//5496 3008//5496 3000//5496
f 2983//5497 3008//5497 2991//5497
f 2991//5498 3008//5498 2999//5498
f 3000//5499 3008//5499 2983//5499
f 3001//5500 3009//5500 3003//5500
f 3003//5501 3009//5501 3010//5501
f 3010//5502 3009//5502 3011//5502
f 3004//5503 3012//5503 2993//5503
f 3005//5504 3013//5504 2996//5504
f 2989//5505 3014//5505 2997//5505
f 3006//5506 3014//5506 2989//5506
f 2990//5507 3015//5507 2998//5507
f 2998//5508 3015//5508 3006//5508
f 3007//5509 3015//5509 2990//5509
f 936//5510 3016//5510 1211//5510
f 1211//5511 3016//5511 1209//5511
f 1209//5512 3016//5512 3008//5512
f 3008//5513 3016//5513 2999//5513
f 3011//5514 3017//5514 3018//5514
f 3018//5515 3017//5515 3019//5515
f 3009//5516 3017//5516 3011//5516
f 2993//5517 3020//5517 3001//5517
f 3012//5518 3020//5518 2993//5518
f 3013//5519 3021//5519 2996//5519
f 2996//5520 3021//5520 3004//5520
f 2997//5521 3022//5521 3005//5521
f 3014//5522 3022//5522 2997//5522
f 3015//5523 3023//5523 3006//5523
f 934//5524 3024//5524 935//5524
f 935//5525 3024//5525 936//5525
f 936//5526 3024//5526 3016//5526
f 3007//5527 3024//5527 3015//5527
f 2999//5528 3024//5528 3007//5528
f 3016//5529 3024//5529 2999//5529
f 3019//5530 3025//5530 3026//5530
f 3017//5531 3025//5531 3019//5531
f 3026//5532 3025//5532 3027//5532
f 3020//5533 3028//5533 3001//5533
f 3001//5534 3028//5534 3009//5534
f 3004//5535 3029//5535 3012//5535
f 3021//5536 3029//5536 3004//5536
f 3012//5537 3029//5537 3020//5537
f 3013//5538 3030//5538 3021//5538
f 3022//5539 3030//5539 3005//5539
f 3005//5540 3030//5540 3013//5540
f 3023//5541 3031//5541 3006//5541
f 3006//5542 3031//5542 3014//5542
f 932//5543 3032//5543 933//5543
f 933//5544 3032//5544 934//5544
f 3024//5545 3032//5545 3015//5545
f 3015//5546 3032//5546 3023//5546
f 934//5547 3032//5547 3024//5547
f 3025//5548 3033//5548 3027//5548
f 3027//5549 3033//5549 3034//5549
f 3034//5550 3033//5550 3035//5550
f 3009//5551 3036//5551 3017//5551
f 3028//5552 3036//5552 3009//5552
f 3020//5553 3037//5553 3028//5553
f 3029//5554 3037//5554 3020//5554
f 3030//5555 3038//5555 3021//5555
f 3031//5556 3039//5556 3014//5556
f 3014//5557 3039//5557 3022//5557
f 930//5558 3040//5558 931//5558
f 931//5559 3040//5559 932//5559
f 3023//5560 3040//5560 3031//5560
f 3032//5561 3040//5561 3023//5561
f 932//5562 3040//5562 3032//5562
f 3033//5563 3041//5563 3035//5563
f 3035//5564 3041//5564 3042//5564
f 3042//5565 3041//5565 3043//5565
f 3017//5566 3044//5566 3025//5566
f 3036//5567 3044//5567 3017//5567
f 3028//5568 3045//5568 3036//5568
f 3037//5569 3045//5569 3028//5569
f 3021//5570 3046//5570 3029//5570
f 3038//5571 3046//5571 3021//5571
f 3022//5572 3047//5572 3030//5572
f 3039//5573 3047//5573 3022//5573
f 929//5574 3048//5574 930//5574
f 930//5575 3048//5575 3040//5575
f 3040//5576 3048//5576 3031//5576
f 928//5577 3048//5577 929//5577
f 3041//5578 3049//5578 3043//5578
f 3043//5579 3049//5579 3050//5579
f 3050//5580 3049//5580 3051//5580
f 3025//5581 3052//5581 3033//5581
f 3044//5582 3052//5582 3025//5582
f 3045//5583 3053//5583 3036//5583
f 3029//5584 3054//5584 3037//5584
f 3046//5585 3054//5585 3029//5585
f 3030//5586 3055//5586 3038//5586
f 3047//5587 3055//5587 3030//5587
f 3048//5588 3056//5588 3031//5588
f 3031//5589 3056//5589 3039//5589
f 928//5590 3056//5590 3048//5590
f 926//5591 3056//5591 927//5591
f 927//5592 3056//5592 928//5592
f 3049//5593 3057//5593 3051//5593
f 3051//5594 3057//5594 3058//5594
f 3058//5595 3057//5595 3059//5595
f 3052//5596 3060//5596 3033//5596
f 3033//5597 3060//5597 3041//5597
f 3044//5598 3061//5598 3052//5598
f 3036//5599 3061//5599 3044//5599
f 3053//5600 3061//5600 3036//5600
f 3054//5601 3062//5601 3037//5601
f 3037//5602 3062//5602 3045//5602
f 3038//5603 3063//5603 3046//5603
f 3055//5604 3063//5604 3038//5604
f 3047//5605 3064//5605 3055//5605
f 3056//5606 3064//5606 3039//5606
f 926//5607 3064//5607 3056//5607
f 3039//5608 3064//5608 3047//5608
f 924//5609 3064//5609 925//5609
f 925//5610 3064//5610 926//5610
f 3059//5611 3065//5611 3066//5611
f 3066//5612 3065//5612 3067//5612
f 3057//5613 3065//5613 3059//5613
f 3049//5614 3068//5614 3057//5614
f 3060//5615 3068//5615 3041//5615
f 3041//5616 3068//5616 3049//5616
f 3061//5617 3069//5617 3052//5617
f 3045//5618 3070//5618 3053//5618
f 3062//5619 3070//5619 3045//5619
f 3046//5620 3071//5620 3054//5620
f 3054//5621 3071//5621 3062//5621
f 3063//5622 3071//5622 3046//5622
f 924//5623 3072//5623 3064//5623
f 3064//5624 3072//5624 3055//5624
f 922//5625 3072//5625 923//5625
f 923//5626 3072//5626 924//5626
f 3065//5627 3073//5627 3067//5627
f 2610//5628 3073//5628 2607//5628
f 3067//5629 3073//5629 3074//5629
f 3074//5630 3073//5630 2610//5630
f 2607//5631 3073//5631 2621//5631
f 3068//5632 3075//5632 3057//5632
f 3069//5633 3076//5633 3052//5633
f 3060//5634 3076//5634 3068//5634
f 3052//5635 3076//5635 3060//5635
f 3053//5636 3077//5636 3061//5636
f 3061//5637 3077//5637 3069//5637
f 3070//5638 3077//5638 3053//5638
f 3071//5639 3078//5639 3062//5639
f 922//5640 3079//5640 3072//5640
f 3055//5641 3079//5641 3063//5641
f 916//5642 3079//5642 919//5642
f 919//5643 3079//5643 922//5643
f 3072//5644 3079//5644 3055//5644
f 3075//5645 3080//5645 3057//5645
f 3057//5646 3080//5646 3065//5646
f 3065//5647 3080//5647 3073//5647
f 3076//5648 3081//5648 3068//5648
f 3069//5649 3082//5649 3076//5649
f 3077//5650 3082//5650 3069//5650
f 3062//5651 3083//5651 3070//5651
f 3078//5652 3083//5652 3062//5652
f 3063//5653 3084//5653 3071//5653
f 916//5654 3084//5654 3079//5654
f 3079//5655 3084//5655 3063//5655
f 910//5656 3084//5656 913//5656
f 913//5657 3084//5657 916//5657
f 3073//5658 3085//5658 2621//5658
f 3080//5659 3085//5659 3073//5659
f 3068//5660 3086//5660 3075//5660
f 3081//5661 3086//5661 3068//5661
f 3076//5662 3087//5662 3081//5662
f 3082//5663 3087//5663 3076//5663
f 3077//5664 3088//5664 3082//5664
f 3070//5665 3088//5665 3077//5665
f 3083//5666 3088//5666 3070//5666
f 3084//5667 3089//5667 3071//5667
f 3078//5668 3089//5668 3083//5668
f 910//5669 3089//5669 3084//5669
f 3071//5670 3089//5670 3078//5670
f 904//5671 3089//5671 907//5671
f 907//5672 3089//5672 910//5672
f 3086//5673 3090//5673 3075//5673
f 3075//5674 3090//5674 3080//5674
f 3081//5675 3091//5675 3086//5675
f 3087//5676 3091//5676 3081//5676
f 3088//5677 3092//5677 3082//5677
f 3082//5678 3092//5678 3087//5678
f 3083//5679 3093//5679 3088//5679
f 904//5680 3093//5680 3089//5680
f 3089//5681 3093//5681 3083//5681
f 898//5682 3093//5682 901//5682
f 901//5683 3093//5683 904//5683
f 3085//5684 3094//5684 2621//5684
f 3080//5685 3094//5685 3085//5685
f 2621//5686 3094//5686 2631//5686
f 3090//5687 3094//5687 3080//5687
f 3086//5688 3095//5688 3090//5688
f 3091//5689 3095//5689 3086//5689
f 3092//5690 3096//5690 3087//5690
f 3087//5691 3096//5691 3091//5691
f 3093//5692 3097//5692 3088//5692
f 898//5693 3097//5693 3093//5693
f 892//5694 3097//5694 895//5694
f 895//5695 3097//5695 898//5695
f 3095//5696 3098//5696 3090//5696
f 3096//5697 3099//5697 3091//5697
f 3091//5698 3099//5698 3095//5698
f 3097//5699 3100//5699 3088//5699
f 3088//5700 3100//5700 3092//5700
f 887//5701 3100//5701 889//5701
f 889//5702 3100//5702 892//5702
f 892//5703 3100//5703 3097//5703
f 2631//5704 3101//5704 2643//5704
f 3090//5705 3101//5705 3094//5705
f 3094//5706 3101//5706 2631//5706
f 3098//5707 3101//5707 3090//5707
f 3095//5708 3102//5708 3098//5708
f 3099//5709 3102//5709 3095//5709
f 887//5710 3103//5710 3100//5710
f 3092//5711 3103//5711 3096//5711
f 881//5712 3103//5712 883//5712
f 883//5713 3103//5713 887//5713
f 3100//5714 3103//5714 3092//5714
f 3102//5715 3104//5715 3098//5715
f 3099//5716 3105//5716 3102//5716
f 881//5717 3105//5717 3103//5717
f 3096//5718 3105//5718 3099//5718
f 3103//5719 3105//5719 3096//5719
f 874//5720 3105//5720 877//5720
f 877//5721 3105//5721 881//5721
f 3098//5722 3106//5722 3101//5722
f 3104//5723 3106//5723 3098//5723
f 2643//5724 3106//5724 2657//5724
f 3101//5725 3106//5725 2643//5725
f 874//5726 3107//5726 3105//5726
f 868//5727 3107//5727 871//5727
f 871//5728 3107//5728 874//5728
f 3105//5729 3107//5729 3102//5729
f 3102//5730 3108//5730 3104//5730
f 3107//5731 3108//5731 3102//5731
f 868//5732 3108//5732 3107//5732
f 863//5733 3108//5733 865//5733
f 865//5734 3108//5734 868//5734
f 3106//5735 3109//5735 2657//5735
f 863//5736 3109//5736 3108//5736
f 2657//5737 3109//5737 2609//5737
f 857//5738 3109//5738 859//5738
f 3104//5739 3109//5739 3106//5739
f 859//5740 3109//5740 863//5740
f 2609//5741 3109//5741 857//5741
f 3108//5742 3109//5742 3104//5742
f 3110//5743 3111//5743 3112//5743
f 784//5744 782//5744 3113//5744
f 3114//5745 3111//5745 3110//5745
f 786//5746 784//5746 3113//5746
f 3112//5747 3115//5747 3116//5747
f 3116//5748 3115//5748 3117//5748
f 3111//5749 3115//5749 3112//5749
f 3117//5750 3118//5750 3119//5750
f 3119//5751 3118//5751 3120//5751
f 3115//5752 3118//5752 3117//5752
f 3120//5753 3121//5753 3122//5753
f 3122//5754 3121//5754 3123//5754
f 3118//5755 3121//5755 3120//5755
f 3111//5756 3124//5756 3115//5756
f 3125//5757 3124//5757 3111//5757
f 3121//5758 3126//5758 3123//5758
f 3123//5759 3126//5759 3127//5759
f 3127//5760 3126//5760 3128//5760
f 3124//5761 3129//5761 3115//5761
f 3115//5762 3129//5762 3118//5762
f 3128//5763 3130//5763 3131//5763
f 3131//5764 3130//5764 3132//5764
f 3126//5765 3130//5765 3128//5765
f 3118//5766 3133//5766 3121//5766
f 3129//5767 3133//5767 3118//5767
f 3125//5768 3134//5768 3124//5768
f 3135//5769 3134//5769 3125//5769
f 3132//5770 3136//5770 3137//5770
f 3137//5771 3136//5771 3138//5771
f 3130//5772 3136//5772 3132//5772
f 3133//5773 3139//5773 3121//5773
f 3121//5774 3139//5774 3126//5774
f 3124//5775 3140//5775 3129//5775
f 3134//5776 3140//5776 3124//5776
f 3138//5777 3141//5777 3142//5777
f 3142//5778 3141//5778 3143//5778
f 3136//5779 3141//5779 3138//5779
f 3126//5780 3144//5780 3130//5780
f 3139//5781 3144//5781 3126//5781
f 3140//5782 3145//5782 3129//5782
f 3129//5783 3145//5783 3133//5783
f 3135//5784 3146//5784 3134//5784
f 3147//5785 3146//5785 3135//5785
f 3143//5786 3148//5786 3149//5786
f 3149//5787 3148//5787 3150//5787
f 3141//5788 3148//5788 3143//5788
f 3130//5789 3151//5789 3136//5789
f 3144//5790 3151//5790 3130//5790
f 3145//5791 3152//5791 3133//5791
f 3133//5792 3152//5792 3139//5792
f 3146//5793 3153//5793 3134//5793
f 3134//5794 3153//5794 3140//5794
f 3150//5795 3154//5795 3155//5795
f 3155//5796 3154//5796 3156//5796
f 3148//5797 3154//5797 3150//5797
f 3136//5798 3157//5798 3141//5798
f 3151//5799 3157//5799 3136//5799
f 3139//5800 3158//5800 3144//5800
f 3152//5801 3158//5801 3139//5801
f 3140//5802 3159//5802 3145//5802
f 3153//5803 3159//5803 3140//5803
f 3147//5804 3160//5804 3146//5804
f 3161//5805 3160//5805 3147//5805
f 3156//5806 3162//5806 3163//5806
f 3163//5807 3162//5807 3164//5807
f 3154//5808 3162//5808 3156//5808
f 3141//5809 3165//5809 3148//5809
f 3157//5810 3165//5810 3141//5810
f 3158//5811 3166//5811 3144//5811
f 3144//5812 3166//5812 3151//5812
f 3145//5813 3167//5813 3152//5813
f 3159//5814 3167//5814 3145//5814
f 3160//5815 3168//5815 3146//5815
f 3146//5816 3168//5816 3153//5816
f 3162//5817 3169//5817 3164//5817
f 3164//5818 3169//5818 3170//5818
f 3170//5819 3169//5819 3171//5819
f 3148//5820 3172//5820 3154//5820
f 3165//5821 3172//5821 3148//5821
f 3166//5822 3173//5822 3151//5822
f 3151//5823 3173//5823 3157//5823
f 3167//5824 3174//5824 3152//5824
f 3152//5825 3174//5825 3158//5825
f 3168//5826 3175//5826 3153//5826
f 3153//5827 3175//5827 3159//5827
f 3113//5828 3176//5828 3161//5828
f 782//5829 3176//5829 3113//5829
f 3161//5830 3176//5830 3160//5830
f 778//5831 3176//5831 780//5831
f 780//5832 3176//5832 782//5832
f 3171//5833 3177//5833 3178//5833
f 3178//5834 3177//5834 3179//5834
f 3169//5835 3177//5835 3171//5835
f 3154//5836 3180//5836 3162//5836
f 3172//5837 3180//5837 3154//5837
f 3173//5838 3181//5838 3157//5838
f 3165//5839 3181//5839 3172//5839
f 3157//5840 3181//5840 3165//5840
f 3158//5841 3182//5841 3166//5841
f 3174//5842 3182//5842 3158//5842
f 3159//5843 3183//5843 3167//5843
f 3175//5844 3183//5844 3159//5844
f 778//5845 3184//5845 3176//5845
f 3176//5846 3184//5846 3160//5846
f 3160//5847 3184//5847 3168//5847
f 774//5848 3184//5848 776//5848
f 776//5849 3184//5849 778//5849
f 3179//5850 3185//5850 3186//5850
f 3186//5851 3185//5851 3187//5851
f 3177//5852 3185//5852 3179//5852
f 3180//5853 3188//5853 3162//5853
f 3162//5854 3188//5854 3169//5854
f 3181//5855 3189//5855 3172//5855
f 3172//5856 3189//5856 3180//5856
f 3182//5857 3190//5857 3166//5857
f 3166//5858 3190//5858 3173//5858
f 3183//5859 3191//5859 3167//5859
f 3167//5860 3191//5860 3174//5860
f 3184//5861 3192//5861 3168//5861
f 774//5862 3192//5862 3184//5862
f 770//5863 3192//5863 772//5863
f 772//5864 3192//5864 774//5864
f 3168//5865 3192//5865 3175//5865
f 3185//5866 3193//5866 3187//5866
f 3187//5867 3193//5867 3194//5867
f 3194//5868 3193//5868 3195//5868
f 3169//5869 3196//5869 3177//5869
f 3188//5870 3196//5870 3169//5870
f 3189//5871 3197//5871 3180//5871
f 3190//5872 3198//5872 3173//5872
f 3181//5873 3198//5873 3189//5873
f 3173//5874 3198//5874 3181//5874
f 3191//5875 3199//5875 3174//5875
f 3174//5876 3199//5876 3182//5876
f 3192//5877 3200//5877 3175//5877
f 770//5878 3200//5878 3192//5878
f 3175//5879 3200//5879 3183//5879
f 766//5880 3200//5880 768//5880
f 768//5881 3200//5881 770//5881
f 3195//5882 3201//5882 3202//5882
f 3202//5883 3201//5883 3203//5883
f 3193//5884 3201//5884 3195//5884
f 3196//5885 3204//5885 3177//5885
f 3177//5886 3204//5886 3185//5886
f 3197//5887 3205//5887 3180//5887
f 3180//5888 3205//5888 3188//5888
f 3198//5889 3206//5889 3189//5889
f 3182//5890 3207//5890 3190//5890
f 3199//5891 3207//5891 3182//5891
f 766//5892 3208//5892 3200//5892
f 3200//5893 3208//5893 3183//5893
f 3183//5894 3208//5894 3191//5894
f 762//5895 3208//5895 764//5895
f 764//5896 3208//5896 766//5896
f 3203//5897 3209//5897 3210//5897
f 3210//5898 3209//5898 3211//5898
f 3201//5899 3209//5899 3203//5899
f 3204//5900 3212//5900 3185//5900
f 3185//5901 3212//5901 3193//5901
f 3188//5902 3213//5902 3196//5902
f 3205//5903 3213//5903 3188//5903
f 3189//5904 3214//5904 3197//5904
f 3206//5905 3214//5905 3189//5905
f 3207//5906 3215//5906 3190//5906
f 3190//5907 3215//5907 3198//5907
f 3199//5908 3216//5908 3207//5908
f 762//5909 3216//5909 3208//5909
f 3208//5910 3216//5910 3191//5910
f 758//5911 3216//5911 760//5911
f 760//5912 3216//5912 762//5912
f 3191//5913 3216//5913 3199//5913
f 3211//5914 3217//5914 3218//5914
f 3218//5915 3217//5915 3219//5915
f 3209//5916 3217//5916 3211//5916
f 3193//5917 3220//5917 3201//5917
f 3212//5918 3220//5918 3193//5918
f 3213//5919 3221//5919 3196//5919
f 3196//5920 3221//5920 3204//5920
f 3197//5921 3222//5921 3205//5921
f 3214//5922 3222//5922 3197//5922
f 3215//5923 3223//5923 3198//5923
f 3198//5924 3223//5924 3206//5924
f 758//5925 3224//5925 3216//5925
f 3216//5926 3224//5926 3207//5926
f 754//5927 3224//5927 756//5927
f 756//5928 3224//5928 758//5928
f 3217//5929 3225//5929 3219//5929
f 3219//5930 3225//5930 3226//5930
f 3226//5931 3225//5931 3227//5931
f 3201//5932 3228//5932 3209//5932
f 3220//5933 3228//5933 3201//5933
f 3204//5934 3229//5934 3212//5934
f 3221//5935 3229//5935 3204//5935
f 3222//5936 3230//5936 3205//5936
f 3205//5937 3230//5937 3213//5937
f 3223//5938 3231//5938 3206//5938
f 3206//5939 3231//5939 3214//5939
f 754//5940 3232//5940 3224//5940
f 3224//5941 3232//5941 3207//5941
f 755//5942 3232//5942 753//5942
f 753//5943 3232//5943 754//5943
f 3207//5944 3232//5944 3215//5944
f 3225//5945 3233//5945 3227//5945
f 3227//5946 3233//5946 3234//5946
f 3234//5947 3233//5947 3235//5947
f 3228//5948 3236//5948 3209//5948
f 3209//5949 3236//5949 3217//5949
f 3229//5950 3237//5950 3212//5950
f 3212//5951 3237//5951 3220//5951
f 3230//5952 3238//5952 3213//5952
f 3213//5953 3238//5953 3221//5953
f 3221//5954 3238//5954 3229//5954
f 3231//5955 3239//5955 3214//5955
f 3214//5956 3239//5956 3222//5956
f 755//5957 3240//5957 3232//5957
f 3232//5958 3240//5958 3215//5958
f 3215//5959 3240//5959 3223//5959
f 759//5960 3240//5960 757//5960
f 757//5961 3240//5961 755//5961
f 3235//5962 3241//5962 3242//5962
f 3242//5963 3241//5963 3243//5963
f 3233//5964 3241//5964 3235//5964
f 3217//5965 3244//5965 3225//5965
f 3225//5966 3244//5966 3233//5966
f 3236//5967 3244//5967 3217//5967
f 3237//5968 3245//5968 3220//5968
f 3220//5969 3245//5969 3228//5969
f 3238//5970 3246//5970 3229//5970
f 3230//5971 3247//5971 3238//5971
f 3239//5972 3247//5972 3222//5972
f 3222//5973 3247//5973 3230//5973
f 3240//5974 3248//5974 3223//5974
f 3223//5975 3248//5975 3231//5975
f 763//5976 3248//5976 761//5976
f 761//5977 3248//5977 759//5977
f 759//5978 3248//5978 3240//5978
f 3241//5979 3249//5979 3243//5979
f 3243//5980 3249//5980 3250//5980
f 3250//5981 3249//5981 3251//5981
f 3244//5982 3252//5982 3233//5982
f 3245//5983 3253//5983 3228//5983
f 3228//5984 3253//5984 3236//5984
f 3246//5985 3254//5985 3229//5985
f 3229//5986 3254//5986 3237//5986
f 3247//5987 3255//5987 3238//5987
f 3238//5988 3255//5988 3246//5988
f 3248//5989 3256//5989 3231//5989
f 763//5990 3256//5990 3248//5990
f 767//5991 3256//5991 765//5991
f 765//5992 3256//5992 763//5992
f 3231//5993 3256//5993 3239//5993
f 3239//5994 3256//5994 3247//5994
f 3251//5995 3257//5995 3258//5995
f 3258//5996 3257//5996 3259//5996
f 3249//5997 3257//5997 3251//5997
f 3233//5998 3260//5998 3241//5998
f 3252//5999 3260//5999 3233//5999
f 3253//6000 3261//6000 3236//6000
f 3236//6001 3261//6001 3244//6001
f 3244//6002 3261//6002 3252//6002
f 3237//6003 3262//6003 3245//6003
f 3254//6004 3262//6004 3237//6004
f 3255//6005 3263//6005 3246//6005
f 3246//6006 3263//6006 3254//6006
f 767//6007 3264//6007 3256//6007
f 3256//6008 3264//6008 3247//6008
f 771//6009 3264//6009 769//6009
f 769//6010 3264//6010 767//6010
f 3259//6011 3265//6011 3266//6011
f 3266//6012 3265//6012 3267//6012
f 3257//6013 3265//6013 3259//6013
f 3241//6014 3268//6014 3249//6014
f 3260//6015 3268//6015 3241//6015
f 3261//6016 3269//6016 3252//6016
f 3262//6017 3270//6017 3245//6017
f 3245//6018 3270//6018 3253//6018
f 3253//6019 3270//6019 3261//6019
f 3263//6020 3271//6020 3254//6020
f 771//6021 3272//6021 3264//6021
f 775//6022 3272//6022 773//6022
f 773//6023 3272//6023 771//6023
f 3264//6024 3272//6024 3247//6024
f 3247//6025 3272//6025 3255//6025
f 3267//6026 3273//6026 3274//6026
f 3274//6027 3273//6027 3275//6027
f 3265//6028 3273//6028 3267//6028
f 3249//6029 3276//6029 3257//6029
f 3268//6030 3276//6030 3249//6030
f 3252//6031 3277//6031 3260//6031
f 3269//6032 3277//6032 3252//6032
f 3270//6033 3278//6033 3261//6033
f 3261//6034 3278//6034 3269//6034
f 3271//6035 3279//6035 3254//6035
f 3254//6036 3279//6036 3262//6036
f 775//6037 3280//6037 3272//6037
f 3272//6038 3280//6038 3255//6038
f 779//6039 3280//6039 777//6039
f 777//6040 3280//6040 775//6040
f 3255//6041 3280//6041 3263//6041
f 3275//6042 3281//6042 3282//6042
f 3273//6043 3281//6043 3275//6043
f 3282//6044 3281//6044 3283//6044
f 3257//6045 3284//6045 3265//6045
f 3276//6046 3284//6046 3257//6046
f 3260//6047 3285//6047 3268//6047
f 3277//6048 3285//6048 3260//6048
f 3278//6049 3286//6049 3269//6049
f 3270//6050 3287//6050 3278//6050
f 3262//6051 3287//6051 3270//6051
f 3279//6052 3287//6052 3262//6052
f 3280//6053 3288//6053 3263//6053
f 3263//6054 3288//6054 3271//6054
f 779//6055 3288//6055 3280//6055
f 783//6056 3288//6056 781//6056
f 781//6057 3288//6057 779//6057
f 3281//6058 3289//6058 3283//6058
f 3283//6059 3289//6059 3290//6059
f 3290//6060 3289//6060 3291//6060
f 3273//6061 3292//6061 3281//6061
f 3284//6062 3292//6062 3265//6062
f 3265//6063 3292//6063 3273//6063
f 3285//6064 3293//6064 3268//6064
f 3268//6065 3293//6065 3276//6065
f 3286//6066 3294//6066 3269//6066
f 3269//6067 3294//6067 3277//6067
f 3287//6068 3295//6068 3278//6068
f 3271//6069 3296//6069 3279//6069
f 3288//6070 3296//6070 3271//6070
f 787//6071 3296//6071 785//6071
f 785//6072 3296//6072 783//6072
f 783//6073 3296//6073 3288//6073
f 3289//6074 3297//6074 3291//6074
f 3291//6075 3297//6075 3298//6075
f 3298//6076 3297//6076 3299//6076
f 3292//6077 3300//6077 3281//6077
f 3276//6078 3301//6078 3284//6078
f 3293//6079 3301//6079 3276//6079
f 3277//6080 3302//6080 3285//6080
f 3294//6081 3302//6081 3277//6081
f 3278//6082 3303//6082 3286//6082
f 3295//6083 3303//6083 3278//6083
f 3279//6084 3304//6084 3287//6084
f 787//6085 3304//6085 3296//6085
f 3296//6086 3304//6086 3279//6086
f 791//6087 3304//6087 789//6087
f 789//6088 3304//6088 787//6088
f 3297//6089 3305//6089 3299//6089
f 3299//6090 3305//6090 3306//6090
f 3306//6091 3305//6091 3307//6091
f 3300//6092 3308//6092 3281//6092
f 3281//6093 3308//6093 3289//6093
f 3284//6094 3309//6094 3292//6094
f 3292//6095 3309//6095 3300//6095
f 3301//6096 3309//6096 3284//6096
f 3293//6097 3310//6097 3301//6097
f 3302//6098 3310//6098 3285//6098
f 3285//6099 3310//6099 3293//6099
f 3303//6100 3311//6100 3286//6100
f 3286//6101 3311//6101 3294//6101
f 791//6102 3312//6102 3304//6102
f 795//6103 3312//6103 793//6103
f 793//6104 3312//6104 791//6104
f 3304//6105 3312//6105 3287//6105
f 3287//6106 3312//6106 3295//6106
f 3307//6107 3313//6107 3314//6107
f 3314//6108 3313//6108 3315//6108
f 3305//6109 3313//6109 3307//6109
f 3308//6110 3316//6110 3289//6110
f 3289//6111 3316//6111 3297//6111
f 3309//6112 3317//6112 3300//6112
f 3310//6113 3318//6113 3301//6113
f 3302//6114 3319//6114 3310//6114
f 3311//6115 3319//6115 3294//6115
f 3294//6116 3319//6116 3302//6116
f 3295//6117 3320//6117 3303//6117
f 3303//6118 3320//6118 3311//6118
f 795//6119 3320//6119 3312//6119
f 969//6120 3320//6120 973//6120
f 973//6121 3320//6121 795//6121
f 3312//6122 3320//6122 3295//6122
f 3315//6123 3321//6123 3322//6123
f 3322//6124 3321//6124 3323//6124
f 3313//6125 3321//6125 3315//6125
f 3316//6126 3324//6126 3297//6126
f 3297//6127 3324//6127 3305//6127
f 3308//6128 3325//6128 3316//6128
f 3317//6129 3325//6129 3300//6129
f 3300//6130 3325//6130 3308//6130
f 3301//6131 3326//6131 3309//6131
f 3318//6132 3326//6132 3301//6132
f 3319//6133 3327//6133 3310//6133
f 3320//6134 3328//6134 3311//6134
f 969//6135 3328//6135 3320//6135
f 961//6136 3328//6136 966//6136
f 966//6137 3328//6137 969//6137
f 3321//6138 3329//6138 3323//6138
f 3323//6139 3329//6139 3330//6139
f 3330//6140 3329//6140 3331//6140
f 3305//6141 3332//6141 3313//6141
f 3324//6142 3332//6142 3305//6142
f 3325//6143 3333//6143 3316//6143
f 3309//6144 3334//6144 3317//6144
f 3326//6145 3334//6145 3309//6145
f 3327//6146 3335//6146 3310//6146
f 3310//6147 3335//6147 3318//6147
f 3328//6148 3336//6148 3311//6148
f 953//6149 3336//6149 957//6149
f 957//6150 3336//6150 961//6150
f 961//6151 3336//6151 3328//6151
f 3311//6152 3336//6152 3319//6152
f 3331//6153 3337//6153 3338//6153
f 3338//6154 3337//6154 3339//6154
f 3329//6155 3337//6155 3331//6155
f 3313//6156 3340//6156 3321//6156
f 3332//6157 3340//6157 3313//6157
f 3316//6158 3341//6158 3324//6158
f 3333//6159 3341//6159 3316//6159
f 3334//6160 3342//6160 3317//6160
f 3317//6161 3342//6161 3325//6161
f 3318//6162 3343//6162 3326//6162
f 3335//6163 3343//6163 3318//6163
f 3319//6164 3344//6164 3327//6164
f 946//6165 3344//6165 948//6165
f 948//6166 3344//6166 953//6166
f 3336//6167 3344//6167 3319//6167
f 953//6168 3344//6168 3336//6168
f 3339//6169 3345//6169 3346//6169
f 3346//6170 3345//6170 3347//6170
f 3337//6171 3345//6171 3339//6171
f 3321//6172 3348//6172 3329//6172
f 3340//6173 3348//6173 3321//6173
f 3341//6174 3349//6174 3324//6174
f 3324//6175 3349//6175 3332//6175
f 3325//6176 3350//6176 3333//6176
f 3342//6177 3350//6177 3325//6177
f 3326//6178 3351//6178 3334//6178
f 3343//6179 3351//6179 3326//6179
f 3334//6180 3351//6180 3342//6180
f 946//6181 3352//6181 3344//6181
f 937//6182 3352//6182 941//6182
f 941//6183 3352//6183 946//6183
f 3344//6184 3352//6184 3327//6184
f 3327//6185 3352//6185 3335//6185
f 3347//6186 3353//6186 3354//6186
f 3354//6187 3353//6187 3355//6187
f 3345//6188 3353//6188 3347//6188
f 3348//6189 3356//6189 3329//6189
f 3329//6190 3356//6190 3337//6190
f 3349//6191 3357//6191 3332//6191
f 3340//6192 3357//6192 3348//6192
f 3332//6193 3357//6193 3340//6193
f 3341//6194 3358//6194 3349//6194
f 3350//6195 3358//6195 3333//6195
f 3333//6196 3358//6196 3341//6196
f 3351//6197 3359//6197 3342//6197
f 3335//6198 3360//6198 3343//6198
f 937//6199 3360//6199 3352//6199
f 943//6200 3360//6200 939//6200
f 939//6201 3360//6201 937//6201
f 3352//6202 3360//6202 3335//6202
f 3353//6203 3361//6203 3355//6203
f 3355//6204 3361//6204 3362//6204
f 3362//6205 3361//6205 3363//6205
f 3337//6206 3364//6206 3345//6206
f 3345//6207 3364//6207 3353//6207
f 3356//6208 3364//6208 3337//6208
f 3357//6209 3365//6209 3348//6209
f 3349//6210 3366//6210 3357//6210
f 3358//6211 3366//6211 3349//6211
f 3342//6212 3367//6212 3350//6212
f 3359//6213 3367//6213 3342//6213
f 3360//6214 3368//6214 3343//6214
f 943//6215 3368//6215 3360//6215
f 950//6216 3368//6216 945//6216
f 945//6217 3368//6217 943//6217
f 3343//6218 3368//6218 3351//6218
f 3363//6219 3369//6219 3370//6219
f 3370//6220 3369//6220 3371//6220
f 3361//6221 3369//6221 3363//6221
f 3364//6222 3372//6222 3353//6222
f 3348//6223 3373//6223 3356//6223
f 3365//6224 3373//6224 3348//6224
f 3366//6225 3374//6225 3357//6225
f 3350//6226 3375//6226 3358//6226
f 3367//6227 3375//6227 3350//6227
f 3358//6228 3375//6228 3366//6228
f 3351//6229 3376//6229 3359//6229
f 3368//6230 3376//6230 3351//6230
f 960//6231 3376//6231 956//6231
f 956//6232 3376//6232 950//6232
f 950//6233 3376//6233 3368//6233
f 3371//6234 3377//6234 3378//6234
f 3378//6235 3377//6235 3379//6235
f 3369//6236 3377//6236 3371//6236
f 3372//6237 3380//6237 3353//6237
f 3353//6238 3380//6238 3361//6238
f 3356//6239 3381//6239 3364//6239
f 3364//6240 3381//6240 3372//6240
f 3373//6241 3381//6241 3356//6241
f 3374//6242 3382//6242 3357//6242
f 3357//6243 3382//6243 3365//6243
f 3375//6244 3383//6244 3366//6244
f 3376//6245 3384//6245 3359//6245
f 965//6246 3384//6246 963//6246
f 963//6247 3384//6247 960//6247
f 960//6248 3384//6248 3376//6248
f 3359//6249 3384//6249 3367//6249
f 3367//6250 3384//6250 3375//6250
f 3379//6251 3385//6251 3386//6251
f 3386//6252 3385//6252 3387//6252
f 3377//6253 3385//6253 3379//6253
f 3380//6254 3388//6254 3361//6254
f 3361//6255 3388//6255 3369//6255
f 3381//6256 3389//6256 3372//6256
f 3365//6257 3390//6257 3373//6257
f 3373//6258 3390//6258 3381//6258
f 3382//6259 3390//6259 3365//6259
f 3366//6260 3391//6260 3374//6260
f 3383//6261 3391//6261 3366//6261
f 965//6262 3392//6262 3384//6262
f 976//6263 3392//6263 972//6263
f 972//6264 3392//6264 965//6264
f 3384//6265 3392//6265 3375//6265
f 3387//6266 3393//6266 3394//6266
f 3385//6267 3393//6267 3387//6267
f 3394//6268 3393//6268 3395//6268
f 3369//6269 3396//6269 3377//6269
f 3388//6270 3396//6270 3369//6270
f 3389//6271 3397//6271 3372//6271
f 3372//6272 3397//6272 3380//6272
f 3390//6273 3398//6273 3381//6273
f 3374//6274 3399//6274 3382//6274
f 3391//6275 3399//6275 3374//6275
f 976//6276 3400//6276 3392//6276
f 3375//6277 3400//6277 3383//6277
f 981//6278 3400//6278 979//6278
f 979//6279 3400//6279 976//6279
f 3392//6280 3400//6280 3375//6280
f 3395//6281 3401//6281 3402//6281
f 3402//6282 3401//6282 3403//6282
f 3393//6283 3401//6283 3395//6283
f 3396//6284 3404//6284 3377//6284
f 3377//6285 3404//6285 3385//6285
f 3397//6286 3405//6286 3380//6286
f 3380//6287 3405//6287 3388//6287
f 3381//6288 3406//6288 3389//6288
f 3398//6289 3406//6289 3381//6289
f 3382//6290 3407//6290 3390//6290
f 3399//6291 3407//6291 3382//6291
f 3383//6292 3408//6292 3391//6292
f 3400//6293 3408//6293 3383//6293
f 981//6294 3408//6294 3400//6294
f 985//6295 3408//6295 982//6295
f 982//6296 3408//6296 981//6296
f 3403//6297 3409//6297 3410//6297
f 3410//6298 3409//6298 3411//6298
f 3401//6299 3409//6299 3403//6299
f 3404//6300 3412//6300 3385//6300
f 3385//6301 3412//6301 3393//6301
f 3405//6302 3413//6302 3388//6302
f 3396//6303 3413//6303 3404//6303
f 3388//6304 3413//6304 3396//6304
f 3406//6305 3414//6305 3389//6305
f 3397//6306 3414//6306 3405//6306
f 3389//6307 3414//6307 3397//6307
f 3390//6308 3415//6308 3398//6308
f 3407//6309 3415//6309 3390//6309
f 3408//6310 3416//6310 3391//6310
f 3391//6311 3416//6311 3399//6311
f 989//6312 3416//6312 986//6312
f 986//6313 3416//6313 985//6313
f 985//6314 3416//6314 3408//6314
f 3399//6315 3416//6315 3407//6315
f 3409//6316 3417//6316 3411//6316
f 3411//6317 3417//6317 3418//6317
f 3418//6318 3417//6318 3419//6318
f 3393//6319 3420//6319 3401//6319
f 3412//6320 3420//6320 3393//6320
f 3413//6321 3421//6321 3404//6321
f 3414//6322 3422//6322 3405//6322
f 3398//6323 3423//6323 3406//6323
f 3415//6324 3423//6324 3398//6324
f 993//6325 3424//6325 991//6325
f 991//6326 3424//6326 989//6326
f 3416//6327 3424//6327 3407//6327
f 989//6328 3424//6328 3416//6328
f 3419//6329 3425//6329 3426//6329
f 3426//6330 3425//6330 3427//6330
f 3417//6331 3425//6331 3419//6331
f 3401//6332 3428//6332 3409//6332
f 3420//6333 3428//6333 3401//6333
f 3404//6334 3429//6334 3412//6334
f 3421//6335 3429//6335 3404//6335
f 3422//6336 3430//6336 3405//6336
f 3405//6337 3430//6337 3413//6337
f 3423//6338 3431//6338 3406//6338
f 3406//6339 3431//6339 3414//6339
f 996//6340 3432//6340 994//6340
f 994//6341 3432//6341 993//6341
f 993//6342 3432//6342 3424//6342
f 3407//6343 3432//6343 3415//6343
f 3424//6344 3432//6344 3407//6344
f 3427//6345 3433//6345 3434//6345
f 3434//6346 3433//6346 3435//6346
f 3425//6347 3433//6347 3427//6347
f 3409//6348 3436//6348 3417//6348
f 3428//6349 3436//6349 3409//6349
f 3417//6350 3436//6350 3425//6350
f 3412//6351 3437//6351 3420//6351
f 3429//6352 3437//6352 3412//6352
f 3413//6353 3438//6353 3421//6353
f 3421//6354 3438//6354 3429//6354
f 3430//6355 3438//6355 3413//6355
f 3422//6356 3439//6356 3430//6356
f 3414//6357 3439//6357 3422//6357
f 3431//6358 3439//6358 3414//6358
f 3432//6359 3440//6359 3415//6359
f 1000//6360 3440//6360 998//6360
f 998//6361 3440//6361 996//6361
f 996//6362 3440//6362 3432//6362
f 3415//6363 3440//6363 3423//6363
f 3423//6364 3440//6364 3431//6364
f 3435//6365 3441//6365 3442//6365
f 3442//6366 3441//6366 3443//6366
f 3433//6367 3441//6367 3435//6367
f 3436//6368 3444//6368 3425//6368
f 3428//6369 3445//6369 3436//6369
f 3437//6370 3445//6370 3420//6370
f 3420//6371 3445//6371 3428//6371
f 3438//6372 3446//6372 3429//6372
f 3439//6373 3447//6373 3430//6373
f 3440//6374 3448//6374 3431//6374
f 1000//6375 3448//6375 3440//6375
f 1005//6376 3448//6376 1002//6376
f 1002//6377 3448//6377 1000//6377
f 3441//6378 3449//6378 3443//6378
f 3443//6379 3449//6379 3450//6379
f 3450//6380 3449//6380 3451//6380
f 3425//6381 3452//6381 3433//6381
f 3444//6382 3452//6382 3425//6382
f 3445//6383 3453//6383 3436//6383
f 3429//6384 3454//6384 3437//6384
f 3446//6385 3454//6385 3429//6385
f 3430//6386 3455//6386 3438//6386
f 3447//6387 3455//6387 3430//6387
f 918//6388 3456//6388 920//6388
f 920//6389 3456//6389 1005//6389
f 3439//6390 3456//6390 3447//6390
f 1005//6391 3456//6391 3448//6391
f 3448//6392 3456//6392 3431//6392
f 3431//6393 3456//6393 3439//6393
f 3449//6394 3457//6394 3451//6394
f 3451//6395 3457//6395 3458//6395
f 3458//6396 3457//6396 3459//6396
f 3433//6397 3460//6397 3441//6397
f 3452//6398 3460//6398 3433//6398
f 3441//6399 3460//6399 3449//6399
f 3436//6400 3461//6400 3444//6400
f 3453//6401 3461//6401 3436//6401
f 3437//6402 3462//6402 3445//6402
f 3454//6403 3462//6403 3437//6403
f 3438//6404 3463//6404 3446//6404
f 3455//6405 3463//6405 3438//6405
f 912//6406 3464//6406 914//6406
f 914//6407 3464//6407 918//6407
f 3456//6408 3464//6408 3447//6408
f 918//6409 3464//6409 3456//6409
f 3457//6410 3465//6410 3459//6410
f 3459//6411 3465//6411 3466//6411
f 3466//6412 3465//6412 3467//6412
f 3460//6413 3468//6413 3449//6413
f 3461//6414 3469//6414 3444//6414
f 3444//6415 3469//6415 3452//6415
f 3452//6416 3469//6416 3460//6416
f 3462//6417 3470//6417 3445//6417
f 3445//6418 3470//6418 3453//6418
f 3453//6419 3470//6419 3461//6419
f 3446//6420 3471//6420 3454//6420
f 3463//6421 3471//6421 3446//6421
f 905//6422 3472//6422 909//6422
f 909//6423 3472//6423 912//6423
f 3447//6424 3472//6424 3455//6424
f 912//6425 3472//6425 3464//6425
f 3464//6426 3472//6426 3447//6426
f 3467//6427 3473//6427 3474//6427
f 3474//6428 3473//6428 3475//6428
f 3465//6429 3473//6429 3467//6429
f 3449//6430 3476//6430 3457//6430
f 3468//6431 3476//6431 3449//6431
f 3469//6432 3477//6432 3460//6432
f 3470//6433 3478//6433 3461//6433
f 3471//6434 3479//6434 3454//6434
f 3462//6435 3479//6435 3470//6435
f 3454//6436 3479//6436 3462//6436
f 3472//6437 3480//6437 3455//6437
f 899//6438 3480//6438 902//6438
f 902//6439 3480//6439 905//6439
f 905//6440 3480//6440 3472//6440
f 3455//6441 3480//6441 3463//6441
f 3475//6442 3481//6442 3482//6442
f 3482//6443 3481//6443 3483//6443
f 3473//6444 3481//6444 3475//6444
f 3465//6445 3484//6445 3473//6445
f 3476//6446 3484//6446 3457//6446
f 3457//6447 3484//6447 3465//6447
f 3477//6448 3485//6448 3460//6448
f 3460//6449 3485//6449 3468//6449
f 3461//6450 3486//6450 3469//6450
f 3478//6451 3486//6451 3461//6451
f 3470//6452 3487//6452 3478//6452
f 3479//6453 3487//6453 3470//6453
f 3480//6454 3488//6454 3463//6454
f 894//6455 3488//6455 897//6455
f 897//6456 3488//6456 899//6456
f 3463//6457 3488//6457 3471//6457
f 899//6458 3488//6458 3480//6458
f 3483//6459 3489//6459 3490//6459
f 3490//6460 3489//6460 3491//6460
f 3481//6461 3489//6461 3483//6461
f 3484//6462 3492//6462 3473//6462
f 3468//6463 3493//6463 3476//6463
f 3485//6464 3493//6464 3468//6464
f 3477//6465 3494//6465 3485//6465
f 3486//6466 3494//6466 3469//6466
f 3469//6467 3494//6467 3477//6467
f 3487//6468 3495//6468 3478//6468
f 3471//6469 3496//6469 3479//6469
f 886//6470 3496//6470 891//6470
f 891//6471 3496//6471 894//6471
f 894//6472 3496//6472 3488//6472
f 3488//6473 3496//6473 3471//6473
f 3489//6474 3497//6474 3491//6474
f 3491//6475 3497//6475 3498//6475
f 3498//6476 3497//6476 3499//6476
f 3492//6477 3500//6477 3473//6477
f 3473//6478 3500//6478 3481//6478
f 3476//6479 3501//6479 3484//6479
f 3484//6480 3501//6480 3492//6480
f 3493//6481 3501//6481 3476//6481
f 3494//6482 3502//6482 3485//6482
f 3485//6483 3502//6483 3493//6483
f 3478//6484 3503//6484 3486//6484
f 3495//6485 3503//6485 3478//6485
f 880//6486 3504//6486 885//6486
f 885//6487 3504//6487 886//6487
f 886//6488 3504//6488 3496//6488
f 3479//6489 3504//6489 3487//6489
f 3496//6490 3504//6490 3479//6490
f 3499//6491 3505//6491 3506//6491
f 3506//6492 3505//6492 3507//6492
f 3497//6493 3505//6493 3499//6493
f 3500//6494 3508//6494 3481//6494
f 3489//6495 3508//6495 3497//6495
f 3481//6496 3508//6496 3489//6496
f 3492//6497 3509//6497 3500//6497
f 3501//6498 3509//6498 3492//6498
f 3502//6499 3510//6499 3493//6499
f 3486//6500 3511//6500 3494//6500
f 3503//6501 3511//6501 3486//6501
f 875//6502 3512//6502 879//6502
f 879//6503 3512//6503 880//6503
f 880//6504 3512//6504 3504//6504
f 3487//6505 3512//6505 3495//6505
f 3495//6506 3512//6506 3503//6506
f 3504//6507 3512//6507 3487//6507
f 3505//6508 3513//6508 3507//6508
f 3507//6509 3513//6509 3514//6509
f 3514//6510 3513//6510 3515//6510
f 3508//6511 3516//6511 3497//6511
f 3509//6512 3517//6512 3500//6512
f 3493//6513 3518//6513 3501//6513
f 3510//6514 3518//6514 3493//6514
f 3494//6515 3519//6515 3502//6515
f 3502//6516 3519//6516 3510//6516
f 3511//6517 3519//6517 3494//6517
f 869//6518 3520//6518 873//6518
f 873//6519 3520//6519 875//6519
f 875//6520 3520//6520 3512//6520
f 3512//6521 3520//6521 3503//6521
f 3515//6522 3521//6522 3522//6522
f 3522//6523 3521//6523 3523//6523
f 3513//6524 3521//6524 3515//6524
f 3497//6525 3524//6525 3505//6525
f 3516//6526 3524//6526 3497//6526
f 3517//6527 3525//6527 3500//6527
f 3500//6528 3525//6528 3508//6528
f 3501//6529 3526//6529 3509//6529
f 3518//6530 3526//6530 3501//6530
f 3519//6531 3527//6531 3510//6531
f 862//6532 3528//6532 867//6532
f 867//6533 3528//6533 869//6533
f 869//6534 3528//6534 3520//6534
f 3511//6535 3528//6535 3519//6535
f 3503//6536 3528//6536 3511//6536
f 3520//6537 3528//6537 3503//6537
f 3523//6538 3529//6538 3530//6538
f 3521//6539 3529//6539 3523//6539
f 3530//6540 3529//6540 3531//6540
f 3524//6541 3532//6541 3505//6541
f 3505//6542 3532//6542 3513//6542
f 3508//6543 3533//6543 3516//6543
f 3525//6544 3533//6544 3508//6544
f 3516//6545 3533//6545 3524//6545
f 3517//6546 3534//6546 3525//6546
f 3526//6547 3534//6547 3509//6547
f 3509//6548 3534//6548 3517//6548
f 3527//6549 3535//6549 3510//6549
f 3510//6550 3535//6550 3518//6550
f 856//6551 3536//6551 861//6551
f 861//6552 3536//6552 862//6552
f 3528//6553 3536//6553 3519//6553
f 3519//6554 3536//6554 3527//6554
f 862//6555 3536//6555 3528//6555
f 3529//6556 3537//6556 3531//6556
f 3531//6557 3537//6557 3538//6557
f 3538//6558 3537//6558 3539//6558
f 3513//6559 3540//6559 3521//6559
f 3532//6560 3540//6560 3513//6560
f 3524//6561 3541//6561 3532//6561
f 3533//6562 3541//6562 3524//6562
f 3534//6563 3542//6563 3525//6563
f 3535//6564 3543//6564 3518//6564
f 3518//6565 3543//6565 3526//6565
f 852//6566 3544//6566 855//6566
f 855//6567 3544//6567 856//6567
f 3527//6568 3544//6568 3535//6568
f 3536//6569 3544//6569 3527//6569
f 856//6570 3544//6570 3536//6570
f 3537//6571 3545//6571 3539//6571
f 3539//6572 3545//6572 3546//6572
f 3546//6573 3545//6573 3547//6573
f 3521//6574 3548//6574 3529//6574
f 3540//6575 3548//6575 3521//6575
f 3532//6576 3549//6576 3540//6576
f 3541//6577 3549//6577 3532//6577
f 3525//6578 3550//6578 3533//6578
f 3542//6579 3550//6579 3525//6579
f 3526//6580 3551//6580 3534//6580
f 3543//6581 3551//6581 3526//6581
f 847//6582 3552//6582 852//6582
f 852//6583 3552//6583 3544//6583
f 3544//6584 3552//6584 3535//6584
f 846//6585 3552//6585 847//6585
f 3545//6586 3553//6586 3547//6586
f 3547//6587 3553//6587 3554//6587
f 3554//6588 3553//6588 3555//6588
f 3529//6589 3556//6589 3537//6589
f 3548//6590 3556//6590 3529//6590
f 3549//6591 3557//6591 3540//6591
f 3533//6592 3558//6592 3541//6592
f 3550//6593 3558//6593 3533//6593
f 3534//6594 3559//6594 3542//6594
f 3551//6595 3559//6595 3534//6595
f 3552//6596 3560//6596 3535//6596
f 3535//6597 3560//6597 3543//6597
f 846//6598 3560//6598 3552//6598
f 837//6599 3560//6599 838//6599
f 838//6600 3560//6600 846//6600
f 3553//6601 3561//6601 3555//6601
f 3555//6602 3561//6602 3562//6602
f 3562//6603 3561//6603 3563//6603
f 3556//6604 3564//6604 3537//6604
f 3537//6605 3564//6605 3545//6605
f 3548//6606 3565//6606 3556//6606
f 3540//6607 3565//6607 3548//6607
f 3557//6608 3565//6608 3540//6608
f 3558//6609 3566//6609 3541//6609
f 3541//6610 3566//6610 3549//6610
f 3542//6611 3567//6611 3550//6611
f 3559//6612 3567//6612 3542//6612
f 3551//6613 3568//6613 3559//6613
f 3560//6614 3568//6614 3543//6614
f 837//6615 3568//6615 3560//6615
f 3543//6616 3568//6616 3551//6616
f 833//6617 3568//6617 834//6617
f 834//6618 3568//6618 837//6618
f 3563//6619 3569//6619 3570//6619
f 3570//6620 3569//6620 3571//6620
f 3561//6621 3569//6621 3563//6621
f 3553//6622 3572//6622 3561//6622
f 3564//6623 3572//6623 3545//6623
f 3545//6624 3572//6624 3553//6624
f 3565//6625 3573//6625 3556//6625
f 3549//6626 3574//6626 3557//6626
f 3566//6627 3574//6627 3549//6627
f 3550//6628 3575//6628 3558//6628
f 3558//6629 3575//6629 3566//6629
f 3567//6630 3575//6630 3550//6630
f 833//6631 3576//6631 3568//6631
f 3568//6632 3576//6632 3559//6632
f 827//6633 3576//6633 831//6633
f 831//6634 3576//6634 833//6634
f 3569//6635 3577//6635 3571//6635
f 3114//6636 3577//6636 3111//6636
f 3571//6637 3577//6637 3578//6637
f 3578//6638 3577//6638 3114//6638
f 3111//6639 3577//6639 3125//6639
f 3572//6640 3579//6640 3561//6640
f 3573//6641 3580//6641 3556//6641
f 3564//6642 3580//6642 3572//6642
f 3556//6643 3580//6643 3564//6643
f 3557//6644 3581//6644 3565//6644
f 3565//6645 3581//6645 3573//6645
f 3574//6646 3581//6646 3557//6646
f 3575//6647 3582//6647 3566//6647
f 827//6648 3583//6648 3576//6648
f 3559//6649 3583//6649 3567//6649
f 821//6650 3583//6650 822//6650
f 822//6651 3583//6651 827//6651
f 3576//6652 3583//6652 3559//6652
f 3579//6653 3584//6653 3561//6653
f 3561//6654 3584//6654 3569//6654
f 3569//6655 3584//6655 3577//6655
f 3580//6656 3585//6656 3572//6656
f 3573//6657 3586//6657 3580//6657
f 3581//6658 3586//6658 3573//6658
f 3566//6659 3587//6659 3574//6659
f 3582//6660 3587//6660 3566//6660
f 3567//6661 3588//6661 3575//6661
f 821//6662 3588//6662 3583//6662
f 3583//6663 3588//6663 3567//6663
f 812//6664 3588//6664 816//6664
f 816//6665 3588//6665 821//6665
f 3577//6666 3589//6666 3125//6666
f 3584//6667 3589//6667 3577//6667
f 3572//6668 3590//6668 3579//6668
f 3585//6669 3590//6669 3572//6669
f 3580//6670 3591//6670 3585//6670
f 3586//6671 3591//6671 3580//6671
f 3581//6672 3592//6672 3586//6672
f 3574//6673 3592//6673 3581//6673
f 3587//6674 3592//6674 3574//6674
f 3588//6675 3593//6675 3575//6675
f 3582//6676 3593//6676 3587//6676
f 812//6677 3593//6677 3588//6677
f 3575//6678 3593//6678 3582//6678
f 805//6679 3593//6679 808//6679
f 808//6680 3593//6680 812//6680
f 3590//6681 3594//6681 3579//6681
f 3579//6682 3594//6682 3584//6682
f 3585//6683 3595//6683 3590//6683
f 3591//6684 3595//6684 3585//6684
f 3592//6685 3596//6685 3586//6685
f 3586//6686 3596//6686 3591//6686
f 3587//6687 3597//6687 3592//6687
f 805//6688 3597//6688 3593//6688
f 3593//6689 3597//6689 3587//6689
f 802//6690 3597//6690 801//6690
f 801//6691 3597//6691 805//6691
f 3589//6692 3598//6692 3125//6692
f 3584//6693 3598//6693 3589//6693
f 3125//6694 3598//6694 3135//6694
f 3594//6695 3598//6695 3584//6695
f 3590//6696 3599//6696 3594//6696
f 3595//6697 3599//6697 3590//6697
f 3596//6698 3600//6698 3591//6698
f 3591//6699 3600//6699 3595//6699
f 3597//6700 3601//6700 3592//6700
f 802//6701 3601//6701 3597//6701
f 807//6702 3601//6702 803//6702
f 803//6703 3601//6703 802//6703
f 3599//6704 3602//6704 3594//6704
f 3600//6705 3603//6705 3595//6705
f 3595//6706 3603//6706 3599//6706
f 3601//6707 3604//6707 3592//6707
f 3592//6708 3604//6708 3596//6708
f 817//6709 3604//6709 814//6709
f 814//6710 3604//6710 807//6710
f 807//6711 3604//6711 3601//6711
f 3135//6712 3605//6712 3147//6712
f 3594//6713 3605//6713 3598//6713
f 3598//6714 3605//6714 3135//6714
f 3602//6715 3605//6715 3594//6715
f 3599//6716 3606//6716 3602//6716
f 3603//6717 3606//6717 3599//6717
f 817//6718 3607//6718 3604//6718
f 3596//6719 3607//6719 3600//6719
f 825//6720 3607//6720 819//6720
f 819//6721 3607//6721 817//6721
f 3604//6722 3607//6722 3596//6722
f 3606//6723 3608//6723 3602//6723
f 3603//6724 3609//6724 3606//6724
f 825//6725 3609//6725 3607//6725
f 3600//6726 3609//6726 3603//6726
f 3607//6727 3609//6727 3600//6727
f 797//6728 3609//6728 798//6728
f 798//6729 3609//6729 825//6729
f 3602//6730 3610//6730 3605//6730
f 3608//6731 3610//6731 3602//6731
f 3147//6732 3610//6732 3161//6732
f 3605//6733 3610//6733 3147//6733
f 797//6734 3611//6734 3609//6734
f 794//6735 3611//6735 796//6735
f 796//6736 3611//6736 797//6736
f 3609//6737 3611//6737 3606//6737
f 3606//6738 3612//6738 3608//6738
f 3611//6739 3612//6739 3606//6739
f 794//6740 3612//6740 3611//6740
f 790//6741 3612//6741 792//6741
f 792//6742 3612//6742 794//6742
f 3610//6743 3613//6743 3161//6743
f 790//6744 3613//6744 3612//6744
f 3161//6745 3613//6745 3113//6745
f 786//6746 3613//6746 788//6746
f 3608//6747 3613//6747 3610//6747
f 788//6748 3613//6748 790//6748
f 3113//6749 3613//6749 786//6749
f 3612//6750 3613//6750 3608//6750
f 3614//6751 3615//6751 3616//6751
f 988//6752 987//6752 3617//6752
f 3618//6753 3615//6753 3614//6753
f 990//6754 988//6754 3617//6754
f 3616//6755 3619//6755 3620//6755
f 3620//6756 3619//6756 3621//6756
f 3615//6757 3619//6757 3616//6757
f 3621//6758 3622//6758 3623//6758
f 3623//6759 3622//6759 3624//6759
f 3619//6760 3622//6760 3621//6760
f 3624//6761 3625//6761 3626//6761
f 3626//6762 3625//6762 3627//6762
f 3622//6763 3625//6763 3624//6763
f 3615//6764 3628//6764 3619//6764
f 3629//6765 3628//6765 3615//6765
f 3625//6766 3630//6766 3627//6766
f 3627//6767 3630//6767 3631//6767
f 3631//6768 3630//6768 3632//6768
f 3628//6769 3633//6769 3619//6769
f 3619//6770 3633//6770 3622//6770
f 3632//6771 3634//6771 3635//6771
f 3635//6772 3634//6772 3636//6772
f 3630//6773 3634//6773 3632//6773
f 3622//6774 3637//6774 3625//6774
f 3633//6775 3637//6775 3622//6775
f 3629//6776 3638//6776 3628//6776
f 3639//6777 3638//6777 3629//6777
f 3636//6778 3640//6778 3641//6778
f 3641//6779 3640//6779 3642//6779
f 3634//6780 3640//6780 3636//6780
f 3637//6781 3643//6781 3625//6781
f 3625//6782 3643//6782 3630//6782
f 3628//6783 3644//6783 3633//6783
f 3638//6784 3644//6784 3628//6784
f 3642//6785 3645//6785 3646//6785
f 3646//6786 3645//6786 3647//6786
f 3640//6787 3645//6787 3642//6787
f 3630//6788 3648//6788 3634//6788
f 3643//6789 3648//6789 3630//6789
f 3644//6790 3649//6790 3633//6790
f 3633//6791 3649//6791 3637//6791
f 3639//6792 3650//6792 3638//6792
f 3651//6793 3650//6793 3639//6793
f 3647//6794 3652//6794 3653//6794
f 3653//6795 3652//6795 3654//6795
f 3645//6796 3652//6796 3647//6796
f 3634//6797 3655//6797 3640//6797
f 3648//6798 3655//6798 3634//6798
f 3649//6799 3656//6799 3637//6799
f 3637//6800 3656//6800 3643//6800
f 3650//6801 3657//6801 3638//6801
f 3638//6802 3657//6802 3644//6802
f 3654//6803 3658//6803 3659//6803
f 3659//6804 3658//6804 3660//6804
f 3652//6805 3658//6805 3654//6805
f 3640//6806 3661//6806 3645//6806
f 3655//6807 3661//6807 3640//6807
f 3643//6808 3662//6808 3648//6808
f 3656//6809 3662//6809 3643//6809
f 3644//6810 3663//6810 3649//6810
f 3657//6811 3663//6811 3644//6811
f 3651//6812 3664//6812 3650//6812
f 3665//6813 3664//6813 3651//6813
f 3660//6814 3666//6814 3667//6814
f 3667//6815 3666//6815 3668//6815
f 3658//6816 3666//6816 3660//6816
f 3645//6817 3669//6817 3652//6817
f 3661//6818 3669//6818 3645//6818
f 3662//6819 3670//6819 3648//6819
f 3648//6820 3670//6820 3655//6820
f 3649//6821 3671//6821 3656//6821
f 3663//6822 3671//6822 3649//6822
f 3664//6823 3672//6823 3650//6823
f 3650//6824 3672//6824 3657//6824
f 3666//6825 3673//6825 3668//6825
f 3668//6826 3673//6826 3674//6826
f 3674//6827 3673//6827 3675//6827
f 3652//6828 3676//6828 3658//6828
f 3669//6829 3676//6829 3652//6829
f 3670//6830 3677//6830 3655//6830
f 3655//6831 3677//6831 3661//6831
f 3671//6832 3678//6832 3656//6832
f 3656//6833 3678//6833 3662//6833
f 3672//6834 3679//6834 3657//6834
f 3657//6835 3679//6835 3663//6835
f 3617//6836 3680//6836 3665//6836
f 987//6837 3680//6837 3617//6837
f 3665//6838 3680//6838 3664//6838
f 983//6839 3680//6839 984//6839
f 984//6840 3680//6840 987//6840
f 3675//6841 3681//6841 3682//6841
f 3682//6842 3681//6842 3683//6842
f 3673//6843 3681//6843 3675//6843
f 3658//6844 3684//6844 3666//6844
f 3676//6845 3684//6845 3658//6845
f 3677//6846 3685//6846 3661//6846
f 3669//6847 3685//6847 3676//6847
f 3661//6848 3685//6848 3669//6848
f 3662//6849 3686//6849 3670//6849
f 3678//6850 3686//6850 3662//6850
f 3663//6851 3687//6851 3671//6851
f 3679//6852 3687//6852 3663//6852
f 983//6853 3688//6853 3680//6853
f 3680//6854 3688//6854 3664//6854
f 3664//6855 3688//6855 3672//6855
f 978//6856 3688//6856 980//6856
f 980//6857 3688//6857 983//6857
f 3683//6858 3689//6858 3690//6858
f 3690//6859 3689//6859 3691//6859
f 3681//6860 3689//6860 3683//6860
f 3684//6861 3692//6861 3666//6861
f 3666//6862 3692//6862 3673//6862
f 3685//6863 3693//6863 3676//6863
f 3676//6864 3693//6864 3684//6864
f 3686//6865 3694//6865 3670//6865
f 3670//6866 3694//6866 3677//6866
f 3687//6867 3695//6867 3671//6867
f 3671//6868 3695//6868 3678//6868
f 3688//6869 3696//6869 3672//6869
f 978//6870 3696//6870 3688//6870
f 971//6871 3696//6871 975//6871
f 975//6872 3696//6872 978//6872
f 3672//6873 3696//6873 3679//6873
f 3689//6874 3697//6874 3691//6874
f 3691//6875 3697//6875 3698//6875
f 3698//6876 3697//6876 3699//6876
f 3673//6877 3700//6877 3681//6877
f 3692//6878 3700//6878 3673//6878
f 3693//6879 3701//6879 3684//6879
f 3694//6880 3702//6880 3677//6880
f 3685//6881 3702//6881 3693//6881
f 3677//6882 3702//6882 3685//6882
f 3695//6883 3703//6883 3678//6883
f 3678//6884 3703//6884 3686//6884
f 3696//6885 3704//6885 3679//6885
f 971//6886 3704//6886 3696//6886
f 3679//6887 3704//6887 3687//6887
f 964//6888 3704//6888 968//6888
f 968//6889 3704//6889 971//6889
f 3699//6890 3705//6890 3706//6890
f 3706//6891 3705//6891 3707//6891
f 3697//6892 3705//6892 3699//6892
f 3700//6893 3708//6893 3681//6893
f 3681//6894 3708//6894 3689//6894
f 3701//6895 3709//6895 3684//6895
f 3684//6896 3709//6896 3692//6896
f 3702//6897 3710//6897 3693//6897
f 3686//6898 3711//6898 3694//6898
f 3703//6899 3711//6899 3686//6899
f 964//6900 3712//6900 3704//6900
f 3704//6901 3712//6901 3687//6901
f 3687//6902 3712//6902 3695//6902
f 955//6903 3712//6903 959//6903
f 959//6904 3712//6904 964//6904
f 3707//6905 3713//6905 3714//6905
f 3714//6906 3713//6906 3715//6906
f 3705//6907 3713//6907 3707//6907
f 3708//6908 3716//6908 3689//6908
f 3689//6909 3716//6909 3697//6909
f 3692//6910 3717//6910 3700//6910
f 3709//6911 3717//6911 3692//6911
f 3693//6912 3718//6912 3701//6912
f 3710//6913 3718//6913 3693//6913
f 3711//6914 3719//6914 3694//6914
f 3694//6915 3719//6915 3702//6915
f 3703//6916 3720//6916 3711//6916
f 955//6917 3720//6917 3712//6917
f 3712//6918 3720//6918 3695//6918
f 949//6919 3720//6919 952//6919
f 952//6920 3720//6920 955//6920
f 3695//6921 3720//6921 3703//6921
f 3715//6922 3721//6922 3722//6922
f 3722//6923 3721//6923 3723//6923
f 3713//6924 3721//6924 3715//6924
f 3697//6925 3724//6925 3705//6925
f 3716//6926 3724//6926 3697//6926
f 3717//6927 3725//6927 3700//6927
f 3700//6928 3725//6928 3708//6928
f 3701//6929 3726//6929 3709//6929
f 3718//6930 3726//6930 3701//6930
f 3719//6931 3727//6931 3702//6931
f 3702//6932 3727//6932 3710//6932
f 949//6933 3728//6933 3720//6933
f 3720//6934 3728//6934 3711//6934
f 938//6935 3728//6935 944//6935
f 944//6936 3728//6936 949//6936
f 3721//6937 3729//6937 3723//6937
f 3723//6938 3729//6938 3730//6938
f 3730//6939 3729//6939 3731//6939
f 3705//6940 3732//6940 3713//6940
f 3724//6941 3732//6941 3705//6941
f 3708//6942 3733//6942 3716//6942
f 3725//6943 3733//6943 3708//6943
f 3726//6944 3734//6944 3709//6944
f 3709//6945 3734//6945 3717//6945
f 3727//6946 3735//6946 3710//6946
f 3710//6947 3735//6947 3718//6947
f 938//6948 3736//6948 3728//6948
f 3728//6949 3736//6949 3711//6949
f 942//6950 3736//6950 940//6950
f 940//6951 3736//6951 938//6951
f 3711//6952 3736//6952 3719//6952
f 3729//6953 3737//6953 3731//6953
f 3731//6954 3737//6954 3738//6954
f 3738//6955 3737//6955 3739//6955
f 3732//6956 3740//6956 3713//6956
f 3713//6957 3740//6957 3721//6957
f 3733//6958 3741//6958 3716//6958
f 3716//6959 3741//6959 3724//6959
f 3734//6960 3742//6960 3717//6960
f 3717//6961 3742//6961 3725//6961
f 3725//6962 3742//6962 3733//6962
f 3735//6963 3743//6963 3718//6963
f 3718//6964 3743//6964 3726//6964
f 942//6965 3744//6965 3736//6965
f 3736//6966 3744//6966 3719//6966
f 3719//6967 3744//6967 3727//6967
f 951//6968 3744//6968 947//6968
f 947//6969 3744//6969 942//6969
f 3739//6970 3745//6970 3746//6970
f 3746//6971 3745//6971 3747//6971
f 3737//6972 3745//6972 3739//6972
f 3721//6973 3748//6973 3729//6973
f 3729//6974 3748//6974 3737//6974
f 3740//6975 3748//6975 3721//6975
f 3741//6976 3749//6976 3724//6976
f 3724//6977 3749//6977 3732//6977
f 3742//6978 3750//6978 3733//6978
f 3734//6979 3751//6979 3742//6979
f 3743//6980 3751//6980 3726//6980
f 3726//6981 3751//6981 3734//6981
f 3744//6982 3752//6982 3727//6982
f 3727//6983 3752//6983 3735//6983
f 958//6984 3752//6984 954//6984
f 954//6985 3752//6985 951//6985
f 951//6986 3752//6986 3744//6986
f 3745//6987 3753//6987 3747//6987
f 3747//6988 3753//6988 3754//6988
f 3754//6989 3753//6989 3755//6989
f 3748//6990 3756//6990 3737//6990
f 3749//6991 3757//6991 3732//6991
f 3732//6992 3757//6992 3740//6992
f 3750//6993 3758//6993 3733//6993
f 3733//6994 3758//6994 3741//6994
f 3751//6995 3759//6995 3742//6995
f 3742//6996 3759//6996 3750//6996
f 3752//6997 3760//6997 3735//6997
f 958//6998 3760//6998 3752//6998
f 967//6999 3760//6999 962//6999
f 962//7000 3760//7000 958//7000
f 3735//7001 3760//7001 3743//7001
f 3743//7002 3760//7002 3751//7002
f 3755//7003 3761//7003 3762//7003
f 3762//7004 3761//7004 3763//7004
f 3753//7005 3761//7005 3755//7005
f 3737//7006 3764//7006 3745//7006
f 3756//7007 3764//7007 3737//7007
f 3757//7008 3765//7008 3740//7008
f 3740//7009 3765//7009 3748//7009
f 3748//7010 3765//7010 3756//7010
f 3741//7011 3766//7011 3749//7011
f 3758//7012 3766//7012 3741//7012
f 3759//7013 3767//7013 3750//7013
f 3750//7014 3767//7014 3758//7014
f 967//7015 3768//7015 3760//7015
f 3760//7016 3768//7016 3751//7016
f 974//7017 3768//7017 970//7017
f 970//7018 3768//7018 967//7018
f 3763//7019 3769//7019 3770//7019
f 3770//7020 3769//7020 3771//7020
f 3761//7021 3769//7021 3763//7021
f 3745//7022 3772//7022 3753//7022
f 3764//7023 3772//7023 3745//7023
f 3765//7024 3773//7024 3756//7024
f 3766//7025 3774//7025 3749//7025
f 3749//7026 3774//7026 3757//7026
f 3757//7027 3774//7027 3765//7027
f 3767//7028 3775//7028 3758//7028
f 974//7029 3776//7029 3768//7029
f 1046//7030 3776//7030 977//7030
f 977//7031 3776//7031 974//7031
f 3768//7032 3776//7032 3751//7032
f 3751//7033 3776//7033 3759//7033
f 3771//7034 3777//7034 3778//7034
f 3778//7035 3777//7035 3779//7035
f 3769//7036 3777//7036 3771//7036
f 3753//7037 3780//7037 3761//7037
f 3772//7038 3780//7038 3753//7038
f 3756//7039 3781//7039 3764//7039
f 3773//7040 3781//7040 3756//7040
f 3774//7041 3782//7041 3765//7041
f 3765//7042 3782//7042 3773//7042
f 3775//7043 3783//7043 3758//7043
f 3758//7044 3783//7044 3766//7044
f 1046//7045 3784//7045 3776//7045
f 3776//7046 3784//7046 3759//7046
f 1044//7047 3784//7047 1045//7047
f 1045//7048 3784//7048 1046//7048
f 3759//7049 3784//7049 3767//7049
f 3779//7050 3785//7050 3786//7050
f 3777//7051 3785//7051 3779//7051
f 3786//7052 3785//7052 3787//7052
f 3761//7053 3788//7053 3769//7053
f 3780//7054 3788//7054 3761//7054
f 3764//7055 3789//7055 3772//7055
f 3781//7056 3789//7056 3764//7056
f 3782//7057 3790//7057 3773//7057
f 3774//7058 3791//7058 3782//7058
f 3766//7059 3791//7059 3774//7059
f 3783//7060 3791//7060 3766//7060
f 3784//7061 3792//7061 3767//7061
f 3767//7062 3792//7062 3775//7062
f 1044//7063 3792//7063 3784//7063
f 1042//7064 3792//7064 1043//7064
f 1043//7065 3792//7065 1044//7065
f 3785//7066 3793//7066 3787//7066
f 3787//7067 3793//7067 3794//7067
f 3794//7068 3793//7068 3795//7068
f 3777//7069 3796//7069 3785//7069
f 3788//7070 3796//7070 3769//7070
f 3769//7071 3796//7071 3777//7071
f 3789//7072 3797//7072 3772//7072
f 3772//7073 3797//7073 3780//7073
f 3790//7074 3798//7074 3773//7074
f 3773//7075 3798//7075 3781//7075
f 3791//7076 3799//7076 3782//7076
f 3775//7077 3800//7077 3783//7077
f 3792//7078 3800//7078 3775//7078
f 1040//7079 3800//7079 1041//7079
f 1041//7080 3800//7080 1042//7080
f 1042//7081 3800//7081 3792//7081
f 3793//7082 3801//7082 3795//7082
f 3795//7083 3801//7083 3802//7083
f 3802//7084 3801//7084 3803//7084
f 3796//7085 3804//7085 3785//7085
f 3780//7086 3805//7086 3788//7086
f 3797//7087 3805//7087 3780//7087
f 3781//7088 3806//7088 3789//7088
f 3798//7089 3806//7089 3781//7089
f 3782//7090 3807//7090 3790//7090
f 3799//7091 3807//7091 3782//7091
f 3783//7092 3808//7092 3791//7092
f 1040//7093 3808//7093 3800//7093
f 3800//7094 3808//7094 3783//7094
f 1038//7095 3808//7095 1039//7095
f 1039//7096 3808//7096 1040//7096
f 3801//7097 3809//7097 3803//7097
f 3803//7098 3809//7098 3810//7098
f 3810//7099 3809//7099 3811//7099
f 3804//7100 3812//7100 3785//7100
f 3785//7101 3812//7101 3793//7101
f 3788//7102 3813//7102 3796//7102
f 3796//7103 3813//7103 3804//7103
f 3805//7104 3813//7104 3788//7104
f 3797//7105 3814//7105 3805//7105
f 3806//7106 3814//7106 3789//7106
f 3789//7107 3814//7107 3797//7107
f 3807//7108 3815//7108 3790//7108
f 3790//7109 3815//7109 3798//7109
f 1038//7110 3816//7110 3808//7110
f 1036//7111 3816//7111 1037//7111
f 1037//7112 3816//7112 1038//7112
f 3808//7113 3816//7113 3791//7113
f 3791//7114 3816//7114 3799//7114
f 3811//7115 3817//7115 3818//7115
f 3818//7116 3817//7116 3819//7116
f 3809//7117 3817//7117 3811//7117
f 3812//7118 3820//7118 3793//7118
f 3793//7119 3820//7119 3801//7119
f 3813//7120 3821//7120 3804//7120
f 3814//7121 3822//7121 3805//7121
f 3806//7122 3823//7122 3814//7122
f 3815//7123 3823//7123 3798//7123
f 3798//7124 3823//7124 3806//7124
f 3799//7125 3824//7125 3807//7125
f 3807//7126 3824//7126 3815//7126
f 1036//7127 3824//7127 3816//7127
f 1034//7128 3824//7128 1035//7128
f 1035//7129 3824//7129 1036//7129
f 3816//7130 3824//7130 3799//7130
f 3819//7131 3825//7131 3826//7131
f 3826//7132 3825//7132 3827//7132
f 3817//7133 3825//7133 3819//7133
f 3820//7134 3828//7134 3801//7134
f 3801//7135 3828//7135 3809//7135
f 3812//7136 3829//7136 3820//7136
f 3821//7137 3829//7137 3804//7137
f 3804//7138 3829//7138 3812//7138
f 3805//7139 3830//7139 3813//7139
f 3822//7140 3830//7140 3805//7140
f 3823//7141 3831//7141 3814//7141
f 3824//7142 3832//7142 3815//7142
f 1034//7143 3832//7143 3824//7143
f 1032//7144 3832//7144 1033//7144
f 1033//7145 3832//7145 1034//7145
f 3825//7146 3833//7146 3827//7146
f 3827//7147 3833//7147 3834//7147
f 3834//7148 3833//7148 3835//7148
f 3809//7149 3836//7149 3817//7149
f 3828//7150 3836//7150 3809//7150
f 3829//7151 3837//7151 3820//7151
f 3813//7152 3838//7152 3821//7152
f 3830//7153 3838//7153 3813//7153
f 3831//7154 3839//7154 3814//7154
f 3814//7155 3839//7155 3822//7155
f 3832//7156 3840//7156 3815//7156
f 1030//7157 3840//7157 1031//7157
f 1031//7158 3840//7158 1032//7158
f 1032//7159 3840//7159 3832//7159
f 3815//7160 3840//7160 3823//7160
f 3835//7161 3841//7161 3842//7161
f 3842//7162 3841//7162 3843//7162
f 3833//7163 3841//7163 3835//7163
f 3817//7164 3844//7164 3825//7164
f 3836//7165 3844//7165 3817//7165
f 3820//7166 3845//7166 3828//7166
f 3837//7167 3845//7167 3820//7167
f 3838//7168 3846//7168 3821//7168
f 3821//7169 3846//7169 3829//7169
f 3822//7170 3847//7170 3830//7170
f 3839//7171 3847//7171 3822//7171
f 3823//7172 3848//7172 3831//7172
f 1028//7173 3848//7173 1029//7173
f 1029//7174 3848//7174 1030//7174
f 3840//7175 3848//7175 3823//7175
f 1030//7176 3848//7176 3840//7176
f 3843//7177 3849//7177 3850//7177
f 3850//7178 3849//7178 3851//7178
f 3841//7179 3849//7179 3843//7179
f 3825//7180 3852//7180 3833//7180
f 3844//7181 3852//7181 3825//7181
f 3845//7182 3853//7182 3828//7182
f 3828//7183 3853//7183 3836//7183
f 3829//7184 3854//7184 3837//7184
f 3846//7185 3854//7185 3829//7185
f 3830//7186 3855//7186 3838//7186
f 3847//7187 3855//7187 3830//7187
f 3838//7188 3855//7188 3846//7188
f 1028//7189 3856//7189 3848//7189
f 1026//7190 3856//7190 1027//7190
f 1027//7191 3856//7191 1028//7191
f 3848//7192 3856//7192 3831//7192
f 3831//7193 3856//7193 3839//7193
f 3851//7194 3857//7194 3858//7194
f 3858//7195 3857//7195 3859//7195
f 3849//7196 3857//7196 3851//7196
f 3852//7197 3860//7197 3833//7197
f 3833//7198 3860//7198 3841//7198
f 3853//7199 3861//7199 3836//7199
f 3844//7200 3861//7200 3852//7200
f 3836//7201 3861//7201 3844//7201
f 3845//7202 3862//7202 3853//7202
f 3854//7203 3862//7203 3837//7203
f 3837//7204 3862//7204 3845//7204
f 3855//7205 3863//7205 3846//7205
f 3839//7206 3864//7206 3847//7206
f 1026//7207 3864//7207 3856//7207
f 1024//7208 3864//7208 1025//7208
f 1025//7209 3864//7209 1026//7209
f 3856//7210 3864//7210 3839//7210
f 3857//7211 3865//7211 3859//7211
f 3859//7212 3865//7212 3866//7212
f 3866//7213 3865//7213 3867//7213
f 3841//7214 3868//7214 3849//7214
f 3849//7215 3868//7215 3857//7215
f 3860//7216 3868//7216 3841//7216
f 3861//7217 3869//7217 3852//7217
f 3853//7218 3870//7218 3861//7218
f 3862//7219 3870//7219 3853//7219
f 3846//7220 3871//7220 3854//7220
f 3863//7221 3871//7221 3846//7221
f 3864//7222 3872//7222 3847//7222
f 1024//7223 3872//7223 3864//7223
f 1022//7224 3872//7224 1023//7224
f 1023//7225 3872//7225 1024//7225
f 3847//7226 3872//7226 3855//7226
f 3867//7227 3873//7227 3874//7227
f 3874//7228 3873//7228 3875//7228
f 3865//7229 3873//7229 3867//7229
f 3868//7230 3876//7230 3857//7230
f 3852//7231 3877//7231 3860//7231
f 3869//7232 3877//7232 3852//7232
f 3870//7233 3878//7233 3861//7233
f 3854//7234 3879//7234 3862//7234
f 3871//7235 3879//7235 3854//7235
f 3862//7236 3879//7236 3870//7236
f 3855//7237 3880//7237 3863//7237
f 3872//7238 3880//7238 3855//7238
f 1020//7239 3880//7239 1021//7239
f 1021//7240 3880//7240 1022//7240
f 1022//7241 3880//7241 3872//7241
f 3875//7242 3881//7242 3882//7242
f 3882//7243 3881//7243 3883//7243
f 3873//7244 3881//7244 3875//7244
f 3876//7245 3884//7245 3857//7245
f 3857//7246 3884//7246 3865//7246
f 3860//7247 3885//7247 3868//7247
f 3868//7248 3885//7248 3876//7248
f 3877//7249 3885//7249 3860//7249
f 3878//7250 3886//7250 3861//7250
f 3861//7251 3886//7251 3869//7251
f 3879//7252 3887//7252 3870//7252
f 3880//7253 3888//7253 3863//7253
f 1018//7254 3888//7254 1019//7254
f 1019//7255 3888//7255 1020//7255
f 1020//7256 3888//7256 3880//7256
f 3863//7257 3888//7257 3871//7257
f 3871//7258 3888//7258 3879//7258
f 3883//7259 3889//7259 3890//7259
f 3890//7260 3889//7260 3891//7260
f 3881//7261 3889//7261 3883//7261
f 3884//7262 3892//7262 3865//7262
f 3865//7263 3892//7263 3873//7263
f 3885//7264 3893//7264 3876//7264
f 3869//7265 3894//7265 3877//7265
f 3877//7266 3894//7266 3885//7266
f 3886//7267 3894//7267 3869//7267
f 3870//7268 3895//7268 3878//7268
f 3887//7269 3895//7269 3870//7269
f 1018//7270 3896//7270 3888//7270
f 1016//7271 3896//7271 1017//7271
f 1017//7272 3896//7272 1018//7272
f 3888//7273 3896//7273 3879//7273
f 3891//7274 3897//7274 3898//7274
f 3889//7275 3897//7275 3891//7275
f 3898//7276 3897//7276 3899//7276
f 3873//7277 3900//7277 3881//7277
f 3892//7278 3900//7278 3873//7278
f 3893//7279 3901//7279 3876//7279
f 3876//7280 3901//7280 3884//7280
f 3894//7281 3902//7281 3885//7281
f 3878//7282 3903//7282 3886//7282
f 3895//7283 3903//7283 3878//7283
f 1016//7284 3904//7284 3896//7284
f 3879//7285 3904//7285 3887//7285
f 1014//7286 3904//7286 1015//7286
f 1015//7287 3904//7287 1016//7287
f 3896//7288 3904//7288 3879//7288
f 3899//7289 3905//7289 3906//7289
f 3906//7290 3905//7290 3907//7290
f 3897//7291 3905//7291 3899//7291
f 3900//7292 3908//7292 3881//7292
f 3881//7293 3908//7293 3889//7293
f 3901//7294 3909//7294 3884//7294
f 3884//7295 3909//7295 3892//7295
f 3885//7296 3910//7296 3893//7296
f 3902//7297 3910//7297 3885//7297
f 3886//7298 3911//7298 3894//7298
f 3903//7299 3911//7299 3886//7299
f 3887//7300 3912//7300 3895//7300
f 3904//7301 3912//7301 3887//7301
f 1014//7302 3912//7302 3904//7302
f 1012//7303 3912//7303 1013//7303
f 1013//7304 3912//7304 1014//7304
f 3907//7305 3913//7305 3914//7305
f 3914//7306 3913//7306 3915//7306
f 3905//7307 3913//7307 3907//7307
f 3908//7308 3916//7308 3889//7308
f 3889//7309 3916//7309 3897//7309
f 3909//7310 3917//7310 3892//7310
f 3900//7311 3917//7311 3908//7311
f 3892//7312 3917//7312 3900//7312
f 3910//7313 3918//7313 3893//7313
f 3901//7314 3918//7314 3909//7314
f 3893//7315 3918//7315 3901//7315
f 3894//7316 3919//7316 3902//7316
f 3911//7317 3919//7317 3894//7317
f 3912//7318 3920//7318 3895//7318
f 3895//7319 3920//7319 3903//7319
f 1010//7320 3920//7320 1011//7320
f 1011//7321 3920//7321 1012//7321
f 1012//7322 3920//7322 3912//7322
f 3903//7323 3920//7323 3911//7323
f 3913//7324 3921//7324 3915//7324
f 3915//7325 3921//7325 3922//7325
f 3922//7326 3921//7326 3923//7326
f 3897//7327 3924//7327 3905//7327
f 3916//7328 3924//7328 3897//7328
f 3917//7329 3925//7329 3908//7329
f 3918//7330 3926//7330 3909//7330
f 3902//7331 3927//7331 3910//7331
f 3919//7332 3927//7332 3902//7332
f 1007//7333 3928//7333 1009//7333
f 1009//7334 3928//7334 1010//7334
f 3920//7335 3928//7335 3911//7335
f 1010//7336 3928//7336 3920//7336
f 3923//7337 3929//7337 3930//7337
f 3930//7338 3929//7338 3931//7338
f 3921//7339 3929//7339 3923//7339
f 3905//7340 3932//7340 3913//7340
f 3924//7341 3932//7341 3905//7341
f 3908//7342 3933//7342 3916//7342
f 3925//7343 3933//7343 3908//7343
f 3926//7344 3934//7344 3909//7344
f 3909//7345 3934//7345 3917//7345
f 3927//7346 3935//7346 3910//7346
f 3910//7347 3935//7347 3918//7347
f 1047//7348 3936//7348 1008//7348
f 1008//7349 3936//7349 1007//7349
f 1007//7350 3936//7350 3928//7350
f 3911//7351 3936//7351 3919//7351
f 3928//7352 3936//7352 3911//7352
f 3931//7353 3937//7353 3938//7353
f 3938//7354 3937//7354 3939//7354
f 3929//7355 3937//7355 3931//7355
f 3913//7356 3940//7356 3921//7356
f 3932//7357 3940//7357 3913//7357
f 3921//7358 3940//7358 3929//7358
f 3916//7359 3941//7359 3924//7359
f 3933//7360 3941//7360 3916//7360
f 3917//7361 3942//7361 3925//7361
f 3925//7362 3942//7362 3933//7362
f 3934//7363 3942//7363 3917//7363
f 3926//7364 3943//7364 3934//7364
f 3918//7365 3943//7365 3926//7365
f 3935//7366 3943//7366 3918//7366
f 3936//7367 3944//7367 3919//7367
f 1049//7368 3944//7368 1048//7368
f 1048//7369 3944//7369 1047//7369
f 1047//7370 3944//7370 3936//7370
f 3919//7371 3944//7371 3927//7371
f 3927//7372 3944//7372 3935//7372
f 3939//7373 3945//7373 3946//7373
f 3946//7374 3945//7374 3947//7374
f 3937//7375 3945//7375 3939//7375
f 3940//7376 3948//7376 3929//7376
f 3932//7377 3949//7377 3940//7377
f 3941//7378 3949//7378 3924//7378
f 3924//7379 3949//7379 3932//7379
f 3942//7380 3950//7380 3933//7380
f 3943//7381 3951//7381 3934//7381
f 3944//7382 3952//7382 3935//7382
f 1049//7383 3952//7383 3944//7383
f 1051//7384 3952//7384 1050//7384
f 1050//7385 3952//7385 1049//7385
f 3945//7386 3953//7386 3947//7386
f 3947//7387 3953//7387 3954//7387
f 3954//7388 3953//7388 3955//7388
f 3929//7389 3956//7389 3937//7389
f 3948//7390 3956//7390 3929//7390
f 3949//7391 3957//7391 3940//7391
f 3933//7392 3958//7392 3941//7392
f 3950//7393 3958//7393 3933//7393
f 3934//7394 3959//7394 3942//7394
f 3951//7395 3959//7395 3934//7395
f 1200//7396 3960//7396 1204//7396
f 1204//7397 3960//7397 1051//7397
f 3943//7398 3960//7398 3951//7398
f 1051//7399 3960//7399 3952//7399
f 3952//7400 3960//7400 3935//7400
f 3935//7401 3960//7401 3943//7401
f 3953//7402 3961//7402 3955//7402
f 3955//7403 3961//7403 3962//7403
f 3962//7404 3961//7404 3963//7404
f 3937//7405 3964//7405 3945//7405
f 3956//7406 3964//7406 3937//7406
f 3945//7407 3964//7407 3953//7407
f 3940//7408 3965//7408 3948//7408
f 3957//7409 3965//7409 3940//7409
f 3941//7410 3966//7410 3949//7410
f 3958//7411 3966//7411 3941//7411
f 3942//7412 3967//7412 3950//7412
f 3959//7413 3967//7413 3942//7413
f 1191//7414 3968//7414 1195//7414
f 1195//7415 3968//7415 1200//7415
f 3960//7416 3968//7416 3951//7416
f 1200//7417 3968//7417 3960//7417
f 3961//7418 3969//7418 3963//7418
f 3963//7419 3969//7419 3970//7419
f 3970//7420 3969//7420 3971//7420
f 3964//7421 3972//7421 3953//7421
f 3965//7422 3973//7422 3948//7422
f 3948//7423 3973//7423 3956//7423
f 3956//7424 3973//7424 3964//7424
f 3966//7425 3974//7425 3949//7425
f 3949//7426 3974//7426 3957//7426
f 3957//7427 3974//7427 3965//7427
f 3950//7428 3975//7428 3958//7428
f 3967//7429 3975//7429 3950//7429
f 1181//7430 3976//7430 1187//7430
f 1187//7431 3976//7431 1191//7431
f 3951//7432 3976//7432 3959//7432
f 1191//7433 3976//7433 3968//7433
f 3968//7434 3976//7434 3951//7434
f 3971//7435 3977//7435 3978//7435
f 3978//7436 3977//7436 3979//7436
f 3969//7437 3977//7437 3971//7437
f 3953//7438 3980//7438 3961//7438
f 3972//7439 3980//7439 3953//7439
f 3973//7440 3981//7440 3964//7440
f 3974//7441 3982//7441 3965//7441
f 3975//7442 3983//7442 3958//7442
f 3966//7443 3983//7443 3974//7443
f 3958//7444 3983//7444 3966//7444
f 3976//7445 3984//7445 3959//7445
f 1177//7446 3984//7446 1179//7446
f 1179//7447 3984//7447 1181//7447
f 1181//7448 3984//7448 3976//7448
f 3959//7449 3984//7449 3967//7449
f 3979//7450 3985//7450 3986//7450
f 3986//7451 3985//7451 3987//7451
f 3977//7452 3985//7452 3979//7452
f 3969//7453 3988//7453 3977//7453
f 3980//7454 3988//7454 3961//7454
f 3961//7455 3988//7455 3969//7455
f 3981//7456 3989//7456 3964//7456
f 3964//7457 3989//7457 3972//7457
f 3965//7458 3990//7458 3973//7458
f 3982//7459 3990//7459 3965//7459
f 3974//7460 3991//7460 3982//7460
f 3983//7461 3991//7461 3974//7461
f 3984//7462 3992//7462 3967//7462
f 1168//7463 3992//7463 1169//7463
f 1169//7464 3992//7464 1177//7464
f 3967//7465 3992//7465 3975//7465
f 1177//7466 3992//7466 3984//7466
f 3987//7467 3993//7467 3994//7467
f 3994//7468 3993//7468 3995//7468
f 3985//7469 3993//7469 3987//7469
f 3988//7470 3996//7470 3977//7470
f 3972//7471 3997//7471 3980//7471
f 3989//7472 3997//7472 3972//7472
f 3981//7473 3998//7473 3989//7473
f 3990//7474 3998//7474 3973//7474
f 3973//7475 3998//7475 3981//7475
f 3991//7476 3999//7476 3982//7476
f 3975//7477 4000//7477 3983//7477
f 1157//7478 4000//7478 1164//7478
f 1164//7479 4000//7479 1168//7479
f 1168//7480 4000//7480 3992//7480
f 3992//7481 4000//7481 3975//7481
f 3993//7482 4001//7482 3995//7482
f 3995//7483 4001//7483 4002//7483
f 4002//7484 4001//7484 4003//7484
f 3996//7485 4004//7485 3977//7485
f 3977//7486 4004//7486 3985//7486
f 3980//7487 4005//7487 3988//7487
f 3988//7488 4005//7488 3996//7488
f 3997//7489 4005//7489 3980//7489
f 3998//7490 4006//7490 3989//7490
f 3989//7491 4006//7491 3997//7491
f 3982//7492 4007//7492 3990//7492
f 3999//7493 4007//7493 3982//7493
f 1149//7494 4008//7494 1154//7494
f 1154//7495 4008//7495 1157//7495
f 1157//7496 4008//7496 4000//7496
f 3983//7497 4008//7497 3991//7497
f 4000//7498 4008//7498 3983//7498
f 4003//7499 4009//7499 4010//7499
f 4010//7500 4009//7500 4011//7500
f 4001//7501 4009//7501 4003//7501
f 4004//7502 4012//7502 3985//7502
f 3993//7503 4012//7503 4001//7503
f 3985//7504 4012//7504 3993//7504
f 3996//7505 4013//7505 4004//7505
f 4005//7506 4013//7506 3996//7506
f 4006//7507 4014//7507 3997//7507
f 3990//7508 4015//7508 3998//7508
f 4007//7509 4015//7509 3990//7509
f 1145//7510 4016//7510 1147//7510
f 1147//7511 4016//7511 1149//7511
f 1149//7512 4016//7512 4008//7512
f 3991//7513 4016//7513 3999//7513
f 3999//7514 4016//7514 4007//7514
f 4008//7515 4016//7515 3991//7515
f 4009//7516 4017//7516 4011//7516
f 4011//7517 4017//7517 4018//7517
f 4018//7518 4017//7518 4019//7518
f 4012//7519 4020//7519 4001//7519
f 4013//7520 4021//7520 4004//7520
f 3997//7521 4022//7521 4005//7521
f 4014//7522 4022//7522 3997//7522
f 3998//7523 4023//7523 4006//7523
f 4006//7524 4023//7524 4014//7524
f 4015//7525 4023//7525 3998//7525
f 1134//7526 4024//7526 1141//7526
f 1141//7527 4024//7527 1145//7527
f 1145//7528 4024//7528 4016//7528
f 4016//7529 4024//7529 4007//7529
f 4019//7530 4025//7530 4026//7530
f 4026//7531 4025//7531 4027//7531
f 4017//7532 4025//7532 4019//7532
f 4001//7533 4028//7533 4009//7533
f 4020//7534 4028//7534 4001//7534
f 4021//7535 4029//7535 4004//7535
f 4004//7536 4029//7536 4012//7536
f 4005//7537 4030//7537 4013//7537
f 4022//7538 4030//7538 4005//7538
f 4023//7539 4031//7539 4014//7539
f 1126//7540 4032//7540 1133//7540
f 1133//7541 4032//7541 1134//7541
f 1134//7542 4032//7542 4024//7542
f 4015//7543 4032//7543 4023//7543
f 4007//7544 4032//7544 4015//7544
f 4024//7545 4032//7545 4007//7545
f 4027//7546 4033//7546 4034//7546
f 4025//7547 4033//7547 4027//7547
f 4034//7548 4033//7548 4035//7548
f 4028//7549 4036//7549 4009//7549
f 4009//7550 4036//7550 4017//7550
f 4012//7551 4037//7551 4020//7551
f 4029//7552 4037//7552 4012//7552
f 4020//7553 4037//7553 4028//7553
f 4021//7554 4038//7554 4029//7554
f 4030//7555 4038//7555 4013//7555
f 4013//7556 4038//7556 4021//7556
f 4031//7557 4039//7557 4014//7557
f 4014//7558 4039//7558 4022//7558
f 1120//7559 4040//7559 1125//7559
f 1125//7560 4040//7560 1126//7560
f 4032//7561 4040//7561 4023//7561
f 4023//7562 4040//7562 4031//7562
f 1126//7563 4040//7563 4032//7563
f 4033//7564 4041//7564 4035//7564
f 4035//7565 4041//7565 4042//7565
f 4042//7566 4041//7566 4043//7566
f 4017//7567 4044//7567 4025//7567
f 4036//7568 4044//7568 4017//7568
f 4028//7569 4045//7569 4036//7569
f 4037//7570 4045//7570 4028//7570
f 4038//7571 4046//7571 4029//7571
f 4039//7572 4047//7572 4022//7572
f 4022//7573 4047//7573 4030//7573
f 1110//7574 4048//7574 1113//7574
f 1113//7575 4048//7575 1120//7575
f 4031//7576 4048//7576 4039//7576
f 4040//7577 4048//7577 4031//7577
f 1120//7578 4048//7578 4040//7578
f 4041//7579 4049//7579 4043//7579
f 4043//7580 4049//7580 4050//7580
f 4050//7581 4049//7581 4051//7581
f 4025//7582 4052//7582 4033//7582
f 4044//7583 4052//7583 4025//7583
f 4036//7584 4053//7584 4044//7584
f 4045//7585 4053//7585 4036//7585
f 4029//7586 4054//7586 4037//7586
f 4046//7587 4054//7587 4029//7587
f 4030//7588 4055//7588 4038//7588
f 4047//7589 4055//7589 4030//7589
f 1105//7590 4056//7590 1110//7590
f 1110//7591 4056//7591 4048//7591
f 4048//7592 4056//7592 4039//7592
f 1104//7593 4056//7593 1105//7593
f 4049//7594 4057//7594 4051//7594
f 4051//7595 4057//7595 4058//7595
f 4058//7596 4057//7596 4059//7596
f 4033//7597 4060//7597 4041//7597
f 4052//7598 4060//7598 4033//7598
f 4053//7599 4061//7599 4044//7599
f 4037//7600 4062//7600 4045//7600
f 4054//7601 4062//7601 4037//7601
f 4038//7602 4063//7602 4046//7602
f 4055//7603 4063//7603 4038//7603
f 4056//7604 4064//7604 4039//7604
f 4039//7605 4064//7605 4047//7605
f 1104//7606 4064//7606 4056//7606
f 1093//7607 4064//7607 1097//7607
f 1097//7608 4064//7608 1104//7608
f 4057//7609 4065//7609 4059//7609
f 4059//7610 4065//7610 4066//7610
f 4066//7611 4065//7611 4067//7611
f 4060//7612 4068//7612 4041//7612
f 4041//7613 4068//7613 4049//7613
f 4052//7614 4069//7614 4060//7614
f 4044//7615 4069//7615 4052//7615
f 4061//7616 4069//7616 4044//7616
f 4062//7617 4070//7617 4045//7617
f 4045//7618 4070//7618 4053//7618
f 4046//7619 4071//7619 4054//7619
f 4063//7620 4071//7620 4046//7620
f 4055//7621 4072//7621 4063//7621
f 4064//7622 4072//7622 4047//7622
f 1093//7623 4072//7623 4064//7623
f 4047//7624 4072//7624 4055//7624
f 1085//7625 4072//7625 1091//7625
f 1091//7626 4072//7626 1093//7626
f 4067//7627 4073//7627 4074//7627
f 4074//7628 4073//7628 4075//7628
f 4065//7629 4073//7629 4067//7629
f 4057//7630 4076//7630 4065//7630
f 4068//7631 4076//7631 4049//7631
f 4049//7632 4076//7632 4057//7632
f 4069//7633 4077//7633 4060//7633
f 4053//7634 4078//7634 4061//7634
f 4070//7635 4078//7635 4053//7635
f 4054//7636 4079//7636 4062//7636
f 4062//7637 4079//7637 4070//7637
f 4071//7638 4079//7638 4054//7638
f 1085//7639 4080//7639 4072//7639
f 4072//7640 4080//7640 4063//7640
f 1080//7641 4080//7641 1083//7641
f 1083//7642 4080//7642 1085//7642
f 4073//7643 4081//7643 4075//7643
f 3618//7644 4081//7644 3615//7644
f 4075//7645 4081//7645 4082//7645
f 4082//7646 4081//7646 3618//7646
f 3615//7647 4081//7647 3629//7647
f 4076//7648 4083//7648 4065//7648
f 4077//7649 4084//7649 4060//7649
f 4068//7650 4084//7650 4076//7650
f 4060//7651 4084//7651 4068//7651
f 4061//7652 4085//7652 4069//7652
f 4069//7653 4085//7653 4077//7653
f 4078//7654 4085//7654 4061//7654
f 4079//7655 4086//7655 4070//7655
f 1080//7656 4087//7656 4080//7656
f 4063//7657 4087//7657 4071//7657
f 1072//7658 4087//7658 1076//7658
f 1076//7659 4087//7659 1080//7659
f 4080//7660 4087//7660 4063//7660
f 4083//7661 4088//7661 4065//7661
f 4065//7662 4088//7662 4073//7662
f 4073//7663 4088//7663 4081//7663
f 4084//7664 4089//7664 4076//7664
f 4077//7665 4090//7665 4084//7665
f 4085//7666 4090//7666 4077//7666
f 4070//7667 4091//7667 4078//7667
f 4086//7668 4091//7668 4070//7668
f 4071//7669 4092//7669 4079//7669
f 1072//7670 4092//7670 4087//7670
f 4087//7671 4092//7671 4071//7671
f 1065//7672 4092//7672 1070//7672
f 1070//7673 4092//7673 1072//7673
f 4081//7674 4093//7674 3629//7674
f 4088//7675 4093//7675 4081//7675
f 4076//7676 4094//7676 4083//7676
f 4089//7677 4094//7677 4076//7677
f 4084//7678 4095//7678 4089//7678
f 4090//7679 4095//7679 4084//7679
f 4085//7680 4096//7680 4090//7680
f 4078//7681 4096//7681 4085//7681
f 4091//7682 4096//7682 4078//7682
f 4092//7683 4097//7683 4079//7683
f 4086//7684 4097//7684 4091//7684
f 1065//7685 4097//7685 4092//7685
f 4079//7686 4097//7686 4086//7686
f 1057//7687 4097//7687 1062//7687
f 1062//7688 4097//7688 1065//7688
f 4094//7689 4098//7689 4083//7689
f 4083//7690 4098//7690 4088//7690
f 4089//7691 4099//7691 4094//7691
f 4095//7692 4099//7692 4089//7692
f 4096//7693 4100//7693 4090//7693
f 4090//7694 4100//7694 4095//7694
f 4091//7695 4101//7695 4096//7695
f 1057//7696 4101//7696 4097//7696
f 4097//7697 4101//7697 4091//7697
f 1055//7698 4101//7698 1054//7698
f 1054//7699 4101//7699 1057//7699
f 4093//7700 4102//7700 3629//7700
f 4088//7701 4102//7701 4093//7701
f 3629//7702 4102//7702 3639//7702
f 4098//7703 4102//7703 4088//7703
f 4094//7704 4103//7704 4098//7704
f 4099//7705 4103//7705 4094//7705
f 4100//7706 4104//7706 4095//7706
f 4095//7707 4104//7707 4099//7707
f 4101//7708 4105//7708 4096//7708
f 1055//7709 4105//7709 4101//7709
f 1060//7710 4105//7710 1059//7710
f 1059//7711 4105//7711 1055//7711
f 4103//7712 4106//7712 4098//7712
f 4104//7713 4107//7713 4099//7713
f 4099//7714 4107//7714 4103//7714
f 4105//7715 4108//7715 4096//7715
f 4096//7716 4108//7716 4100//7716
f 1068//7717 4108//7717 1066//7717
f 1066//7718 4108//7718 1060//7718
f 1060//7719 4108//7719 4105//7719
f 3639//7720 4109//7720 3651//7720
f 4098//7721 4109//7721 4102//7721
f 4102//7722 4109//7722 3639//7722
f 4106//7723 4109//7723 4098//7723
f 4103//7724 4110//7724 4106//7724
f 4107//7725 4110//7725 4103//7725
f 1068//7726 4111//7726 4108//7726
f 4100//7727 4111//7727 4104//7727
f 1006//7728 4111//7728 1074//7728
f 1074//7729 4111//7729 1068//7729
f 4108//7730 4111//7730 4100//7730
f 4110//7731 4112//7731 4106//7731
f 4107//7732 4113//7732 4110//7732
f 1006//7733 4113//7733 4111//7733
f 4104//7734 4113//7734 4107//7734
f 4111//7735 4113//7735 4104//7735
f 1003//7736 4113//7736 1004//7736
f 1004//7737 4113//7737 1006//7737
f 4106//7738 4114//7738 4109//7738
f 4112//7739 4114//7739 4106//7739
f 3651//7740 4114//7740 3665//7740
f 4109//7741 4114//7741 3651//7741
f 1003//7742 4115//7742 4113//7742
f 999//7743 4115//7743 1001//7743
f 1001//7744 4115//7744 1003//7744
f 4113//7745 4115//7745 4110//7745
f 4110//7746 4116//7746 4112//7746
f 4115//7747 4116//7747 4110//7747
f 999//7748 4116//7748 4115//7748
f 995//7749 4116//7749 997//7749
f 997//7750 4116//7750 999//7750
f 4114//7751 4117//7751 3665//7751
f 995//7752 4117//7752 4116//7752
f 3665//7753 4117//7753 3617//7753
f 990//7754 4117//7754 992//7754
f 4112//7755 4117//7755 4114//7755
f 992//7756 4117//7756 995//7756
f 3617//7757 4117//7757 990//7757
f 4116//7758 4117//7758 4112//7758
f 4118//7759 4119//7759 4120//7759
f 1114//7760 1111//7760 4121//7760
f 4122//7761 4119//7761 4118//7761
f 1117//7762 1114//7762 4121//7762
f 4120//7763 4123//7763 4124//7763
f 4124//7764 4123//7764 4125//7764
f 4119//7765 4123//7765 4120//7765
f 4125//7766 4126//7766 4127//7766
f 4127//7767 4126//7767 4128//7767
f 4123//7768 4126//7768 4125//7768
f 4128//7769 4129//7769 4130//7769
f 4130//7770 4129//7770 4131//7770
f 4126//7771 4129//7771 4128//7771
f 4119//7772 4132//7772 4123//7772
f 4133//7773 4132//7773 4119//7773
f 4129//7774 4134//7774 4131//7774
f 4131//7775 4134//7775 4135//7775
f 4135//7776 4134//7776 4136//7776
f 4132//7777 4137//7777 4123//7777
f 4123//7778 4137//7778 4126//7778
f 4136//7779 4138//7779 4139//7779
f 4139//7780 4138//7780 4140//7780
f 4134//7781 4138//7781 4136//7781
f 4126//7782 4141//7782 4129//7782
f 4137//7783 4141//7783 4126//7783
f 4133//7784 4142//7784 4132//7784
f 4143//7785 4142//7785 4133//7785
f 4140//7786 4144//7786 4145//7786
f 4145//7787 4144//7787 4146//7787
f 4138//7788 4144//7788 4140//7788
f 4141//7789 4147//7789 4129//7789
f 4129//7790 4147//7790 4134//7790
f 4132//7791 4148//7791 4137//7791
f 4142//7792 4148//7792 4132//7792
f 4146//7793 4149//7793 4150//7793
f 4150//7794 4149//7794 4151//7794
f 4144//7795 4149//7795 4146//7795
f 4134//7796 4152//7796 4138//7796
f 4147//7797 4152//7797 4134//7797
f 4148//7798 4153//7798 4137//7798
f 4137//7799 4153//7799 4141//7799
f 4143//7800 4154//7800 4142//7800
f 4155//7801 4154//7801 4143//7801
f 4151//7802 4156//7802 4157//7802
f 4157//7803 4156//7803 4158//7803
f 4149//7804 4156//7804 4151//7804
f 4138//7805 4159//7805 4144//7805
f 4152//7806 4159//7806 4138//7806
f 4153//7807 4160//7807 4141//7807
f 4141//7808 4160//7808 4147//7808
f 4154//7809 4161//7809 4142//7809
f 4142//7810 4161//7810 4148//7810
f 4158//7811 4162//7811 4163//7811
f 4163//7812 4162//7812 4164//7812
f 4156//7813 4162//7813 4158//7813
f 4144//7814 4165//7814 4149//7814
f 4159//7815 4165//7815 4144//7815
f 4147//7816 4166//7816 4152//7816
f 4160//7817 4166//7817 4147//7817
f 4148//7818 4167//7818 4153//7818
f 4161//7819 4167//7819 4148//7819
f 4155//7820 4168//7820 4154//7820
f 4169//7821 4168//7821 4155//7821
f 4164//7822 4170//7822 4171//7822
f 4171//7823 4170//7823 4172//7823
f 4162//7824 4170//7824 4164//7824
f 4149//7825 4173//7825 4156//7825
f 4165//7826 4173//7826 4149//7826
f 4166//7827 4174//7827 4152//7827
f 4152//7828 4174//7828 4159//7828
f 4153//7829 4175//7829 4160//7829
f 4167//7830 4175//7830 4153//7830
f 4168//7831 4176//7831 4154//7831
f 4154//7832 4176//7832 4161//7832
f 4170//7833 4177//7833 4172//7833
f 4172//7834 4177//7834 4178//7834
f 4178//7835 4177//7835 4179//7835
f 4156//7836 4180//7836 4162//7836
f 4173//7837 4180//7837 4156//7837
f 4174//7838 4181//7838 4159//7838
f 4159//7839 4181//7839 4165//7839
f 4175//7840 4182//7840 4160//7840
f 4160//7841 4182//7841 4166//7841
f 4176//7842 4183//7842 4161//7842
f 4161//7843 4183//7843 4167//7843
f 4121//7844 4184//7844 4169//7844
f 1111//7845 4184//7845 4121//7845
f 4169//7846 4184//7846 4168//7846
f 1101//7847 4184//7847 1106//7847
f 1106//7848 4184//7848 1111//7848
f 4179//7849 4185//7849 4186//7849
f 4186//7850 4185//7850 4187//7850
f 4177//7851 4185//7851 4179//7851
f 4162//7852 4188//7852 4170//7852
f 4180//7853 4188//7853 4162//7853
f 4181//7854 4189//7854 4165//7854
f 4173//7855 4189//7855 4180//7855
f 4165//7856 4189//7856 4173//7856
f 4166//7857 4190//7857 4174//7857
f 4182//7858 4190//7858 4166//7858
f 4167//7859 4191//7859 4175//7859
f 4183//7860 4191//7860 4167//7860
f 1101//7861 4192//7861 4184//7861
f 4184//7862 4192//7862 4168//7862
f 4168//7863 4192//7863 4176//7863
f 1094//7864 4192//7864 1098//7864
f 1098//7865 4192//7865 1101//7865
f 4187//7866 4193//7866 4194//7866
f 4194//7867 4193//7867 4195//7867
f 4185//7868 4193//7868 4187//7868
f 4188//7869 4196//7869 4170//7869
f 4170//7870 4196//7870 4177//7870
f 4189//7871 4197//7871 4180//7871
f 4180//7872 4197//7872 4188//7872
f 4190//7873 4198//7873 4174//7873
f 4174//7874 4198//7874 4181//7874
f 4191//7875 4199//7875 4175//7875
f 4175//7876 4199//7876 4182//7876
f 4192//7877 4200//7877 4176//7877
f 1094//7878 4200//7878 4192//7878
f 1086//7879 4200//7879 1089//7879
f 1089//7880 4200//7880 1094//7880
f 4176//7881 4200//7881 4183//7881
f 4193//7882 4201//7882 4195//7882
f 4195//7883 4201//7883 4202//7883
f 4202//7884 4201//7884 4203//7884
f 4177//7885 4204//7885 4185//7885
f 4196//7886 4204//7886 4177//7886
f 4197//7887 4205//7887 4188//7887
f 4198//7888 4206//7888 4181//7888
f 4189//7889 4206//7889 4197//7889
f 4181//7890 4206//7890 4189//7890
f 4199//7891 4207//7891 4182//7891
f 4182//7892 4207//7892 4190//7892
f 4200//7893 4208//7893 4183//7893
f 1086//7894 4208//7894 4200//7894
f 4183//7895 4208//7895 4191//7895
f 1078//7896 4208//7896 1082//7896
f 1082//7897 4208//7897 1086//7897
f 4203//7898 4209//7898 4210//7898
f 4210//7899 4209//7899 4211//7899
f 4201//7900 4209//7900 4203//7900
f 4204//7901 4212//7901 4185//7901
f 4185//7902 4212//7902 4193//7902
f 4205//7903 4213//7903 4188//7903
f 4188//7904 4213//7904 4196//7904
f 4206//7905 4214//7905 4197//7905
f 4190//7906 4215//7906 4198//7906
f 4207//7907 4215//7907 4190//7907
f 1078//7908 4216//7908 4208//7908
f 4208//7909 4216//7909 4191//7909
f 4191//7910 4216//7910 4199//7910
f 1071//7911 4216//7911 1075//7911
f 1075//7912 4216//7912 1078//7912
f 4211//7913 4217//7913 4218//7913
f 4218//7914 4217//7914 4219//7914
f 4209//7915 4217//7915 4211//7915
f 4212//7916 4220//7916 4193//7916
f 4193//7917 4220//7917 4201//7917
f 4196//7918 4221//7918 4204//7918
f 4213//7919 4221//7919 4196//7919
f 4197//7920 4222//7920 4205//7920
f 4214//7921 4222//7921 4197//7921
f 4215//7922 4223//7922 4198//7922
f 4198//7923 4223//7923 4206//7923
f 4207//7924 4224//7924 4215//7924
f 1071//7925 4224//7925 4216//7925
f 4216//7926 4224//7926 4199//7926
f 1063//7927 4224//7927 1067//7927
f 1067//7928 4224//7928 1071//7928
f 4199//7929 4224//7929 4207//7929
f 4219//7930 4225//7930 4226//7930
f 4226//7931 4225//7931 4227//7931
f 4217//7932 4225//7932 4219//7932
f 4201//7933 4228//7933 4209//7933
f 4220//7934 4228//7934 4201//7934
f 4221//7935 4229//7935 4204//7935
f 4204//7936 4229//7936 4212//7936
f 4205//7937 4230//7937 4213//7937
f 4222//7938 4230//7938 4205//7938
f 4223//7939 4231//7939 4206//7939
f 4206//7940 4231//7940 4214//7940
f 1063//7941 4232//7941 4224//7941
f 4224//7942 4232//7942 4215//7942
f 1053//7943 4232//7943 1058//7943
f 1058//7944 4232//7944 1063//7944
f 4225//7945 4233//7945 4227//7945
f 4227//7946 4233//7946 4234//7946
f 4234//7947 4233//7947 4235//7947
f 4209//7948 4236//7948 4217//7948
f 4228//7949 4236//7949 4209//7949
f 4212//7950 4237//7950 4220//7950
f 4229//7951 4237//7951 4212//7951
f 4230//7952 4238//7952 4213//7952
f 4213//7953 4238//7953 4221//7953
f 4231//7954 4239//7954 4214//7954
f 4214//7955 4239//7955 4222//7955
f 1053//7956 4240//7956 4232//7956
f 4232//7957 4240//7957 4215//7957
f 1056//7958 4240//7958 1052//7958
f 1052//7959 4240//7959 1053//7959
f 4215//7960 4240//7960 4223//7960
f 4233//7961 4241//7961 4235//7961
f 4235//7962 4241//7962 4242//7962
f 4242//7963 4241//7963 4243//7963
f 4236//7964 4244//7964 4217//7964
f 4217//7965 4244//7965 4225//7965
f 4237//7966 4245//7966 4220//7966
f 4220//7967 4245//7967 4228//7967
f 4238//7968 4246//7968 4221//7968
f 4221//7969 4246//7969 4229//7969
f 4229//7970 4246//7970 4237//7970
f 4239//7971 4247//7971 4222//7971
f 4222//7972 4247//7972 4230//7972
f 1056//7973 4248//7973 4240//7973
f 4240//7974 4248//7974 4223//7974
f 4223//7975 4248//7975 4231//7975
f 1064//7976 4248//7976 1061//7976
f 1061//7977 4248//7977 1056//7977
f 4243//7978 4249//7978 4250//7978
f 4250//7979 4249//7979 4251//7979
f 4241//7980 4249//7980 4243//7980
f 4225//7981 4252//7981 4233//7981
f 4233//7982 4252//7982 4241//7982
f 4244//7983 4252//7983 4225//7983
f 4245//7984 4253//7984 4228//7984
f 4228//7985 4253//7985 4236//7985
f 4246//7986 4254//7986 4237//7986
f 4238//7987 4255//7987 4246//7987
f 4247//7988 4255//7988 4230//7988
f 4230//7989 4255//7989 4238//7989
f 4248//7990 4256//7990 4231//7990
f 4231//7991 4256//7991 4239//7991
f 1073//7992 4256//7992 1069//7992
f 1069//7993 4256//7993 1064//7993
f 1064//7994 4256//7994 4248//7994
f 4249//7995 4257//7995 4251//7995
f 4251//7996 4257//7996 4258//7996
f 4258//7997 4257//7997 4259//7997
f 4252//7998 4260//7998 4241//7998
f 4253//7999 4261//7999 4236//7999
f 4236//8000 4261//8000 4244//8000
f 4254//8001 4262//8001 4237//8001
f 4237//8002 4262//8002 4245//8002
f 4255//8003 4263//8003 4246//8003
f 4246//8004 4263//8004 4254//8004
f 4256//8005 4264//8005 4239//8005
f 1073//8006 4264//8006 4256//8006
f 1081//8007 4264//8007 1077//8007
f 1077//8008 4264//8008 1073//8008
f 4239//8009 4264//8009 4247//8009
f 4247//8010 4264//8010 4255//8010
f 4259//8011 4265//8011 4266//8011
f 4266//8012 4265//8012 4267//8012
f 4257//8013 4265//8013 4259//8013
f 4241//8014 4268//8014 4249//8014
f 4260//8015 4268//8015 4241//8015
f 4261//8016 4269//8016 4244//8016
f 4244//8017 4269//8017 4252//8017
f 4252//8018 4269//8018 4260//8018
f 4245//8019 4270//8019 4253//8019
f 4262//8020 4270//8020 4245//8020
f 4263//8021 4271//8021 4254//8021
f 4254//8022 4271//8022 4262//8022
f 1081//8023 4272//8023 4264//8023
f 4264//8024 4272//8024 4255//8024
f 1088//8025 4272//8025 1084//8025
f 1084//8026 4272//8026 1081//8026
f 4267//8027 4273//8027 4274//8027
f 4274//8028 4273//8028 4275//8028
f 4265//8029 4273//8029 4267//8029
f 4249//8030 4276//8030 4257//8030
f 4268//8031 4276//8031 4249//8031
f 4269//8032 4277//8032 4260//8032
f 4270//8033 4278//8033 4253//8033
f 4253//8034 4278//8034 4261//8034
f 4261//8035 4278//8035 4269//8035
f 4271//8036 4279//8036 4262//8036
f 1088//8037 4280//8037 4272//8037
f 1096//8038 4280//8038 1092//8038
f 1092//8039 4280//8039 1088//8039
f 4272//8040 4280//8040 4255//8040
f 4255//8041 4280//8041 4263//8041
f 4275//8042 4281//8042 4282//8042
f 4282//8043 4281//8043 4283//8043
f 4273//8044 4281//8044 4275//8044
f 4257//8045 4284//8045 4265//8045
f 4276//8046 4284//8046 4257//8046
f 4260//8047 4285//8047 4268//8047
f 4277//8048 4285//8048 4260//8048
f 4278//8049 4286//8049 4269//8049
f 4269//8050 4286//8050 4277//8050
f 4279//8051 4287//8051 4262//8051
f 4262//8052 4287//8052 4270//8052
f 1096//8053 4288//8053 4280//8053
f 4280//8054 4288//8054 4263//8054
f 1103//8055 4288//8055 1100//8055
f 1100//8056 4288//8056 1096//8056
f 4263//8057 4288//8057 4271//8057
f 4283//8058 4289//8058 4290//8058
f 4281//8059 4289//8059 4283//8059
f 4290//8060 4289//8060 4291//8060
f 4265//8061 4292//8061 4273//8061
f 4284//8062 4292//8062 4265//8062
f 4268//8063 4293//8063 4276//8063
f 4285//8064 4293//8064 4268//8064
f 4286//8065 4294//8065 4277//8065
f 4278//8066 4295//8066 4286//8066
f 4270//8067 4295//8067 4278//8067
f 4287//8068 4295//8068 4270//8068
f 4288//8069 4296//8069 4271//8069
f 4271//8070 4296//8070 4279//8070
f 1103//8071 4296//8071 4288//8071
f 1112//8072 4296//8072 1109//8072
f 1109//8073 4296//8073 1103//8073
f 4289//8074 4297//8074 4291//8074
f 4291//8075 4297//8075 4298//8075
f 4298//8076 4297//8076 4299//8076
f 4281//8077 4300//8077 4289//8077
f 4292//8078 4300//8078 4273//8078
f 4273//8079 4300//8079 4281//8079
f 4293//8080 4301//8080 4276//8080
f 4276//8081 4301//8081 4284//8081
f 4294//8082 4302//8082 4277//8082
f 4277//8083 4302//8083 4285//8083
f 4295//8084 4303//8084 4286//8084
f 4279//8085 4304//8085 4287//8085
f 4296//8086 4304//8086 4279//8086
f 1119//8087 4304//8087 1116//8087
f 1116//8088 4304//8088 1112//8088
f 1112//8089 4304//8089 4296//8089
f 4297//8090 4305//8090 4299//8090
f 4299//8091 4305//8091 4306//8091
f 4306//8092 4305//8092 4307//8092
f 4300//8093 4308//8093 4289//8093
f 4284//8094 4309//8094 4292//8094
f 4301//8095 4309//8095 4284//8095
f 4285//8096 4310//8096 4293//8096
f 4302//8097 4310//8097 4285//8097
f 4286//8098 4311//8098 4294//8098
f 4303//8099 4311//8099 4286//8099
f 4287//8100 4312//8100 4295//8100
f 1119//8101 4312//8101 4304//8101
f 4304//8102 4312//8102 4287//8102
f 1128//8103 4312//8103 1124//8103
f 1124//8104 4312//8104 1119//8104
f 4305//8105 4313//8105 4307//8105
f 4307//8106 4313//8106 4314//8106
f 4314//8107 4313//8107 4315//8107
f 4308//8108 4316//8108 4289//8108
f 4289//8109 4316//8109 4297//8109
f 4292//8110 4317//8110 4300//8110
f 4300//8111 4317//8111 4308//8111
f 4309//8112 4317//8112 4292//8112
f 4301//8113 4318//8113 4309//8113
f 4310//8114 4318//8114 4293//8114
f 4293//8115 4318//8115 4301//8115
f 4311//8116 4319//8116 4294//8116
f 4294//8117 4319//8117 4302//8117
f 1128//8118 4320//8118 4312//8118
f 1137//8119 4320//8119 1132//8119
f 1132//8120 4320//8120 1128//8120
f 4312//8121 4320//8121 4295//8121
f 4295//8122 4320//8122 4303//8122
f 4315//8123 4321//8123 4322//8123
f 4322//8124 4321//8124 4323//8124
f 4313//8125 4321//8125 4315//8125
f 4316//8126 4324//8126 4297//8126
f 4297//8127 4324//8127 4305//8127
f 4317//8128 4325//8128 4308//8128
f 4318//8129 4326//8129 4309//8129
f 4310//8130 4327//8130 4318//8130
f 4319//8131 4327//8131 4302//8131
f 4302//8132 4327//8132 4310//8132
f 4303//8133 4328//8133 4311//8133
f 4311//8134 4328//8134 4319//8134
f 1137//8135 4328//8135 4320//8135
f 1144//8136 4328//8136 1140//8136
f 1140//8137 4328//8137 1137//8137
f 4320//8138 4328//8138 4303//8138
f 4323//8139 4329//8139 4330//8139
f 4330//8140 4329//8140 4331//8140
f 4321//8141 4329//8141 4323//8141
f 4324//8142 4332//8142 4305//8142
f 4305//8143 4332//8143 4313//8143
f 4316//8144 4333//8144 4324//8144
f 4325//8145 4333//8145 4308//8145
f 4308//8146 4333//8146 4316//8146
f 4309//8147 4334//8147 4317//8147
f 4326//8148 4334//8148 4309//8148
f 4327//8149 4335//8149 4318//8149
f 4328//8150 4336//8150 4319//8150
f 1144//8151 4336//8151 4328//8151
f 1153//8152 4336//8152 1148//8152
f 1148//8153 4336//8153 1144//8153
f 4329//8154 4337//8154 4331//8154
f 4331//8155 4337//8155 4338//8155
f 4338//8156 4337//8156 4339//8156
f 4313//8157 4340//8157 4321//8157
f 4332//8158 4340//8158 4313//8158
f 4333//8159 4341//8159 4324//8159
f 4317//8160 4342//8160 4325//8160
f 4334//8161 4342//8161 4317//8161
f 4335//8162 4343//8162 4318//8162
f 4318//8163 4343//8163 4326//8163
f 4336//8164 4344//8164 4319//8164
f 1160//8165 4344//8165 1156//8165
f 1156//8166 4344//8166 1153//8166
f 1153//8167 4344//8167 4336//8167
f 4319//8168 4344//8168 4327//8168
f 4339//8169 4345//8169 4346//8169
f 4346//8170 4345//8170 4347//8170
f 4337//8171 4345//8171 4339//8171
f 4321//8172 4348//8172 4329//8172
f 4340//8173 4348//8173 4321//8173
f 4324//8174 4349//8174 4332//8174
f 4341//8175 4349//8175 4324//8175
f 4342//8176 4350//8176 4325//8176
f 4325//8177 4350//8177 4333//8177
f 4326//8178 4351//8178 4334//8178
f 4343//8179 4351//8179 4326//8179
f 4327//8180 4352//8180 4335//8180
f 1167//8181 4352//8181 1163//8181
f 1163//8182 4352//8182 1160//8182
f 4344//8183 4352//8183 4327//8183
f 1160//8184 4352//8184 4344//8184
f 4347//8185 4353//8185 4354//8185
f 4354//8186 4353//8186 4355//8186
f 4345//8187 4353//8187 4347//8187
f 4329//8188 4356//8188 4337//8188
f 4348//8189 4356//8189 4329//8189
f 4349//8190 4357//8190 4332//8190
f 4332//8191 4357//8191 4340//8191
f 4333//8192 4358//8192 4341//8192
f 4350//8193 4358//8193 4333//8193
f 4334//8194 4359//8194 4342//8194
f 4351//8195 4359//8195 4334//8195
f 4342//8196 4359//8196 4350//8196
f 1167//8197 4360//8197 4352//8197
f 1176//8198 4360//8198 1172//8198
f 1172//8199 4360//8199 1167//8199
f 4352//8200 4360//8200 4335//8200
f 4335//8201 4360//8201 4343//8201
f 4355//8202 4361//8202 4362//8202
f 4362//8203 4361//8203 4363//8203
f 4353//8204 4361//8204 4355//8204
f 4356//8205 4364//8205 4337//8205
f 4337//8206 4364//8206 4345//8206
f 4357//8207 4365//8207 4340//8207
f 4348//8208 4365//8208 4356//8208
f 4340//8209 4365//8209 4348//8209
f 4349//8210 4366//8210 4357//8210
f 4358//8211 4366//8211 4341//8211
f 4341//8212 4366//8212 4349//8212
f 4359//8213 4367//8213 4350//8213
f 4343//8214 4368//8214 4351//8214
f 1176//8215 4368//8215 4360//8215
f 1184//8216 4368//8216 1180//8216
f 1180//8217 4368//8217 1176//8217
f 4360//8218 4368//8218 4343//8218
f 4361//8219 4369//8219 4363//8219
f 4363//8220 4369//8220 4370//8220
f 4370//8221 4369//8221 4371//8221
f 4345//8222 4372//8222 4353//8222
f 4353//8223 4372//8223 4361//8223
f 4364//8224 4372//8224 4345//8224
f 4365//8225 4373//8225 4356//8225
f 4357//8226 4374//8226 4365//8226
f 4366//8227 4374//8227 4357//8227
f 4350//8228 4375//8228 4358//8228
f 4367//8229 4375//8229 4350//8229
f 4368//8230 4376//8230 4351//8230
f 1184//8231 4376//8231 4368//8231
f 1192//8232 4376//8232 1188//8232
f 1188//8233 4376//8233 1184//8233
f 4351//8234 4376//8234 4359//8234
f 4371//8235 4377//8235 4378//8235
f 4378//8236 4377//8236 4379//8236
f 4369//8237 4377//8237 4371//8237
f 4372//8238 4380//8238 4361//8238
f 4356//8239 4381//8239 4364//8239
f 4373//8240 4381//8240 4356//8240
f 4374//8241 4382//8241 4365//8241
f 4358//8242 4383//8242 4366//8242
f 4375//8243 4383//8243 4358//8243
f 4366//8244 4383//8244 4374//8244
f 4359//8245 4384//8245 4367//8245
f 4376//8246 4384//8246 4359//8246
f 1199//8247 4384//8247 1196//8247
f 1196//8248 4384//8248 1192//8248
f 1192//8249 4384//8249 4376//8249
f 4379//8250 4385//8250 4386//8250
f 4386//8251 4385//8251 4387//8251
f 4377//8252 4385//8252 4379//8252
f 4380//8253 4388//8253 4361//8253
f 4361//8254 4388//8254 4369//8254
f 4364//8255 4389//8255 4372//8255
f 4372//8256 4389//8256 4380//8256
f 4381//8257 4389//8257 4364//8257
f 4382//8258 4390//8258 4365//8258
f 4365//8259 4390//8259 4373//8259
f 4383//8260 4391//8260 4374//8260
f 4384//8261 4392//8261 4367//8261
f 1207//8262 4392//8262 1205//8262
f 1205//8263 4392//8263 1199//8263
f 1199//8264 4392//8264 4384//8264
f 4367//8265 4392//8265 4375//8265
f 4375//8266 4392//8266 4383//8266
f 4387//8267 4393//8267 4394//8267
f 4394//8268 4393//8268 4395//8268
f 4385//8269 4393//8269 4387//8269
f 4388//8270 4396//8270 4369//8270
f 4369//8271 4396//8271 4377//8271
f 4389//8272 4397//8272 4380//8272
f 4373//8273 4398//8273 4381//8273
f 4381//8274 4398//8274 4389//8274
f 4390//8275 4398//8275 4373//8275
f 4374//8276 4399//8276 4382//8276
f 4391//8277 4399//8277 4374//8277
f 1207//8278 4400//8278 4392//8278
f 1255//8279 4400//8279 1256//8279
f 1256//8280 4400//8280 1207//8280
f 4392//8281 4400//8281 4383//8281
f 4395//8282 4401//8282 4402//8282
f 4393//8283 4401//8283 4395//8283
f 4402//8284 4401//8284 4403//8284
f 4377//8285 4404//8285 4385//8285
f 4396//8286 4404//8286 4377//8286
f 4397//8287 4405//8287 4380//8287
f 4380//8288 4405//8288 4388//8288
f 4398//8289 4406//8289 4389//8289
f 4382//8290 4407//8290 4390//8290
f 4399//8291 4407//8291 4382//8291
f 1255//8292 4408//8292 4400//8292
f 4383//8293 4408//8293 4391//8293
f 1253//8294 4408//8294 1254//8294
f 1254//8295 4408//8295 1255//8295
f 4400//8296 4408//8296 4383//8296
f 4403//8297 4409//8297 4410//8297
f 4410//8298 4409//8298 4411//8298
f 4401//8299 4409//8299 4403//8299
f 4404//8300 4412//8300 4385//8300
f 4385//8301 4412//8301 4393//8301
f 4405//8302 4413//8302 4388//8302
f 4388//8303 4413//8303 4396//8303
f 4389//8304 4414//8304 4397//8304
f 4406//8305 4414//8305 4389//8305
f 4390//8306 4415//8306 4398//8306
f 4407//8307 4415//8307 4390//8307
f 4391//8308 4416//8308 4399//8308
f 4408//8309 4416//8309 4391//8309
f 1253//8310 4416//8310 4408//8310
f 1251//8311 4416//8311 1252//8311
f 1252//8312 4416//8312 1253//8312
f 4411//8313 4417//8313 4418//8313
f 4418//8314 4417//8314 4419//8314
f 4409//8315 4417//8315 4411//8315
f 4412//8316 4420//8316 4393//8316
f 4393//8317 4420//8317 4401//8317
f 4413//8318 4421//8318 4396//8318
f 4404//8319 4421//8319 4412//8319
f 4396//8320 4421//8320 4404//8320
f 4414//8321 4422//8321 4397//8321
f 4405//8322 4422//8322 4413//8322
f 4397//8323 4422//8323 4405//8323
f 4398//8324 4423//8324 4406//8324
f 4415//8325 4423//8325 4398//8325
f 4416//8326 4424//8326 4399//8326
f 4399//8327 4424//8327 4407//8327
f 1249//8328 4424//8328 1250//8328
f 1250//8329 4424//8329 1251//8329
f 1251//8330 4424//8330 4416//8330
f 4407//8331 4424//8331 4415//8331
f 4417//8332 4425//8332 4419//8332
f 4419//8333 4425//8333 4426//8333
f 4426//8334 4425//8334 4427//8334
f 4401//8335 4428//8335 4409//8335
f 4420//8336 4428//8336 4401//8336
f 4421//8337 4429//8337 4412//8337
f 4422//8338 4430//8338 4413//8338
f 4406//8339 4431//8339 4414//8339
f 4423//8340 4431//8340 4406//8340
f 1247//8341 4432//8341 1248//8341
f 1248//8342 4432//8342 1249//8342
f 4424//8343 4432//8343 4415//8343
f 1249//8344 4432//8344 4424//8344
f 4427//8345 4433//8345 4434//8345
f 4434//8346 4433//8346 4435//8346
f 4425//8347 4433//8347 4427//8347
f 4409//8348 4436//8348 4417//8348
f 4428//8349 4436//8349 4409//8349
f 4412//8350 4437//8350 4420//8350
f 4429//8351 4437//8351 4412//8351
f 4430//8352 4438//8352 4413//8352
f 4413//8353 4438//8353 4421//8353
f 4431//8354 4439//8354 4414//8354
f 4414//8355 4439//8355 4422//8355
f 1245//8356 4440//8356 1246//8356
f 1246//8357 4440//8357 1247//8357
f 1247//8358 4440//8358 4432//8358
f 4415//8359 4440//8359 4423//8359
f 4432//8360 4440//8360 4415//8360
f 4435//8361 4441//8361 4442//8361
f 4442//8362 4441//8362 4443//8362
f 4433//8363 4441//8363 4435//8363
f 4417//8364 4444//8364 4425//8364
f 4436//8365 4444//8365 4417//8365
f 4425//8366 4444//8366 4433//8366
f 4420//8367 4445//8367 4428//8367
f 4437//8368 4445//8368 4420//8368
f 4421//8369 4446//8369 4429//8369
f 4429//8370 4446//8370 4437//8370
f 4438//8371 4446//8371 4421//8371
f 4430//8372 4447//8372 4438//8372
f 4422//8373 4447//8373 4430//8373
f 4439//8374 4447//8374 4422//8374
f 4440//8375 4448//8375 4423//8375
f 1243//8376 4448//8376 1244//8376
f 1244//8377 4448//8377 1245//8377
f 1245//8378 4448//8378 4440//8378
f 4423//8379 4448//8379 4431//8379
f 4431//8380 4448//8380 4439//8380
f 4443//8381 4449//8381 4450//8381
f 4450//8382 4449//8382 4451//8382
f 4441//8383 4449//8383 4443//8383
f 4444//8384 4452//8384 4433//8384
f 4436//8385 4453//8385 4444//8385
f 4445//8386 4453//8386 4428//8386
f 4428//8387 4453//8387 4436//8387
f 4446//8388 4454//8388 4437//8388
f 4447//8389 4455//8389 4438//8389
f 4448//8390 4456//8390 4439//8390
f 1243//8391 4456//8391 4448//8391
f 1241//8392 4456//8392 1242//8392
f 1242//8393 4456//8393 1243//8393
f 4449//8394 4457//8394 4451//8394
f 4451//8395 4457//8395 4458//8395
f 4458//8396 4457//8396 4459//8396
f 4433//8397 4460//8397 4441//8397
f 4452//8398 4460//8398 4433//8398
f 4453//8399 4461//8399 4444//8399
f 4437//8400 4462//8400 4445//8400
f 4454//8401 4462//8401 4437//8401
f 4438//8402 4463//8402 4446//8402
f 4455//8403 4463//8403 4438//8403
f 1239//8404 4464//8404 1240//8404
f 1240//8405 4464//8405 1241//8405
f 4447//8406 4464//8406 4455//8406
f 1241//8407 4464//8407 4456//8407
f 4456//8408 4464//8408 4439//8408
f 4439//8409 4464//8409 4447//8409
f 4457//8410 4465//8410 4459//8410
f 4459//8411 4465//8411 4466//8411
f 4466//8412 4465//8412 4467//8412
f 4441//8413 4468//8413 4449//8413
f 4460//8414 4468//8414 4441//8414
f 4449//8415 4468//8415 4457//8415
f 4444//8416 4469//8416 4452//8416
f 4461//8417 4469//8417 4444//8417
f 4445//8418 4470//8418 4453//8418
f 4462//8419 4470//8419 4445//8419
f 4446//8420 4471//8420 4454//8420
f 4463//8421 4471//8421 4446//8421
f 1237//8422 4472//8422 1238//8422
f 1238//8423 4472//8423 1239//8423
f 4464//8424 4472//8424 4455//8424
f 1239//8425 4472//8425 4464//8425
f 4465//8426 4473//8426 4467//8426
f 4467//8427 4473//8427 4474//8427
f 4474//8428 4473//8428 4475//8428
f 4468//8429 4476//8429 4457//8429
f 4469//8430 4477//8430 4452//8430
f 4452//8431 4477//8431 4460//8431
f 4460//8432 4477//8432 4468//8432
f 4470//8433 4478//8433 4453//8433
f 4453//8434 4478//8434 4461//8434
f 4461//8435 4478//8435 4469//8435
f 4454//8436 4479//8436 4462//8436
f 4471//8437 4479//8437 4454//8437
f 1235//8438 4480//8438 1236//8438
f 1236//8439 4480//8439 1237//8439
f 4455//8440 4480//8440 4463//8440
f 1237//8441 4480//8441 4472//8441
f 4472//8442 4480//8442 4455//8442
f 4475//8443 4481//8443 4482//8443
f 4482//8444 4481//8444 4483//8444
f 4473//8445 4481//8445 4475//8445
f 4457//8446 4484//8446 4465//8446
f 4476//8447 4484//8447 4457//8447
f 4477//8448 4485//8448 4468//8448
f 4478//8449 4486//8449 4469//8449
f 4479//8450 4487//8450 4462//8450
f 4470//8451 4487//8451 4478//8451
f 4462//8452 4487//8452 4470//8452
f 4480//8453 4488//8453 4463//8453
f 1233//8454 4488//8454 1234//8454
f 1234//8455 4488//8455 1235//8455
f 1235//8456 4488//8456 4480//8456
f 4463//8457 4488//8457 4471//8457
f 4483//8458 4489//8458 4490//8458
f 4490//8459 4489//8459 4491//8459
f 4481//8460 4489//8460 4483//8460
f 4473//8461 4492//8461 4481//8461
f 4484//8462 4492//8462 4465//8462
f 4465//8463 4492//8463 4473//8463
f 4485//8464 4493//8464 4468//8464
f 4468//8465 4493//8465 4476//8465
f 4469//8466 4494//8466 4477//8466
f 4486//8467 4494//8467 4469//8467
f 4478//8468 4495//8468 4486//8468
f 4487//8469 4495//8469 4478//8469
f 4488//8470 4496//8470 4471//8470
f 1231//8471 4496//8471 1232//8471
f 1232//8472 4496//8472 1233//8472
f 4471//8473 4496//8473 4479//8473
f 1233//8474 4496//8474 4488//8474
f 4491//8475 4497//8475 4498//8475
f 4498//8476 4497//8476 4499//8476
f 4489//8477 4497//8477 4491//8477
f 4492//8478 4500//8478 4481//8478
f 4476//8479 4501//8479 4484//8479
f 4493//8480 4501//8480 4476//8480
f 4485//8481 4502//8481 4493//8481
f 4494//8482 4502//8482 4477//8482
f 4477//8483 4502//8483 4485//8483
f 4495//8484 4503//8484 4486//8484
f 4479//8485 4504//8485 4487//8485
f 1229//8486 4504//8486 1230//8486
f 1230//8487 4504//8487 1231//8487
f 1231//8488 4504//8488 4496//8488
f 4496//8489 4504//8489 4479//8489
f 4497//8490 4505//8490 4499//8490
f 4499//8491 4505//8491 4506//8491
f 4506//8492 4505//8492 4507//8492
f 4500//8493 4508//8493 4481//8493
f 4481//8494 4508//8494 4489//8494
f 4484//8495 4509//8495 4492//8495
f 4492//8496 4509//8496 4500//8496
f 4501//8497 4509//8497 4484//8497
f 4502//8498 4510//8498 4493//8498
f 4493//8499 4510//8499 4501//8499
f 4486//8500 4511//8500 4494//8500
f 4503//8501 4511//8501 4486//8501
f 1227//8502 4512//8502 1228//8502
f 1228//8503 4512//8503 1229//8503
f 1229//8504 4512//8504 4504//8504
f 4487//8505 4512//8505 4495//8505
f 4504//8506 4512//8506 4487//8506
f 4507//8507 4513//8507 4514//8507
f 4514//8508 4513//8508 4515//8508
f 4505//8509 4513//8509 4507//8509
f 4508//8510 4516//8510 4489//8510
f 4497//8511 4516//8511 4505//8511
f 4489//8512 4516//8512 4497//8512
f 4500//8513 4517//8513 4508//8513
f 4509//8514 4517//8514 4500//8514
f 4510//8515 4518//8515 4501//8515
f 4494//8516 4519//8516 4502//8516
f 4511//8517 4519//8517 4494//8517
f 1225//8518 4520//8518 1226//8518
f 1226//8519 4520//8519 1227//8519
f 1227//8520 4520//8520 4512//8520
f 4495//8521 4520//8521 4503//8521
f 4503//8522 4520//8522 4511//8522
f 4512//8523 4520//8523 4495//8523
f 4513//8524 4521//8524 4515//8524
f 4515//8525 4521//8525 4522//8525
f 4522//8526 4521//8526 4523//8526
f 4516//8527 4524//8527 4505//8527
f 4517//8528 4525//8528 4508//8528
f 4501//8529 4526//8529 4509//8529
f 4518//8530 4526//8530 4501//8530
f 4502//8531 4527//8531 4510//8531
f 4510//8532 4527//8532 4518//8532
f 4519//8533 4527//8533 4502//8533
f 1223//8534 4528//8534 1224//8534
f 1224//8535 4528//8535 1225//8535
f 1225//8536 4528//8536 4520//8536
f 4520//8537 4528//8537 4511//8537
f 4523//8538 4529//8538 4530//8538
f 4530//8539 4529//8539 4531//8539
f 4521//8540 4529//8540 4523//8540
f 4505//8541 4532//8541 4513//8541
f 4524//8542 4532//8542 4505//8542
f 4525//8543 4533//8543 4508//8543
f 4508//8544 4533//8544 4516//8544
f 4509//8545 4534//8545 4517//8545
f 4526//8546 4534//8546 4509//8546
f 4527//8547 4535//8547 4518//8547
f 1221//8548 4536//8548 1222//8548
f 1222//8549 4536//8549 1223//8549
f 1223//8550 4536//8550 4528//8550
f 4519//8551 4536//8551 4527//8551
f 4511//8552 4536//8552 4519//8552
f 4528//8553 4536//8553 4511//8553
f 4531//8554 4537//8554 4538//8554
f 4529//8555 4537//8555 4531//8555
f 4538//8556 4537//8556 4539//8556
f 4532//8557 4540//8557 4513//8557
f 4513//8558 4540//8558 4521//8558
f 4516//8559 4541//8559 4524//8559
f 4533//8560 4541//8560 4516//8560
f 4524//8561 4541//8561 4532//8561
f 4525//8562 4542//8562 4533//8562
f 4534//8563 4542//8563 4517//8563
f 4517//8564 4542//8564 4525//8564
f 4535//8565 4543//8565 4518//8565
f 4518//8566 4543//8566 4526//8566
f 1219//8567 4544//8567 1220//8567
f 1220//8568 4544//8568 1221//8568
f 4536//8569 4544//8569 4527//8569
f 4527//8570 4544//8570 4535//8570
f 1221//8571 4544//8571 4536//8571
f 4537//8572 4545//8572 4539//8572
f 4539//8573 4545//8573 4546//8573
f 4546//8574 4545//8574 4547//8574
f 4521//8575 4548//8575 4529//8575
f 4540//8576 4548//8576 4521//8576
f 4532//8577 4549//8577 4540//8577
f 4541//8578 4549//8578 4532//8578
f 4542//8579 4550//8579 4533//8579
f 4543//8580 4551//8580 4526//8580
f 4526//8581 4551//8581 4534//8581
f 1217//8582 4552//8582 1218//8582
f 1218//8583 4552//8583 1219//8583
f 4535//8584 4552//8584 4543//8584
f 4544//8585 4552//8585 4535//8585
f 1219//8586 4552//8586 4544//8586
f 4545//8587 4553//8587 4547//8587
f 4547//8588 4553//8588 4554//8588
f 4554//8589 4553//8589 4555//8589
f 4529//8590 4556//8590 4537//8590
f 4548//8591 4556//8591 4529//8591
f 4540//8592 4557//8592 4548//8592
f 4549//8593 4557//8593 4540//8593
f 4533//8594 4558//8594 4541//8594
f 4550//8595 4558//8595 4533//8595
f 4534//8596 4559//8596 4542//8596
f 4551//8597 4559//8597 4534//8597
f 1216//8598 4560//8598 1217//8598
f 1217//8599 4560//8599 4552//8599
f 4552//8600 4560//8600 4543//8600
f 1215//8601 4560//8601 1216//8601
f 4553//8602 4561//8602 4555//8602
f 4555//8603 4561//8603 4562//8603
f 4562//8604 4561//8604 4563//8604
f 4537//8605 4564//8605 4545//8605
f 4556//8606 4564//8606 4537//8606
f 4557//8607 4565//8607 4548//8607
f 4541//8608 4566//8608 4549//8608
f 4558//8609 4566//8609 4541//8609
f 4542//8610 4567//8610 4550//8610
f 4559//8611 4567//8611 4542//8611
f 4560//8612 4568//8612 4543//8612
f 4543//8613 4568//8613 4551//8613
f 1215//8614 4568//8614 4560//8614
f 1213//8615 4568//8615 1214//8615
f 1214//8616 4568//8616 1215//8616
f 4561//8617 4569//8617 4563//8617
f 4563//8618 4569//8618 4570//8618
f 4570//8619 4569//8619 4571//8619
f 4564//8620 4572//8620 4545//8620
f 4545//8621 4572//8621 4553//8621
f 4556//8622 4573//8622 4564//8622
f 4548//8623 4573//8623 4556//8623
f 4565//8624 4573//8624 4548//8624
f 4566//8625 4574//8625 4549//8625
f 4549//8626 4574//8626 4557//8626
f 4550//8627 4575//8627 4558//8627
f 4567//8628 4575//8628 4550//8628
f 4559//8629 4576//8629 4567//8629
f 4568//8630 4576//8630 4551//8630
f 1213//8631 4576//8631 4568//8631
f 4551//8632 4576//8632 4559//8632
f 1210//8633 4576//8633 1212//8633
f 1212//8634 4576//8634 1213//8634
f 4571//8635 4577//8635 4578//8635
f 4578//8636 4577//8636 4579//8636
f 4569//8637 4577//8637 4571//8637
f 4561//8638 4580//8638 4569//8638
f 4572//8639 4580//8639 4553//8639
f 4553//8640 4580//8640 4561//8640
f 4573//8641 4581//8641 4564//8641
f 4557//8642 4582//8642 4565//8642
f 4574//8643 4582//8643 4557//8643
f 4558//8644 4583//8644 4566//8644
f 4566//8645 4583//8645 4574//8645
f 4575//8646 4583//8646 4558//8646
f 1210//8647 4584//8647 4576//8647
f 4576//8648 4584//8648 4567//8648
f 1206//8649 4584//8649 1208//8649
f 1208//8650 4584//8650 1210//8650
f 4577//8651 4585//8651 4579//8651
f 4122//8652 4585//8652 4119//8652
f 4579//8653 4585//8653 4586//8653
f 4586//8654 4585//8654 4122//8654
f 4119//8655 4585//8655 4133//8655
f 4580//8656 4587//8656 4569//8656
f 4581//8657 4588//8657 4564//8657
f 4572//8658 4588//8658 4580//8658
f 4564//8659 4588//8659 4572//8659
f 4565//8660 4589//8660 4573//8660
f 4573//8661 4589//8661 4581//8661
f 4582//8662 4589//8662 4565//8662
f 4583//8663 4590//8663 4574//8663
f 1206//8664 4591//8664 4584//8664
f 4567//8665 4591//8665 4575//8665
f 1197//8666 4591//8666 1201//8666
f 1201//8667 4591//8667 1206//8667
f 4584//8668 4591//8668 4567//8668
f 4587//8669 4592//8669 4569//8669
f 4569//8670 4592//8670 4577//8670
f 4577//8671 4592//8671 4585//8671
f 4588//8672 4593//8672 4580//8672
f 4581//8673 4594//8673 4588//8673
f 4589//8674 4594//8674 4581//8674
f 4574//8675 4595//8675 4582//8675
f 4590//8676 4595//8676 4574//8676
f 4575//8677 4596//8677 4583//8677
f 1197//8678 4596//8678 4591//8678
f 4591//8679 4596//8679 4575//8679
f 1189//8680 4596//8680 1193//8680
f 1193//8681 4596//8681 1197//8681
f 4585//8682 4597//8682 4133//8682
f 4592//8683 4597//8683 4585//8683
f 4580//8684 4598//8684 4587//8684
f 4593//8685 4598//8685 4580//8685
f 4588//8686 4599//8686 4593//8686
f 4594//8687 4599//8687 4588//8687
f 4589//8688 4600//8688 4594//8688
f 4582//8689 4600//8689 4589//8689
f 4595//8690 4600//8690 4582//8690
f 4596//8691 4601//8691 4583//8691
f 4590//8692 4601//8692 4595//8692
f 1189//8693 4601//8693 4596//8693
f 4583//8694 4601//8694 4590//8694
f 1182//8695 4601//8695 1185//8695
f 1185//8696 4601//8696 1189//8696
f 4598//8697 4602//8697 4587//8697
f 4587//8698 4602//8698 4592//8698
f 4593//8699 4603//8699 4598//8699
f 4599//8700 4603//8700 4593//8700
f 4600//8701 4604//8701 4594//8701
f 4594//8702 4604//8702 4599//8702
f 4595//8703 4605//8703 4600//8703
f 1182//8704 4605//8704 4601//8704
f 4601//8705 4605//8705 4595//8705
f 1174//8706 4605//8706 1178//8706
f 1178//8707 4605//8707 1182//8707
f 4597//8708 4606//8708 4133//8708
f 4592//8709 4606//8709 4597//8709
f 4133//8710 4606//8710 4143//8710
f 4602//8711 4606//8711 4592//8711
f 4598//8712 4607//8712 4602//8712
f 4603//8713 4607//8713 4598//8713
f 4604//8714 4608//8714 4599//8714
f 4599//8715 4608//8715 4603//8715
f 4605//8716 4609//8716 4600//8716
f 1174//8717 4609//8717 4605//8717
f 1165//8718 4609//8718 1170//8718
f 1170//8719 4609//8719 1174//8719
f 4607//8720 4610//8720 4602//8720
f 4608//8721 4611//8721 4603//8721
f 4603//8722 4611//8722 4607//8722
f 4609//8723 4612//8723 4600//8723
f 4600//8724 4612//8724 4604//8724
f 1158//8725 4612//8725 1161//8725
f 1161//8726 4612//8726 1165//8726
f 1165//8727 4612//8727 4609//8727
f 4143//8728 4613//8728 4155//8728
f 4602//8729 4613//8729 4606//8729
f 4606//8730 4613//8730 4143//8730
f 4610//8731 4613//8731 4602//8731
f 4607//8732 4614//8732 4610//8732
f 4611//8733 4614//8733 4607//8733
f 1158//8734 4615//8734 4612//8734
f 4604//8735 4615//8735 4608//8735
f 1150//8736 4615//8736 1155//8736
f 1155//8737 4615//8737 1158//8737
f 4612//8738 4615//8738 4604//8738
f 4614//8739 4616//8739 4610//8739
f 4611//8740 4617//8740 4614//8740
f 1150//8741 4617//8741 4615//8741
f 4608//8742 4617//8742 4611//8742
f 4615//8743 4617//8743 4608//8743
f 1142//8744 4617//8744 1146//8744
f 1146//8745 4617//8745 1150//8745
f 4610//8746 4618//8746 4613//8746
f 4616//8747 4618//8747 4610//8747
f 4155//8748 4618//8748 4169//8748
f 4613//8749 4618//8749 4155//8749
f 1142//8750 4619//8750 4617//8750
f 1135//8751 4619//8751 1138//8751
f 1138//8752 4619//8752 1142//8752
f 4617//8753 4619//8753 4614//8753
f 4614//8754 4620//8754 4616//8754
f 4619//8755 4620//8755 4614//8755
f 1135//8756 4620//8756 4619//8756
f 1127//8757 4620//8757 1129//8757
f 1129//8758 4620//8758 1135//8758
f 4618//8759 4621//8759 4169//8759
f 1127//8760 4621//8760 4620//8760
f 4169//8761 4621//8761 4121//8761
f 1117//8762 4621//8762 1121//8762
f 4616//8763 4621//8763 4618//8763
f 1121//8764 4621//8764 1127//8764
f 4121//8765 4621//8765 1117//8765
f 4620//8766 4621//8766 4616//8766
f 4622//8767 4623//8767 4624//8767
f 4625//8768 4626//8768 4627//8768
f 4623//8769 4628//8769 4629//8769
f 4629//8770 4628//8770 4630//8770
f 4631//8771 4632//8771 4626//8771
f 4632//8772 4633//8772 4626//8772
f 4633//8773 4634//8773 4626//8773
f 4628//8774 4635//8774 4636//8774
f 4636//8775 4635//8775 4637//8775
f 4638//8776 4639//8776 4640//8776
f 4640//8777 4639//8777 4634//8777
f 4626//8778 4639//8778 4627//8778
f 4634//8779 4639//8779 4626//8779
f 4635//8780 4641//8780 4642//8780
f 4642//8781 4641//8781 4643//8781
f 4644//8782 4645//8782 4639//8782
f 4641//8783 4646//8783 4647//8783
f 4647//8784 4646//8784 4648//8784
f 4645//8785 4649//8785 4639//8785
f 4650//8786 4649//8786 4645//8786
f 4646//8787 4651//8787 4652//8787
f 4649//8788 4653//8788 4639//8788
f 4654//8789 4653//8789 4649//8789
f 4655//8790 4656//8790 4653//8790
f 4651//8791 4657//8791 4658//8791
f 4658//8792 4657//8792 4659//8792
f 4635//8793 4657//8793 4641//8793
f 4641//8794 4657//8794 4646//8794
f 4646//8795 4657//8795 4651//8795
f 4656//8796 4660//8796 4653//8796
f 4661//8797 4660//8797 4656//8797
f 4657//8798 4662//8798 4663//8798
f 4664//8799 4665//8799 4660//8799
f 4666//8800 4667//8800 4668//8800
f 4668//8801 4667//8801 4669//8801
f 4670//8802 4671//8802 4672//8802
f 4672//8803 4671//8803 4665//8803
f 4666//8804 4673//8804 4667//8804
f 4662//8805 4673//8805 4666//8805
f 4674//8806 4675//8806 4671//8806
f 4665//8807 4676//8807 4660//8807
f 4671//8808 4676//8808 4665//8808
f 4675//8809 4676//8809 4671//8809
f 4677//8810 4676//8810 4675//8810
f 4678//8811 4679//8811 4680//8811
f 4660//8812 4681//8812 4653//8812
f 4682//8813 4681//8813 4676//8813
f 4676//8814 4681//8814 4660//8814
f 4673//8815 4683//8815 4684//8815
f 4684//8816 4683//8816 4678//8816
f 4679//8817 4683//8817 4685//8817
f 4678//8818 4683//8818 4679//8818
f 4686//8819 4687//8819 4681//8819
f 4687//8820 4688//8820 4681//8820
f 4683//8821 4689//8821 4690//8821
f 4690//8822 4689//8822 4691//8822
f 4691//8823 4689//8823 4692//8823
f 4627//8824 4693//8824 4622//8824
f 4688//8825 4693//8825 4681//8825
f 4622//8826 4693//8826 4623//8826
f 4681//8827 4693//8827 4653//8827
f 4639//8828 4693//8828 4627//8828
f 4694//8829 4693//8829 4688//8829
f 4653//8830 4693//8830 4639//8830
f 4683//8831 4695//8831 4689//8831
f 4696//8832 4697//8832 4693//8832
f 4695//8833 4698//8833 4699//8833
f 4683//8834 4698//8834 4695//8834
f 4700//8835 4701//8835 4697//8835
f 4697//8836 4701//8836 4693//8836
f 4698//8837 4702//8837 4703//8837
f 4704//8838 4705//8838 4701//8838
f 4701//8839 4705//8839 4693//8839
f 4702//8840 4706//8840 4707//8840
f 4623//8841 4708//8841 4628//8841
f 4693//8842 4708//8842 4623//8842
f 4709//8843 4708//8843 4710//8843
f 4710//8844 4708//8844 4705//8844
f 4705//8845 4708//8845 4693//8845
f 4706//8846 4711//8846 4712//8846
f 4712//8847 4711//8847 4713//8847
f 4713//8848 4711//8848 4714//8848
f 4715//8849 4716//8849 4708//8849
f 4716//8850 4717//8850 4708//8850
f 4711//8851 4718//8851 4719//8851
f 4719//8852 4718//8852 4720//8852
f 4721//8853 4722//8853 4723//8853
f 4723//8854 4722//8854 4717//8854
f 4711//8855 4724//8855 4718//8855
f 4718//8856 4724//8856 4725//8856
f 4726//8857 4727//8857 4722//8857
f 4727//8858 4728//8858 4722//8858
f 4717//8859 4729//8859 4708//8859
f 4722//8860 4729//8860 4717//8860
f 4728//8861 4729//8861 4722//8861
f 4628//8862 4729//8862 4635//8862
f 4708//8863 4729//8863 4628//8863
f 4635//8864 4729//8864 4657//8864
f 4706//8865 4730//8865 4711//8865
f 4711//8866 4730//8866 4724//8866
f 4724//8867 4730//8867 4731//8867
f 4731//8868 4730//8868 4732//8868
f 4732//8869 4730//8869 4733//8869
f 4702//8870 4730//8870 4706//8870
f 4734//8871 4735//8871 4729//8871
f 4730//8872 4736//8872 4737//8872
f 4737//8873 4736//8873 4738//8873
f 4739//8874 4740//8874 4735//8874
f 4730//8875 4741//8875 4736//8875
f 4742//8876 4743//8876 4740//8876
f 4657//8877 4744//8877 4662//8877
f 4662//8878 4744//8878 4673//8878
f 4729//8879 4744//8879 4657//8879
f 4673//8880 4744//8880 4683//8880
f 4740//8881 4744//8881 4735//8881
f 4702//8882 4744//8882 4730//8882
f 4730//8883 4744//8883 4741//8883
f 4735//8884 4744//8884 4729//8884
f 4743//8885 4744//8885 4740//8885
f 4683//8886 4744//8886 4698//8886
f 4698//8887 4744//8887 4702//8887
f 4741//8888 4745//8888 4746//8888
f 4746//8889 4745//8889 4747//8889
f 4744//8890 4745//8890 4741//8890
f 4651//8891 2606//8891 4652//8891
f 4652//8892 2608//8892 4646//8892
f 2606//8893 2608//8893 4652//8893
f 4646//8894 2612//8894 4648//8894
f 2608//8895 2612//8895 4646//8895
f 4648//8896 2613//8896 4647//8896
f 2612//8897 2613//8897 4648//8897
f 4647//8898 2615//8898 4641//8898
f 2613//8899 2615//8899 4647//8899
f 4641//8900 2616//8900 4643//8900
f 2615//8901 2616//8901 4641//8901
f 4643//8902 2618//8902 4642//8902
f 2616//8903 2618//8903 4643//8903
f 4642//8904 2619//8904 4635//8904
f 2618//8905 2619//8905 4642//8905
f 4635//8906 2623//8906 4637//8906
f 2619//8907 2623//8907 4635//8907
f 4637//8908 2624//8908 4636//8908
f 2623//8909 2624//8909 4637//8909
f 4636//8910 2627//8910 4628//8910
f 2624//8911 2627//8911 4636//8911
f 2627//8912 2628//8912 4628//8912
f 4628//8913 2628//8913 4630//8913
f 2628//8914 2633//8914 4630//8914
f 4630//8915 2633//8915 4629//8915
f 2633//8916 2634//8916 4629//8916
f 4629//8917 2634//8917 4623//8917
f 4623//8918 2638//8918 4624//8918
f 2634//8919 2638//8919 4623//8919
f 2638//8920 2639//8920 4624//8920
f 4624//8921 2639//8921 4622//8921
f 4622//8922 2645//8922 4627//8922
f 2639//8923 2645//8923 4622//8923
f 4627//8924 2646//8924 4625//8924
f 2645//8925 2646//8925 4627//8925
f 4625//8926 2651//8926 4626//8926
f 2646//8927 2651//8927 4625//8927
f 4626//8928 2652//8928 4631//8928
f 2651//8929 2652//8929 4626//8929
f 4631//8930 2659//8930 4632//8930
f 2652//8931 2659//8931 4631//8931
f 4632//8932 2660//8932 4633//8932
f 2659//8933 2660//8933 4632//8933
f 4633//8934 2666//8934 4634//8934
f 2660//8935 2666//8935 4633//8935
f 4634//8936 2667//8936 4640//8936
f 2666//8937 2667//8937 4634//8937
f 4640//8938 2674//8938 4638//8938
f 2667//8939 2674//8939 4640//8939
f 4638//8940 2675//8940 4639//8940
f 2674//8941 2675//8941 4638//8941
f 2675//8942 2682//8942 4639//8942
f 4639//8943 2682//8943 4644//8943
f 2682//8944 2683//8944 4644//8944
f 4644//8945 2683//8945 4645//8945
f 2683//8946 2690//8946 4645//8946
f 4645//8947 2690//8947 4650//8947
f 2690//8948 2691//8948 4650//8948
f 4650//8949 2691//8949 4649//8949
f 2691//8950 2698//8950 4649//8950
f 4649//8951 2698//8951 4654//8951
f 2698//8952 2699//8952 4654//8952
f 4654//8953 2699//8953 4653//8953
f 2699//8954 2706//8954 4653//8954
f 4653//8955 2706//8955 4655//8955
f 2706//8956 2707//8956 4655//8956
f 4655//8957 2707//8957 4656//8957
f 4656//8958 2714//8958 4661//8958
f 2707//8959 2714//8959 4656//8959
f 4661//8960 2715//8960 4660//8960
f 2714//8961 2715//8961 4661//8961
f 2715//8962 2722//8962 4660//8962
f 4660//8963 2722//8963 4664//8963
f 2722//8964 2723//8964 4664//8964
f 4664//8965 2723//8965 4665//8965
f 2723//8966 2730//8966 4665//8966
f 4665//8967 2730//8967 4672//8967
f 2730//8968 2731//8968 4672//8968
f 4672//8969 2731//8969 4670//8969
f 2731//8970 2738//8970 4670//8970
f 4670//8971 2738//8971 4671//8971
f 2738//8972 2739//8972 4671//8972
f 4671//8973 2739//8973 4674//8973
f 2739//8974 2746//8974 4674//8974
f 4674//8975 2746//8975 4675//8975
f 2746//8976 2747//8976 4675//8976
f 4675//8977 2747//8977 4677//8977
f 2747//8978 2754//8978 4677//8978
f 4677//8979 2754//8979 4676//8979
f 2754//8980 2755//8980 4676//8980
f 4676//8981 2755//8981 4682//8981
f 2755//8982 2762//8982 4682//8982
f 4682//8983 2762//8983 4681//8983
f 2762//8984 2763//8984 4681//8984
f 4681//8985 2763//8985 4686//8985
f 2763//8986 2770//8986 4686//8986
f 4686//8987 2770//8987 4687//8987
f 2770//8988 2771//8988 4687//8988
f 4687//8989 2771//8989 4688//8989
f 2771//8990 2778//8990 4688//8990
f 4688//8991 2778//8991 4694//8991
f 2778//8992 2779//8992 4694//8992
f 4694//8993 2779//8993 4693//8993
f 2779//8994 2786//8994 4693//8994
f 4693//8995 2786//8995 4696//8995
f 2786//8996 2787//8996 4696//8996
f 4696//8997 2787//8997 4697//8997
f 4697//8998 2794//8998 4700//8998
f 2787//8999 2794//8999 4697//8999
f 4700//9000 2795//9000 4701//9000
f 2794//9001 2795//9001 4700//9001
f 4701//9002 2802//9002 4704//9002
f 2795//9003 2802//9003 4701//9003
f 4704//9004 2803//9004 4705//9004
f 2802//9005 2803//9005 4704//9005
f 4705//9006 2810//9006 4710//9006
f 2803//9007 2810//9007 4705//9007
f 4710//9008 2811//9008 4709//9008
f 2810//9009 2811//9009 4710//9009
f 4709//9010 2818//9010 4708//9010
f 2811//9011 2818//9011 4709//9011
f 4708//9012 2819//9012 4715//9012
f 2818//9013 2819//9013 4708//9013
f 4715//9014 2826//9014 4716//9014
f 2819//9015 2826//9015 4715//9015
f 2826//9016 2827//9016 4716//9016
f 2827//9017 2834//9017 4716//9017
f 4717//9018 2834//9018 4723//9018
f 4716//9019 2834//9019 4717//9019
f 2834//9020 2835//9020 4723//9020
f 2835//9021 2842//9021 4723//9021
f 4723//9022 2842//9022 4721//9022
f 2842//9023 2843//9023 4721//9023
f 4721//9024 2843//9024 4722//9024
f 2843//9025 2850//9025 4722//9025
f 4722//9026 2850//9026 4726//9026
f 2850//9027 2851//9027 4726//9027
f 4727//9028 2851//9028 4728//9028
f 4726//9029 2851//9029 4727//9029
f 2851//9030 2858//9030 4728//9030
f 2858//9031 2859//9031 4728//9031
f 4728//9032 2859//9032 4729//9032
f 2859//9033 2866//9033 4729//9033
f 4729//9034 2866//9034 4734//9034
f 2866//9035 2867//9035 4734//9035
f 4734//9036 2867//9036 4735//9036
f 4735//9037 2874//9037 4739//9037
f 2867//9038 2874//9038 4735//9038
f 4740//9039 2875//9039 4742//9039
f 4739//9040 2875//9040 4740//9040
f 2874//9041 2875//9041 4739//9041
f 2875//9042 2882//9042 4742//9042
f 4742//9043 2883//9043 4743//9043
f 2882//9044 2883//9044 4742//9044
f 4743//9045 2890//9045 4744//9045
f 2883//9046 2890//9046 4743//9046
f 4745//9047 2891//9047 4747//9047
f 4744//9048 2891//9048 4745//9048
f 2890//9049 2891//9049 4744//9049
f 2891//9050 2898//9050 4747//9050
f 4747//9051 2899//9051 4746//9051
f 2898//9052 2899//9052 4747//9052
f 4746//9053 2906//9053 4741//9053
f 2899//9054 2906//9054 4746//9054
f 4741//9055 2907//9055 4736//9055
f 2906//9056 2907//9056 4741//9056
f 4736//9057 2914//9057 4738//9057
f 2907//9058 2914//9058 4736//9058
f 4738//9059 2915//9059 4737//9059
f 2914//9060 2915//9060 4738//9060
f 4737//9061 2922//9061 4730//9061
f 2915//9062 2922//9062 4737//9062
f 2922//9063 2923//9063 4730//9063
f 4730//9064 2923//9064 4733//9064
f 2923//9065 2930//9065 4733//9065
f 4732//9066 2930//9066 4731//9066
f 4733//9067 2930//9067 4732//9067
f 2930//9068 2931//9068 4731//9068
f 2931//9069 2938//9069 4731//9069
f 4731//9070 2938//9070 4724//9070
f 2938//9071 2939//9071 4724//9071
f 4724//9072 2939//9072 4725//9072
f 2939//9073 2946//9073 4725//9073
f 4725//9074 2946//9074 4718//9074
f 2946//9075 2947//9075 4718//9075
f 4718//9076 2947//9076 4720//9076
f 2947//9077 2954//9077 4720//9077
f 4720//9078 2954//9078 4719//9078
f 4719//9079 2955//9079 4711//9079
f 2954//9080 2955//9080 4719//9080
f 2955//9081 2962//9081 4711//9081
f 4714//9082 2962//9082 4713//9082
f 4711//9083 2962//9083 4714//9083
f 4713//9084 2963//9084 4712//9084
f 2962//9085 2963//9085 4713//9085
f 2963//9086 2970//9086 4712//9086
f 4712//9087 2971//9087 4706//9087
f 2970//9088 2971//9088 4712//9088
f 4706//9089 2978//9089 4707//9089
f 2971//9090 2978//9090 4706//9090
f 4707//9091 2979//9091 4702//9091
f 2978//9092 2979//9092 4707//9092
f 4702//9093 2986//9093 4703//9093
f 2979//9094 2986//9094 4702//9094
f 4703//9095 2987//9095 4698//9095
f 2986//9096 2987//9096 4703//9096
f 4699//9097 2994//9097 4695//9097
f 4698//9098 2994//9098 4699//9098
f 2987//9099 2994//9099 4698//9099
f 2994//9100 2995//9100 4695//9100
f 4695//9101 3002//9101 4689//9101
f 2995//9102 3002//9102 4695//9102
f 4692//9103 3003//9103 4691//9103
f 4689//9104 3003//9104 4692//9104
f 3002//9105 3003//9105 4689//9105
f 3003//9106 3010//9106 4691//9106
f 4691//9107 3011//9107 4690//9107
f 3010//9108 3011//9108 4691//9108
f 4690//9109 3018//9109 4683//9109
f 3011//9110 3018//9110 4690//9110
f 4683//9111 3019//9111 4685//9111
f 3018//9112 3019//9112 4683//9112
f 4679//9113 3026//9113 4680//9113
f 4685//9114 3026//9114 4679//9114
f 3019//9115 3026//9115 4685//9115
f 3026//9116 3027//9116 4680//9116
f 3027//9117 3034//9117 4680//9117
f 4680//9118 3034//9118 4678//9118
f 4684//9119 3035//9119 4673//9119
f 4678//9120 3035//9120 4684//9120
f 3034//9121 3035//9121 4678//9121
f 3035//9122 3042//9122 4673//9122
f 4673//9123 3043//9123 4667//9123
f 3042//9124 3043//9124 4673//9124
f 4669//9125 3050//9125 4668//9125
f 4667//9126 3050//9126 4669//9126
f 3043//9127 3050//9127 4667//9127
f 3050//9128 3051//9128 4668//9128
f 4666//9129 3058//9129 4662//9129
f 4668//9130 3058//9130 4666//9130
f 3051//9131 3058//9131 4668//9131
f 3058//9132 3059//9132 4662//9132
f 4662//9133 3066//9133 4663//9133
f 3059//9134 3066//9134 4662//9134
f 4663//9135 3067//9135 4657//9135
f 3066//9136 3067//9136 4663//9136
f 4657//9137 3074//9137 4659//9137
f 3067//9138 3074//9138 4657//9138
f 4659//9139 2610//9139 4658//9139
f 3074//9140 2610//9140 4659//9140
f 4658//9141 2606//9141 4651//9141
f 2610//9142 2606//9142 4658//9142
f 4748//9143 4749//9143 4750//9143
f 4751//9144 4752//9144 4753//9144
f 4749//9145 4754//9145 4755//9145
f 4755//9146 4754//9146 4756//9146
f 4757//9147 4758//9147 4752//9147
f 4758//9148 4759//9148 4752//9148
f 4759//9149 4760//9149 4752//9149
f 4754//9150 4761//9150 4762//9150
f 4762//9151 4761//9151 4763//9151
f 4764//9152 4765//9152 4766//9152
f 4766//9153 4765//9153 4760//9153
f 4752//9154 4765//9154 4753//9154
f 4760//9155 4765//9155 4752//9155
f 4761//9156 4767//9156 4768//9156
f 4768//9157 4767//9157 4769//9157
f 4770//9158 4771//9158 4765//9158
f 4767//9159 4772//9159 4773//9159
f 4773//9160 4772//9160 4774//9160
f 4771//9161 4775//9161 4765//9161
f 4776//9162 4775//9162 4771//9162
f 4772//9163 4777//9163 4778//9163
f 4775//9164 4779//9164 4765//9164
f 4780//9165 4779//9165 4775//9165
f 4781//9166 4782//9166 4779//9166
f 4777//9167 4783//9167 4784//9167
f 4784//9168 4783//9168 4785//9168
f 4761//9169 4783//9169 4767//9169
f 4767//9170 4783//9170 4772//9170
f 4772//9171 4783//9171 4777//9171
f 4782//9172 4786//9172 4779//9172
f 4787//9173 4786//9173 4782//9173
f 4783//9174 4788//9174 4789//9174
f 4790//9175 4791//9175 4786//9175
f 4792//9176 4793//9176 4794//9176
f 4794//9177 4793//9177 4795//9177
f 4796//9178 4797//9178 4798//9178
f 4798//9179 4797//9179 4791//9179
f 4792//9180 4799//9180 4793//9180
f 4788//9181 4799//9181 4792//9181
f 4800//9182 4801//9182 4797//9182
f 4791//9183 4802//9183 4786//9183
f 4797//9184 4802//9184 4791//9184
f 4801//9185 4802//9185 4797//9185
f 4803//9186 4802//9186 4801//9186
f 4804//9187 4805//9187 4806//9187
f 4786//9188 4807//9188 4779//9188
f 4808//9189 4807//9189 4802//9189
f 4802//9190 4807//9190 4786//9190
f 4799//9191 4809//9191 4810//9191
f 4810//9192 4809//9192 4804//9192
f 4805//9193 4809//9193 4811//9193
f 4804//9194 4809//9194 4805//9194
f 4812//9195 4813//9195 4807//9195
f 4813//9196 4814//9196 4807//9196
f 4809//9197 4815//9197 4816//9197
f 4816//9198 4815//9198 4817//9198
f 4817//9199 4815//9199 4818//9199
f 4753//9200 4819//9200 4748//9200
f 4814//9201 4819//9201 4807//9201
f 4748//9202 4819//9202 4749//9202
f 4807//9203 4819//9203 4779//9203
f 4765//9204 4819//9204 4753//9204
f 4820//9205 4819//9205 4814//9205
f 4779//9206 4819//9206 4765//9206
f 4809//9207 4821//9207 4815//9207
f 4822//9208 4823//9208 4819//9208
f 4821//9209 4824//9209 4825//9209
f 4809//9210 4824//9210 4821//9210
f 4826//9211 4827//9211 4823//9211
f 4823//9212 4827//9212 4819//9212
f 4824//9213 4828//9213 4829//9213
f 4830//9214 4831//9214 4827//9214
f 4827//9215 4831//9215 4819//9215
f 4828//9216 4832//9216 4833//9216
f 4749//9217 4834//9217 4754//9217
f 4819//9218 4834//9218 4749//9218
f 4835//9219 4834//9219 4836//9219
f 4836//9220 4834//9220 4831//9220
f 4831//9221 4834//9221 4819//9221
f 4832//9222 4837//9222 4838//9222
f 4838//9223 4837//9223 4839//9223
f 4839//9224 4837//9224 4840//9224
f 4841//9225 4842//9225 4834//9225
f 4842//9226 4843//9226 4834//9226
f 4837//9227 4844//9227 4845//9227
f 4845//9228 4844//9228 4846//9228
f 4847//9229 4848//9229 4849//9229
f 4849//9230 4848//9230 4843//9230
f 4837//9231 4850//9231 4844//9231
f 4844//9232 4850//9232 4851//9232
f 4852//9233 4853//9233 4848//9233
f 4853//9234 4854//9234 4848//9234
f 4843//9235 4855//9235 4834//9235
f 4848//9236 4855//9236 4843//9236
f 4854//9237 4855//9237 4848//9237
f 4754//9238 4855//9238 4761//9238
f 4834//9239 4855//9239 4754//9239
f 4761//9240 4855//9240 4783//9240
f 4832//9241 4856//9241 4837//9241
f 4837//9242 4856//9242 4850//9242
f 4850//9243 4856//9243 4857//9243
f 4857//9244 4856//9244 4858//9244
f 4858//9245 4856//9245 4859//9245
f 4828//9246 4856//9246 4832//9246
f 4860//9247 4861//9247 4855//9247
f 4856//9248 4862//9248 4863//9248
f 4863//9249 4862//9249 4864//9249
f 4865//9250 4866//9250 4861//9250
f 4856//9251 4867//9251 4862//9251
f 4868//9252 4869//9252 4866//9252
f 4783//9253 4870//9253 4788//9253
f 4788//9254 4870//9254 4799//9254
f 4855//9255 4870//9255 4783//9255
f 4799//9256 4870//9256 4809//9256
f 4866//9257 4870//9257 4861//9257
f 4828//9258 4870//9258 4856//9258
f 4856//9259 4870//9259 4867//9259
f 4861//9260 4870//9260 4855//9260
f 4869//9261 4870//9261 4866//9261
f 4809//9262 4870//9262 4824//9262
f 4824//9263 4870//9263 4828//9263
f 4867//9264 4871//9264 4872//9264
f 4872//9265 4871//9265 4873//9265
f 4870//9266 4871//9266 4867//9266
f 4777//9267 3110//9267 4778//9267
f 4778//9268 3112//9268 4772//9268
f 3110//9269 3112//9269 4778//9269
f 4772//9270 3116//9270 4774//9270
f 3112//9271 3116//9271 4772//9271
f 4774//9272 3117//9272 4773//9272
f 3116//9273 3117//9273 4774//9273
f 4773//9274 3119//9274 4767//9274
f 3117//9275 3119//9275 4773//9275
f 4767//9276 3120//9276 4769//9276
f 3119//9277 3120//9277 4767//9277
f 4769//9278 3122//9278 4768//9278
f 3120//9279 3122//9279 4769//9279
f 4768//9280 3123//9280 4761//9280
f 3122//9281 3123//9281 4768//9281
f 4761//9282 3127//9282 4763//9282
f 3123//9283 3127//9283 4761//9283
f 4763//9284 3128//9284 4762//9284
f 3127//9285 3128//9285 4763//9285
f 4762//9286 3131//9286 4754//9286
f 3128//9287 3131//9287 4762//9287
f 3131//9288 3132//9288 4754//9288
f 4754//9289 3132//9289 4756//9289
f 3132//9290 3137//9290 4756//9290
f 4756//9291 3137//9291 4755//9291
f 3137//9292 3138//9292 4755//9292
f 4755//9293 3138//9293 4749//9293
f 4749//9294 3142//9294 4750//9294
f 3138//9295 3142//9295 4749//9295
f 3142//9296 3143//9296 4750//9296
f 4750//9297 3143//9297 4748//9297
f 4748//9298 3149//9298 4753//9298
f 3143//9299 3149//9299 4748//9299
f 4753//9300 3150//9300 4751//9300
f 3149//9301 3150//9301 4753//9301
f 4751//9302 3155//9302 4752//9302
f 3150//9303 3155//9303 4751//9303
f 4752//9304 3156//9304 4757//9304
f 3155//9305 3156//9305 4752//9305
f 4757//9306 3163//9306 4758//9306
f 3156//9307 3163//9307 4757//9307
f 4758//9308 3164//9308 4759//9308
f 3163//9309 3164//9309 4758//9309
f 4759//9310 3170//9310 4760//9310
f 3164//9311 3170//9311 4759//9311
f 4760//9312 3171//9312 4766//9312
f 3170//9313 3171//9313 4760//9313
f 4766//9314 3178//9314 4764//9314
f 3171//9315 3178//9315 4766//9315
f 4764//9316 3179//9316 4765//9316
f 3178//9317 3179//9317 4764//9317
f 3179//9318 3186//9318 4765//9318
f 4765//9319 3186//9319 4770//9319
f 3186//9320 3187//9320 4770//9320
f 4770//9321 3187//9321 4771//9321
f 3187//9322 3194//9322 4771//9322
f 4771//9323 3194//9323 4776//9323
f 3194//9324 3195//9324 4776//9324
f 4776//9325 3195//9325 4775//9325
f 3195//9326 3202//9326 4775//9326
f 4775//9327 3202//9327 4780//9327
f 3202//9328 3203//9328 4780//9328
f 4780//9329 3203//9329 4779//9329
f 3203//9330 3210//9330 4779//9330
f 4779//9331 3210//9331 4781//9331
f 3210//9332 3211//9332 4781//9332
f 4781//9333 3211//9333 4782//9333
f 4782//9334 3218//9334 4787//9334
f 3211//9335 3218//9335 4782//9335
f 4787//9336 3219//9336 4786//9336
f 3218//9337 3219//9337 4787//9337
f 3219//9338 3226//9338 4786//9338
f 4786//9339 3226//9339 4790//9339
f 3226//9340 3227//9340 4790//9340
f 4790//9341 3227//9341 4791//9341
f 3227//9342 3234//9342 4791//9342
f 4791//9343 3234//9343 4798//9343
f 3234//9344 3235//9344 4798//9344
f 4798//9345 3235//9345 4796//9345
f 3235//9346 3242//9346 4796//9346
f 4796//9347 3242//9347 4797//9347
f 3242//9348 3243//9348 4797//9348
f 4797//9349 3243//9349 4800//9349
f 3243//9350 3250//9350 4800//9350
f 4800//9351 3250//9351 4801//9351
f 3250//9352 3251//9352 4801//9352
f 4801//9353 3251//9353 4803//9353
f 3251//9354 3258//9354 4803//9354
f 4803//9355 3258//9355 4802//9355
f 3258//9356 3259//9356 4802//9356
f 4802//9357 3259//9357 4808//9357
f 3259//9358 3266//9358 4808//9358
f 4808//9359 3266//9359 4807//9359
f 3266//9360 3267//9360 4807//9360
f 4807//9361 3267//9361 4812//9361
f 3267//9362 3274//9362 4812//9362
f 4812//9363 3274//9363 4813//9363
f 3274//9364 3275//9364 4813//9364
f 4813//9365 3275//9365 4814//9365
f 3275//9366 3282//9366 4814//9366
f 4814//9367 3282//9367 4820//9367
f 3282//9368 3283//9368 4820//9368
f 4820//9369 3283//9369 4819//9369
f 3283//9370 3290//9370 4819//9370
f 4819//9371 3290//9371 4822//9371
f 3290//9372 3291//9372 4822//9372
f 4822//9373 3291//9373 4823//9373
f 4823//9374 3298//9374 4826//9374
f 3291//9375 3298//9375 4823//9375
f 4826//9376 3299//9376 4827//9376
f 3298//9377 3299//9377 4826//9377
f 4827//9378 3306//9378 4830//9378
f 3299//9379 3306//9379 4827//9379
f 4830//9380 3307//9380 4831//9380
f 3306//9381 3307//9381 4830//9381
f 4831//9382 3314//9382 4836//9382
f 3307//9383 3314//9383 4831//9383
f 4836//9384 3315//9384 4835//9384
f 3314//9385 3315//9385 4836//9385
f 4835//9386 3322//9386 4834//9386
f 3315//9387 3322//9387 4835//9387
f 4834//9388 3323//9388 4841//9388
f 3322//9389 3323//9389 4834//9389
f 4841//9390 3330//9390 4842//9390
f 3323//9391 3330//9391 4841//9391
f 3330//9392 3331//9392 4842//9392
f 3331//9393 3338//9393 4842//9393
f 4843//9394 3338//9394 4849//9394
f 4842//9395 3338//9395 4843//9395
f 3338//9396 3339//9396 4849//9396
f 3339//9397 3346//9397 4849//9397
f 4849//9398 3346//9398 4847//9398
f 3346//9399 3347//9399 4847//9399
f 4847//9400 3347//9400 4848//9400
f 3347//9401 3354//9401 4848//9401
f 4848//9402 3354//9402 4852//9402
f 3354//9403 3355//9403 4852//9403
f 4853//9404 3355//9404 4854//9404
f 4852//9405 3355//9405 4853//9405
f 3355//9406 3362//9406 4854//9406
f 3362//9407 3363//9407 4854//9407
f 4854//9408 3363//9408 4855//9408
f 3363//9409 3370//9409 4855//9409
f 4855//9410 3370//9410 4860//9410
f 3370//9411 3371//9411 4860//9411
f 4860//9412 3371//9412 4861//9412
f 4861//9413 3378//9413 4865//9413
f 3371//9414 3378//9414 4861//9414
f 4866//9415 3379//9415 4868//9415
f 4865//9416 3379//9416 4866//9416
f 3378//9417 3379//9417 4865//9417
f 3379//9418 3386//9418 4868//9418
f 4868//9419 3387//9419 4869//9419
f 3386//9420 3387//9420 4868//9420
f 4869//9421 3394//9421 4870//9421
f 3387//9422 3394//9422 4869//9422
f 4871//9423 3395//9423 4873//9423
f 4870//9424 3395//9424 4871//9424
f 3394//9425 3395//9425 4870//9425
f 3395//9426 3402//9426 4873//9426
f 4873//9427 3403//9427 4872//9427
f 3402//9428 3403//9428 4873//9428
f 4872//9429 3410//9429 4867//9429
f 3403//9430 3410//9430 4872//9430
f 4867//9431 3411//9431 4862//9431
f 3410//9432 3411//9432 4867//9432
f 4862//9433 3418//9433 4864//9433
f 3411//9434 3418//9434 4862//9434
f 4864//9435 3419//9435 4863//9435
f 3418//9436 3419//9436 4864//9436
f 4863//9437 3426//9437 4856//9437
f 3419//9438 3426//9438 4863//9438
f 3426//9439 3427//9439 4856//9439
f 4856//9440 3427//9440 4859//9440
f 3427//9441 3434//9441 4859//9441
f 4858//9442 3434//9442 4857//9442
f 4859//9443 3434//9443 4858//9443
f 3434//9444 3435//9444 4857//9444
f 3435//9445 3442//9445 4857//9445
f 4857//9446 3442//9446 4850//9446
f 3442//9447 3443//9447 4850//9447
f 4850//9448 3443//9448 4851//9448
f 3443//9449 3450//9449 4851//9449
f 4851//9450 3450//9450 4844//9450
f 3450//9451 3451//9451 4844//9451
f 4844//9452 3451//9452 4846//9452
f 3451//9453 3458//9453 4846//9453
f 4846//9454 3458//9454 4845//9454
f 4845//9455 3459//9455 4837//9455
f 3458//9456 3459//9456 4845//9456
f 3459//9457 3466//9457 4837//9457
f 4840//9458 3466//9458 4839//9458
f 4837//9459 3466//9459 4840//9459
f 4839//9460 3467//9460 4838//9460
f 3466//9461 3467//9461 4839//9461
f 3467//9462 3474//9462 4838//9462
f 4838//9463 3475//9463 4832//9463
f 3474//9464 3475//9464 4838//9464
f 4832//9465 3482//9465 4833//9465
f 3475//9466 3482//9466 4832//9466
f 4833//9467 3483//9467 4828//9467
f 3482//9468 3483//9468 4833//9468
f 4828//9469 3490//9469 4829//9469
f 3483//9470 3490//9470 4828//9470
f 4829//9471 3491//9471 4824//9471
f 3490//9472 3491//9472 4829//9472
f 4825//9473 3498//9473 4821//9473
f 4824//9474 3498//9474 4825//9474
f 3491//9475 3498//9475 4824//9475
f 3498//9476 3499//9476 4821//9476
f 4821//9477 3506//9477 4815//9477
f 3499//9478 3506//9478 4821//9478
f 4818//9479 3507//9479 4817//9479
f 4815//9480 3507//9480 4818//9480
f 3506//9481 3507//9481 4815//9481
f 3507//9482 3514//9482 4817//9482
f 4817//9483 3515//9483 4816//9483
f 3514//9484 3515//9484 4817//9484
f 4816//9485 3522//9485 4809//9485
f 3515//9486 3522//9486 4816//9486
f 4809//9487 3523//9487 4811//9487
f 3522//9488 3523//9488 4809//9488
f 4805//9489 3530//9489 4806//9489
f 4811//9490 3530//9490 4805//9490
f 3523//9491 3530//9491 4811//9491
f 3530//9492 3531//9492 4806//9492
f 3531//9493 3538//9493 4806//9493
f 4806//9494 3538//9494 4804//9494
f 4810//9495 3539//9495 4799//9495
f 4804//9496 3539//9496 4810//9496
f 3538//9497 3539//9497 4804//9497
f 3539//9498 3546//9498 4799//9498
f 4799//9499 3547//9499 4793//9499
f 3546//9500 3547//9500 4799//9500
f 4795//9501 3554//9501 4794//9501
f 4793//9502 3554//9502 4795//9502
f 3547//9503 3554//9503 4793//9503
f 3554//9504 3555//9504 4794//9504
f 4792//9505 3562//9505 4788//9505
f 4794//9506 3562//9506 4792//9506
f 3555//9507 3562//9507 4794//9507
f 3562//9508 3563//9508 4788//9508
f 4788//9509 3570//9509 4789//9509
f 3563//9510 3570//9510 4788//9510
f 4789//9511 3571//9511 4783//9511
f 3570//9512 3571//9512 4789//9512
f 4783//9513 3578//9513 4785//9513
f 3571//9514 3578//9514 4783//9514
f 4785//9515 3114//9515 4784//9515
f 3578//9516 3114//9516 4785//9516
f 4784//9517 3110//9517 4777//9517
f 3114//9518 3110//9518 4784//9518
f 4874//9519 4875//9519 4876//9519
f 4876//9520 4875//9520 4877//9520
f 4875//9521 4878//9521 4879//9521
f 4874//9522 4878//9522 4875//9522
f 4880//9523 4881//9523 4882//9523
f 4881//9524 4883//9524 4882//9524
f 4883//9525 4884//9525 4882//9525
f 4878//9526 4885//9526 4886//9526
f 4886//9527 4885//9527 4887//9527
f 4888//9528 4889//9528 4890//9528
f 4890//9529 4889//9529 4874//9529
f 4885//9530 4889//9530 4891//9530
f 4874//9531 4889//9531 4878//9531
f 4878//9532 4889//9532 4885//9532
f 4892//9533 4893//9533 4894//9533
f 4894//9534 4893//9534 4884//9534
f 4882//9535 4893//9535 4888//9535
f 4884//9536 4893//9536 4882//9536
f 4889//9537 4895//9537 4896//9537
f 4897//9538 4898//9538 4893//9538
f 4895//9539 4899//9539 4900//9539
f 4889//9540 4899//9540 4895//9540
f 4898//9541 4901//9541 4893//9541
f 4902//9542 4901//9542 4898//9542
f 4899//9543 4903//9543 4904//9543
f 4901//9544 4905//9544 4893//9544
f 4906//9545 4905//9545 4901//9545
f 4907//9546 4908//9546 4905//9546
f 4903//9547 4909//9547 4910//9547
f 4910//9548 4909//9548 4911//9548
f 4899//9549 4909//9549 4903//9549
f 4908//9550 4912//9550 4905//9550
f 4913//9551 4912//9551 4908//9551
f 4909//9552 4914//9552 4915//9552
f 4916//9553 4917//9553 4912//9553
f 4918//9554 4919//9554 4920//9554
f 4914//9555 4921//9555 4918//9555
f 4919//9556 4921//9556 4922//9556
f 4918//9557 4921//9557 4919//9557
f 4923//9558 4924//9558 4925//9558
f 4925//9559 4924//9559 4926//9559
f 4924//9560 4927//9560 4926//9560
f 4926//9561 4927//9561 4917//9561
f 4912//9562 4928//9562 4905//9562
f 4927//9563 4928//9563 4917//9563
f 4917//9564 4928//9564 4912//9564
f 4905//9565 4928//9565 4893//9565
f 4893//9566 4928//9566 4888//9566
f 4929//9567 4928//9567 4927//9567
f 4930//9568 4931//9568 4932//9568
f 4933//9569 4934//9569 4928//9569
f 4935//9570 4936//9570 4930//9570
f 4931//9571 4936//9571 4937//9571
f 4930//9572 4936//9572 4931//9572
f 4934//9573 4938//9573 4928//9573
f 4939//9574 4938//9574 4940//9574
f 4940//9575 4938//9575 4934//9575
f 4936//9576 4941//9576 4942//9576
f 4942//9577 4941//9577 4943//9577
f 4943//9578 4941//9578 4944//9578
f 4938//9579 4945//9579 4928//9579
f 4928//9580 4945//9580 4888//9580
f 4946//9581 4945//9581 4938//9581
f 4936//9582 4947//9582 4941//9582
f 4948//9583 4949//9583 4945//9583
f 4947//9584 4950//9584 4951//9584
f 4936//9585 4950//9585 4947//9585
f 4952//9586 4953//9586 4949//9586
f 4949//9587 4953//9587 4945//9587
f 4950//9588 4954//9588 4955//9588
f 4956//9589 4957//9589 4953//9589
f 4953//9590 4957//9590 4945//9590
f 4954//9591 4958//9591 4959//9591
f 4899//9592 4960//9592 4909//9592
f 4888//9593 4960//9593 4889//9593
f 4945//9594 4960//9594 4888//9594
f 4961//9595 4960//9595 4962//9595
f 4962//9596 4960//9596 4957//9596
f 4957//9597 4960//9597 4945//9597
f 4889//9598 4960//9598 4899//9598
f 4958//9599 4963//9599 4964//9599
f 4964//9600 4963//9600 4965//9600
f 4965//9601 4963//9601 4966//9601
f 4967//9602 4968//9602 4960//9602
f 4968//9603 4969//9603 4960//9603
f 4963//9604 4970//9604 4971//9604
f 4971//9605 4970//9605 4972//9605
f 4963//9606 4973//9606 4970//9606
f 4970//9607 4973//9607 4974//9607
f 4975//9608 4976//9608 4977//9608
f 4977//9609 4976//9609 4978//9609
f 4978//9610 4976//9610 4979//9610
f 4979//9611 4976//9611 4969//9611
f 4909//9612 4980//9612 4914//9612
f 4960//9613 4980//9613 4909//9613
f 4921//9614 4980//9614 4935//9614
f 4914//9615 4980//9615 4921//9615
f 4969//9616 4980//9616 4960//9616
f 4976//9617 4980//9617 4969//9617
f 4981//9618 4980//9618 4976//9618
f 4963//9619 4982//9619 4973//9619
f 4973//9620 4982//9620 4983//9620
f 4983//9621 4982//9621 4984//9621
f 4984//9622 4982//9622 4985//9622
f 4958//9623 4982//9623 4963//9623
f 4954//9624 4982//9624 4958//9624
f 4986//9625 4987//9625 4980//9625
f 4982//9626 4988//9626 4989//9626
f 4989//9627 4988//9627 4990//9627
f 4991//9628 4992//9628 4987//9628
f 4982//9629 4993//9629 4988//9629
f 4994//9630 4995//9630 4996//9630
f 4996//9631 4995//9631 4992//9631
f 4982//9632 4997//9632 4993//9632
f 4935//9633 4997//9633 4936//9633
f 4993//9634 4997//9634 4998//9634
f 4998//9635 4997//9635 4999//9635
f 4980//9636 4997//9636 4935//9636
f 4954//9637 4997//9637 4982//9637
f 4987//9638 4997//9638 4980//9638
f 4992//9639 4997//9639 4987//9639
f 4995//9640 4997//9640 4992//9640
f 4936//9641 4997//9641 4950//9641
f 4950//9642 4997//9642 4954//9642
f 4903//9643 3614//9643 4904//9643
f 4904//9644 3616//9644 4899//9644
f 3614//9645 3616//9645 4904//9645
f 4899//9646 3620//9646 4900//9646
f 3616//9647 3620//9647 4899//9647
f 4900//9648 3621//9648 4895//9648
f 3620//9649 3621//9649 4900//9649
f 4895//9650 3623//9650 4896//9650
f 3621//9651 3623//9651 4895//9651
f 4896//9652 3624//9652 4889//9652
f 3623//9653 3624//9653 4896//9653
f 4889//9654 3626//9654 4891//9654
f 3624//9655 3626//9655 4889//9655
f 4891//9656 3627//9656 4885//9656
f 3626//9657 3627//9657 4891//9657
f 4885//9658 3631//9658 4887//9658
f 3627//9659 3631//9659 4885//9659
f 4887//9660 3632//9660 4886//9660
f 3631//9661 3632//9661 4887//9661
f 4886//9662 3635//9662 4878//9662
f 3632//9663 3635//9663 4886//9663
f 3635//9664 3636//9664 4878//9664
f 4878//9665 3636//9665 4879//9665
f 3636//9666 3641//9666 4879//9666
f 4879//9667 3641//9667 4875//9667
f 3641//9668 3642//9668 4875//9668
f 4875//9669 3642//9669 4877//9669
f 4877//9670 3646//9670 4876//9670
f 3642//9671 3646//9671 4877//9671
f 3646//9672 3647//9672 4876//9672
f 4876//9673 3647//9673 4874//9673
f 4874//9674 3653//9674 4890//9674
f 3647//9675 3653//9675 4874//9675
f 4890//9676 3654//9676 4888//9676
f 3653//9677 3654//9677 4890//9677
f 4888//9678 3659//9678 4882//9678
f 3654//9679 3659//9679 4888//9679
f 4882//9680 3660//9680 4880//9680
f 3659//9681 3660//9681 4882//9681
f 4880//9682 3667//9682 4881//9682
f 3660//9683 3667//9683 4880//9683
f 4881//9684 3668//9684 4883//9684
f 3667//9685 3668//9685 4881//9685
f 4883//9686 3674//9686 4884//9686
f 3668//9687 3674//9687 4883//9687
f 4884//9688 3675//9688 4894//9688
f 3674//9689 3675//9689 4884//9689
f 4894//9690 3682//9690 4892//9690
f 3675//9691 3682//9691 4894//9691
f 4892//9692 3683//9692 4893//9692
f 3682//9693 3683//9693 4892//9693
f 3683//9694 3690//9694 4893//9694
f 4893//9695 3690//9695 4897//9695
f 3690//9696 3691//9696 4897//9696
f 4897//9697 3691//9697 4898//9697
f 3691//9698 3698//9698 4898//9698
f 4898//9699 3698//9699 4902//9699
f 3698//9700 3699//9700 4902//9700
f 4902//9701 3699//9701 4901//9701
f 3699//9702 3706//9702 4901//9702
f 4901//9703 3706//9703 4906//9703
f 3706//9704 3707//9704 4906//9704
f 4906//9705 3707//9705 4905//9705
f 3707//9706 3714//9706 4905//9706
f 4905//9707 3714//9707 4907//9707
f 3714//9708 3715//9708 4907//9708
f 4907//9709 3715//9709 4908//9709
f 4908//9710 3722//9710 4913//9710
f 3715//9711 3722//9711 4908//9711
f 4913//9712 3723//9712 4912//9712
f 3722//9713 3723//9713 4913//9713
f 3723//9714 3730//9714 4912//9714
f 4912//9715 3730//9715 4916//9715
f 3730//9716 3731//9716 4916//9716
f 4916//9717 3731//9717 4917//9717
f 3731//9718 3738//9718 4917//9718
f 4917//9719 3738//9719 4926//9719
f 3738//9720 3739//9720 4926//9720
f 4926//9721 3739//9721 4925//9721
f 3739//9722 3746//9722 4925//9722
f 4925//9723 3746//9723 4923//9723
f 3746//9724 3747//9724 4923//9724
f 4923//9725 3747//9725 4924//9725
f 3747//9726 3754//9726 4924//9726
f 4924//9727 3754//9727 4927//9727
f 3754//9728 3755//9728 4927//9728
f 4927//9729 3755//9729 4929//9729
f 3755//9730 3762//9730 4929//9730
f 4929//9731 3762//9731 4928//9731
f 3762//9732 3763//9732 4928//9732
f 4928//9733 3763//9733 4933//9733
f 3763//9734 3770//9734 4933//9734
f 4933//9735 3770//9735 4934//9735
f 3770//9736 3771//9736 4934//9736
f 4934//9737 3771//9737 4940//9737
f 3771//9738 3778//9738 4940//9738
f 4940//9739 3778//9739 4939//9739
f 3778//9740 3779//9740 4939//9740
f 4939//9741 3779//9741 4938//9741
f 3779//9742 3786//9742 4938//9742
f 4938//9743 3786//9743 4946//9743
f 3786//9744 3787//9744 4946//9744
f 4946//9745 3787//9745 4945//9745
f 3787//9746 3794//9746 4945//9746
f 4945//9747 3794//9747 4948//9747
f 3794//9748 3795//9748 4948//9748
f 4948//9749 3795//9749 4949//9749
f 4949//9750 3802//9750 4952//9750
f 3795//9751 3802//9751 4949//9751
f 4952//9752 3803//9752 4953//9752
f 3802//9753 3803//9753 4952//9753
f 4953//9754 3810//9754 4956//9754
f 3803//9755 3810//9755 4953//9755
f 4956//9756 3811//9756 4957//9756
f 3810//9757 3811//9757 4956//9757
f 4957//9758 3818//9758 4962//9758
f 3811//9759 3818//9759 4957//9759
f 4962//9760 3819//9760 4961//9760
f 3818//9761 3819//9761 4962//9761
f 4961//9762 3826//9762 4960//9762
f 3819//9763 3826//9763 4961//9763
f 4960//9764 3827//9764 4967//9764
f 3826//9765 3827//9765 4960//9765
f 4967//9766 3834//9766 4968//9766
f 3827//9767 3834//9767 4967//9767
f 3834//9768 3835//9768 4968//9768
f 3835//9769 3842//9769 4968//9769
f 4969//9770 3842//9770 4979//9770
f 4968//9771 3842//9771 4969//9771
f 3842//9772 3843//9772 4979//9772
f 3843//9773 3850//9773 4979//9773
f 4979//9774 3850//9774 4978//9774
f 3850//9775 3851//9775 4978//9775
f 4978//9776 3851//9776 4977//9776
f 3851//9777 3858//9777 4977//9777
f 4977//9778 3858//9778 4975//9778
f 3858//9779 3859//9779 4975//9779
f 4976//9780 3859//9780 4981//9780
f 4975//9781 3859//9781 4976//9781
f 3859//9782 3866//9782 4981//9782
f 3866//9783 3867//9783 4981//9783
f 4981//9784 3867//9784 4980//9784
f 3867//9785 3874//9785 4980//9785
f 4980//9786 3874//9786 4986//9786
f 3874//9787 3875//9787 4986//9787
f 4986//9788 3875//9788 4987//9788
f 4987//9789 3882//9789 4991//9789
f 3875//9790 3882//9790 4987//9790
f 4992//9791 3883//9791 4996//9791
f 4991//9792 3883//9792 4992//9792
f 3882//9793 3883//9793 4991//9793
f 3883//9794 3890//9794 4996//9794
f 4996//9795 3891//9795 4994//9795
f 3890//9796 3891//9796 4996//9796
f 4994//9797 3898//9797 4995//9797
f 3891//9798 3898//9798 4994//9798
f 4997//9799 3899//9799 4999//9799
f 4995//9800 3899//9800 4997//9800
f 3898//9801 3899//9801 4995//9801
f 3899//9802 3906//9802 4999//9802
f 4999//9803 3907//9803 4998//9803
f 3906//9804 3907//9804 4999//9804
f 4998//9805 3914//9805 4993//9805
f 3907//9806 3914//9806 4998//9806
f 4993//9807 3915//9807 4988//9807
f 3914//9808 3915//9808 4993//9808
f 4988//9809 3922//9809 4990//9809
f 3915//9810 3922//9810 4988//9810
f 4990//9811 3923//9811 4989//9811
f 3922//9812 3923//9812 4990//9812
f 4989//9813 3930//9813 4982//9813
f 3923//9814 3930//9814 4989//9814
f 3930//9815 3931//9815 4982//9815
f 4982//9816 3931//9816 4985//9816
f 3931//9817 3938//9817 4985//9817
f 4984//9818 3938//9818 4983//9818
f 4985//9819 3938//9819 4984//9819
f 3938//9820 3939//9820 4983//9820
f 3939//9821 3946//9821 4983//9821
f 4983//9822 3946//9822 4973//9822
f 3946//9823 3947//9823 4973//9823
f 4973//9824 3947//9824 4974//9824
f 3947//9825 3954//9825 4974//9825
f 4974//9826 3954//9826 4970//9826
f 3954//9827 3955//9827 4970//9827
f 4970//9828 3955//9828 4972//9828
f 3955//9829 3962//9829 4972//9829
f 4972//9830 3962//9830 4971//9830
f 4971//9831 3963//9831 4963//9831
f 3962//9832 3963//9832 4971//9832
f 3963//9833 3970//9833 4963//9833
f 4966//9834 3970//9834 4965//9834
f 4963//9835 3970//9835 4966//9835
f 4965//9836 3971//9836 4964//9836
f 3970//9837 3971//9837 4965//9837
f 3971//9838 3978//9838 4964//9838
f 4964//9839 3979//9839 4958//9839
f 3978//9840 3979//9840 4964//9840
f 4958//9841 3986//9841 4959//9841
f 3979//9842 3986//9842 4958//9842
f 4959//9843 3987//9843 4954//9843
f 3986//9844 3987//9844 4959//9844
f 4954//9845 3994//9845 4955//9845
f 3987//9846 3994//9846 4954//9846
f 4955//9847 3995//9847 4950//9847
f 3994//9848 3995//9848 4955//9848
f 4951//9849 4002//9849 4947//9849
f 4950//9850 4002//9850 4951//9850
f 3995//9851 4002//9851 4950//9851
f 4002//9852 4003//9852 4947//9852
f 4947//9853 4010//9853 4941//9853
f 4003//9854 4010//9854 4947//9854
f 4944//9855 4011//9855 4943//9855
f 4941//9856 4011//9856 4944//9856
f 4010//9857 4011//9857 4941//9857
f 4011//9858 4018//9858 4943//9858
f 4943//9859 4019//9859 4942//9859
f 4018//9860 4019//9860 4943//9860
f 4942//9861 4026//9861 4936//9861
f 4019//9862 4026//9862 4942//9862
f 4936//9863 4027//9863 4937//9863
f 4026//9864 4027//9864 4936//9864
f 4931//9865 4034//9865 4932//9865
f 4937//9866 4034//9866 4931//9866
f 4027//9867 4034//9867 4937//9867
f 4034//9868 4035//9868 4932//9868
f 4035//9869 4042//9869 4932//9869
f 4932//9870 4042//9870 4930//9870
f 4935//9871 4043//9871 4921//9871
f 4930//9872 4043//9872 4935//9872
f 4042//9873 4043//9873 4930//9873
f 4043//9874 4050//9874 4921//9874
f 4921//9875 4051//9875 4922//9875
f 4050//9876 4051//9876 4921//9876
f 4919//9877 4058//9877 4920//9877
f 4922//9878 4058//9878 4919//9878
f 4051//9879 4058//9879 4922//9879
f 4058//9880 4059//9880 4920//9880
f 4918//9881 4066//9881 4914//9881
f 4920//9882 4066//9882 4918//9882
f 4059//9883 4066//9883 4920//9883
f 4066//9884 4067//9884 4914//9884
f 4914//9885 4074//9885 4915//9885
f 4067//9886 4074//9886 4914//9886
f 4915//9887 4075//9887 4909//9887
f 4074//9888 4075//9888 4915//9888
f 4909//9889 4082//9889 4911//9889
f 4075//9890 4082//9890 4909//9890
f 4911//9891 3618//9891 4910//9891
f 4082//9892 3618//9892 4911//9892
f 4910//9893 3614//9893 4903//9893
f 3618//9894 3614//9894 4910//9894
f 5000//9895 5001//9895 5002//9895
f 5002//9896 5001//9896 5003//9896
f 5001//9897 5004//9897 5005//9897
f 5000//9898 5004//9898 5001//9898
f 5006//9899 5007//9899 5008//9899
f 5007//9900 5009//9900 5008//9900
f 5009//9901 5010//9901 5008//9901
f 5004//9902 5011//9902 5012//9902
f 5012//9903 5011//9903 5013//9903
f 5014//9904 5015//9904 5016//9904
f 5016//9905 5015//9905 5000//9905
f 5011//9906 5015//9906 5017//9906
f 5000//9907 5015//9907 5004//9907
f 5004//9908 5015//9908 5011//9908
f 5018//9909 5019//9909 5020//9909
f 5020//9910 5019//9910 5010//9910
f 5008//9911 5019//9911 5014//9911
f 5010//9912 5019//9912 5008//9912
f 5015//9913 5021//9913 5022//9913
f 5023//9914 5024//9914 5019//9914
f 5021//9915 5025//9915 5026//9915
f 5015//9916 5025//9916 5021//9916
f 5024//9917 5027//9917 5019//9917
f 5028//9918 5027//9918 5024//9918
f 5025//9919 5029//9919 5030//9919
f 5027//9920 5031//9920 5019//9920
f 5032//9921 5031//9921 5027//9921
f 5033//9922 5034//9922 5031//9922
f 5029//9923 5035//9923 5036//9923
f 5036//9924 5035//9924 5037//9924
f 5025//9925 5035//9925 5029//9925
f 5034//9926 5038//9926 5031//9926
f 5039//9927 5038//9927 5034//9927
f 5035//9928 5040//9928 5041//9928
f 5042//9929 5043//9929 5038//9929
f 5044//9930 5045//9930 5046//9930
f 5040//9931 5047//9931 5044//9931
f 5045//9932 5047//9932 5048//9932
f 5044//9933 5047//9933 5045//9933
f 5049//9934 5050//9934 5051//9934
f 5051//9935 5050//9935 5052//9935
f 5050//9936 5053//9936 5052//9936
f 5052//9937 5053//9937 5043//9937
f 5038//9938 5054//9938 5031//9938
f 5053//9939 5054//9939 5043//9939
f 5043//9940 5054//9940 5038//9940
f 5031//9941 5054//9941 5019//9941
f 5019//9942 5054//9942 5014//9942
f 5055//9943 5054//9943 5053//9943
f 5056//9944 5057//9944 5058//9944
f 5059//9945 5060//9945 5054//9945
f 5061//9946 5062//9946 5056//9946
f 5057//9947 5062//9947 5063//9947
f 5056//9948 5062//9948 5057//9948
f 5060//9949 5064//9949 5054//9949
f 5065//9950 5064//9950 5066//9950
f 5066//9951 5064//9951 5060//9951
f 5062//9952 5067//9952 5068//9952
f 5068//9953 5067//9953 5069//9953
f 5069//9954 5067//9954 5070//9954
f 5064//9955 5071//9955 5054//9955
f 5054//9956 5071//9956 5014//9956
f 5072//9957 5071//9957 5064//9957
f 5062//9958 5073//9958 5067//9958
f 5074//9959 5075//9959 5071//9959
f 5073//9960 5076//9960 5077//9960
f 5062//9961 5076//9961 5073//9961
f 5078//9962 5079//9962 5075//9962
f 5075//9963 5079//9963 5071//9963
f 5076//9964 5080//9964 5081//9964
f 5082//9965 5083//9965 5079//9965
f 5079//9966 5083//9966 5071//9966
f 5080//9967 5084//9967 5085//9967
f 5025//9968 5086//9968 5035//9968
f 5014//9969 5086//9969 5015//9969
f 5071//9970 5086//9970 5014//9970
f 5087//9971 5086//9971 5088//9971
f 5088//9972 5086//9972 5083//9972
f 5083//9973 5086//9973 5071//9973
f 5015//9974 5086//9974 5025//9974
f 5084//9975 5089//9975 5090//9975
f 5090//9976 5089//9976 5091//9976
f 5091//9977 5089//9977 5092//9977
f 5093//9978 5094//9978 5086//9978
f 5094//9979 5095//9979 5086//9979
f 5089//9980 5096//9980 5097//9980
f 5097//9981 5096//9981 5098//9981
f 5089//9982 5099//9982 5096//9982
f 5096//9983 5099//9983 5100//9983
f 5101//9984 5102//9984 5103//9984
f 5103//9985 5102//9985 5104//9985
f 5104//9986 5102//9986 5105//9986
f 5105//9987 5102//9987 5095//9987
f 5035//9988 5106//9988 5040//9988
f 5086//9989 5106//9989 5035//9989
f 5047//9990 5106//9990 5061//9990
f 5040//9991 5106//9991 5047//9991
f 5095//9992 5106//9992 5086//9992
f 5102//9993 5106//9993 5095//9993
f 5107//9994 5106//9994 5102//9994
f 5089//9995 5108//9995 5099//9995
f 5099//9996 5108//9996 5109//9996
f 5109//9997 5108//9997 5110//9997
f 5110//9998 5108//9998 5111//9998
f 5084//9999 5108//9999 5089//9999
f 5080//10000 5108//10000 5084//10000
f 5112//10001 5113//10001 5106//10001
f 5108//10002 5114//10002 5115//10002
f 5115//10003 5114//10003 5116//10003
f 5117//10004 5118//10004 5113//10004
f 5108//10005 5119//10005 5114//10005
f 5120//10006 5121//10006 5122//10006
f 5122//10007 5121//10007 5118//10007
f 5108//10008 5123//10008 5119//10008
f 5061//10009 5123//10009 5062//10009
f 5119//10010 5123//10010 5124//10010
f 5124//10011 5123//10011 5125//10011
f 5106//10012 5123//10012 5061//10012
f 5080//10013 5123//10013 5108//10013
f 5113//10014 5123//10014 5106//10014
f 5118//10015 5123//10015 5113//10015
f 5121//10016 5123//10016 5118//10016
f 5062//10017 5123//10017 5076//10017
f 5076//10018 5123//10018 5080//10018
f 5029//10019 4118//10019 5030//10019
f 5030//10020 4120//10020 5025//10020
f 4118//10021 4120//10021 5030//10021
f 5025//10022 4124//10022 5026//10022
f 4120//10023 4124//10023 5025//10023
f 5026//10024 4125//10024 5021//10024
f 4124//10025 4125//10025 5026//10025
f 5021//10026 4127//10026 5022//10026
f 4125//10027 4127//10027 5021//10027
f 5022//10028 4128//10028 5015//10028
f 4127//10029 4128//10029 5022//10029
f 5015//10030 4130//10030 5017//10030
f 4128//10031 4130//10031 5015//10031
f 5017//10032 4131//10032 5011//10032
f 4130//10033 4131//10033 5017//10033
f 5011//10034 4135//10034 5013//10034
f 4131//10035 4135//10035 5011//10035
f 5013//10036 4136//10036 5012//10036
f 4135//10037 4136//10037 5013//10037
f 5012//10038 4139//10038 5004//10038
f 4136//10039 4139//10039 5012//10039
f 4139//10040 4140//10040 5004//10040
f 5004//10041 4140//10041 5005//10041
f 4140//10042 4145//10042 5005//10042
f 5005//10043 4145//10043 5001//10043
f 4145//10044 4146//10044 5001//10044
f 5001//10045 4146//10045 5003//10045
f 5003//10046 4150//10046 5002//10046
f 4146//10047 4150//10047 5003//10047
f 4150//10048 4151//10048 5002//10048
f 5002//10049 4151//10049 5000//10049
f 5000//10050 4157//10050 5016//10050
f 4151//10051 4157//10051 5000//10051
f 5016//10052 4158//10052 5014//10052
f 4157//10053 4158//10053 5016//10053
f 5014//10054 4163//10054 5008//10054
f 4158//10055 4163//10055 5014//10055
f 5008//10056 4164//10056 5006//10056
f 4163//10057 4164//10057 5008//10057
f 5006//10058 4171//10058 5007//10058
f 4164//10059 4171//10059 5006//10059
f 5007//10060 4172//10060 5009//10060
f 4171//10061 4172//10061 5007//10061
f 5009//10062 4178//10062 5010//10062
f 4172//10063 4178//10063 5009//10063
f 5010//10064 4179//10064 5020//10064
f 4178//10065 4179//10065 5010//10065
f 5020//10066 4186//10066 5018//10066
f 4179//10067 4186//10067 5020//10067
f 5018//10068 4187//10068 5019//10068
f 4186//10069 4187//10069 5018//10069
f 4187//10070 4194//10070 5019//10070
f 5019//10071 4194//10071 5023//10071
f 4194//10072 4195//10072 5023//10072
f 5023//10073 4195//10073 5024//10073
f 4195//10074 4202//10074 5024//10074
f 5024//10075 4202//10075 5028//10075
f 4202//10076 4203//10076 5028//10076
f 5028//10077 4203//10077 5027//10077
f 4203//10078 4210//10078 5027//10078
f 5027//10079 4210//10079 5032//10079
f 4210//10080 4211//10080 5032//10080
f 5032//10081 4211//10081 5031//10081
f 4211//10082 4218//10082 5031//10082
f 5031//10083 4218//10083 5033//10083
f 4218//10084 4219//10084 5033//10084
f 5033//10085 4219//10085 5034//10085
f 5034//10086 4226//10086 5039//10086
f 4219//10087 4226//10087 5034//10087
f 5039//10088 4227//10088 5038//10088
f 4226//10089 4227//10089 5039//10089
f 4227//10090 4234//10090 5038//10090
f 5038//10091 4234//10091 5042//10091
f 4234//10092 4235//10092 5042//10092
f 5042//10093 4235//10093 5043//10093
f 4235//10094 4242//10094 5043//10094
f 5043//10095 4242//10095 5052//10095
f 4242//10096 4243//10096 5052//10096
f 5052//10097 4243//10097 5051//10097
f 4243//10098 4250//10098 5051//10098
f 5051//10099 4250//10099 5049//10099
f 4250//10100 4251//10100 5049//10100
f 5049//10101 4251//10101 5050//10101
f 4251//10102 4258//10102 5050//10102
f 5050//10103 4258//10103 5053//10103
f 4258//10104 4259//10104 5053//10104
f 5053//10105 4259//10105 5055//10105
f 4259//10106 4266//10106 5055//10106
f 5055//10107 4266//10107 5054//10107
f 4266//10108 4267//10108 5054//10108
f 5054//10109 4267//10109 5059//10109
f 4267//10110 4274//10110 5059//10110
f 5059//10111 4274//10111 5060//10111
f 4274//10112 4275//10112 5060//10112
f 5060//10113 4275//10113 5066//10113
f 4275//10114 4282//10114 5066//10114
f 5066//10115 4282//10115 5065//10115
f 4282//10116 4283//10116 5065//10116
f 5065//10117 4283//10117 5064//10117
f 4283//10118 4290//10118 5064//10118
f 5064//10119 4290//10119 5072//10119
f 4290//10120 4291//10120 5072//10120
f 5072//10121 4291//10121 5071//10121
f 4291//10122 4298//10122 5071//10122
f 5071//10123 4298//10123 5074//10123
f 4298//10124 4299//10124 5074//10124
f 5074//10125 4299//10125 5075//10125
f 5075//10126 4306//10126 5078//10126
f 4299//10127 4306//10127 5075//10127
f 5078//10128 4307//10128 5079//10128
f 4306//10129 4307//10129 5078//10129
f 5079//10130 4314//10130 5082//10130
f 4307//10131 4314//10131 5079//10131
f 5082//10132 4315//10132 5083//10132
f 4314//10133 4315//10133 5082//10133
f 5083//10134 4322//10134 5088//10134
f 4315//10135 4322//10135 5083//10135
f 5088//10136 4323//10136 5087//10136
f 4322//10137 4323//10137 5088//10137
f 5087//10138 4330//10138 5086//10138
f 4323//10139 4330//10139 5087//10139
f 5086//10140 4331//10140 5093//10140
f 4330//10141 4331//10141 5086//10141
f 5093//10142 4338//10142 5094//10142
f 4331//10143 4338//10143 5093//10143
f 4338//10144 4339//10144 5094//10144
f 4339//10145 4346//10145 5094//10145
f 5095//10146 4346//10146 5105//10146
f 5094//10147 4346//10147 5095//10147
f 4346//10148 4347//10148 5105//10148
f 4347//10149 4354//10149 5105//10149
f 5105//10150 4354//10150 5104//10150
f 4354//10151 4355//10151 5104//10151
f 5104//10152 4355//10152 5103//10152
f 4355//10153 4362//10153 5103//10153
f 5103//10154 4362//10154 5101//10154
f 4362//10155 4363//10155 5101//10155
f 5102//10156 4363//10156 5107//10156
f 5101//10157 4363//10157 5102//10157
f 4363//10158 4370//10158 5107//10158
f 4370//10159 4371//10159 5107//10159
f 5107//10160 4371//10160 5106//10160
f 4371//10161 4378//10161 5106//10161
f 5106//10162 4378//10162 5112//10162
f 4378//10163 4379//10163 5112//10163
f 5112//10164 4379//10164 5113//10164
f 5113//10165 4386//10165 5117//10165
f 4379//10166 4386//10166 5113//10166
f 5118//10167 4387//10167 5122//10167
f 5117//10168 4387//10168 5118//10168
f 4386//10169 4387//10169 5117//10169
f 4387//10170 4394//10170 5122//10170
f 5122//10171 4395//10171 5120//10171
f 4394//10172 4395//10172 5122//10172
f 5120//10173 4402//10173 5121//10173
f 4395//10174 4402//10174 5120//10174
f 5123//10175 4403//10175 5125//10175
f 5121//10176 4403//10176 5123//10176
f 4402//10177 4403//10177 5121//10177
f 4403//10178 4410//10178 5125//10178
f 5125//10179 4411//10179 5124//10179
f 4410//10180 4411//10180 5125//10180
f 5124//10181 4418//10181 5119//10181
f 4411//10182 4418//10182 5124//10182
f 5119//10183 4419//10183 5114//10183
f 4418//10184 4419//10184 5119//10184
f 5114//10185 4426//10185 5116//10185
f 4419//10186 4426//10186 5114//10186
f 5116//10187 4427//10187 5115//10187
f 4426//10188 4427//10188 5116//10188
f 5115//10189 4434//10189 5108//10189
f 4427//10190 4434//10190 5115//10190
f 4434//10191 4435//10191 5108//10191
f 5108//10192 4435//10192 5111//10192
f 4435//10193 4442//10193 5111//10193
f 5110//10194 4442//10194 5109//10194
f 5111//10195 4442//10195 5110//10195
f 4442//10196 4443//10196 5109//10196
f 4443//10197 4450//10197 5109//10197
f 5109//10198 4450//10198 5099//10198
f 4450//10199 4451//10199 5099//10199
f 5099//10200 4451//10200 5100//10200
f 4451//10201 4458//10201 5100//10201
f 5100//10202 4458//10202 5096//10202
f 4458//10203 4459//10203 5096//10203
f 5096//10204 4459//10204 5098//10204
f 4459//10205 4466//10205 5098//10205
f 5098//10206 4466//10206 5097//10206
f 5097//10207 4467//10207 5089//10207
f 4466//10208 4467//10208 5097//10208
f 4467//10209 4474//10209 5089//10209
f 5092//10210 4474//10210 5091//10210
f 5089//10211 4474//10211 5092//10211
f 5091//10212 4475//10212 5090//10212
f 4474//10213 4475//10213 5091//10213
f 4475//10214 4482//10214 5090//10214
f 5090//10215 4483//10215 5084//10215
f 4482//10216 4483//10216 5090//10216
f 5084//10217 4490//10217 5085//10217
f 4483//10218 4490//10218 5084//10218
f 5085//10219 4491//10219 5080//10219
f 4490//10220 4491//10220 5085//10220
f 5080//10221 4498//10221 5081//10221
f 4491//10222 4498//10222 5080//10222
f 5081//10223 4499//10223 5076//10223
f 4498//10224 4499//10224 5081//10224
f 5077//10225 4506//10225 5073//10225
f 5076//10226 4506//10226 5077//10226
f 4499//10227 4506//10227 5076//10227
f 4506//10228 4507//10228 5073//10228
f 5073//10229 4514//10229 5067//10229
f 4507//10230 4514//10230 5073//10230
f 5070//10231 4515//10231 5069//10231
f 5067//10232 4515//10232 5070//10232
f 4514//10233 4515//10233 5067//10233
f 4515//10234 4522//10234 5069//10234
f 5069//10235 4523//10235 5068//10235
f 4522//10236 4523//10236 5069//10236
f 5068//10237 4530//10237 5062//10237
f 4523//10238 4530//10238 5068//10238
f 5062//10239 4531//10239 5063//10239
f 4530//10240 4531//10240 5062//10240
f 5057//10241 4538//10241 5058//10241
f 5063//10242 4538//10242 5057//10242
f 4531//10243 4538//10243 5063//10243
f 4538//10244 4539//10244 5058//10244
f 4539//10245 4546//10245 5058//10245
f 5058//10246 4546//10246 5056//10246
f 5061//10247 4547//10247 5047//10247
f 5056//10248 4547//10248 5061//10248
f 4546//10249 4547//10249 5056//10249
f 4547//10250 4554//10250 5047//10250
f 5047//10251 4555//10251 5048//10251
f 4554//10252 4555//10252 5047//10252
f 5045//10253 4562//10253 5046//10253
f 5048//10254 4562//10254 5045//10254
f 4555//10255 4562//10255 5048//10255
f 4562//10256 4563//10256 5046//10256
f 5044//10257 4570//10257 5040//10257
f 5046//10258 4570//10258 5044//10258
f 4563//10259 4570//10259 5046//10259
f 4570//10260 4571//10260 5040//10260
f 5040//10261 4578//10261 5041//10261
f 4571//10262 4578//10262 5040//10262
f 5041//10263 4579//10263 5035//10263
f 4578//10264 4579//10264 5041//10264
f 5035//10265 4586//10265 5037//10265
f 4579//10266 4586//10266 5035//10266
f 5037//10267 4122//10267 5036//10267
f 4586//10268 4122//10268 5037//10268
f 5036//10269 4118//10269 5029//10269
f 4122//10270 4118//10270 5036//10270
