# Created by FreeCAD <https://www.freecad.org>
v -22.250000 16.000000 -109.312752
v -22.250000 -18.000000 -90.812752
v -22.250000 -18.000000 -109.312752
v -22.250000 16.000000 -90.812752
v 22.250000 -18.000000 -109.312752
v 22.250000 16.000000 -90.812752
v 22.250000 16.000000 -109.312752
v 22.250000 -18.000000 -90.812752
v -9.431734 0.000000 -160.959229
v -9.360346 0.000000 -161.028854
v -16.250000 0.000000 -170.312744
v -9.499562 0.000000 -160.886124
v -9.285575 0.000000 -161.094833
v -9.563663 0.000000 -160.809723
v -9.207609 0.000000 -161.157013
v -9.623876 0.000000 -160.730240
v -9.126640 0.000000 -161.215225
v -9.680052 0.000000 -160.647842
v -9.042871 0.000000 -161.269333
v -9.732051 0.000000 -160.562744
v -8.956508 0.000000 -161.319199
v -9.779743 0.000000 -160.475174
v -8.867767 0.000000 -161.364685
v -9.823011 0.000000 -160.385330
v -8.776870 0.000000 -161.405701
v -9.861748 0.000000 -160.293427
v -8.684040 0.000000 -161.442139
v -9.895855 0.000000 -160.199722
v -8.589510 0.000000 -161.473892
v -9.925248 0.000000 -160.104431
v -8.493515 0.000000 -161.500900
v -9.949856 0.000000 -160.007797
v -8.396293 0.000000 -161.523102
v -9.969616 0.000000 -159.910049
v -8.298084 0.000000 -161.540405
v -9.984478 0.000000 -159.811432
v -8.199136 0.000000 -161.552811
v -9.994408 0.000000 -159.712204
v -8.099691 0.000000 -161.560257
v -9.999378 0.000000 -159.612610
v -8.000000 0.000000 -161.562744
v -9.999378 0.000000 -159.512894
v -7.900308 0.000000 -161.560257
v -9.994408 0.000000 -159.413284
v -7.800864 0.000000 -161.552811
v -9.984478 0.000000 -159.314056
v -7.701915 0.000000 -161.540405
v -9.969616 0.000000 -159.215454
v -7.603708 0.000000 -161.523102
v -9.949856 0.000000 -159.117706
v -7.506485 0.000000 -161.500900
v -9.925248 0.000000 -159.021072
v -7.410490 0.000000 -161.473892
v -9.895855 0.000000 -158.925781
v -7.315960 0.000000 -161.442139
v -9.861748 0.000000 -158.832062
v -7.223130 0.000000 -161.405701
v 6.568266 0.000000 -160.959229
v 6.639655 0.000000 -161.028854
v -6.568266 0.000000 -160.959229
v -6.639655 0.000000 -161.028854
v 6.500438 0.000000 -160.886124
v -6.500438 0.000000 -160.886124
v 6.714425 0.000000 -161.094833
v -6.714425 0.000000 -161.094833
v 6.436337 0.000000 -160.809723
v -6.436337 0.000000 -160.809723
v -6.792391 0.000000 -161.157013
v 6.792391 0.000000 -161.157013
v -6.873360 0.000000 -161.215225
v 6.376124 0.000000 -160.730240
v -6.376124 0.000000 -160.730240
v -6.319948 0.000000 -160.647842
v 6.873360 0.000000 -161.215225
v -6.957129 0.000000 -161.269333
v 6.319948 0.000000 -160.647842
v 6.957129 0.000000 -161.269333
v 6.267949 0.000000 -160.562744
v -6.267949 0.000000 -160.562744
v -7.043492 0.000000 -161.319199
v 7.043492 0.000000 -161.319199
v -7.132233 0.000000 -161.364685
v 6.220256 0.000000 -160.475174
v -6.220256 0.000000 -160.475174
v -6.176988 0.000000 -160.385330
v 7.132233 0.000000 -161.364685
v 6.176988 0.000000 -160.385330
v 7.223130 0.000000 -161.405701
v 6.138253 0.000000 -160.293427
v -6.138253 0.000000 -160.293427
v -6.104146 0.000000 -160.199722
v 6.104146 0.000000 -160.199722
v -6.074751 0.000000 -160.104431
v 16.250000 0.000000 -170.312744
v 7.315960 0.000000 -161.442139
v 7.410490 0.000000 -161.473892
v 6.074751 0.000000 -160.104431
v 7.506485 0.000000 -161.500900
v 6.050144 0.000000 -160.007797
v -6.050144 0.000000 -160.007797
v -6.030385 0.000000 -159.910049
v 7.603708 0.000000 -161.523102
v 6.030385 0.000000 -159.910049
v 7.701915 0.000000 -161.540405
v 6.015522 0.000000 -159.811432
v -6.015522 0.000000 -159.811432
v -6.005592 0.000000 -159.712204
v 7.800864 0.000000 -161.552811
v 6.005592 0.000000 -159.712204
v 7.900308 0.000000 -161.560257
v 6.000622 0.000000 -159.612610
v -6.000622 0.000000 -159.612610
v 8.000000 0.000000 -161.562744
v 6.000622 0.000000 -159.512894
v -6.000622 0.000000 -159.512894
v 8.099691 0.000000 -161.560257
v 6.005592 0.000000 -159.413284
v -6.005592 0.000000 -159.413284
v 8.199136 0.000000 -161.552811
v 6.015522 0.000000 -159.314056
v -6.015522 0.000000 -159.314056
v -6.030385 0.000000 -159.215454
v 8.298084 0.000000 -161.540405
v 6.030385 0.000000 -159.215454
v 8.396293 0.000000 -161.523102
v 6.050144 0.000000 -159.117706
v -6.050144 0.000000 -159.117706
v -6.074751 0.000000 -159.021072
v 8.493515 0.000000 -161.500900
v 6.074751 0.000000 -159.021072
v 8.589510 0.000000 -161.473892
v 6.104146 0.000000 -158.925781
v -6.104146 0.000000 -158.925781
v -6.138253 0.000000 -158.832062
v 8.684040 0.000000 -161.442139
v 6.138253 0.000000 -158.832062
v 8.776870 0.000000 -161.405701
v 6.176988 0.000000 -158.740173
v -6.176988 0.000000 -158.740173
v 8.867767 0.000000 -161.364685
v 6.220256 0.000000 -158.650330
v -6.220256 0.000000 -158.650330
v -6.267949 0.000000 -158.562744
v 8.956508 0.000000 -161.319199
v 6.267949 0.000000 -158.562744
v 9.042871 0.000000 -161.269333
v 6.319948 0.000000 -158.477661
v -6.319948 0.000000 -158.477661
v 9.126640 0.000000 -161.215225
v 6.376124 0.000000 -158.395264
v -6.376124 0.000000 -158.395264
v 9.207609 0.000000 -161.157013
v 6.436337 0.000000 -158.315765
v -6.436337 0.000000 -158.315765
v 9.285575 0.000000 -161.094833
v -6.568266 0.000000 -158.166275
v 6.500438 0.000000 -158.239380
v -6.500438 0.000000 -158.239380
v 9.360346 0.000000 -161.028854
v 6.568266 0.000000 -158.166275
v 9.431734 0.000000 -160.959229
v -6.639655 0.000000 -158.096649
v 6.639655 0.000000 -158.096649
v 9.499562 0.000000 -160.886124
v -6.714425 0.000000 -158.030655
v 6.714425 0.000000 -158.030655
v 9.563663 0.000000 -160.809723
v -6.792391 0.000000 -157.968491
v 6.792391 0.000000 -157.968491
v 9.623876 0.000000 -160.730240
v -6.873360 0.000000 -157.910278
v 6.873360 0.000000 -157.910278
v 9.680052 0.000000 -160.647842
v -6.957129 0.000000 -157.856171
v 6.957129 0.000000 -157.856171
v 9.732051 0.000000 -160.562744
v -7.043492 0.000000 -157.806305
v 7.043492 0.000000 -157.806305
v -7.132233 0.000000 -157.760818
v 9.779743 0.000000 -160.475174
v 7.132233 0.000000 -157.760818
v 9.823011 0.000000 -160.385330
v 9.861748 0.000000 -160.293427
v 9.895855 0.000000 -160.199722
v 9.925248 0.000000 -160.104431
v 9.949856 0.000000 -160.007797
v 9.969616 0.000000 -159.910049
v 9.984478 0.000000 -159.811432
v 9.994408 0.000000 -159.712204
v 9.999378 0.000000 -159.612610
v 9.999378 0.000000 -159.512894
v 9.994408 0.000000 -159.413284
v 9.984478 0.000000 -159.314056
v 9.969616 0.000000 -159.215454
v 9.949856 0.000000 -159.117706
v 9.925248 0.000000 -159.021072
v 9.895855 0.000000 -158.925781
v 9.861748 0.000000 -158.832062
v -9.431734 0.000000 -158.166275
v -9.431734 0.000000 -128.959229
v -9.360346 0.000000 -158.096649
v -9.360346 0.000000 -129.028854
v -9.285575 0.000000 -158.030655
v -9.499562 0.000000 -158.239380
v -9.499562 0.000000 -128.886124
v -9.285575 0.000000 -129.094833
v -9.563663 0.000000 -158.315765
v -9.563663 0.000000 -128.809723
v -9.207609 0.000000 -129.157013
v -9.207609 0.000000 -157.968491
v -9.623876 0.000000 -128.730240
v -9.623876 0.000000 -158.395264
v -9.126640 0.000000 -129.215225
v -9.126640 0.000000 -157.910278
v -9.680052 0.000000 -158.477661
v -9.680052 0.000000 -128.647842
v -9.042871 0.000000 -129.269333
v -9.042871 0.000000 -157.856171
v -9.732051 0.000000 -128.562744
v -9.732051 0.000000 -158.562744
v -8.956508 0.000000 -129.319199
v -8.956508 0.000000 -157.806305
v -9.779743 0.000000 -158.650330
v -9.779743 0.000000 -128.475174
v -8.867767 0.000000 -129.364685
v -8.867767 0.000000 -157.760818
v -8.776870 0.000000 -157.719803
v -9.823011 0.000000 -128.385330
v -9.823011 0.000000 -158.740173
v -8.776870 0.000000 -129.405701
v -9.861748 0.000000 -128.293427
v -8.684040 0.000000 -129.442139
v -8.684040 0.000000 -157.683365
v -9.895855 0.000000 -128.199722
v -8.589510 0.000000 -129.473892
v -8.589510 0.000000 -157.651611
v -9.925248 0.000000 -128.104431
v -8.493515 0.000000 -129.500900
v -8.493515 0.000000 -157.624588
v -8.396293 0.000000 -129.523102
v -8.396293 0.000000 -157.602402
v -8.298084 0.000000 -157.585083
v -8.298084 0.000000 -129.540405
v -8.199136 0.000000 -129.552811
v -8.199136 0.000000 -157.572693
v -8.099691 0.000000 -157.565231
v -8.099691 0.000000 -129.560257
v -8.000000 0.000000 -157.562744
v -8.000000 0.000000 -129.562744
v -7.900308 0.000000 -129.560257
v -7.900308 0.000000 -157.565231
v -7.800864 0.000000 -129.552811
v -7.800864 0.000000 -157.572693
v -7.701915 0.000000 -129.540405
v -7.701915 0.000000 -157.585083
v -7.603708 0.000000 -157.602402
v -7.603708 0.000000 -129.523102
v -7.506485 0.000000 -157.624588
v -7.506485 0.000000 -129.500900
v -7.410490 0.000000 -157.651611
v -7.410490 0.000000 -129.473892
v -7.315960 0.000000 -157.683365
v -7.315960 0.000000 -129.442139
v -7.223130 0.000000 -157.719803
v -7.223130 0.000000 -129.405701
v -7.132233 0.000000 -129.364685
v -9.984478 0.000000 -127.811440
v -16.250000 0.000000 -114.312752
v -9.994408 0.000000 -127.712212
v -9.969616 0.000000 -127.910049
v -9.949856 0.000000 -128.007797
v -7.223130 0.000000 -125.719795
v -7.132233 0.000000 -125.760811
v -7.315960 0.000000 -125.683365
v -7.410490 0.000000 -125.651604
v -7.506485 0.000000 -125.624596
v -7.603708 0.000000 -125.602402
v -7.701915 0.000000 -125.585091
v -7.800864 0.000000 -125.572685
v -7.900308 0.000000 -125.565239
v -8.000000 0.000000 -125.562752
v -8.099691 0.000000 -125.565239
v -8.199136 0.000000 -125.572685
v -8.298084 0.000000 -125.585091
v -8.396293 0.000000 -125.602402
v -8.493515 0.000000 -125.624596
v -8.589510 0.000000 -125.651604
v -8.684040 0.000000 -125.683365
v -8.776870 0.000000 -125.719795
v -8.867767 0.000000 -125.760811
v -8.956508 0.000000 -125.806305
v -9.042871 0.000000 -125.856171
v -9.126640 0.000000 -125.910271
v -9.207609 0.000000 -125.968483
v -9.285575 0.000000 -126.030663
v -9.360346 0.000000 -126.096649
v -9.431734 0.000000 -126.166275
v -9.499562 0.000000 -126.239380
v -9.563663 0.000000 -126.315773
v -9.623876 0.000000 -126.395264
v -9.680052 0.000000 -126.477661
v -9.732051 0.000000 -126.562752
v -9.779743 0.000000 -126.650330
v -9.823011 0.000000 -126.740173
v -9.861748 0.000000 -126.832069
v -9.895855 0.000000 -126.925774
v -9.925248 0.000000 -127.021072
v -9.949856 0.000000 -127.117706
v -9.969616 0.000000 -127.215454
v -9.984478 0.000000 -127.314064
v -9.994408 0.000000 -127.413292
v -9.999378 0.000000 -127.512886
v -9.999378 0.000000 -127.612610
v -6.568266 0.000000 -128.959229
v 6.568266 0.000000 -128.959229
v -6.639655 0.000000 -129.028854
v -6.500438 0.000000 -128.886124
v 6.639655 0.000000 -129.028854
v 6.500438 0.000000 -128.886124
v -6.714425 0.000000 -129.094833
v 6.714425 0.000000 -129.094833
v -6.792391 0.000000 -129.157013
v 6.436337 0.000000 -128.809723
v -6.436337 0.000000 -128.809723
v 6.792391 0.000000 -129.157013
v -6.376124 0.000000 -128.730240
v 6.376124 0.000000 -128.730240
v 6.873360 0.000000 -129.215225
v -6.873360 0.000000 -129.215225
v -6.319948 0.000000 -128.647842
v 6.319948 0.000000 -128.647842
v -6.267949 0.000000 -128.562744
v -6.957129 0.000000 -129.269333
v 6.957129 0.000000 -129.269333
v -7.043492 0.000000 -129.319199
v 6.267949 0.000000 -128.562744
v 7.043492 0.000000 -129.319199
v -6.220256 0.000000 -128.475174
v 6.220256 0.000000 -128.475174
v 7.132233 0.000000 -129.364685
v -6.176988 0.000000 -128.385330
v 6.176988 0.000000 -128.385330
v -6.138253 0.000000 -128.293427
v 7.223130 0.000000 -129.405701
v 7.223130 0.000000 -157.719803
v 6.138253 0.000000 -128.293427
v 7.315960 0.000000 -129.442139
v 7.315960 0.000000 -157.683365
v 7.410490 0.000000 -157.651611
v -6.104146 0.000000 -128.199722
v 6.104146 0.000000 -128.199722
v 7.410490 0.000000 -129.473892
v -6.074751 0.000000 -128.104431
v 6.074751 0.000000 -128.104431
v -6.050144 0.000000 -128.007797
v 7.506485 0.000000 -129.500900
v 7.506485 0.000000 -157.624588
v -6.030385 0.000000 -127.910049
v 6.050144 0.000000 -128.007797
v 7.603708 0.000000 -129.523102
v 7.603708 0.000000 -157.602402
v -6.015522 0.000000 -127.811440
v 6.030385 0.000000 -127.910049
v 7.701915 0.000000 -129.540405
v 7.701915 0.000000 -157.585083
v 6.015522 0.000000 -127.811440
v -6.005592 0.000000 -127.712212
v 7.800864 0.000000 -129.552811
v 7.800864 0.000000 -157.572693
v 6.005592 0.000000 -127.712212
v 7.900308 0.000000 -129.560257
v 7.900308 0.000000 -157.565231
v 8.000000 0.000000 -157.562744
v 6.000622 0.000000 -127.612610
v -6.000622 0.000000 -127.612610
v 8.000000 0.000000 -129.562744
v 6.000622 0.000000 -127.512886
v -6.000622 0.000000 -127.512886
v 8.099691 0.000000 -129.560257
v 8.099691 0.000000 -157.565231
v -6.005592 0.000000 -127.413292
v 6.005592 0.000000 -127.413292
v -6.015522 0.000000 -127.314064
v 8.199136 0.000000 -129.552811
v 8.199136 0.000000 -157.572693
v 6.015522 0.000000 -127.314064
v 8.298084 0.000000 -129.540405
v 8.298084 0.000000 -157.585083
v -6.030385 0.000000 -127.215454
v 6.030385 0.000000 -127.215454
v -6.050144 0.000000 -127.117706
v 8.396293 0.000000 -129.523102
v 8.396293 0.000000 -157.602402
v -6.074751 0.000000 -127.021072
v 6.050144 0.000000 -127.117706
v 8.493515 0.000000 -129.500900
v 8.493515 0.000000 -157.624588
v 6.074751 0.000000 -127.021072
v 8.589510 0.000000 -129.473892
v 8.589510 0.000000 -157.651611
v 8.684040 0.000000 -157.683365
v 6.104146 0.000000 -126.925774
v -6.104146 0.000000 -126.925774
v -6.138253 0.000000 -126.832069
v 8.684040 0.000000 -129.442139
v 6.138253 0.000000 -126.832069
v 8.776870 0.000000 -129.405701
v 8.776870 0.000000 -157.719803
v -6.176988 0.000000 -126.740173
v 6.176988 0.000000 -126.740173
v 8.867767 0.000000 -129.364685
v 8.867767 0.000000 -157.760818
v 6.220256 0.000000 -126.650330
v -6.220256 0.000000 -126.650330
v -6.267949 0.000000 -126.562752
v 8.956508 0.000000 -129.319199
v 8.956508 0.000000 -157.806305
v 6.267949 0.000000 -126.562752
v 9.042871 0.000000 -129.269333
v 9.042871 0.000000 -157.856171
v -6.319948 0.000000 -126.477661
v 6.319948 0.000000 -126.477661
v 9.126640 0.000000 -129.215225
v 9.126640 0.000000 -157.910278
v 9.207609 0.000000 -157.968491
v -6.376124 0.000000 -126.395264
v 6.376124 0.000000 -126.395264
v -6.436337 0.000000 -126.315773
v 9.207609 0.000000 -129.157013
v 6.436337 0.000000 -126.315773
v 9.285575 0.000000 -129.094833
v 9.285575 0.000000 -158.030655
v 6.500438 0.000000 -126.239380
v -6.500438 0.000000 -126.239380
v 9.360346 0.000000 -158.096649
v 9.360346 0.000000 -129.028854
v 9.431734 0.000000 -158.166275
v -6.568266 0.000000 -126.166275
v 6.568266 0.000000 -126.166275
v -6.639655 0.000000 -126.096649
v 9.431734 0.000000 -128.959229
v 6.639655 0.000000 -126.096649
v 9.499562 0.000000 -128.886124
v 9.499562 0.000000 -158.239380
v -6.714425 0.000000 -126.030663
v 6.714425 0.000000 -126.030663
v 9.563663 0.000000 -128.809723
v 9.563663 0.000000 -158.315765
v -6.792391 0.000000 -125.968483
v 6.792391 0.000000 -125.968483
v 9.623876 0.000000 -128.730240
v 9.623876 0.000000 -158.395264
v -6.873360 0.000000 -125.910271
v 6.873360 0.000000 -125.910271
v 9.680052 0.000000 -128.647842
v 9.680052 0.000000 -158.477661
v -6.957129 0.000000 -125.856171
v 6.957129 0.000000 -125.856171
v 9.732051 0.000000 -128.562744
v 9.732051 0.000000 -158.562744
v -7.043492 0.000000 -125.806305
v 7.043492 0.000000 -125.806305
v 9.779743 0.000000 -128.475174
v 9.779743 0.000000 -158.650330
v 7.132233 0.000000 -125.760811
v 9.823011 0.000000 -128.385330
v 9.823011 0.000000 -158.740173
v 9.861748 0.000000 -128.293427
v 9.895855 0.000000 -128.199722
v 9.925248 0.000000 -128.104431
v 9.949856 0.000000 -128.007797
v 16.250000 0.000000 -114.312752
v 9.969616 0.000000 -127.910049
v 9.984478 0.000000 -127.811440
v 9.994408 0.000000 -127.712212
v 9.999378 0.000000 -127.612610
v 9.999378 0.000000 -127.512886
v 9.994408 0.000000 -127.413292
v 9.984478 0.000000 -127.314064
v 9.969616 0.000000 -127.215454
v 9.949856 0.000000 -127.117706
v 9.925248 0.000000 -127.021072
v 9.895855 0.000000 -126.925774
v 9.861748 0.000000 -126.832069
v 9.823011 0.000000 -126.740173
v 9.779743 0.000000 -126.650330
v 9.732051 0.000000 -126.562752
v 9.680052 0.000000 -126.477661
v 9.623876 0.000000 -126.395264
v 9.563663 0.000000 -126.315773
v 9.499562 0.000000 -126.239380
v 9.431734 0.000000 -126.166275
v 9.360346 0.000000 -126.096649
v 9.285575 0.000000 -126.030663
v 9.207609 0.000000 -125.968483
v 9.126640 0.000000 -125.910271
v 9.042871 0.000000 -125.856171
v 8.956508 0.000000 -125.806305
v 8.867767 0.000000 -125.760811
v 8.776870 0.000000 -125.719795
v 8.684040 0.000000 -125.683365
v 8.589510 0.000000 -125.651604
v 8.493515 0.000000 -125.624596
v 8.396293 0.000000 -125.602402
v 8.298084 0.000000 -125.585091
v 8.199136 0.000000 -125.572685
v 8.099691 0.000000 -125.565239
v 8.000000 0.000000 -125.562752
v 7.900308 0.000000 -125.565239
v 7.800864 0.000000 -125.572685
v 7.701915 0.000000 -125.585091
v 7.603708 0.000000 -125.602402
v 7.506485 0.000000 -125.624596
v 7.410490 0.000000 -125.651604
v 7.315960 0.000000 -125.683365
v 7.223130 0.000000 -125.719795
v 18.750000 3.494845 -170.312744
v 18.750000 -8.000000 -170.312744
v 16.250000 3.494845 -170.312744
v -18.750000 -8.000000 -170.312744
v -18.750000 3.494845 -170.312744
v -16.250000 3.494845 -170.312744
v 18.750000 17.160254 -119.312752
v 18.750000 -8.000000 -119.312752
v -18.750000 17.160254 -119.312752
v -18.750000 -8.000000 -119.312752
v 16.250000 18.500000 -114.312752
v 20.417379 18.159012 -115.585335
v 20.250946 18.117273 -115.741112
v 20.091787 18.073544 -115.904305
v 20.590740 18.198677 -115.437302
v 19.940231 18.027916 -116.074593
v 20.770668 18.236181 -115.297333
v 19.796595 17.980484 -116.251610
v 20.956787 18.271450 -115.165710
v 19.661177 17.931349 -116.434990
v 21.148714 18.304409 -115.042702
v 19.534258 17.880610 -116.624344
v 21.346046 18.334991 -114.928574
v 19.416101 17.828373 -116.819298
v 21.548376 18.363131 -114.823555
v 19.306953 17.774748 -117.019424
v 21.755283 18.388769 -114.727875
v 19.207041 17.719845 -117.224327
v 21.966337 18.411854 -114.641716
v 19.116571 17.663780 -117.433563
v 22.181097 18.432337 -114.565269
v 19.035732 17.606668 -117.646713
v 22.399118 18.450176 -114.498695
v 18.964695 17.548628 -117.863319
v 22.619947 18.465334 -114.442123
v 18.903603 17.489780 -118.082939
v 22.843126 18.477779 -114.395683
v 18.852585 17.430248 -118.305122
v 23.068192 18.487486 -114.359451
v 18.811747 17.370153 -118.529388
v 23.294672 18.494432 -114.333527
v 18.781174 17.309624 -118.755295
v 18.760929 17.248783 -118.982353
v 18.752733 17.204542 -119.147461
v 23.750000 18.500000 -114.312752
v 23.522099 18.498608 -114.317947
v -16.250000 18.500000 -114.312752
v -23.068192 18.487486 -114.359451
v -23.294672 18.494432 -114.333527
v -22.843126 18.477779 -114.395683
v -22.619947 18.465334 -114.442123
v -22.399118 18.450176 -114.498695
v -22.181097 18.432337 -114.565269
v -21.966337 18.411854 -114.641716
v -21.755283 18.388769 -114.727875
v -21.548376 18.363131 -114.823555
v -21.346046 18.334991 -114.928574
v -21.148714 18.304409 -115.042702
v -20.956787 18.271450 -115.165710
v -20.770668 18.236181 -115.297333
v -20.590740 18.198677 -115.437302
v -20.417379 18.159012 -115.585335
v -20.250946 18.117273 -115.741112
v -20.091787 18.073544 -115.904305
v -19.940231 18.027916 -116.074593
v -19.796595 17.980484 -116.251610
v -19.661177 17.931349 -116.434990
v -19.534258 17.880610 -116.624344
v -19.416101 17.828373 -116.819298
v -19.306953 17.774748 -117.019424
v -19.207041 17.719845 -117.224327
v -19.116571 17.663780 -117.433563
v -19.035732 17.606668 -117.646713
v -18.964695 17.548628 -117.863319
v -18.903603 17.489780 -118.082939
v -18.852585 17.430248 -118.305122
v -18.811747 17.370153 -118.529388
v -18.781174 17.309624 -118.755295
v -18.760929 17.248783 -118.982353
v -18.752733 17.204542 -119.147461
v -23.750000 18.500000 -114.312752
v -23.522099 18.498608 -114.317947
v -24.750000 18.500000 -114.312752
v -23.750000 -13.000000 -114.312752
v -24.750000 -20.500000 -114.312752
v 23.750000 -13.000000 -114.312752
v 24.750000 -20.500000 -114.312752
v 24.750000 18.500000 -114.312752
v -24.750000 18.500000 -90.812752
v -24.750000 -20.500000 -90.812752
v 24.750000 -20.500000 -90.812752
v 24.750000 18.500000 -90.812752
v -9.734441 -20.500000 -100.693466
v -9.825460 -20.500000 -100.782249
v -9.911942 -20.500000 -100.875450
v -9.639109 -20.500000 -100.609337
v -9.993670 -20.500000 -100.972855
v -9.539701 -20.500000 -100.530060
v -10.070442 -20.500000 -101.074203
v -9.436466 -20.500000 -100.455841
v -10.142066 -20.500000 -101.179260
v -9.329659 -20.500000 -100.386856
v -10.208364 -20.500000 -101.287750
v -9.219547 -20.500000 -100.323288
v -10.269173 -20.500000 -101.399414
v -9.106403 -20.500000 -100.265282
v -10.324340 -20.500000 -101.513969
v -8.990509 -20.500000 -100.212982
v -10.373728 -20.500000 -101.631134
v -8.872151 -20.500000 -100.166534
v -10.417214 -20.500000 -101.750610
v -8.751626 -20.500000 -100.126038
v -10.454692 -20.500000 -101.872108
v -8.629231 -20.500000 -100.091606
v -10.486066 -20.500000 -101.995323
v -8.505273 -20.500000 -100.063309
v -10.511260 -20.500000 -102.119949
v -8.380057 -20.500000 -100.041229
v -10.530210 -20.500000 -102.245674
v -8.253898 -20.500000 -100.025421
v -10.542870 -20.500000 -102.372185
v -8.127107 -20.500000 -100.015923
v -10.549208 -20.500000 -102.499176
v -8.000000 -20.500000 -100.012749
v -10.549208 -20.500000 -102.626320
v -7.872893 -20.500000 -100.015923
v -10.542870 -20.500000 -102.753311
v -7.746102 -20.500000 -100.025421
v -10.530210 -20.500000 -102.879829
v -7.619942 -20.500000 -100.041229
v -10.511260 -20.500000 -103.005554
v -7.494727 -20.500000 -100.063309
v -10.486066 -20.500000 -103.130180
v -10.454692 -20.500000 -103.253395
v -10.417214 -20.500000 -103.374893
v -10.373728 -20.500000 -103.494370
v -10.324340 -20.500000 -103.611534
v -10.269173 -20.500000 -103.726089
v -10.208364 -20.500000 -103.837753
v -10.142066 -20.500000 -103.946243
v -10.070442 -20.500000 -104.051300
v -9.993670 -20.500000 -104.152649
v -9.911942 -20.500000 -104.250046
v -9.825460 -20.500000 -104.343254
v -9.734441 -20.500000 -104.432030
v -9.639109 -20.500000 -104.516167
v -9.539701 -20.500000 -104.595436
v -9.436466 -20.500000 -104.669662
v -9.329659 -20.500000 -104.738640
v -9.219547 -20.500000 -104.802216
v -9.106403 -20.500000 -104.860222
v -8.990509 -20.500000 -104.912514
v -8.872151 -20.500000 -104.958969
v -8.751626 -20.500000 -104.999458
v -8.629231 -20.500000 -105.033897
v -8.505273 -20.500000 -105.062187
v -8.380057 -20.500000 -105.084267
v -8.253898 -20.500000 -105.100082
v -8.127107 -20.500000 -105.109581
v -8.000000 -20.500000 -105.112747
v -7.872893 -20.500000 -105.109581
v -7.746102 -20.500000 -105.100082
v -7.619942 -20.500000 -105.084267
v -7.494727 -20.500000 -105.062187
v 6.174540 -20.500000 -100.782249
v -6.265560 -20.500000 -100.693466
v -6.174540 -20.500000 -100.782249
v 6.265560 -20.500000 -100.693466
v 6.088058 -20.500000 -100.875450
v -6.088058 -20.500000 -100.875450
v 6.360892 -20.500000 -100.609337
v -6.360892 -20.500000 -100.609337
v 6.006330 -20.500000 -100.972855
v -6.006330 -20.500000 -100.972855
v 6.460299 -20.500000 -100.530060
v -6.563534 -20.500000 -100.455841
v -6.460299 -20.500000 -100.530060
v 5.929558 -20.500000 -101.074203
v -5.929558 -20.500000 -101.074203
v 6.563534 -20.500000 -100.455841
v 5.857934 -20.500000 -101.179260
v -5.857934 -20.500000 -101.179260
v 6.670340 -20.500000 -100.386856
v -6.780452 -20.500000 -100.323288
v -6.670340 -20.500000 -100.386856
v 5.791635 -20.500000 -101.287750
v -5.791635 -20.500000 -101.287750
v 6.780452 -20.500000 -100.323288
v 5.730827 -20.500000 -101.399414
v -5.730827 -20.500000 -101.399414
v 6.893597 -20.500000 -100.265282
v -6.893597 -20.500000 -100.265282
v 5.675660 -20.500000 -101.513969
v -5.675660 -20.500000 -101.513969
v 7.009491 -20.500000 -100.212982
v -7.009491 -20.500000 -100.212982
v 5.626272 -20.500000 -101.631134
v -5.626272 -20.500000 -101.631134
v 7.127849 -20.500000 -100.166534
v -7.127849 -20.500000 -100.166534
v 5.582785 -20.500000 -101.750610
v -5.582785 -20.500000 -101.750610
v 7.248374 -20.500000 -100.126038
v -7.248374 -20.500000 -100.126038
v 5.545308 -20.500000 -101.872108
v -5.545308 -20.500000 -101.872108
v 7.370769 -20.500000 -100.091606
v -7.370769 -20.500000 -100.091606
v 5.513934 -20.500000 -101.995323
v -5.513934 -20.500000 -101.995323
v 7.494727 -20.500000 -100.063309
v 5.488740 -20.500000 -102.119949
v -5.488740 -20.500000 -102.119949
v 5.469790 -20.500000 -102.245674
v -5.469790 -20.500000 -102.245674
v 5.457130 -20.500000 -102.372185
v -5.457130 -20.500000 -102.372185
v 5.450793 -20.500000 -102.499176
v -5.450793 -20.500000 -102.499176
v -5.450793 -20.500000 -102.626320
v 5.450793 -20.500000 -102.626320
v 5.457130 -20.500000 -102.753311
v -5.457130 -20.500000 -102.753311
v 5.469790 -20.500000 -102.879829
v -5.469790 -20.500000 -102.879829
v 5.488740 -20.500000 -103.005554
v -5.488740 -20.500000 -103.005554
v 5.513934 -20.500000 -103.130180
v -5.513934 -20.500000 -103.130180
v -5.545308 -20.500000 -103.253395
v 5.545308 -20.500000 -103.253395
v 5.582785 -20.500000 -103.374893
v -5.582785 -20.500000 -103.374893
v 5.626272 -20.500000 -103.494370
v -5.626272 -20.500000 -103.494370
v 5.675660 -20.500000 -103.611534
v -5.675660 -20.500000 -103.611534
v -5.730827 -20.500000 -103.726089
v 5.730827 -20.500000 -103.726089
v -5.791635 -20.500000 -103.837753
v 5.791635 -20.500000 -103.837753
v 5.857934 -20.500000 -103.946243
v -5.857934 -20.500000 -103.946243
v -5.929558 -20.500000 -104.051300
v 5.929558 -20.500000 -104.051300
v 6.006330 -20.500000 -104.152649
v -6.006330 -20.500000 -104.152649
v 6.088058 -20.500000 -104.250046
v -6.088058 -20.500000 -104.250046
v 6.174540 -20.500000 -104.343254
v -6.174540 -20.500000 -104.343254
v -6.265560 -20.500000 -104.432030
v 6.265560 -20.500000 -104.432030
v 6.360892 -20.500000 -104.516167
v -6.360892 -20.500000 -104.516167
v 6.460299 -20.500000 -104.595436
v -6.460299 -20.500000 -104.595436
v 6.563534 -20.500000 -104.669662
v -6.563534 -20.500000 -104.669662
v 6.670340 -20.500000 -104.738640
v -6.670340 -20.500000 -104.738640
v -6.780452 -20.500000 -104.802216
v 6.780452 -20.500000 -104.802216
v 6.893597 -20.500000 -104.860222
v -6.893597 -20.500000 -104.860222
v 7.009491 -20.500000 -104.912514
v -7.009491 -20.500000 -104.912514
v 7.127849 -20.500000 -104.958969
v -7.127849 -20.500000 -104.958969
v 7.248374 -20.500000 -104.999458
v -7.248374 -20.500000 -104.999458
v 7.370769 -20.500000 -105.033897
v -7.370769 -20.500000 -105.033897
v 7.494727 -20.500000 -105.062187
v 8.000000 -20.500000 -100.012749
v 8.127107 -20.500000 -100.015923
v 8.253898 -20.500000 -100.025421
v 8.380057 -20.500000 -100.041229
v 8.505273 -20.500000 -100.063309
v 8.629231 -20.500000 -100.091606
v 8.751626 -20.500000 -100.126038
v 8.872151 -20.500000 -100.166534
v 8.990509 -20.500000 -100.212982
v 9.106403 -20.500000 -100.265282
v 9.219547 -20.500000 -100.323288
v 9.329659 -20.500000 -100.386856
v 9.436466 -20.500000 -100.455841
v 9.539701 -20.500000 -100.530060
v 9.639109 -20.500000 -100.609337
v 9.734441 -20.500000 -100.693466
v 9.825460 -20.500000 -100.782249
v 9.911942 -20.500000 -100.875450
v 9.993670 -20.500000 -100.972855
v 10.070442 -20.500000 -101.074203
v 10.142066 -20.500000 -101.179260
v 10.208364 -20.500000 -101.287750
v 7.619942 -20.500000 -100.041229
v 10.269173 -20.500000 -101.399414
v 7.746102 -20.500000 -100.025421
v 10.324340 -20.500000 -101.513969
v 7.872893 -20.500000 -100.015923
v 10.373728 -20.500000 -101.631134
v 10.417214 -20.500000 -101.750610
v 10.454692 -20.500000 -101.872108
v 10.486066 -20.500000 -101.995323
v 10.511260 -20.500000 -102.119949
v 10.530210 -20.500000 -102.245674
v 10.542870 -20.500000 -102.372185
v 10.549208 -20.500000 -102.499176
v 10.549208 -20.500000 -102.626320
v 10.542870 -20.500000 -102.753311
v 10.530210 -20.500000 -102.879829
v 10.511260 -20.500000 -103.005554
v 10.486066 -20.500000 -103.130180
v 10.454692 -20.500000 -103.253395
v 10.417214 -20.500000 -103.374893
v 10.373728 -20.500000 -103.494370
v 10.324340 -20.500000 -103.611534
v 10.269173 -20.500000 -103.726089
v 10.208364 -20.500000 -103.837753
v 10.142066 -20.500000 -103.946243
v 10.070442 -20.500000 -104.051300
v 9.993670 -20.500000 -104.152649
v 9.911942 -20.500000 -104.250046
v 9.825460 -20.500000 -104.343254
v 9.734441 -20.500000 -104.432030
v 9.639109 -20.500000 -104.516167
v 9.539701 -20.500000 -104.595436
v 9.436466 -20.500000 -104.669662
v 9.329659 -20.500000 -104.738640
v 9.219547 -20.500000 -104.802216
v 9.106403 -20.500000 -104.860222
v 8.990509 -20.500000 -104.912514
v 8.872151 -20.500000 -104.958969
v 8.751626 -20.500000 -104.999458
v 8.629231 -20.500000 -105.033897
v 8.505273 -20.500000 -105.062187
v 8.380057 -20.500000 -105.084267
v 8.253898 -20.500000 -105.100082
v 8.127107 -20.500000 -105.109581
v 8.000000 -20.500000 -105.112747
v 7.872893 -20.500000 -105.109581
v 7.746102 -20.500000 -105.100082
v 7.619942 -20.500000 -105.084267
v -9.734441 18.500000 -100.693466
v -9.825460 18.500000 -100.782249
v -9.911942 18.500000 -100.875450
v -9.639109 18.500000 -100.609337
v -9.993670 18.500000 -100.972855
v -9.539701 18.500000 -100.530060
v -10.070442 18.500000 -101.074203
v -9.436466 18.500000 -100.455841
v -10.142066 18.500000 -101.179260
v -9.329659 18.500000 -100.386856
v -10.208364 18.500000 -101.287750
v -9.219547 18.500000 -100.323288
v -10.269173 18.500000 -101.399414
v -9.106403 18.500000 -100.265282
v -10.324340 18.500000 -101.513969
v -8.990509 18.500000 -100.212982
v -10.373728 18.500000 -101.631134
v -8.872151 18.500000 -100.166534
v -10.417214 18.500000 -101.750610
v -8.751626 18.500000 -100.126038
v -10.454692 18.500000 -101.872108
v -8.629231 18.500000 -100.091606
v -10.486066 18.500000 -101.995323
v -8.505273 18.500000 -100.063309
v -10.511260 18.500000 -102.119949
v -8.380057 18.500000 -100.041229
v -10.530210 18.500000 -102.245674
v -8.253898 18.500000 -100.025421
v -10.542870 18.500000 -102.372185
v -8.127107 18.500000 -100.015923
v -10.549208 18.500000 -102.499176
v -8.000000 18.500000 -100.012749
v -10.549208 18.500000 -102.626320
v -7.872893 18.500000 -100.015923
v -10.542870 18.500000 -102.753311
v -7.746102 18.500000 -100.025421
v -10.530210 18.500000 -102.879829
v -7.619942 18.500000 -100.041229
v -10.511260 18.500000 -103.005554
v -7.494727 18.500000 -100.063309
v -10.486066 18.500000 -103.130180
v -10.454692 18.500000 -103.253395
v -10.417214 18.500000 -103.374893
v -10.373728 18.500000 -103.494370
v -7.872893 18.500000 -105.109581
v -8.000000 18.500000 -105.112747
v -10.324340 18.500000 -103.611534
v -7.746102 18.500000 -105.100082
v -10.269173 18.500000 -103.726089
v -7.619942 18.500000 -105.084267
v -10.208364 18.500000 -103.837753
v -7.494727 18.500000 -105.062187
v -10.142066 18.500000 -103.946243
v -7.370769 18.500000 -105.033897
v -10.070442 18.500000 -104.051300
v -7.248374 18.500000 -104.999458
v -9.993670 18.500000 -104.152649
v -7.127849 18.500000 -104.958969
v -9.911942 18.500000 -104.250046
v -7.009491 18.500000 -104.912514
v -9.825460 18.500000 -104.343254
v -9.734441 18.500000 -104.432030
v -9.639109 18.500000 -104.516167
v -9.539701 18.500000 -104.595436
v -9.436466 18.500000 -104.669662
v -9.329659 18.500000 -104.738640
v -9.219547 18.500000 -104.802216
v -9.106403 18.500000 -104.860222
v -8.990509 18.500000 -104.912514
v -8.872151 18.500000 -104.958969
v -8.751626 18.500000 -104.999458
v -8.629231 18.500000 -105.033897
v -8.505273 18.500000 -105.062187
v -8.380057 18.500000 -105.084267
v -8.253898 18.500000 -105.100082
v -8.127107 18.500000 -105.109581
v -6.174540 18.500000 -100.782249
v 6.265560 18.500000 -100.693466
v 6.174540 18.500000 -100.782249
v -6.265560 18.500000 -100.693466
v 6.088058 18.500000 -100.875450
v -6.088058 18.500000 -100.875450
v 6.360892 18.500000 -100.609337
v -6.360892 18.500000 -100.609337
v -6.460299 18.500000 -100.530060
v 6.006330 18.500000 -100.972855
v -6.006330 18.500000 -100.972855
v 6.460299 18.500000 -100.530060
v 5.929558 18.500000 -101.074203
v -5.929558 18.500000 -101.074203
v 6.563534 18.500000 -100.455841
v -6.563534 18.500000 -100.455841
v 5.857934 18.500000 -101.179260
v -5.857934 18.500000 -101.179260
v 6.670340 18.500000 -100.386856
v -6.670340 18.500000 -100.386856
v 5.791635 18.500000 -101.287750
v -5.791635 18.500000 -101.287750
v -5.730827 18.500000 -101.399414
v 6.780452 18.500000 -100.323288
v -6.780452 18.500000 -100.323288
v 5.730827 18.500000 -101.399414
v 6.893597 18.500000 -100.265282
v -6.893597 18.500000 -100.265282
v -7.009491 18.500000 -100.212982
v 5.675660 18.500000 -101.513969
v -5.675660 18.500000 -101.513969
v 7.009491 18.500000 -100.212982
v 5.626272 18.500000 -101.631134
v -5.626272 18.500000 -101.631134
v 7.127849 18.500000 -100.166534
v -7.127849 18.500000 -100.166534
v -7.248374 18.500000 -100.126038
v 5.582785 18.500000 -101.750610
v -5.582785 18.500000 -101.750610
v 7.248374 18.500000 -100.126038
v 5.545308 18.500000 -101.872108
v -5.545308 18.500000 -101.872108
v 7.370769 18.500000 -100.091606
v -7.370769 18.500000 -100.091606
v 5.513934 18.500000 -101.995323
v -5.513934 18.500000 -101.995323
v -5.488740 18.500000 -102.119949
v 7.494727 18.500000 -100.063309
v 5.488740 18.500000 -102.119949
v -5.469790 18.500000 -102.245674
v 5.469790 18.500000 -102.245674
v -5.457130 18.500000 -102.372185
v 5.457130 18.500000 -102.372185
v -5.450793 18.500000 -102.499176
v 5.450793 18.500000 -102.499176
v -5.450793 18.500000 -102.626320
v 5.450793 18.500000 -102.626320
v -5.457130 18.500000 -102.753311
v 5.457130 18.500000 -102.753311
v 5.469790 18.500000 -102.879829
v -5.469790 18.500000 -102.879829
v 5.488740 18.500000 -103.005554
v -5.488740 18.500000 -103.005554
v 5.513934 18.500000 -103.130180
v -5.513934 18.500000 -103.130180
v 5.545308 18.500000 -103.253395
v -5.545308 18.500000 -103.253395
v 5.582785 18.500000 -103.374893
v -5.582785 18.500000 -103.374893
v 5.626272 18.500000 -103.494370
v -5.626272 18.500000 -103.494370
v 5.675660 18.500000 -103.611534
v -5.675660 18.500000 -103.611534
v -5.730827 18.500000 -103.726089
v 5.730827 18.500000 -103.726089
v 5.791635 18.500000 -103.837753
v -5.791635 18.500000 -103.837753
v 5.857934 18.500000 -103.946243
v -5.857934 18.500000 -103.946243
v 5.929558 18.500000 -104.051300
v -5.929558 18.500000 -104.051300
v 6.006330 18.500000 -104.152649
v -6.006330 18.500000 -104.152649
v 6.088058 18.500000 -104.250046
v -6.088058 18.500000 -104.250046
v -6.174540 18.500000 -104.343254
v 6.174540 18.500000 -104.343254
v -6.265560 18.500000 -104.432030
v 6.265560 18.500000 -104.432030
v 6.360892 18.500000 -104.516167
v -6.360892 18.500000 -104.516167
v 6.460299 18.500000 -104.595436
v -6.460299 18.500000 -104.595436
v -6.563534 18.500000 -104.669662
v 6.563534 18.500000 -104.669662
v -6.670340 18.500000 -104.738640
v 6.670340 18.500000 -104.738640
v -6.780452 18.500000 -104.802216
v 6.780452 18.500000 -104.802216
v -6.893597 18.500000 -104.860222
v 6.893597 18.500000 -104.860222
v 7.009491 18.500000 -104.912514
v 10.542870 18.500000 -102.372185
v 10.549208 18.500000 -102.499176
v 10.530210 18.500000 -102.245674
v 10.511260 18.500000 -102.119949
v 10.486066 18.500000 -101.995323
v 10.454692 18.500000 -101.872108
v 10.417214 18.500000 -101.750610
v 10.373728 18.500000 -101.631134
v 10.324340 18.500000 -101.513969
v 10.269173 18.500000 -101.399414
v 10.208364 18.500000 -101.287750
v 10.142066 18.500000 -101.179260
v 10.070442 18.500000 -101.074203
v 9.993670 18.500000 -100.972855
v 9.911942 18.500000 -100.875450
v 9.825460 18.500000 -100.782249
v 9.734441 18.500000 -100.693466
v 9.639109 18.500000 -100.609337
v 9.539701 18.500000 -100.530060
v 9.436466 18.500000 -100.455841
v 9.329659 18.500000 -100.386856
v 9.219547 18.500000 -100.323288
v 9.106403 18.500000 -100.265282
v 8.990509 18.500000 -100.212982
v 8.872151 18.500000 -100.166534
v 8.751626 18.500000 -100.126038
v 8.629231 18.500000 -100.091606
v 8.505273 18.500000 -100.063309
v 8.380057 18.500000 -100.041229
v 8.253898 18.500000 -100.025421
v 8.127107 18.500000 -100.015923
v 8.000000 18.500000 -100.012749
v 7.872893 18.500000 -100.015923
v 7.746102 18.500000 -100.025421
v 7.619942 18.500000 -100.041229
v 8.127107 18.500000 -105.109581
v 8.000000 18.500000 -105.112747
v 8.253898 18.500000 -105.100082
v 8.380057 18.500000 -105.084267
v 8.505273 18.500000 -105.062187
v 8.629231 18.500000 -105.033897
v 8.751626 18.500000 -104.999458
v 8.872151 18.500000 -104.958969
v 8.990509 18.500000 -104.912514
v 9.106403 18.500000 -104.860222
v 9.219547 18.500000 -104.802216
v 9.329659 18.500000 -104.738640
v 9.436466 18.500000 -104.669662
v 9.539701 18.500000 -104.595436
v 9.639109 18.500000 -104.516167
v 9.734441 18.500000 -104.432030
v 9.825460 18.500000 -104.343254
v 9.911942 18.500000 -104.250046
v 7.127849 18.500000 -104.958969
v 9.993670 18.500000 -104.152649
v 7.248374 18.500000 -104.999458
v 10.070442 18.500000 -104.051300
v 7.370769 18.500000 -105.033897
v 10.142066 18.500000 -103.946243
v 7.494727 18.500000 -105.062187
v 10.208364 18.500000 -103.837753
v 7.619942 18.500000 -105.084267
v 10.269173 18.500000 -103.726089
v 7.746102 18.500000 -105.100082
v 10.324340 18.500000 -103.611534
v 7.872893 18.500000 -105.109581
v 10.373728 18.500000 -103.494370
v 10.417214 18.500000 -103.374893
v 10.454692 18.500000 -103.253395
v 10.486066 18.500000 -103.130180
v 10.511260 18.500000 -103.005554
v 10.530210 18.500000 -102.879829
v 10.542870 18.500000 -102.753311
v 10.549208 18.500000 -102.626320
v -8.918233 16.000000 -101.573128
v -8.966420 16.000000 -101.620132
v -9.012204 16.000000 -101.669472
v -8.867764 16.000000 -101.528587
v -9.055472 16.000000 -101.721039
v -8.815136 16.000000 -101.486618
v -9.096116 16.000000 -101.774696
v -8.760482 16.000000 -101.447327
v -9.134035 16.000000 -101.830315
v -8.703938 16.000000 -101.410805
v -9.169134 16.000000 -101.887749
v -8.645643 16.000000 -101.377151
v -9.201327 16.000000 -101.946869
v -8.585743 16.000000 -101.346443
v -9.230533 16.000000 -102.007515
v -8.524387 16.000000 -101.318756
v -9.256680 16.000000 -102.069542
v -8.461727 16.000000 -101.294167
v -9.279702 16.000000 -102.132790
v -8.397920 16.000000 -101.272728
v -9.299542 16.000000 -102.197113
v -8.333122 16.000000 -101.254494
v -9.316153 16.000000 -102.262344
v -8.267497 16.000000 -101.239517
v -9.329491 16.000000 -102.328323
v -8.201207 16.000000 -101.227829
v -9.339523 16.000000 -102.394890
v -8.134417 16.000000 -101.219460
v -9.346225 16.000000 -102.461868
v -8.067292 16.000000 -101.214432
v -9.349581 16.000000 -102.529091
v -8.000000 16.000000 -101.212753
v -9.349581 16.000000 -102.596405
v -7.932708 16.000000 -101.214432
v -9.346225 16.000000 -102.663635
v -7.865583 16.000000 -101.219460
v -9.339523 16.000000 -102.730614
v -7.798793 16.000000 -101.227829
v -9.329491 16.000000 -102.797173
v -7.732503 16.000000 -101.239517
v -9.316153 16.000000 -102.863152
v -7.666878 16.000000 -101.254494
v -9.299542 16.000000 -102.928383
v -7.602080 16.000000 -101.272728
v -9.279702 16.000000 -102.992706
v -9.256680 16.000000 -103.055962
v -9.230533 16.000000 -103.117989
v -9.201327 16.000000 -103.178635
v -9.169134 16.000000 -103.237747
v -9.134035 16.000000 -103.295189
v -9.096116 16.000000 -103.350807
v -9.055472 16.000000 -103.404465
v -9.012204 16.000000 -103.456024
v -8.966420 16.000000 -103.505371
v -8.918233 16.000000 -103.552368
v -8.867764 16.000000 -103.596909
v -8.815136 16.000000 -103.638878
v -8.760482 16.000000 -103.678169
v -8.703938 16.000000 -103.714691
v -8.645643 16.000000 -103.748352
v -8.585743 16.000000 -103.779060
v -8.524387 16.000000 -103.806740
v -8.461727 16.000000 -103.831337
v -8.397920 16.000000 -103.852776
v -8.333122 16.000000 -103.871002
v -8.267497 16.000000 -103.885986
v -8.201207 16.000000 -103.897675
v -8.134417 16.000000 -103.906044
v -8.067292 16.000000 -103.911072
v -8.000000 16.000000 -103.912750
v -7.932708 16.000000 -103.911072
v -7.865583 16.000000 -103.906044
v -7.798793 16.000000 -103.897675
v -7.732503 16.000000 -103.885986
v 7.081767 16.000000 -101.573128
v -7.033580 16.000000 -101.620132
v 7.033580 16.000000 -101.620132
v -7.081767 16.000000 -101.573128
v -7.132237 16.000000 -101.528587
v 6.987795 16.000000 -101.669472
v -6.987795 16.000000 -101.669472
v 7.132237 16.000000 -101.528587
v 6.944528 16.000000 -101.721039
v -6.944528 16.000000 -101.721039
v 7.184864 16.000000 -101.486618
v -7.184864 16.000000 -101.486618
v 6.903883 16.000000 -101.774696
v -6.903883 16.000000 -101.774696
v 7.239518 16.000000 -101.447327
v -7.239518 16.000000 -101.447327
v 6.865965 16.000000 -101.830315
v -6.865965 16.000000 -101.830315
v -6.830866 16.000000 -101.887749
v 7.296062 16.000000 -101.410805
v -7.296062 16.000000 -101.410805
v 6.830866 16.000000 -101.887749
v 7.354357 16.000000 -101.377151
v -7.354357 16.000000 -101.377151
v -7.414257 16.000000 -101.346443
v 6.798673 16.000000 -101.946869
v -6.798673 16.000000 -101.946869
v -6.769467 16.000000 -102.007515
v 7.414257 16.000000 -101.346443
v -7.475613 16.000000 -101.318756
v 6.769467 16.000000 -102.007515
v 7.475613 16.000000 -101.318756
v -7.538273 16.000000 -101.294167
v 6.743320 16.000000 -102.069542
v -6.743320 16.000000 -102.069542
v -6.720298 16.000000 -102.132790
v 7.538273 16.000000 -101.294167
v 6.720298 16.000000 -102.132790
v 7.602080 16.000000 -101.272728
v 6.700457 16.000000 -102.197113
v -6.700457 16.000000 -102.197113
v 6.683847 16.000000 -102.262344
v -6.683847 16.000000 -102.262344
v -6.670509 16.000000 -102.328323
v 6.670509 16.000000 -102.328323
v 6.660477 16.000000 -102.394890
v -6.660477 16.000000 -102.394890
v -6.653775 16.000000 -102.461868
v 6.653775 16.000000 -102.461868
v 6.650420 16.000000 -102.529091
v -6.650420 16.000000 -102.529091
v -6.650420 16.000000 -102.596405
v 6.650420 16.000000 -102.596405
v 6.653775 16.000000 -102.663635
v -6.653775 16.000000 -102.663635
v -6.660477 16.000000 -102.730614
v 6.660477 16.000000 -102.730614
v 6.670509 16.000000 -102.797173
v -6.670509 16.000000 -102.797173
v 6.683847 16.000000 -102.863152
v -6.683847 16.000000 -102.863152
v -6.700457 16.000000 -102.928383
v 6.700457 16.000000 -102.928383
v 6.720298 16.000000 -102.992706
v -6.720298 16.000000 -102.992706
v -6.743320 16.000000 -103.055962
v 6.743320 16.000000 -103.055962
v -6.769467 16.000000 -103.117989
v 6.769467 16.000000 -103.117989
v 6.798673 16.000000 -103.178635
v -6.798673 16.000000 -103.178635
v -6.830866 16.000000 -103.237747
v 6.830866 16.000000 -103.237747
v 6.865965 16.000000 -103.295189
v -6.865965 16.000000 -103.295189
v -6.903883 16.000000 -103.350807
v 6.903883 16.000000 -103.350807
v -6.944528 16.000000 -103.404465
v 6.944528 16.000000 -103.404465
v 6.987795 16.000000 -103.456024
v -6.987795 16.000000 -103.456024
v 7.033580 16.000000 -103.505371
v -7.033580 16.000000 -103.505371
v 7.081767 16.000000 -103.552368
v -7.081767 16.000000 -103.552368
v -7.132237 16.000000 -103.596909
v 7.132237 16.000000 -103.596909
v -7.184864 16.000000 -103.638878
v 7.184864 16.000000 -103.638878
v 7.239518 16.000000 -103.678169
v -7.239518 16.000000 -103.678169
v -7.296062 16.000000 -103.714691
v 7.296062 16.000000 -103.714691
v 7.354357 16.000000 -103.748352
v -7.354357 16.000000 -103.748352
v 7.414257 16.000000 -103.779060
v -7.414257 16.000000 -103.779060
v 7.475613 16.000000 -103.806740
v -7.475613 16.000000 -103.806740
v 7.538273 16.000000 -103.831337
v -7.538273 16.000000 -103.831337
v 7.602080 16.000000 -103.852776
v -7.602080 16.000000 -103.852776
v 7.666878 16.000000 -103.871002
v -7.666878 16.000000 -103.871002
v 7.732503 16.000000 -103.885986
v 9.299542 16.000000 -102.197113
v 9.316153 16.000000 -102.262344
v 9.279702 16.000000 -102.132790
v 9.256680 16.000000 -102.069542
v 9.230533 16.000000 -102.007515
v 9.201327 16.000000 -101.946869
v 9.169134 16.000000 -101.887749
v 9.134035 16.000000 -101.830315
v 9.096116 16.000000 -101.774696
v 9.055472 16.000000 -101.721039
v 9.012204 16.000000 -101.669472
v 8.966420 16.000000 -101.620132
v 8.918233 16.000000 -101.573128
v 8.867764 16.000000 -101.528587
v 8.815136 16.000000 -101.486618
v 8.760482 16.000000 -101.447327
v 8.703938 16.000000 -101.410805
v 8.645643 16.000000 -101.377151
v 8.585743 16.000000 -101.346443
v 8.524387 16.000000 -101.318756
v 8.461727 16.000000 -101.294167
v 8.397920 16.000000 -101.272728
v 8.333122 16.000000 -101.254494
v 8.267497 16.000000 -101.239517
v 8.201207 16.000000 -101.227829
v 8.134417 16.000000 -101.219460
v 8.067292 16.000000 -101.214432
v 8.000000 16.000000 -101.212753
v 7.932708 16.000000 -101.214432
v 7.865583 16.000000 -101.219460
v 7.798793 16.000000 -101.227829
v 7.732503 16.000000 -101.239517
v 7.666878 16.000000 -101.254494
v 8.067292 16.000000 -103.911072
v 8.000000 16.000000 -103.912750
v 8.134417 16.000000 -103.906044
v 8.201207 16.000000 -103.897675
v 8.267497 16.000000 -103.885986
v 8.333122 16.000000 -103.871002
v 8.397920 16.000000 -103.852776
v 8.461727 16.000000 -103.831337
v 8.524387 16.000000 -103.806740
v 8.585743 16.000000 -103.779060
v 8.645643 16.000000 -103.748352
v 8.703938 16.000000 -103.714691
v 8.760482 16.000000 -103.678169
v 8.815136 16.000000 -103.638878
v 8.867764 16.000000 -103.596909
v 8.918233 16.000000 -103.552368
v 8.966420 16.000000 -103.505371
v 9.012204 16.000000 -103.456024
v 9.055472 16.000000 -103.404465
v 9.096116 16.000000 -103.350807
v 9.134035 16.000000 -103.295189
v 9.169134 16.000000 -103.237747
v 7.798793 16.000000 -103.897675
v 9.201327 16.000000 -103.178635
v 7.865583 16.000000 -103.906044
v 9.230533 16.000000 -103.117989
v 7.932708 16.000000 -103.911072
v 9.256680 16.000000 -103.055962
v 9.279702 16.000000 -102.992706
v 9.299542 16.000000 -102.928383
v 9.316153 16.000000 -102.863152
v 9.329491 16.000000 -102.797173
v 9.339523 16.000000 -102.730614
v 9.346225 16.000000 -102.663635
v 9.349581 16.000000 -102.596405
v 9.349581 16.000000 -102.529091
v 9.346225 16.000000 -102.461868
v 9.339523 16.000000 -102.394890
v 9.329491 16.000000 -102.328323
v -8.966420 -18.000000 -103.505371
v -8.918233 -18.000000 -103.552368
v -9.012204 -18.000000 -103.456024
v -8.867764 -18.000000 -103.596909
v -9.055472 -18.000000 -103.404465
v -8.815136 -18.000000 -103.638878
v -9.096116 -18.000000 -103.350807
v -8.760482 -18.000000 -103.678169
v -9.134035 -18.000000 -103.295189
v -8.703938 -18.000000 -103.714691
v -9.169134 -18.000000 -103.237747
v -8.645643 -18.000000 -103.748352
v -9.201327 -18.000000 -103.178635
v -8.585743 -18.000000 -103.779060
v -9.230533 -18.000000 -103.117989
v -8.524387 -18.000000 -103.806740
v -9.256680 -18.000000 -103.055962
v -8.461727 -18.000000 -103.831337
v -9.279702 -18.000000 -102.992706
v -8.397920 -18.000000 -103.852776
v -9.299542 -18.000000 -102.928383
v -8.333122 -18.000000 -103.871002
v -9.316153 -18.000000 -102.863152
v -8.267497 -18.000000 -103.885986
v -9.329491 -18.000000 -102.797173
v -8.201207 -18.000000 -103.897675
v -9.339523 -18.000000 -102.730614
v -8.134417 -18.000000 -103.906044
v -9.346225 -18.000000 -102.663635
v -8.067292 -18.000000 -103.911072
v -9.349581 -18.000000 -102.596405
v -8.000000 -18.000000 -103.912750
v -9.349581 -18.000000 -102.529091
v -7.932708 -18.000000 -103.911072
v -9.346225 -18.000000 -102.461868
v -7.865583 -18.000000 -103.906044
v -9.339523 -18.000000 -102.394890
v -7.798793 -18.000000 -103.897675
v -9.329491 -18.000000 -102.328323
v -7.732503 -18.000000 -103.885986
v -9.316153 -18.000000 -102.262344
v -9.299542 -18.000000 -102.197113
v -9.279702 -18.000000 -102.132790
v -9.256680 -18.000000 -102.069542
v -9.230533 -18.000000 -102.007515
v -9.201327 -18.000000 -101.946869
v -9.169134 -18.000000 -101.887749
v -9.134035 -18.000000 -101.830315
v -9.096116 -18.000000 -101.774696
v -9.055472 -18.000000 -101.721039
v -9.012204 -18.000000 -101.669472
v -8.966420 -18.000000 -101.620132
v -8.918233 -18.000000 -101.573128
v -8.867764 -18.000000 -101.528587
v -8.815136 -18.000000 -101.486618
v -8.760482 -18.000000 -101.447327
v -8.703938 -18.000000 -101.410805
v -8.645643 -18.000000 -101.377151
v -8.585743 -18.000000 -101.346443
v -8.524387 -18.000000 -101.318756
v -8.461727 -18.000000 -101.294167
v -8.397920 -18.000000 -101.272728
v -8.333122 -18.000000 -101.254494
v -8.267497 -18.000000 -101.239517
v -8.201207 -18.000000 -101.227829
v -8.134417 -18.000000 -101.219460
v -8.067292 -18.000000 -101.214432
v -8.000000 -18.000000 -101.212753
v -7.932708 -18.000000 -101.214432
v -7.865583 -18.000000 -101.219460
v -7.798793 -18.000000 -101.227829
v -7.732503 -18.000000 -101.239517
v -7.666878 -18.000000 -101.254494
v -7.602080 -18.000000 -101.272728
v -7.033580 -18.000000 -103.505371
v 7.081767 -18.000000 -103.552368
v -7.081767 -18.000000 -103.552368
v 7.033580 -18.000000 -103.505371
v -6.944528 -18.000000 -103.404465
v 6.987795 -18.000000 -103.456024
v -6.987795 -18.000000 -103.456024
v 7.132237 -18.000000 -103.596909
v -7.132237 -18.000000 -103.596909
v 6.944528 -18.000000 -103.404465
v 7.184864 -18.000000 -103.638878
v -7.184864 -18.000000 -103.638878
v -7.239518 -18.000000 -103.678169
v 6.903883 -18.000000 -103.350807
v -6.865965 -18.000000 -103.295189
v -6.903883 -18.000000 -103.350807
v 7.239518 -18.000000 -103.678169
v 6.865965 -18.000000 -103.295189
v 7.296062 -18.000000 -103.714691
v -7.296062 -18.000000 -103.714691
v -6.830866 -18.000000 -103.237747
v 6.830866 -18.000000 -103.237747
v 7.354357 -18.000000 -103.748352
v -7.354357 -18.000000 -103.748352
v 6.798673 -18.000000 -103.178635
v -6.798673 -18.000000 -103.178635
v 7.414257 -18.000000 -103.779060
v -7.414257 -18.000000 -103.779060
v 6.769467 -18.000000 -103.117989
v -6.769467 -18.000000 -103.117989
v 7.475613 -18.000000 -103.806740
v -7.475613 -18.000000 -103.806740
v 6.743320 -18.000000 -103.055962
v -6.720298 -18.000000 -102.992706
v -6.743320 -18.000000 -103.055962
v 7.538273 -18.000000 -103.831337
v -7.538273 -18.000000 -103.831337
v 6.720298 -18.000000 -102.992706
v 7.602080 -18.000000 -103.852776
v -7.602080 -18.000000 -103.852776
v 6.700457 -18.000000 -102.928383
v -6.700457 -18.000000 -102.928383
v 7.666878 -18.000000 -103.871002
v -7.666878 -18.000000 -103.871002
v -6.670509 -18.000000 -102.797173
v 6.683847 -18.000000 -102.863152
v -6.683847 -18.000000 -102.863152
v 7.732503 -18.000000 -103.885986
v 6.670509 -18.000000 -102.797173
v -6.660477 -18.000000 -102.730614
v 6.660477 -18.000000 -102.730614
v -6.650420 -18.000000 -102.596405
v 6.653775 -18.000000 -102.663635
v -6.653775 -18.000000 -102.663635
v 6.650420 -18.000000 -102.596405
v 6.650420 -18.000000 -102.529091
v -6.650420 -18.000000 -102.529091
v 6.653775 -18.000000 -102.461868
v -6.660477 -18.000000 -102.394890
v -6.653775 -18.000000 -102.461868
v 6.660477 -18.000000 -102.394890
v 6.670509 -18.000000 -102.328323
v -6.670509 -18.000000 -102.328323
v -6.683847 -18.000000 -102.262344
v 6.683847 -18.000000 -102.262344
v -6.720298 -18.000000 -102.132790
v 6.700457 -18.000000 -102.197113
v -6.700457 -18.000000 -102.197113
v 6.720298 -18.000000 -102.132790
v -6.743320 -18.000000 -102.069542
v 6.743320 -18.000000 -102.069542
v -6.769467 -18.000000 -102.007515
v 6.769467 -18.000000 -102.007515
v -6.798673 -18.000000 -101.946869
v 6.798673 -18.000000 -101.946869
v -6.830866 -18.000000 -101.887749
v 6.830866 -18.000000 -101.887749
v -6.865965 -18.000000 -101.830315
v 6.865965 -18.000000 -101.830315
v 6.903883 -18.000000 -101.774696
v -6.903883 -18.000000 -101.774696
v -6.944528 -18.000000 -101.721039
v 6.944528 -18.000000 -101.721039
v -6.987795 -18.000000 -101.669472
v 6.987795 -18.000000 -101.669472
v -7.033580 -18.000000 -101.620132
v 7.033580 -18.000000 -101.620132
v -7.081767 -18.000000 -101.573128
v 7.081767 -18.000000 -101.573128
v -7.184864 -18.000000 -101.486618
v 7.132237 -18.000000 -101.528587
v -7.132237 -18.000000 -101.528587
v -7.239518 -18.000000 -101.447327
v 7.184864 -18.000000 -101.486618
v 7.239518 -18.000000 -101.447327
v -7.296062 -18.000000 -101.410805
v 7.296062 -18.000000 -101.410805
v -7.414257 -18.000000 -101.346443
v 7.354357 -18.000000 -101.377151
v -7.354357 -18.000000 -101.377151
v -7.475613 -18.000000 -101.318756
v 7.414257 -18.000000 -101.346443
v 7.475613 -18.000000 -101.318756
v 7.538273 -18.000000 -101.294167
v -7.538273 -18.000000 -101.294167
v 7.602080 -18.000000 -101.272728
v 9.316153 -18.000000 -102.262344
v 9.329491 -18.000000 -102.328323
v 9.339523 -18.000000 -102.394890
v 9.346225 -18.000000 -102.461868
v 9.349581 -18.000000 -102.529091
v 9.349581 -18.000000 -102.596405
v 9.346225 -18.000000 -102.663635
v 9.339523 -18.000000 -102.730614
v 9.329491 -18.000000 -102.797173
v 9.316153 -18.000000 -102.863152
v 9.299542 -18.000000 -102.928383
v 9.279702 -18.000000 -102.992706
v 9.256680 -18.000000 -103.055962
v 9.230533 -18.000000 -103.117989
v 9.201327 -18.000000 -103.178635
v 9.169134 -18.000000 -103.237747
v 9.134035 -18.000000 -103.295189
v 9.096116 -18.000000 -103.350807
v 9.055472 -18.000000 -103.404465
v 9.012204 -18.000000 -103.456024
v 8.966420 -18.000000 -103.505371
v 8.918233 -18.000000 -103.552368
v 8.867764 -18.000000 -103.596909
v 8.815136 -18.000000 -103.638878
v 8.760482 -18.000000 -103.678169
v 8.703938 -18.000000 -103.714691
v 8.645643 -18.000000 -103.748352
v 8.585743 -18.000000 -103.779060
v 8.524387 -18.000000 -103.806740
v 8.461727 -18.000000 -103.831337
v 8.397920 -18.000000 -103.852776
v 8.333122 -18.000000 -103.871002
v 8.267497 -18.000000 -103.885986
v 8.201207 -18.000000 -103.897675
v 8.134417 -18.000000 -103.906044
v 8.067292 -18.000000 -103.911072
v 8.000000 -18.000000 -103.912750
v 7.932708 -18.000000 -103.911072
v 7.865583 -18.000000 -103.906044
v 7.798793 -18.000000 -103.897675
v 8.000000 -18.000000 -101.212753
v 8.067292 -18.000000 -101.214432
v 8.134417 -18.000000 -101.219460
v 8.201207 -18.000000 -101.227829
v 8.267497 -18.000000 -101.239517
v 8.333122 -18.000000 -101.254494
v 8.397920 -18.000000 -101.272728
v 8.461727 -18.000000 -101.294167
v 8.524387 -18.000000 -101.318756
v 8.585743 -18.000000 -101.346443
v 8.645643 -18.000000 -101.377151
v 8.703938 -18.000000 -101.410805
v 8.760482 -18.000000 -101.447327
v 8.815136 -18.000000 -101.486618
v 8.867764 -18.000000 -101.528587
v 8.918233 -18.000000 -101.573128
v 8.966420 -18.000000 -101.620132
v 9.012204 -18.000000 -101.669472
v 9.055472 -18.000000 -101.721039
v 9.096116 -18.000000 -101.774696
v 7.666878 -18.000000 -101.254494
v 9.134035 -18.000000 -101.830315
v 7.732503 -18.000000 -101.239517
v 9.169134 -18.000000 -101.887749
v 7.798793 -18.000000 -101.227829
v 9.201327 -18.000000 -101.946869
v 7.865583 -18.000000 -101.219460
v 9.230533 -18.000000 -102.007515
v 7.932708 -18.000000 -101.214432
v 9.256680 -18.000000 -102.069542
v 9.279702 -18.000000 -102.132790
v 9.299542 -18.000000 -102.197113
v 8.000000 -19.299999 -101.212753
v 8.067292 -19.299999 -101.214432
v 8.134417 -19.299999 -101.219460
v 8.201207 -19.299999 -101.227829
v 8.267497 -19.299999 -101.239517
v 8.333122 -19.299999 -101.254494
v 8.397920 -19.299999 -101.272728
v 8.461727 -19.299999 -101.294167
v 8.524387 -19.299999 -101.318756
v 8.585743 -19.299999 -101.346443
v 8.645643 -19.299999 -101.377151
v 8.703938 -19.299999 -101.410805
v 8.760482 -19.299999 -101.447327
v 8.815136 -19.299999 -101.486618
v 8.867764 -19.299999 -101.528587
v 8.918233 -19.299999 -101.573128
v 8.966420 -19.299999 -101.620132
v 9.012204 -19.299999 -101.669472
v 9.055472 -19.299999 -101.721039
v 9.096116 -19.299999 -101.774696
v 9.134035 -19.299999 -101.830315
v 9.169134 -19.299999 -101.887749
v 9.201327 -19.299999 -101.946869
v 9.230533 -19.299999 -102.007515
v 9.256680 -19.299999 -102.069542
v 9.279702 -19.299999 -102.132790
v 9.299542 -19.299999 -102.197113
v 9.316153 -19.299999 -102.262344
v 9.329491 -19.299999 -102.328323
v 9.339523 -19.299999 -102.394890
v 9.346225 -19.299999 -102.461868
v 9.349581 -19.299999 -102.529091
v 9.349581 -19.299999 -102.596405
v 9.346225 -19.299999 -102.663635
v 9.339523 -19.299999 -102.730614
v 9.329491 -19.299999 -102.797173
v 9.316153 -19.299999 -102.863152
v 9.299542 -19.299999 -102.928383
v 9.279702 -19.299999 -102.992706
v 9.256680 -19.299999 -103.055962
v 9.230533 -19.299999 -103.117989
v 9.201327 -19.299999 -103.178635
v 9.169134 -19.299999 -103.237747
v 9.134035 -19.299999 -103.295189
v 9.096116 -19.299999 -103.350807
v 9.055472 -19.299999 -103.404465
v 9.012204 -19.299999 -103.456024
v 8.966420 -19.299999 -103.505371
v 8.918233 -19.299999 -103.552368
v 8.867764 -19.299999 -103.596909
v 8.815136 -19.299999 -103.638878
v 8.760482 -19.299999 -103.678169
v 8.703938 -19.299999 -103.714691
v 8.645643 -19.299999 -103.748352
v 8.585743 -19.299999 -103.779060
v 8.524387 -19.299999 -103.806740
v 8.461727 -19.299999 -103.831337
v 8.397920 -19.299999 -103.852776
v 8.333122 -19.299999 -103.871002
v 8.267497 -19.299999 -103.885986
v 8.201207 -19.299999 -103.897675
v 8.134417 -19.299999 -103.906044
v 8.067292 -19.299999 -103.911072
v 8.000000 -19.299999 -103.912750
v 7.932708 -19.299999 -103.911072
v 7.865583 -19.299999 -103.906044
v 7.798793 -19.299999 -103.897675
v 7.732503 -19.299999 -103.885986
v 7.666878 -19.299999 -103.871002
v 7.602080 -19.299999 -103.852776
v 7.538273 -19.299999 -103.831337
v 7.475613 -19.299999 -103.806740
v 7.414257 -19.299999 -103.779060
v 7.354357 -19.299999 -103.748352
v 7.296062 -19.299999 -103.714691
v 7.239518 -19.299999 -103.678169
v 7.184864 -19.299999 -103.638878
v 7.132237 -19.299999 -103.596909
v 7.081767 -19.299999 -103.552368
v 7.033580 -19.299999 -103.505371
v 6.987795 -19.299999 -103.456024
v 6.944528 -19.299999 -103.404465
v 6.903883 -19.299999 -103.350807
v 6.865965 -19.299999 -103.295189
v 6.830866 -19.299999 -103.237747
v 6.798673 -19.299999 -103.178635
v 6.769467 -19.299999 -103.117989
v 6.743320 -19.299999 -103.055962
v 6.720298 -19.299999 -102.992706
v 6.700457 -19.299999 -102.928383
v 6.683847 -19.299999 -102.863152
v 6.670509 -19.299999 -102.797173
v 6.660477 -19.299999 -102.730614
v 6.653775 -19.299999 -102.663635
v 6.650420 -19.299999 -102.596405
v 6.650420 -19.299999 -102.529091
v 6.653775 -19.299999 -102.461868
v 6.660477 -19.299999 -102.394890
v 6.670509 -19.299999 -102.328323
v 6.683847 -19.299999 -102.262344
v 6.700457 -19.299999 -102.197113
v 6.720298 -19.299999 -102.132790
v 6.743320 -19.299999 -102.069542
v 6.769467 -19.299999 -102.007515
v 6.798673 -19.299999 -101.946869
v 6.830866 -19.299999 -101.887749
v 6.865965 -19.299999 -101.830315
v 6.903883 -19.299999 -101.774696
v 6.944528 -19.299999 -101.721039
v 6.987795 -19.299999 -101.669472
v 7.033580 -19.299999 -101.620132
v 7.081767 -19.299999 -101.573128
v 7.132237 -19.299999 -101.528587
v 7.184864 -19.299999 -101.486618
v 7.239518 -19.299999 -101.447327
v 7.296062 -19.299999 -101.410805
v 7.354357 -19.299999 -101.377151
v 7.414257 -19.299999 -101.346443
v 7.475613 -19.299999 -101.318756
v 7.538273 -19.299999 -101.294167
v 7.602080 -19.299999 -101.272728
v 7.666878 -19.299999 -101.254494
v 7.732503 -19.299999 -101.239517
v 7.798793 -19.299999 -101.227829
v 7.865583 -19.299999 -101.219460
v 7.932708 -19.299999 -101.214432
v 6.939401 -19.600000 -101.298775
v 6.818820 -19.600000 -101.410660
v 7.210881 -19.600000 -101.113686
v 6.901526 -19.900000 -100.951584
v 7.070522 -19.600000 -101.199455
v 7.067405 -19.900000 -100.850220
v 7.126022 -20.200001 -100.489426
v 7.336801 -20.200001 -100.412712
v 7.425228 -19.900000 -100.699387
v 7.242552 -19.900000 -100.765869
v 8.000000 -19.600000 -100.912750
v 6.709978 -19.600000 -101.533989
v 6.746564 -19.900000 -101.068962
v 6.923929 -20.200001 -100.586754
v 6.613957 -19.600000 -101.667549
v 6.604060 -19.900000 -101.201187
v 6.732530 -20.200001 -100.703712
v 6.531712 -19.600000 -101.810005
v 8.000000 -20.200001 -100.312752
v 6.475429 -19.900000 -101.346947
v 6.553728 -20.200001 -100.839149
v 6.464058 -19.600000 -101.959938
v 6.361949 -19.900000 -101.504784
v 6.389299 -20.200001 -100.991714
v 6.411670 -19.600000 -102.115860
v 6.264750 -19.900000 -101.673141
v 6.240879 -20.200001 -101.159897
v 6.375067 -19.600000 -102.276230
v 6.184796 -19.900000 -101.850334
v 6.109941 -20.200001 -101.342018
v 6.354614 -19.600000 -102.439445
v 6.122883 -19.900000 -102.034615
v 5.997788 -20.200001 -101.536278
v 6.350513 -19.600000 -102.603889
v 6.079625 -19.900000 -102.224136
v 5.905534 -20.200001 -101.740730
v 6.362805 -19.600000 -102.767914
v 6.055453 -19.900000 -102.417023
v 5.834095 -20.200001 -101.953362
v 6.391369 -19.600000 -102.929909
v 6.050606 -19.900000 -102.611366
v 5.784183 -20.200001 -102.172043
v 6.435920 -19.600000 -103.088257
v 6.065134 -19.900000 -102.805222
v 5.756291 -20.200001 -102.394608
v 6.496016 -19.600000 -103.241371
v 6.098891 -19.900000 -102.996666
v 5.750700 -20.200001 -102.618843
v 6.571058 -19.600000 -103.387749
v 6.151542 -19.900000 -103.183800
v 5.767462 -20.200001 -102.842522
v 6.660302 -19.600000 -103.525925
v 6.222564 -19.900000 -103.364761
v 5.806412 -20.200001 -103.063423
v 6.762861 -19.600000 -103.654533
v 6.311251 -19.900000 -103.537750
v 5.867164 -20.200001 -103.279343
v 6.877715 -19.600000 -103.772285
v 6.416721 -19.900000 -103.701050
v 5.949112 -20.200001 -103.488144
v 7.003723 -19.600000 -103.878021
v 6.537927 -19.900000 -103.853035
v 6.051443 -20.200001 -103.687752
v 7.139632 -19.600000 -103.970680
v 6.673663 -19.900000 -103.992203
v 6.173140 -20.200001 -103.876175
v 7.284092 -19.600000 -104.049347
v 6.822581 -19.900000 -104.117157
v 6.312992 -20.200001 -104.051544
v 7.435667 -19.600000 -104.113243
v 6.983202 -19.900000 -104.226669
v 6.469611 -20.200001 -104.212120
v 7.592850 -19.600000 -104.161728
v 7.153927 -19.900000 -104.319641
v 6.641440 -20.200001 -104.356300
v 7.754080 -19.600000 -104.194321
v 7.333061 -19.900000 -104.395149
v 6.826771 -20.200001 -104.482658
v 7.917754 -19.600000 -104.210701
v 7.518823 -19.900000 -104.452454
v 7.023762 -20.200001 -104.589928
v 8.082246 -19.600000 -104.210701
v 7.709368 -19.900000 -104.490967
v 7.230454 -20.200001 -104.677055
v 8.245920 -19.600000 -104.194321
v 7.902801 -19.900000 -104.510323
v 7.444796 -20.200001 -104.743172
v 8.407149 -19.600000 -104.161728
v 8.097199 -19.900000 -104.510323
v 7.664655 -20.200001 -104.787621
v 8.564333 -19.600000 -104.113243
v 8.290632 -19.900000 -104.490967
v 7.887847 -20.200001 -104.809952
v 8.715908 -19.600000 -104.049347
v 8.481177 -19.900000 -104.452454
v 8.112153 -20.200001 -104.809952
v 8.860368 -19.600000 -103.970680
v 8.666940 -19.900000 -104.395149
v 8.335345 -20.200001 -104.787621
v 8.996277 -19.600000 -103.878021
v 8.846073 -19.900000 -104.319641
v 8.555204 -20.200001 -104.743172
v 9.122285 -19.600000 -103.772285
v 9.016799 -19.900000 -104.226669
v 8.769546 -20.200001 -104.677055
v 9.237139 -19.600000 -103.654533
v 9.177419 -19.900000 -104.117157
v 8.976238 -20.200001 -104.589928
v 9.339698 -19.600000 -103.525925
v 9.326337 -19.900000 -103.992203
v 9.173229 -20.200001 -104.482658
v 9.428942 -19.600000 -103.387749
v 9.462073 -19.900000 -103.853035
v 9.358560 -20.200001 -104.356300
v 9.503984 -19.600000 -103.241371
v 9.583279 -19.900000 -103.701050
v 9.530389 -20.200001 -104.212120
v 9.564080 -19.600000 -103.088257
v 9.688749 -19.900000 -103.537750
v 9.687008 -20.200001 -104.051544
v 9.608631 -19.600000 -102.929909
v 9.777436 -19.900000 -103.364761
v 9.826860 -20.200001 -103.876175
v 9.637195 -19.600000 -102.767914
v 9.848458 -19.900000 -103.183800
v 9.948557 -20.200001 -103.687752
v 9.649487 -19.600000 -102.603889
v 9.901110 -19.900000 -102.996666
v 10.050888 -20.200001 -103.488144
v 9.645387 -19.600000 -102.439445
v 9.934867 -19.900000 -102.805222
v 10.132836 -20.200001 -103.279343
v 9.624933 -19.600000 -102.276230
v 9.949394 -19.900000 -102.611366
v 10.193588 -20.200001 -103.063423
v 9.588330 -19.600000 -102.115860
v 9.944548 -19.900000 -102.417023
v 10.232538 -20.200001 -102.842522
v 9.535942 -19.600000 -101.959938
v 9.920375 -19.900000 -102.224136
v 10.249301 -20.200001 -102.618843
v 9.468288 -19.600000 -101.810005
v 9.877117 -19.900000 -102.034615
v 10.243709 -20.200001 -102.394608
v 9.386043 -19.600000 -101.667549
v 9.815204 -19.900000 -101.850334
v 10.215817 -20.200001 -102.172043
v 9.290022 -19.600000 -101.533989
v 9.735250 -19.900000 -101.673141
v 10.165905 -20.200001 -101.953362
v 9.181180 -19.600000 -101.410660
v 9.638050 -19.900000 -101.504784
v 10.094466 -20.200001 -101.740730
v 9.060599 -19.600000 -101.298775
v 9.524571 -19.900000 -101.346947
v 10.002212 -20.200001 -101.536278
v 8.929478 -19.600000 -101.199455
v 9.395941 -19.900000 -101.201187
v 9.890059 -20.200001 -101.342018
v 8.789119 -19.600000 -101.113686
v 9.253436 -19.900000 -101.068962
v 9.759121 -20.200001 -101.159897
v 8.640918 -19.600000 -101.042313
v 9.098475 -19.900000 -100.951584
v 9.610701 -20.200001 -100.991714
v 8.486346 -19.600000 -100.986053
v 8.932595 -19.900000 -100.850220
v 9.446272 -20.200001 -100.839149
v 8.326941 -19.600000 -100.945465
v 8.757448 -19.900000 -100.765869
v 9.267470 -20.200001 -100.703712
v 8.164287 -19.600000 -100.920952
v 8.000000 -19.900000 -100.612747
v 8.574773 -19.900000 -100.699387
v 9.076072 -20.200001 -100.586754
v 8.386385 -19.900000 -100.651413
v 8.873979 -20.200001 -100.489426
v 8.194158 -19.900000 -100.622437
v 8.663199 -20.200001 -100.412712
v 8.445828 -20.200001 -100.357361
v 8.224028 -20.200001 -100.323929
v 7.835713 -19.600000 -100.920952
v 7.673059 -19.600000 -100.945465
v 7.513654 -19.600000 -100.986053
v 7.805843 -19.900000 -100.622437
v 7.359083 -19.600000 -101.042313
v 7.613615 -19.900000 -100.651413
v 7.775972 -20.200001 -100.323929
v 7.554171 -20.200001 -100.357361
v -8.000000 -19.299999 -101.212753
v -7.932708 -19.299999 -101.214432
v -7.865583 -19.299999 -101.219460
v -7.798793 -19.299999 -101.227829
v -7.732503 -19.299999 -101.239517
v -7.666878 -19.299999 -101.254494
v -7.602080 -19.299999 -101.272728
v -7.538273 -19.299999 -101.294167
v -7.475613 -19.299999 -101.318756
v -7.414257 -19.299999 -101.346443
v -7.354357 -19.299999 -101.377151
v -7.296062 -19.299999 -101.410805
v -7.239518 -19.299999 -101.447327
v -7.184864 -19.299999 -101.486618
v -7.132237 -19.299999 -101.528587
v -7.081767 -19.299999 -101.573128
v -7.033580 -19.299999 -101.620132
v -6.987795 -19.299999 -101.669472
v -6.944528 -19.299999 -101.721039
v -6.903883 -19.299999 -101.774696
v -6.865965 -19.299999 -101.830315
v -6.830866 -19.299999 -101.887749
v -6.798673 -19.299999 -101.946869
v -6.769467 -19.299999 -102.007515
v -6.743320 -19.299999 -102.069542
v -6.720298 -19.299999 -102.132790
v -6.700457 -19.299999 -102.197113
v -6.683847 -19.299999 -102.262344
v -6.670509 -19.299999 -102.328323
v -6.660477 -19.299999 -102.394890
v -6.653775 -19.299999 -102.461868
v -6.650420 -19.299999 -102.529091
v -6.650420 -19.299999 -102.596405
v -6.653775 -19.299999 -102.663635
v -6.660477 -19.299999 -102.730614
v -6.670509 -19.299999 -102.797173
v -6.683847 -19.299999 -102.863152
v -6.700457 -19.299999 -102.928383
v -6.720298 -19.299999 -102.992706
v -6.743320 -19.299999 -103.055962
v -6.769467 -19.299999 -103.117989
v -6.798673 -19.299999 -103.178635
v -6.830866 -19.299999 -103.237747
v -6.865965 -19.299999 -103.295189
v -6.903883 -19.299999 -103.350807
v -6.944528 -19.299999 -103.404465
v -6.987795 -19.299999 -103.456024
v -7.033580 -19.299999 -103.505371
v -7.081767 -19.299999 -103.552368
v -7.132237 -19.299999 -103.596909
v -7.184864 -19.299999 -103.638878
v -7.239518 -19.299999 -103.678169
v -7.296062 -19.299999 -103.714691
v -7.354357 -19.299999 -103.748352
v -7.414257 -19.299999 -103.779060
v -7.475613 -19.299999 -103.806740
v -7.538273 -19.299999 -103.831337
v -7.602080 -19.299999 -103.852776
v -7.666878 -19.299999 -103.871002
v -7.732503 -19.299999 -103.885986
v -7.798793 -19.299999 -103.897675
v -7.865583 -19.299999 -103.906044
v -7.932708 -19.299999 -103.911072
v -8.000000 -19.299999 -103.912750
v -8.067292 -19.299999 -103.911072
v -8.134417 -19.299999 -103.906044
v -8.201207 -19.299999 -103.897675
v -8.267497 -19.299999 -103.885986
v -8.333122 -19.299999 -103.871002
v -8.397920 -19.299999 -103.852776
v -8.461727 -19.299999 -103.831337
v -8.524387 -19.299999 -103.806740
v -8.585743 -19.299999 -103.779060
v -8.645643 -19.299999 -103.748352
v -8.703938 -19.299999 -103.714691
v -8.760482 -19.299999 -103.678169
v -8.815136 -19.299999 -103.638878
v -8.867764 -19.299999 -103.596909
v -8.918233 -19.299999 -103.552368
v -8.966420 -19.299999 -103.505371
v -9.012204 -19.299999 -103.456024
v -9.055472 -19.299999 -103.404465
v -9.096116 -19.299999 -103.350807
v -9.134035 -19.299999 -103.295189
v -9.169134 -19.299999 -103.237747
v -9.201327 -19.299999 -103.178635
v -9.230533 -19.299999 -103.117989
v -9.256680 -19.299999 -103.055962
v -9.279702 -19.299999 -102.992706
v -9.299542 -19.299999 -102.928383
v -9.316153 -19.299999 -102.863152
v -9.329491 -19.299999 -102.797173
v -9.339523 -19.299999 -102.730614
v -9.346225 -19.299999 -102.663635
v -9.349581 -19.299999 -102.596405
v -9.349581 -19.299999 -102.529091
v -9.346225 -19.299999 -102.461868
v -9.339523 -19.299999 -102.394890
v -9.329491 -19.299999 -102.328323
v -9.316153 -19.299999 -102.262344
v -9.299542 -19.299999 -102.197113
v -9.279702 -19.299999 -102.132790
v -9.256680 -19.299999 -102.069542
v -9.230533 -19.299999 -102.007515
v -9.201327 -19.299999 -101.946869
v -9.169134 -19.299999 -101.887749
v -9.134035 -19.299999 -101.830315
v -9.096116 -19.299999 -101.774696
v -9.055472 -19.299999 -101.721039
v -9.012204 -19.299999 -101.669472
v -8.966420 -19.299999 -101.620132
v -8.918233 -19.299999 -101.573128
v -8.867764 -19.299999 -101.528587
v -8.815136 -19.299999 -101.486618
v -8.760482 -19.299999 -101.447327
v -8.703938 -19.299999 -101.410805
v -8.645643 -19.299999 -101.377151
v -8.585743 -19.299999 -101.346443
v -8.524387 -19.299999 -101.318756
v -8.461727 -19.299999 -101.294167
v -8.397920 -19.299999 -101.272728
v -8.333122 -19.299999 -101.254494
v -8.267497 -19.299999 -101.239517
v -8.201207 -19.299999 -101.227829
v -8.134417 -19.299999 -101.219460
v -8.067292 -19.299999 -101.214432
v -9.060599 -19.600000 -101.298775
v -9.181180 -19.600000 -101.410660
v -8.789119 -19.600000 -101.113686
v -9.098475 -19.900000 -100.951584
v -8.929478 -19.600000 -101.199455
v -8.932595 -19.900000 -100.850220
v -8.873979 -20.200001 -100.489426
v -8.663199 -20.200001 -100.412712
v -8.574773 -19.900000 -100.699387
v -8.000000 -19.600000 -100.912750
v -8.757448 -19.900000 -100.765869
v -9.290022 -19.600000 -101.533989
v -9.253436 -19.900000 -101.068962
v -9.076072 -20.200001 -100.586754
v -9.386043 -19.600000 -101.667549
v -9.395941 -19.900000 -101.201187
v -9.267470 -20.200001 -100.703712
v -8.000000 -20.200001 -100.312752
v -9.468288 -19.600000 -101.810005
v -9.524571 -19.900000 -101.346947
v -9.446272 -20.200001 -100.839149
v -9.535942 -19.600000 -101.959938
v -9.638050 -19.900000 -101.504784
v -9.610701 -20.200001 -100.991714
v -9.588330 -19.600000 -102.115860
v -9.735250 -19.900000 -101.673141
v -9.759121 -20.200001 -101.159897
v -9.624933 -19.600000 -102.276230
v -9.815204 -19.900000 -101.850334
v -9.890059 -20.200001 -101.342018
v -9.645387 -19.600000 -102.439445
v -9.877117 -19.900000 -102.034615
v -10.002212 -20.200001 -101.536278
v -9.649487 -19.600000 -102.603889
v -9.920375 -19.900000 -102.224136
v -10.094466 -20.200001 -101.740730
v -9.637195 -19.600000 -102.767914
v -9.944548 -19.900000 -102.417023
v -10.165905 -20.200001 -101.953362
v -9.608631 -19.600000 -102.929909
v -9.949394 -19.900000 -102.611366
v -10.215817 -20.200001 -102.172043
v -9.564080 -19.600000 -103.088257
v -9.934867 -19.900000 -102.805222
v -10.243709 -20.200001 -102.394608
v -9.503984 -19.600000 -103.241371
v -9.901110 -19.900000 -102.996666
v -10.249301 -20.200001 -102.618843
v -9.428942 -19.600000 -103.387749
v -9.848458 -19.900000 -103.183800
v -10.232538 -20.200001 -102.842522
v -9.339698 -19.600000 -103.525925
v -9.777436 -19.900000 -103.364761
v -10.193588 -20.200001 -103.063423
v -9.237139 -19.600000 -103.654533
v -9.688749 -19.900000 -103.537750
v -10.132836 -20.200001 -103.279343
v -9.122285 -19.600000 -103.772285
v -9.583279 -19.900000 -103.701050
v -10.050888 -20.200001 -103.488144
v -8.996277 -19.600000 -103.878021
v -9.462073 -19.900000 -103.853035
v -9.948557 -20.200001 -103.687752
v -8.860368 -19.600000 -103.970680
v -9.326337 -19.900000 -103.992203
v -9.826860 -20.200001 -103.876175
v -8.715908 -19.600000 -104.049347
v -9.177419 -19.900000 -104.117157
v -9.687008 -20.200001 -104.051544
v -8.564333 -19.600000 -104.113243
v -9.016799 -19.900000 -104.226669
v -9.530389 -20.200001 -104.212120
v -8.407149 -19.600000 -104.161728
v -8.846073 -19.900000 -104.319641
v -9.358560 -20.200001 -104.356300
v -8.245920 -19.600000 -104.194321
v -8.666940 -19.900000 -104.395149
v -9.173229 -20.200001 -104.482658
v -8.082246 -19.600000 -104.210701
v -8.481177 -19.900000 -104.452454
v -8.976238 -20.200001 -104.589928
v -7.917754 -19.600000 -104.210701
v -8.290632 -19.900000 -104.490967
v -8.769546 -20.200001 -104.677055
v -7.754080 -19.600000 -104.194321
v -8.097199 -19.900000 -104.510323
v -8.555204 -20.200001 -104.743172
v -7.592850 -19.600000 -104.161728
v -7.902801 -19.900000 -104.510323
v -8.335345 -20.200001 -104.787621
v -7.435667 -19.600000 -104.113243
v -7.709368 -19.900000 -104.490967
v -8.112153 -20.200001 -104.809952
v -7.284092 -19.600000 -104.049347
v -7.518823 -19.900000 -104.452454
v -7.887847 -20.200001 -104.809952
v -7.139632 -19.600000 -103.970680
v -7.333061 -19.900000 -104.395149
v -7.664655 -20.200001 -104.787621
v -7.003723 -19.600000 -103.878021
v -7.153927 -19.900000 -104.319641
v -7.444796 -20.200001 -104.743172
v -6.877715 -19.600000 -103.772285
v -6.983202 -19.900000 -104.226669
v -7.230454 -20.200001 -104.677055
v -6.762861 -19.600000 -103.654533
v -6.822581 -19.900000 -104.117157
v -7.023762 -20.200001 -104.589928
v -6.660302 -19.600000 -103.525925
v -6.673663 -19.900000 -103.992203
v -6.826771 -20.200001 -104.482658
v -6.571058 -19.600000 -103.387749
v -6.537927 -19.900000 -103.853035
v -6.641440 -20.200001 -104.356300
v -6.496016 -19.600000 -103.241371
v -6.416721 -19.900000 -103.701050
v -6.469611 -20.200001 -104.212120
v -6.435920 -19.600000 -103.088257
v -6.311251 -19.900000 -103.537750
v -6.312992 -20.200001 -104.051544
v -6.391369 -19.600000 -102.929909
v -6.222564 -19.900000 -103.364761
v -6.173140 -20.200001 -103.876175
v -6.362805 -19.600000 -102.767914
v -6.151542 -19.900000 -103.183800
v -6.051443 -20.200001 -103.687752
v -6.350513 -19.600000 -102.603889
v -6.098891 -19.900000 -102.996666
v -5.949112 -20.200001 -103.488144
v -6.354614 -19.600000 -102.439445
v -6.065134 -19.900000 -102.805222
v -5.867164 -20.200001 -103.279343
v -6.375067 -19.600000 -102.276230
v -6.050606 -19.900000 -102.611366
v -5.806412 -20.200001 -103.063423
v -6.411670 -19.600000 -102.115860
v -6.055453 -19.900000 -102.417023
v -5.767462 -20.200001 -102.842522
v -6.464058 -19.600000 -101.959938
v -6.079625 -19.900000 -102.224136
v -5.750700 -20.200001 -102.618843
v -6.531712 -19.600000 -101.810005
v -6.122883 -19.900000 -102.034615
v -5.756291 -20.200001 -102.394608
v -6.613957 -19.600000 -101.667549
v -6.184796 -19.900000 -101.850334
v -5.784183 -20.200001 -102.172043
v -6.709978 -19.600000 -101.533989
v -6.264750 -19.900000 -101.673141
v -5.834095 -20.200001 -101.953362
v -6.818820 -19.600000 -101.410660
v -6.361949 -19.900000 -101.504784
v -5.905534 -20.200001 -101.740730
v -6.939401 -19.600000 -101.298775
v -6.475429 -19.900000 -101.346947
v -5.997788 -20.200001 -101.536278
v -7.070522 -19.600000 -101.199455
v -6.604060 -19.900000 -101.201187
v -6.109941 -20.200001 -101.342018
v -7.210881 -19.600000 -101.113686
v -6.746564 -19.900000 -101.068962
v -6.240879 -20.200001 -101.159897
v -7.359083 -19.600000 -101.042313
v -6.901526 -19.900000 -100.951584
v -6.389299 -20.200001 -100.991714
v -7.513654 -19.600000 -100.986053
v -7.067405 -19.900000 -100.850220
v -6.553728 -20.200001 -100.839149
v -7.673059 -19.600000 -100.945465
v -7.242552 -19.900000 -100.765869
v -6.732530 -20.200001 -100.703712
v -7.835713 -19.600000 -100.920952
v -7.425228 -19.900000 -100.699387
v -6.923929 -20.200001 -100.586754
v -7.613615 -19.900000 -100.651413
v -7.126022 -20.200001 -100.489426
v -7.805843 -19.900000 -100.622437
v -8.000000 -19.900000 -100.612747
v -7.336801 -20.200001 -100.412712
v -7.554171 -20.200001 -100.357361
v -7.775972 -20.200001 -100.323929
v -8.164287 -19.600000 -100.920952
v -8.326941 -19.600000 -100.945465
v -8.486346 -19.600000 -100.986053
v -8.194158 -19.900000 -100.622437
v -8.640918 -19.600000 -101.042313
v -8.386385 -19.900000 -100.651413
v -8.224028 -20.200001 -100.323929
v -8.445828 -20.200001 -100.357361
v -8.000000 17.299999 -103.912750
v -7.932708 17.299999 -103.911072
v -7.865583 17.299999 -103.906044
v -7.798793 17.299999 -103.897675
v -7.732503 17.299999 -103.885986
v -7.666878 17.299999 -103.871002
v -7.602080 17.299999 -103.852776
v -7.538273 17.299999 -103.831337
v -7.475613 17.299999 -103.806740
v -7.414257 17.299999 -103.779060
v -7.354357 17.299999 -103.748352
v -7.296062 17.299999 -103.714691
v -7.239518 17.299999 -103.678169
v -7.184864 17.299999 -103.638878
v -7.132237 17.299999 -103.596909
v -7.081767 17.299999 -103.552368
v -7.033580 17.299999 -103.505371
v -6.987795 17.299999 -103.456024
v -6.944528 17.299999 -103.404465
v -6.903883 17.299999 -103.350807
v -6.865965 17.299999 -103.295189
v -6.830866 17.299999 -103.237747
v -6.798673 17.299999 -103.178635
v -6.769467 17.299999 -103.117989
v -6.743320 17.299999 -103.055962
v -6.720298 17.299999 -102.992706
v -6.700457 17.299999 -102.928383
v -6.683847 17.299999 -102.863152
v -6.670509 17.299999 -102.797173
v -6.660477 17.299999 -102.730614
v -6.653775 17.299999 -102.663635
v -6.650420 17.299999 -102.596405
v -6.650420 17.299999 -102.529091
v -6.653775 17.299999 -102.461868
v -6.660477 17.299999 -102.394890
v -6.670509 17.299999 -102.328323
v -6.683847 17.299999 -102.262344
v -6.700457 17.299999 -102.197113
v -6.720298 17.299999 -102.132790
v -6.743320 17.299999 -102.069542
v -6.769467 17.299999 -102.007515
v -6.798673 17.299999 -101.946869
v -6.830866 17.299999 -101.887749
v -6.865965 17.299999 -101.830315
v -6.903883 17.299999 -101.774696
v -6.944528 17.299999 -101.721039
v -6.987795 17.299999 -101.669472
v -7.033580 17.299999 -101.620132
v -7.081767 17.299999 -101.573128
v -7.132237 17.299999 -101.528587
v -7.184864 17.299999 -101.486618
v -7.239518 17.299999 -101.447327
v -7.296062 17.299999 -101.410805
v -7.354357 17.299999 -101.377151
v -7.414257 17.299999 -101.346443
v -7.475613 17.299999 -101.318756
v -7.538273 17.299999 -101.294167
v -7.602080 17.299999 -101.272728
v -7.666878 17.299999 -101.254494
v -7.732503 17.299999 -101.239517
v -7.798793 17.299999 -101.227829
v -7.865583 17.299999 -101.219460
v -7.932708 17.299999 -101.214432
v -8.000000 17.299999 -101.212753
v -8.067292 17.299999 -101.214432
v -8.134417 17.299999 -101.219460
v -8.201207 17.299999 -101.227829
v -8.267497 17.299999 -101.239517
v -8.333122 17.299999 -101.254494
v -8.397920 17.299999 -101.272728
v -8.461727 17.299999 -101.294167
v -8.524387 17.299999 -101.318756
v -8.585743 17.299999 -101.346443
v -8.645643 17.299999 -101.377151
v -8.703938 17.299999 -101.410805
v -8.760482 17.299999 -101.447327
v -8.815136 17.299999 -101.486618
v -8.867764 17.299999 -101.528587
v -8.918233 17.299999 -101.573128
v -8.966420 17.299999 -101.620132
v -9.012204 17.299999 -101.669472
v -9.055472 17.299999 -101.721039
v -9.096116 17.299999 -101.774696
v -9.134035 17.299999 -101.830315
v -9.169134 17.299999 -101.887749
v -9.201327 17.299999 -101.946869
v -9.230533 17.299999 -102.007515
v -9.256680 17.299999 -102.069542
v -9.279702 17.299999 -102.132790
v -9.299542 17.299999 -102.197113
v -9.316153 17.299999 -102.262344
v -9.329491 17.299999 -102.328323
v -9.339523 17.299999 -102.394890
v -9.346225 17.299999 -102.461868
v -9.349581 17.299999 -102.529091
v -9.349581 17.299999 -102.596405
v -9.346225 17.299999 -102.663635
v -9.339523 17.299999 -102.730614
v -9.329491 17.299999 -102.797173
v -9.316153 17.299999 -102.863152
v -9.299542 17.299999 -102.928383
v -9.279702 17.299999 -102.992706
v -9.256680 17.299999 -103.055962
v -9.230533 17.299999 -103.117989
v -9.201327 17.299999 -103.178635
v -9.169134 17.299999 -103.237747
v -9.134035 17.299999 -103.295189
v -9.096116 17.299999 -103.350807
v -9.055472 17.299999 -103.404465
v -9.012204 17.299999 -103.456024
v -8.966420 17.299999 -103.505371
v -8.918233 17.299999 -103.552368
v -8.867764 17.299999 -103.596909
v -8.815136 17.299999 -103.638878
v -8.760482 17.299999 -103.678169
v -8.703938 17.299999 -103.714691
v -8.645643 17.299999 -103.748352
v -8.585743 17.299999 -103.779060
v -8.524387 17.299999 -103.806740
v -8.461727 17.299999 -103.831337
v -8.397920 17.299999 -103.852776
v -8.333122 17.299999 -103.871002
v -8.267497 17.299999 -103.885986
v -8.201207 17.299999 -103.897675
v -8.134417 17.299999 -103.906044
v -8.067292 17.299999 -103.911072
v -8.789119 17.600000 -104.011818
v -9.098475 17.900000 -104.173912
v -8.929478 17.600000 -103.926041
v -8.932595 17.900000 -104.275284
v -8.873979 18.200001 -104.636070
v -8.663199 18.200001 -104.712791
v -8.574773 17.900000 -104.426117
v -8.000000 17.600000 -104.212753
v -8.757448 17.900000 -104.359627
v -9.290022 17.600000 -103.591507
v -9.181180 17.600000 -103.714844
v -9.253436 17.900000 -104.056534
v -9.060599 17.600000 -103.826721
v -9.076072 18.200001 -104.538750
v -9.386043 17.600000 -103.457954
v -9.395941 17.900000 -103.924309
v -9.267470 18.200001 -104.421791
v -8.000000 18.200001 -104.812752
v -9.468288 17.600000 -103.315498
v -9.524571 17.900000 -103.778557
v -9.446272 18.200001 -104.286346
v -9.535942 17.600000 -103.165565
v -9.638050 17.900000 -103.620712
v -9.610701 18.200001 -104.133781
v -9.588330 17.600000 -103.009636
v -9.735250 17.900000 -103.452362
v -9.759121 18.200001 -103.965599
v -9.624933 17.600000 -102.849266
v -9.815204 17.900000 -103.275162
v -9.890059 18.200001 -103.783478
v -9.645387 17.600000 -102.686058
v -9.877117 17.900000 -103.090889
v -10.002212 18.200001 -103.589226
v -9.649487 17.600000 -102.521614
v -9.920375 17.900000 -102.901367
v -10.094466 18.200001 -103.384766
v -9.637195 17.600000 -102.357582
v -9.944548 17.900000 -102.708473
v -10.165905 18.200001 -103.172142
v -9.608631 17.600000 -102.195587
v -9.949394 17.900000 -102.514137
v -10.215817 18.200001 -102.953461
v -9.564080 17.600000 -102.037247
v -9.934867 17.900000 -102.320282
v -10.243709 18.200001 -102.730896
v -9.503984 17.600000 -101.884125
v -9.901110 17.900000 -102.128838
v -10.249301 18.200001 -102.506653
v -9.428942 17.600000 -101.737747
v -9.848458 17.900000 -101.941704
v -10.232538 18.200001 -102.282974
v -9.339698 17.600000 -101.599571
v -9.777436 17.900000 -101.760742
v -10.193588 18.200001 -102.062080
v -9.237139 17.600000 -101.470970
v -9.688749 17.900000 -101.587753
v -10.132836 18.200001 -101.846153
v -9.122285 17.600000 -101.353218
v -9.583279 17.900000 -101.424454
v -10.050888 18.200001 -101.637352
v -8.996277 17.600000 -101.247482
v -9.462073 17.900000 -101.272461
v -9.948557 18.200001 -101.437752
v -8.860368 17.600000 -101.154823
v -9.326337 17.900000 -101.133301
v -9.826860 18.200001 -101.249329
v -8.715908 17.600000 -101.076149
v -9.177419 17.900000 -101.008339
v -9.687008 18.200001 -101.073959
v -8.564333 17.600000 -101.012260
v -9.016799 17.900000 -100.898834
v -9.530389 18.200001 -100.913383
v -8.407149 17.600000 -100.963776
v -8.846073 17.900000 -100.805862
v -9.358560 18.200001 -100.769203
v -8.245920 17.600000 -100.931183
v -8.666940 17.900000 -100.730347
v -9.173229 18.200001 -100.642845
v -8.082246 17.600000 -100.914803
v -8.481177 17.900000 -100.673050
v -8.976238 18.200001 -100.535568
v -7.917754 17.600000 -100.914803
v -8.290632 17.900000 -100.634529
v -8.769546 18.200001 -100.448441
v -7.754080 17.600000 -100.931183
v -8.097199 17.900000 -100.615173
v -8.555204 18.200001 -100.382324
v -7.592850 17.600000 -100.963776
v -7.902801 17.900000 -100.615173
v -8.335345 18.200001 -100.337883
v -7.435667 17.600000 -101.012260
v -7.709368 17.900000 -100.634529
v -8.112153 18.200001 -100.315544
v -7.284092 17.600000 -101.076149
v -7.518823 17.900000 -100.673050
v -7.887847 18.200001 -100.315544
v -7.139632 17.600000 -101.154823
v -7.333061 17.900000 -100.730347
v -7.664655 18.200001 -100.337883
v -7.003723 17.600000 -101.247482
v -7.153927 17.900000 -100.805862
v -7.444796 18.200001 -100.382324
v -6.877715 17.600000 -101.353218
v -6.983202 17.900000 -100.898834
v -7.230454 18.200001 -100.448441
v -6.762861 17.600000 -101.470970
v -6.822581 17.900000 -101.008339
v -7.023762 18.200001 -100.535568
v -6.660302 17.600000 -101.599571
v -6.673663 17.900000 -101.133301
v -6.826771 18.200001 -100.642845
v -6.571058 17.600000 -101.737747
v -6.537927 17.900000 -101.272461
v -6.641440 18.200001 -100.769203
v -6.496016 17.600000 -101.884125
v -6.416721 17.900000 -101.424454
v -6.469611 18.200001 -100.913383
v -6.435920 17.600000 -102.037247
v -6.311251 17.900000 -101.587753
v -6.312992 18.200001 -101.073959
v -6.391369 17.600000 -102.195587
v -6.222564 17.900000 -101.760742
v -6.173140 18.200001 -101.249329
v -6.362805 17.600000 -102.357582
v -6.151542 17.900000 -101.941704
v -6.051443 18.200001 -101.437752
v -6.350513 17.600000 -102.521614
v -6.098891 17.900000 -102.128838
v -5.949112 18.200001 -101.637352
v -6.354614 17.600000 -102.686058
v -6.065134 17.900000 -102.320282
v -5.867164 18.200001 -101.846153
v -6.375067 17.600000 -102.849266
v -6.050606 17.900000 -102.514137
v -5.806412 18.200001 -102.062080
v -6.411670 17.600000 -103.009636
v -6.055453 17.900000 -102.708473
v -5.767462 18.200001 -102.282974
v -6.464058 17.600000 -103.165565
v -6.079625 17.900000 -102.901367
v -5.750700 18.200001 -102.506653
v -6.531712 17.600000 -103.315498
v -6.122883 17.900000 -103.090889
v -5.756291 18.200001 -102.730896
v -6.613957 17.600000 -103.457954
v -6.184796 17.900000 -103.275162
v -5.784183 18.200001 -102.953461
v -6.709978 17.600000 -103.591507
v -6.264750 17.900000 -103.452362
v -5.834095 18.200001 -103.172142
v -6.818820 17.600000 -103.714844
v -6.361949 17.900000 -103.620712
v -5.905534 18.200001 -103.384766
v -6.939401 17.600000 -103.826721
v -6.475429 17.900000 -103.778557
v -5.997788 18.200001 -103.589226
v -7.070522 17.600000 -103.926041
v -6.604060 17.900000 -103.924309
v -6.109941 18.200001 -103.783478
v -7.210881 17.600000 -104.011818
v -6.746564 17.900000 -104.056534
v -6.240879 18.200001 -103.965599
v -7.359083 17.600000 -104.083183
v -6.901526 17.900000 -104.173912
v -6.389299 18.200001 -104.133781
v -7.513654 17.600000 -104.139442
v -7.067405 17.900000 -104.275284
v -6.553728 18.200001 -104.286346
v -7.673059 17.600000 -104.180038
v -7.242552 17.900000 -104.359627
v -6.732530 18.200001 -104.421791
v -7.835713 17.600000 -104.204552
v -7.425228 17.900000 -104.426117
v -6.923929 18.200001 -104.538750
v -7.613615 17.900000 -104.474083
v -7.126022 18.200001 -104.636070
v -7.805843 17.900000 -104.503059
v -8.000000 17.900000 -104.512749
v -7.336801 18.200001 -104.712791
v -7.554171 18.200001 -104.768135
v -7.775972 18.200001 -104.801567
v -8.164287 17.600000 -104.204552
v -8.326941 17.600000 -104.180038
v -8.486346 17.600000 -104.139442
v -8.194158 17.900000 -104.503059
v -8.640918 17.600000 -104.083183
v -8.386385 17.900000 -104.474083
v -8.224028 18.200001 -104.801567
v -8.445828 18.200001 -104.768135
v 8.000000 17.299999 -103.912750
v 8.067292 17.299999 -103.911072
v 8.134417 17.299999 -103.906044
v 8.201207 17.299999 -103.897675
v 8.267497 17.299999 -103.885986
v 8.333122 17.299999 -103.871002
v 8.397920 17.299999 -103.852776
v 8.461727 17.299999 -103.831337
v 8.524387 17.299999 -103.806740
v 8.585743 17.299999 -103.779060
v 8.645643 17.299999 -103.748352
v 8.703938 17.299999 -103.714691
v 8.760482 17.299999 -103.678169
v 8.815136 17.299999 -103.638878
v 8.867764 17.299999 -103.596909
v 8.918233 17.299999 -103.552368
v 8.966420 17.299999 -103.505371
v 9.012204 17.299999 -103.456024
v 9.055472 17.299999 -103.404465
v 9.096116 17.299999 -103.350807
v 9.134035 17.299999 -103.295189
v 9.169134 17.299999 -103.237747
v 9.201327 17.299999 -103.178635
v 9.230533 17.299999 -103.117989
v 9.256680 17.299999 -103.055962
v 9.279702 17.299999 -102.992706
v 9.299542 17.299999 -102.928383
v 9.316153 17.299999 -102.863152
v 9.329491 17.299999 -102.797173
v 9.339523 17.299999 -102.730614
v 9.346225 17.299999 -102.663635
v 9.349581 17.299999 -102.596405
v 9.349581 17.299999 -102.529091
v 9.346225 17.299999 -102.461868
v 9.339523 17.299999 -102.394890
v 9.329491 17.299999 -102.328323
v 9.316153 17.299999 -102.262344
v 9.299542 17.299999 -102.197113
v 9.279702 17.299999 -102.132790
v 9.256680 17.299999 -102.069542
v 9.230533 17.299999 -102.007515
v 9.201327 17.299999 -101.946869
v 9.169134 17.299999 -101.887749
v 9.134035 17.299999 -101.830315
v 9.096116 17.299999 -101.774696
v 9.055472 17.299999 -101.721039
v 9.012204 17.299999 -101.669472
v 8.966420 17.299999 -101.620132
v 8.918233 17.299999 -101.573128
v 8.867764 17.299999 -101.528587
v 8.815136 17.299999 -101.486618
v 8.760482 17.299999 -101.447327
v 8.703938 17.299999 -101.410805
v 8.645643 17.299999 -101.377151
v 8.585743 17.299999 -101.346443
v 8.524387 17.299999 -101.318756
v 8.461727 17.299999 -101.294167
v 8.397920 17.299999 -101.272728
v 8.333122 17.299999 -101.254494
v 8.267497 17.299999 -101.239517
v 8.201207 17.299999 -101.227829
v 8.134417 17.299999 -101.219460
v 8.067292 17.299999 -101.214432
v 8.000000 17.299999 -101.212753
v 7.932708 17.299999 -101.214432
v 7.865583 17.299999 -101.219460
v 7.798793 17.299999 -101.227829
v 7.732503 17.299999 -101.239517
v 7.666878 17.299999 -101.254494
v 7.602080 17.299999 -101.272728
v 7.538273 17.299999 -101.294167
v 7.475613 17.299999 -101.318756
v 7.414257 17.299999 -101.346443
v 7.354357 17.299999 -101.377151
v 7.296062 17.299999 -101.410805
v 7.239518 17.299999 -101.447327
v 7.184864 17.299999 -101.486618
v 7.132237 17.299999 -101.528587
v 7.081767 17.299999 -101.573128
v 7.033580 17.299999 -101.620132
v 6.987795 17.299999 -101.669472
v 6.944528 17.299999 -101.721039
v 6.903883 17.299999 -101.774696
v 6.865965 17.299999 -101.830315
v 6.830866 17.299999 -101.887749
v 6.798673 17.299999 -101.946869
v 6.769467 17.299999 -102.007515
v 6.743320 17.299999 -102.069542
v 6.720298 17.299999 -102.132790
v 6.700457 17.299999 -102.197113
v 6.683847 17.299999 -102.262344
v 6.670509 17.299999 -102.328323
v 6.660477 17.299999 -102.394890
v 6.653775 17.299999 -102.461868
v 6.650420 17.299999 -102.529091
v 6.650420 17.299999 -102.596405
v 6.653775 17.299999 -102.663635
v 6.660477 17.299999 -102.730614
v 6.670509 17.299999 -102.797173
v 6.683847 17.299999 -102.863152
v 6.700457 17.299999 -102.928383
v 6.720298 17.299999 -102.992706
v 6.743320 17.299999 -103.055962
v 6.769467 17.299999 -103.117989
v 6.798673 17.299999 -103.178635
v 6.830866 17.299999 -103.237747
v 6.865965 17.299999 -103.295189
v 6.903883 17.299999 -103.350807
v 6.944528 17.299999 -103.404465
v 6.987795 17.299999 -103.456024
v 7.033580 17.299999 -103.505371
v 7.081767 17.299999 -103.552368
v 7.132237 17.299999 -103.596909
v 7.184864 17.299999 -103.638878
v 7.239518 17.299999 -103.678169
v 7.296062 17.299999 -103.714691
v 7.354357 17.299999 -103.748352
v 7.414257 17.299999 -103.779060
v 7.475613 17.299999 -103.806740
v 7.538273 17.299999 -103.831337
v 7.602080 17.299999 -103.852776
v 7.666878 17.299999 -103.871002
v 7.732503 17.299999 -103.885986
v 7.798793 17.299999 -103.897675
v 7.865583 17.299999 -103.906044
v 7.932708 17.299999 -103.911072
v 7.210881 17.600000 -104.011818
v 6.901526 17.900000 -104.173912
v 7.070522 17.600000 -103.926041
v 7.067405 17.900000 -104.275284
v 7.126022 18.200001 -104.636070
v 7.336801 18.200001 -104.712791
v 7.425228 17.900000 -104.426117
v 8.000000 17.600000 -104.212753
v 7.242552 17.900000 -104.359627
v 6.709978 17.600000 -103.591507
v 6.818820 17.600000 -103.714844
v 6.746564 17.900000 -104.056534
v 6.939401 17.600000 -103.826721
v 6.923929 18.200001 -104.538750
v 6.613957 17.600000 -103.457954
v 6.604060 17.900000 -103.924309
v 6.732530 18.200001 -104.421791
v 8.000000 18.200001 -104.812752
v 6.531712 17.600000 -103.315498
v 6.475429 17.900000 -103.778557
v 6.553728 18.200001 -104.286346
v 6.464058 17.600000 -103.165565
v 6.361949 17.900000 -103.620712
v 6.389299 18.200001 -104.133781
v 6.411670 17.600000 -103.009636
v 6.264750 17.900000 -103.452362
v 6.240879 18.200001 -103.965599
v 6.375067 17.600000 -102.849266
v 6.184796 17.900000 -103.275162
v 6.109941 18.200001 -103.783478
v 6.354614 17.600000 -102.686058
v 6.122883 17.900000 -103.090889
v 5.997788 18.200001 -103.589226
v 6.350513 17.600000 -102.521614
v 6.079625 17.900000 -102.901367
v 5.905534 18.200001 -103.384766
v 6.362805 17.600000 -102.357582
v 6.055453 17.900000 -102.708473
v 5.834095 18.200001 -103.172142
v 6.391369 17.600000 -102.195587
v 6.050606 17.900000 -102.514137
v 5.784183 18.200001 -102.953461
v 6.435920 17.600000 -102.037247
v 6.065134 17.900000 -102.320282
v 5.756291 18.200001 -102.730896
v 6.496016 17.600000 -101.884125
v 6.098891 17.900000 -102.128838
v 5.750700 18.200001 -102.506653
v 6.571058 17.600000 -101.737747
v 6.151542 17.900000 -101.941704
v 5.767462 18.200001 -102.282974
v 6.660302 17.600000 -101.599571
v 6.222564 17.900000 -101.760742
v 5.806412 18.200001 -102.062080
v 6.762861 17.600000 -101.470970
v 6.311251 17.900000 -101.587753
v 5.867164 18.200001 -101.846153
v 6.877715 17.600000 -101.353218
v 6.416721 17.900000 -101.424454
v 5.949112 18.200001 -101.637352
v 7.003723 17.600000 -101.247482
v 6.537927 17.900000 -101.272461
v 6.051443 18.200001 -101.437752
v 7.139632 17.600000 -101.154823
v 6.673663 17.900000 -101.133301
v 6.173140 18.200001 -101.249329
v 7.284092 17.600000 -101.076149
v 6.822581 17.900000 -101.008339
v 6.312992 18.200001 -101.073959
v 7.435667 17.600000 -101.012260
v 6.983202 17.900000 -100.898834
v 6.469611 18.200001 -100.913383
v 7.592850 17.600000 -100.963776
v 7.153927 17.900000 -100.805862
v 6.641440 18.200001 -100.769203
v 7.754080 17.600000 -100.931183
v 7.333061 17.900000 -100.730347
v 6.826771 18.200001 -100.642845
v 7.917754 17.600000 -100.914803
v 7.518823 17.900000 -100.673050
v 7.023762 18.200001 -100.535568
v 8.082246 17.600000 -100.914803
v 7.709368 17.900000 -100.634529
v 7.230454 18.200001 -100.448441
v 8.245920 17.600000 -100.931183
v 7.902801 17.900000 -100.615173
v 7.444796 18.200001 -100.382324
v 8.407149 17.600000 -100.963776
v 8.097199 17.900000 -100.615173
v 7.664655 18.200001 -100.337883
v 8.564333 17.600000 -101.012260
v 8.290632 17.900000 -100.634529
v 7.887847 18.200001 -100.315544
v 8.715908 17.600000 -101.076149
v 8.481177 17.900000 -100.673050
v 8.112153 18.200001 -100.315544
v 8.860368 17.600000 -101.154823
v 8.666940 17.900000 -100.730347
v 8.335345 18.200001 -100.337883
v 8.996277 17.600000 -101.247482
v 8.846073 17.900000 -100.805862
v 8.555204 18.200001 -100.382324
v 9.122285 17.600000 -101.353218
v 9.016799 17.900000 -100.898834
v 8.769546 18.200001 -100.448441
v 9.237139 17.600000 -101.470970
v 9.177419 17.900000 -101.008339
v 8.976238 18.200001 -100.535568
v 9.339698 17.600000 -101.599571
v 9.326337 17.900000 -101.133301
v 9.173229 18.200001 -100.642845
v 9.428942 17.600000 -101.737747
v 9.462073 17.900000 -101.272461
v 9.358560 18.200001 -100.769203
v 9.503984 17.600000 -101.884125
v 9.583279 17.900000 -101.424454
v 9.530389 18.200001 -100.913383
v 9.564080 17.600000 -102.037247
v 9.688749 17.900000 -101.587753
v 9.687008 18.200001 -101.073959
v 9.608631 17.600000 -102.195587
v 9.777436 17.900000 -101.760742
v 9.826860 18.200001 -101.249329
v 9.637195 17.600000 -102.357582
v 9.848458 17.900000 -101.941704
v 9.948557 18.200001 -101.437752
v 9.649487 17.600000 -102.521614
v 9.901110 17.900000 -102.128838
v 10.050888 18.200001 -101.637352
v 9.645387 17.600000 -102.686058
v 9.934867 17.900000 -102.320282
v 10.132836 18.200001 -101.846153
v 9.624933 17.600000 -102.849266
v 9.949394 17.900000 -102.514137
v 10.193588 18.200001 -102.062080
v 9.588330 17.600000 -103.009636
v 9.944548 17.900000 -102.708473
v 10.232538 18.200001 -102.282974
v 9.535942 17.600000 -103.165565
v 9.920375 17.900000 -102.901367
v 10.249301 18.200001 -102.506653
v 9.468288 17.600000 -103.315498
v 9.877117 17.900000 -103.090889
v 10.243709 18.200001 -102.730896
v 9.386043 17.600000 -103.457954
v 9.815204 17.900000 -103.275162
v 10.215817 18.200001 -102.953461
v 9.290022 17.600000 -103.591507
v 9.735250 17.900000 -103.452362
v 10.165905 18.200001 -103.172142
v 9.181180 17.600000 -103.714844
v 9.638050 17.900000 -103.620712
v 10.094466 18.200001 -103.384766
v 9.060599 17.600000 -103.826721
v 9.524571 17.900000 -103.778557
v 10.002212 18.200001 -103.589226
v 8.929478 17.600000 -103.926041
v 9.395941 17.900000 -103.924309
v 9.890059 18.200001 -103.783478
v 8.789119 17.600000 -104.011818
v 9.253436 17.900000 -104.056534
v 9.759121 18.200001 -103.965599
v 8.640918 17.600000 -104.083183
v 9.098475 17.900000 -104.173912
v 9.610701 18.200001 -104.133781
v 8.486346 17.600000 -104.139442
v 8.932595 17.900000 -104.275284
v 9.446272 18.200001 -104.286346
v 8.326941 17.600000 -104.180038
v 8.757448 17.900000 -104.359627
v 9.267470 18.200001 -104.421791
v 8.164287 17.600000 -104.204552
v 8.574773 17.900000 -104.426117
v 9.076072 18.200001 -104.538750
v 8.386385 17.900000 -104.474083
v 8.873979 18.200001 -104.636070
v 8.194158 17.900000 -104.503059
v 8.000000 17.900000 -104.512749
v 8.663199 18.200001 -104.712791
v 8.445828 18.200001 -104.768135
v 8.224028 18.200001 -104.801567
v 7.835713 17.600000 -104.204552
v 7.673059 17.600000 -104.180038
v 7.513654 17.600000 -104.139442
v 7.805843 17.900000 -104.503059
v 7.359083 17.600000 -104.083183
v 7.613615 17.900000 -104.474083
v 7.775972 18.200001 -104.801567
v 7.554171 18.200001 -104.768135
v 18.752209 -8.002210 -119.164124
v 18.758837 -8.008836 -119.015625
v 18.769875 -8.019875 -118.867386
v 18.785315 -8.035314 -118.719543
v 18.805141 -8.055141 -118.572227
v 18.829338 -8.079339 -118.425568
v 18.857885 -8.107885 -118.279686
v 18.890757 -8.140756 -118.134720
v 18.927921 -8.177921 -117.990799
v 18.969349 -8.219348 -117.848045
v 19.014999 -8.265000 -117.706581
v 19.064837 -8.314837 -117.566536
v 19.118814 -8.368815 -117.428040
v 19.176886 -8.426887 -117.291206
v 19.238998 -8.488999 -117.156158
v 19.305099 -8.555099 -117.023026
v 19.375128 -8.625127 -116.891907
v 19.449022 -8.699022 -116.762932
v 19.526718 -8.776718 -116.636208
v 19.608147 -8.858147 -116.511848
v 19.693235 -8.943236 -116.389969
v 19.781912 -9.031911 -116.270668
v 19.874092 -9.124093 -116.154060
v 19.969700 -9.219701 -116.040237
v 20.068649 -9.318649 -115.929314
v 20.170851 -9.420851 -115.821373
v 20.276217 -9.526217 -115.716522
v 20.421463 -9.671463 -115.581688
v 20.591105 -9.841105 -115.437004
v 20.767029 -10.017029 -115.300034
v 20.948883 -10.198883 -115.171043
v 21.136307 -10.386307 -115.050285
v 21.328928 -10.578929 -114.938004
v 21.526363 -10.776364 -114.834419
v 21.728220 -10.978221 -114.739738
v 21.934097 -11.184098 -114.654160
v 22.143585 -11.393585 -114.577835
v 22.356268 -11.606268 -114.510925
v 22.571720 -11.821721 -114.453568
v 22.789516 -12.039517 -114.405869
v 23.009224 -12.259223 -114.367928
v 23.230402 -12.480402 -114.339821
v 23.452614 -12.702614 -114.321602
v 23.601242 -12.851241 -114.314964
v -18.752209 -8.002210 -119.164124
v -18.758837 -8.008836 -119.015625
v -18.769875 -8.019875 -118.867386
v -18.785315 -8.035314 -118.719543
v -18.805141 -8.055141 -118.572227
v -18.829338 -8.079339 -118.425568
v -18.857885 -8.107885 -118.279686
v -18.890757 -8.140756 -118.134720
v -18.927921 -8.177921 -117.990799
v -18.969349 -8.219348 -117.848045
v -19.014999 -8.265000 -117.706581
v -19.064837 -8.314837 -117.566536
v -19.118814 -8.368815 -117.428040
v -19.176886 -8.426887 -117.291206
v -19.238998 -8.488999 -117.156158
v -19.305099 -8.555099 -117.023026
v -19.375128 -8.625127 -116.891907
v -19.449022 -8.699022 -116.762932
v -19.526718 -8.776718 -116.636208
v -19.608147 -8.858147 -116.511848
v -19.693235 -8.943236 -116.389969
v -19.781912 -9.031911 -116.270668
v -19.874092 -9.124093 -116.154060
v -19.969700 -9.219701 -116.040237
v -20.068649 -9.318649 -115.929314
v -20.170851 -9.420851 -115.821373
v -20.276217 -9.526217 -115.716522
v -20.421463 -9.671463 -115.581688
v -20.591105 -9.841105 -115.437004
v -20.767029 -10.017029 -115.300034
v -20.948883 -10.198883 -115.171043
v -21.136307 -10.386307 -115.050285
v -21.328928 -10.578929 -114.938004
v -21.526363 -10.776364 -114.834419
v -21.728220 -10.978221 -114.739738
v -21.934097 -11.184098 -114.654160
v -22.143585 -11.393585 -114.577835
v -22.356268 -11.606268 -114.510925
v -22.571720 -11.821721 -114.453568
v -22.789516 -12.039517 -114.405869
v -23.009224 -12.259223 -114.367928
v -23.230402 -12.480402 -114.339821
v -23.452614 -12.702614 -114.321602
v -23.601242 -12.851241 -114.314964
v -8.915558 -0.609254 -129.243988
v -9.078405 -0.609254 -129.144485
v -8.895082 -0.913880 -129.206390
v -9.175498 -1.218507 -128.963654
v -9.339789 -0.913880 -128.869537
v -9.309141 -1.218507 -128.839645
v -9.203017 -0.913880 -128.996445
v -8.760240 -0.304627 -129.366257
v -8.936032 -0.304627 -129.281601
v -8.743609 -0.609254 -129.326797
v -8.000000 -1.523134 -129.348694
v -8.000000 -1.218507 -129.391495
v -8.089022 -1.523134 -129.346466
v -9.450070 -1.523134 -128.605286
v -9.536198 -1.218507 -128.554932
v -9.500234 -1.523134 -128.531708
v -9.546667 -1.523134 -128.455719
v -9.429774 -1.218507 -128.702957
v -9.230536 -0.609254 -129.029251
v -9.054289 -0.913880 -129.109100
v -9.463246 -0.913880 -128.729645
v -9.102523 -0.304627 -129.179855
v -9.627353 -1.218507 -128.397049
v -9.589255 -1.523134 -128.377518
v -9.627892 -1.523134 -128.297287
v -9.370438 -0.609254 -128.899445
v -9.572161 -0.913880 -128.578156
v -9.258056 -0.304627 -129.062042
v -8.000000 -0.304627 -129.519943
v -9.702335 -1.218507 -128.230865
v -9.662482 -1.523134 -128.215225
v -9.692939 -1.523134 -128.131546
v -9.496718 -0.609254 -128.756348
v -9.665451 -0.913880 -128.416580
v -9.401086 -0.304627 -128.929337
v -9.760399 -1.218507 -128.058044
v -9.719187 -1.523134 -128.046448
v -9.741160 -1.523134 -127.960159
v -9.608125 -0.609254 -128.601395
v -9.742188 -0.913880 -128.246506
v -9.530190 -0.304627 -128.783035
v -9.800967 -1.218507 -127.880310
v -9.758805 -1.523134 -127.872871
v -9.772078 -1.523134 -127.784821
v -9.703548 -0.609254 -128.436111
v -9.801612 -0.913880 -128.069641
v -9.644088 -0.304627 -128.624619
v -9.823636 -1.218507 -127.699409
v -9.780944 -1.523134 -127.696213
v -9.785382 -1.523134 -127.607277
v -9.782042 -0.609254 -128.262146
v -9.843129 -0.913880 -127.887741
v -9.741646 -0.304627 -128.455643
v -9.828181 -1.218507 -127.517159
v -9.785382 -1.523134 -127.518227
v -9.780944 -1.523134 -127.429283
v -9.842824 -0.609254 -128.081238
v -9.866329 -0.913880 -127.702614
v -9.821895 -0.304627 -128.277786
v -9.814557 -1.218507 -127.335358
v -9.772078 -1.523134 -127.340683
v -9.758805 -1.523134 -127.252625
v -9.885291 -0.609254 -127.895180
v -9.870981 -0.913880 -127.516090
v -9.884036 -0.304627 -128.092834
v -9.782900 -1.218507 -127.155815
v -9.741160 -1.523134 -127.165344
v -9.719187 -1.523134 -127.079048
v -9.909022 -0.609254 -127.705811
v -9.857038 -0.913880 -127.330032
v -9.927453 -0.304627 -127.902611
v -9.733522 -1.218507 -126.980316
v -9.692939 -1.523134 -126.993950
v -9.662482 -1.523134 -126.910271
v -9.913780 -0.609254 -127.515022
v -9.824638 -0.913880 -127.146286
v -9.951715 -0.304627 -127.709007
v -9.666916 -1.218507 -126.810608
v -9.627892 -1.523134 -126.828217
v -9.589255 -1.523134 -126.747986
v -9.899518 -0.609254 -127.324707
v -9.774105 -0.913880 -126.966682
v -9.956579 -0.304627 -127.513954
v -9.583744 -1.218507 -126.648376
v -9.546667 -1.523134 -126.669785
v -9.500234 -1.523134 -126.593796
v -9.866378 -0.609254 -127.136765
v -9.705940 -0.913880 -126.792999
v -9.941998 -0.304627 -127.319389
v -9.484832 -1.218507 -126.495232
v -9.450070 -1.523134 -126.520218
v -9.396302 -1.523134 -126.449234
v -9.814689 -0.609254 -126.953049
v -9.620821 -0.913880 -126.626968
v -9.908116 -0.304627 -127.127235
v -9.371162 -1.218507 -126.352692
v -9.339063 -1.523134 -126.381020
v -9.278494 -1.523134 -126.315742
v -9.744964 -0.609254 -126.775391
v -9.519592 -0.913880 -126.470238
v -9.855271 -0.304627 -126.939415
v -9.243866 -1.218507 -126.222183
v -9.214746 -1.523134 -126.253563
v -9.147979 -1.523134 -126.194641
v -9.657897 -0.609254 -126.605560
v -9.403262 -0.913880 -126.324364
v -9.783988 -0.304627 -126.757782
v -9.104207 -1.218507 -126.104996
v -9.078357 -1.523134 -126.139122
v -9.006055 -1.523134 -126.087143
v -9.554354 -0.609254 -126.445244
v -9.272985 -0.913880 -126.190796
v -9.694974 -0.304627 -126.584160
v -8.953574 -1.218507 -126.002296
v -8.931251 -1.523134 -126.038826
v -8.854132 -1.523134 -125.994301
v -9.435363 -0.609254 -126.296036
v -9.130057 -0.913880 -126.070869
v -9.589115 -0.304627 -126.420258
v -8.793465 -1.218507 -125.915100
v -8.774889 -1.523134 -125.953674
v -8.693720 -1.523134 -125.917053
v -9.302106 -0.609254 -126.159416
v -8.975899 -0.913880 -125.965759
v -9.467463 -0.304627 -126.267708
v -8.625469 -1.218507 -125.844284
v -8.610826 -1.523134 -125.884521
v -8.526414 -1.523134 -125.856155
v -9.155908 -0.609254 -126.036743
v -8.812040 -0.913880 -125.876534
v -9.331225 -0.304627 -126.128029
v -8.451258 -1.218507 -125.790550
v -8.440693 -1.523134 -125.832039
v -8.353877 -1.523134 -125.812225
v -8.998222 -0.609254 -125.929230
v -8.640112 -0.913880 -125.804054
v -9.181759 -0.304627 -126.002609
v -8.272561 -1.218507 -125.754425
v -8.266180 -1.523134 -125.796761
v -8.177822 -1.523134 -125.785690
v -8.830616 -0.609254 -125.837959
v -8.461822 -0.913880 -125.749062
v -9.020547 -0.304627 -125.892700
v -8.091156 -1.218507 -125.736275
v -8.089022 -1.523134 -125.779030
v -8.000000 -1.523134 -125.776810
v -8.654755 -0.609254 -125.763824
v -8.278942 -0.913880 -125.712090
v -8.849192 -0.304627 -125.799385
v -7.908844 -1.218507 -125.736275
v -7.910978 -1.523134 -125.779030
v -7.822178 -1.523134 -125.785690
v -8.472386 -0.609254 -125.707573
v -8.093289 -0.913880 -125.693512
v -8.669397 -0.304627 -125.723595
v -7.727439 -1.218507 -125.754425
v -7.733820 -1.523134 -125.796761
v -7.646123 -1.523134 -125.812225
v -8.285323 -0.609254 -125.669754
v -7.906710 -0.913880 -125.693512
v -8.482950 -0.304627 -125.666084
v -7.548742 -1.218507 -125.790550
v -7.559307 -1.523134 -125.832039
v -7.473586 -1.523134 -125.856155
v -8.095424 -0.609254 -125.650757
v -7.721058 -0.913880 -125.712090
v -8.291703 -0.304627 -125.627426
v -7.374531 -1.218507 -125.844284
v -7.389174 -1.523134 -125.884521
v -7.306280 -1.523134 -125.917053
v -7.904576 -0.609254 -125.650757
v -7.538178 -0.913880 -125.749062
v -8.097558 -0.304627 -125.607994
v -7.206535 -1.218507 -125.915100
v -7.225111 -1.523134 -125.953674
v -7.145868 -1.523134 -125.994301
v -7.714677 -0.609254 -125.669754
v -7.359888 -0.913880 -125.804054
v -7.902442 -0.304627 -125.607994
v -7.046425 -1.218507 -126.002296
v -7.068749 -1.523134 -126.038826
v -6.993946 -1.523134 -126.087143
v -7.527614 -0.609254 -125.707573
v -7.187960 -0.913880 -125.876534
v -7.708296 -0.304627 -125.627426
v -6.895792 -1.218507 -126.104996
v -6.921643 -1.523134 -126.139122
v -6.852022 -1.523134 -126.194641
v -7.345245 -0.609254 -125.763824
v -7.024101 -0.913880 -125.965759
v -7.517049 -0.304627 -125.666084
v -6.756134 -1.218507 -126.222183
v -6.785254 -1.523134 -126.253563
v -6.721507 -1.523134 -126.315742
v -7.169384 -0.609254 -125.837959
v -6.869942 -0.913880 -126.070869
v -7.330603 -0.304627 -125.723595
v -6.628838 -1.218507 -126.352692
v -6.660938 -1.523134 -126.381020
v -6.603698 -1.523134 -126.449234
v -7.001778 -0.609254 -125.929230
v -6.727014 -0.913880 -126.190796
v -7.150808 -0.304627 -125.799385
v -6.515168 -1.218507 -126.495232
v -6.549930 -1.523134 -126.520218
v -6.499766 -1.523134 -126.593796
v -6.844092 -0.609254 -126.036743
v -6.596737 -0.913880 -126.324364
v -6.979454 -0.304627 -125.892700
v -6.416256 -1.218507 -126.648376
v -6.453333 -1.523134 -126.669785
v -6.410745 -1.523134 -126.747986
v -6.697894 -0.609254 -126.159416
v -6.480407 -0.913880 -126.470238
v -6.818242 -0.304627 -126.002609
v -6.333084 -1.218507 -126.810608
v -6.372108 -1.523134 -126.828217
v -6.337518 -1.523134 -126.910271
v -6.564638 -0.609254 -126.296036
v -6.379179 -0.913880 -126.626968
v -6.668775 -0.304627 -126.128029
v -6.266478 -1.218507 -126.980316
v -6.307061 -1.523134 -126.993950
v -6.280813 -1.523134 -127.079048
v -6.445646 -0.609254 -126.445244
v -6.294060 -0.913880 -126.792999
v -6.532537 -0.304627 -126.267708
v -6.217101 -1.218507 -127.155815
v -6.258840 -1.523134 -127.165344
v -6.241195 -1.523134 -127.252625
v -6.342103 -0.609254 -126.605560
v -6.225895 -0.913880 -126.966682
v -6.410885 -0.304627 -126.420258
v -6.185442 -1.218507 -127.335358
v -6.227923 -1.523134 -127.340683
v -6.219056 -1.523134 -127.429283
v -6.255036 -0.609254 -126.775391
v -6.175362 -0.913880 -127.146286
v -6.305026 -0.304627 -126.584160
v -6.171818 -1.218507 -127.517159
v -6.214618 -1.523134 -127.518227
v -6.214618 -1.523134 -127.607277
v -6.185312 -0.609254 -126.953049
v -6.142962 -0.913880 -127.330032
v -6.216012 -0.304627 -126.757782
v -6.176363 -1.218507 -127.699409
v -6.219056 -1.523134 -127.696213
v -6.227923 -1.523134 -127.784821
v -6.133622 -0.609254 -127.136765
v -6.129019 -0.913880 -127.516090
v -6.144729 -0.304627 -126.939415
v -6.199033 -1.218507 -127.880310
v -6.241195 -1.523134 -127.872871
v -6.258840 -1.523134 -127.960159
v -6.100482 -0.609254 -127.324707
v -6.133671 -0.913880 -127.702614
v -6.091883 -0.304627 -127.127235
v -6.239601 -1.218507 -128.058044
v -6.280813 -1.523134 -128.046448
v -6.307061 -1.523134 -128.131546
v -6.086220 -0.609254 -127.515022
v -6.156871 -0.913880 -127.887741
v -6.058002 -0.304627 -127.319389
v -6.297665 -1.218507 -128.230865
v -6.337518 -1.523134 -128.215225
v -6.372108 -1.523134 -128.297287
v -6.090978 -0.609254 -127.705811
v -6.198389 -0.913880 -128.069641
v -6.043421 -0.304627 -127.513954
v -6.372647 -1.218507 -128.397049
v -6.410745 -1.523134 -128.377518
v -6.453333 -1.523134 -128.455719
v -6.114708 -0.609254 -127.895180
v -6.257812 -0.913880 -128.246506
v -6.048285 -0.304627 -127.709007
v -6.463803 -1.218507 -128.554932
v -6.499766 -1.523134 -128.531708
v -6.549930 -1.523134 -128.605286
v -6.157176 -0.609254 -128.081238
v -6.334549 -0.913880 -128.416580
v -6.072546 -0.304627 -127.902611
v -6.570226 -1.218507 -128.702957
v -6.603698 -1.523134 -128.676270
v -6.660938 -1.523134 -128.744476
v -6.217958 -0.609254 -128.262146
v -6.427839 -0.913880 -128.578156
v -6.115964 -0.304627 -128.092834
v -6.690858 -1.218507 -128.839645
v -6.721507 -1.523134 -128.809753
v -6.785254 -1.523134 -128.871933
v -6.296452 -0.609254 -128.436111
v -6.536754 -0.913880 -128.729645
v -6.178105 -0.304627 -128.277786
v -6.824502 -1.218507 -128.963654
v -6.852022 -1.523134 -128.930862
v -6.921643 -1.523134 -128.986374
v -6.391875 -0.609254 -128.601395
v -6.660211 -0.913880 -128.869537
v -6.258354 -0.304627 -128.455643
v -6.969829 -1.218507 -129.073730
v -6.993946 -1.523134 -129.038361
v -7.068749 -1.523134 -129.086670
v -6.503282 -0.609254 -128.756348
v -6.796983 -0.913880 -128.996445
v -6.355912 -0.304627 -128.624619
v -7.125393 -1.218507 -129.168793
v -7.145868 -1.523134 -129.131195
v -7.225111 -1.523134 -129.171829
v -6.629562 -0.609254 -128.899445
v -6.945711 -0.913880 -129.109100
v -6.469809 -0.304627 -128.783035
v -7.289650 -1.218507 -129.247894
v -7.306280 -1.523134 -129.208450
v -7.389174 -1.523134 -129.240982
v -6.769464 -0.609254 -129.029251
v -7.104918 -0.913880 -129.206390
v -6.598914 -0.304627 -128.929337
v -7.460967 -1.218507 -129.310257
v -7.473586 -1.523134 -129.269348
v -7.559307 -1.523134 -129.293457
v -6.921594 -0.609254 -129.144485
v -7.273020 -0.913880 -129.287354
v -6.741944 -0.304627 -129.062042
v -7.637640 -1.218507 -129.355240
v -7.646123 -1.523134 -129.313278
v -7.733820 -1.523134 -129.328735
v -7.084443 -0.609254 -129.243988
v -7.448347 -0.913880 -129.351166
v -6.897477 -0.304627 -129.179855
v -7.817915 -1.218507 -129.382416
v -7.910978 -1.523134 -129.346466
v -7.822178 -1.523134 -129.339813
v -8.000000 -0.913880 -129.434311
v -7.256390 -0.609254 -129.326797
v -7.629157 -0.913880 -129.397202
v -7.063967 -0.304627 -129.281601
v -7.435728 -0.609254 -129.392075
v -7.813653 -0.913880 -129.425018
v -7.239760 -0.304627 -129.366257
v -7.620674 -0.609254 -129.439163
v -7.423109 -0.304627 -129.432983
v -7.809390 -0.609254 -129.467606
v -8.000000 -0.609254 -129.477127
v -7.612191 -0.304627 -129.481125
v -7.805127 -0.304627 -129.510208
v -8.177822 -1.523134 -129.339813
v -8.182085 -1.218507 -129.382416
v -8.266180 -1.523134 -129.328735
v -8.362360 -1.218507 -129.355240
v -8.353877 -1.523134 -129.313278
v -8.440693 -1.523134 -129.293457
v -8.186347 -0.913880 -129.425018
v -8.539034 -1.218507 -129.310257
v -8.526414 -1.523134 -129.269348
v -8.610826 -1.523134 -129.240982
v -8.370843 -0.913880 -129.397202
v -8.710350 -1.218507 -129.247894
v -8.693720 -1.523134 -129.208450
v -8.774889 -1.523134 -129.171829
v -8.190610 -0.609254 -129.467606
v -8.551653 -0.913880 -129.351166
v -8.874607 -1.218507 -129.168793
v -8.854132 -1.523134 -129.131195
v -8.931251 -1.523134 -129.086670
v -8.379326 -0.609254 -129.439163
v -8.726980 -0.913880 -129.287354
v -8.194873 -0.304627 -129.510208
v -9.030171 -1.218507 -129.073730
v -9.006055 -1.523134 -129.038361
v -9.078357 -1.523134 -128.986374
v -8.564272 -0.609254 -129.392075
v -8.387809 -0.304627 -129.481125
v -9.147979 -1.523134 -128.930862
v -9.214746 -1.523134 -128.871933
v -8.576891 -0.304627 -129.432983
v -9.278494 -1.523134 -128.809753
v -9.339063 -1.523134 -128.744476
v -9.396302 -1.523134 -128.676270
v 7.104918 -0.913880 -161.206390
v 6.921594 -0.609254 -161.144485
v 6.945711 -0.913880 -161.109100
v 7.084443 -0.609254 -161.243988
v 6.824502 -1.218507 -160.963654
v 6.660211 -0.913880 -160.869537
v 6.690858 -1.218507 -160.839645
v 6.796983 -0.913880 -160.996445
v 7.239760 -0.304627 -161.366257
v 7.063967 -0.304627 -161.281601
v 7.256390 -0.609254 -161.326797
v 8.000000 -1.523134 -161.348694
v 8.000000 -1.218507 -161.391495
v 7.910978 -1.523134 -161.346466
v 6.549930 -1.523134 -160.605286
v 6.463803 -1.218507 -160.554932
v 6.499766 -1.523134 -160.531708
v 6.453333 -1.523134 -160.455719
v 6.570226 -1.218507 -160.702957
v 6.769464 -0.609254 -161.029251
v 6.536754 -0.913880 -160.729645
v 6.897477 -0.304627 -161.179855
v 6.372647 -1.218507 -160.397049
v 6.410745 -1.523134 -160.377518
v 6.372108 -1.523134 -160.297287
v 6.629562 -0.609254 -160.899445
v 6.427839 -0.913880 -160.578156
v 8.000000 -0.304627 -161.519943
v 6.741944 -0.304627 -161.062042
v 6.297665 -1.218507 -160.230865
v 6.337518 -1.523134 -160.215225
v 6.307061 -1.523134 -160.131546
v 6.503282 -0.609254 -160.756348
v 6.334549 -0.913880 -160.416580
v 6.598914 -0.304627 -160.929337
v 6.239601 -1.218507 -160.058044
v 6.280813 -1.523134 -160.046448
v 6.258840 -1.523134 -159.960159
v 6.391875 -0.609254 -160.601395
v 6.257812 -0.913880 -160.246506
v 6.469809 -0.304627 -160.783035
v 6.199033 -1.218507 -159.880310
v 6.241195 -1.523134 -159.872879
v 6.227923 -1.523134 -159.784821
v 6.296452 -0.609254 -160.436111
v 6.198389 -0.913880 -160.069641
v 6.355912 -0.304627 -160.624619
v 6.176363 -1.218507 -159.699417
v 6.219056 -1.523134 -159.696213
v 6.214618 -1.523134 -159.607269
v 6.217958 -0.609254 -160.262146
v 6.156871 -0.913880 -159.887741
v 6.258354 -0.304627 -160.455643
v 6.171818 -1.218507 -159.517151
v 6.214618 -1.523134 -159.518219
v 6.219056 -1.523134 -159.429291
v 6.157176 -0.609254 -160.081238
v 6.133671 -0.913880 -159.702606
v 6.178105 -0.304627 -160.277786
v 6.185442 -1.218507 -159.335358
v 6.227923 -1.523134 -159.340683
v 6.241195 -1.523134 -159.252625
v 6.114708 -0.609254 -159.895172
v 6.129019 -0.913880 -159.516098
v 6.115964 -0.304627 -160.092834
v 6.217101 -1.218507 -159.155807
v 6.258840 -1.523134 -159.165344
v 6.280813 -1.523134 -159.079041
v 6.090978 -0.609254 -159.705811
v 6.142962 -0.913880 -159.330032
v 6.072546 -0.304627 -159.902618
v 6.266478 -1.218507 -158.980316
v 6.307061 -1.523134 -158.993958
v 6.337518 -1.523134 -158.910278
v 6.086220 -0.609254 -159.515030
v 6.175362 -0.913880 -159.146286
v 6.048285 -0.304627 -159.709015
v 6.333084 -1.218507 -158.810608
v 6.372108 -1.523134 -158.828217
v 6.410745 -1.523134 -158.747986
v 6.100482 -0.609254 -159.324707
v 6.225895 -0.913880 -158.966690
v 6.043421 -0.304627 -159.513962
v 6.416256 -1.218507 -158.648376
v 6.453333 -1.523134 -158.669785
v 6.499766 -1.523134 -158.593796
v 6.133622 -0.609254 -159.136765
v 6.294060 -0.913880 -158.792999
v 6.058002 -0.304627 -159.319382
v 6.515168 -1.218507 -158.495224
v 6.549930 -1.523134 -158.520218
v 6.603698 -1.523134 -158.449234
v 6.185312 -0.609254 -158.953049
v 6.379179 -0.913880 -158.626968
v 6.091883 -0.304627 -159.127228
v 6.628838 -1.218507 -158.352692
v 6.660938 -1.523134 -158.381027
v 6.721507 -1.523134 -158.315750
v 6.255036 -0.609254 -158.775391
v 6.480407 -0.913880 -158.470230
v 6.144729 -0.304627 -158.939407
v 6.756134 -1.218507 -158.222183
v 6.785254 -1.523134 -158.253571
v 6.852022 -1.523134 -158.194641
v 6.342103 -0.609254 -158.605560
v 6.596737 -0.913880 -158.324356
v 6.216012 -0.304627 -158.757782
v 6.895792 -1.218507 -158.104996
v 6.921643 -1.523134 -158.139114
v 6.993946 -1.523134 -158.087143
v 6.445646 -0.609254 -158.445251
v 6.727014 -0.913880 -158.190796
v 6.305026 -0.304627 -158.584152
v 7.046425 -1.218507 -158.002289
v 7.068749 -1.523134 -158.038818
v 7.145868 -1.523134 -157.994308
v 6.564638 -0.609254 -158.296036
v 6.869942 -0.913880 -158.070862
v 6.410885 -0.304627 -158.420258
v 7.206535 -1.218507 -157.915100
v 7.225111 -1.523134 -157.953674
v 7.306280 -1.523134 -157.917053
v 6.697894 -0.609254 -158.159409
v 7.024101 -0.913880 -157.965759
v 6.532537 -0.304627 -158.267700
v 7.374531 -1.218507 -157.844284
v 7.389174 -1.523134 -157.884521
v 7.473586 -1.523134 -157.856155
v 6.844092 -0.609254 -158.036743
v 7.187960 -0.913880 -157.876526
v 6.668775 -0.304627 -158.128036
v 7.548742 -1.218507 -157.790543
v 7.559307 -1.523134 -157.832031
v 7.646123 -1.523134 -157.812225
v 7.001778 -0.609254 -157.929230
v 7.359888 -0.913880 -157.804062
v 6.818242 -0.304627 -158.002609
v 7.727439 -1.218507 -157.754425
v 7.733820 -1.523134 -157.796753
v 7.822178 -1.523134 -157.785690
v 7.169384 -0.609254 -157.837952
v 7.538178 -0.913880 -157.749054
v 6.979454 -0.304627 -157.892700
v 7.908844 -1.218507 -157.736267
v 7.910978 -1.523134 -157.779037
v 8.000000 -1.523134 -157.776810
v 7.345245 -0.609254 -157.763824
v 7.721058 -0.913880 -157.712097
v 7.150808 -0.304627 -157.799393
v 8.091156 -1.218507 -157.736267
v 8.089022 -1.523134 -157.779037
v 8.177822 -1.523134 -157.785690
v 7.527614 -0.609254 -157.707565
v 7.906710 -0.913880 -157.693512
v 7.330603 -0.304627 -157.723602
v 8.272561 -1.218507 -157.754425
v 8.266180 -1.523134 -157.796753
v 8.353877 -1.523134 -157.812225
v 7.714677 -0.609254 -157.669754
v 8.093289 -0.913880 -157.693512
v 7.517049 -0.304627 -157.666077
v 8.451258 -1.218507 -157.790543
v 8.440693 -1.523134 -157.832031
v 8.526414 -1.523134 -157.856155
v 7.904576 -0.609254 -157.650757
v 8.278942 -0.913880 -157.712097
v 7.708296 -0.304627 -157.627426
v 8.625469 -1.218507 -157.844284
v 8.610826 -1.523134 -157.884521
v 8.693720 -1.523134 -157.917053
v 8.095424 -0.609254 -157.650757
v 8.461822 -0.913880 -157.749054
v 7.902442 -0.304627 -157.608002
v 8.793465 -1.218507 -157.915100
v 8.774889 -1.523134 -157.953674
v 8.854132 -1.523134 -157.994308
v 8.285323 -0.609254 -157.669754
v 8.640112 -0.913880 -157.804062
v 8.097558 -0.304627 -157.608002
v 8.953574 -1.218507 -158.002289
v 8.931251 -1.523134 -158.038818
v 9.006055 -1.523134 -158.087143
v 8.472386 -0.609254 -157.707565
v 8.812040 -0.913880 -157.876526
v 8.291703 -0.304627 -157.627426
v 9.104207 -1.218507 -158.104996
v 9.078357 -1.523134 -158.139114
v 9.147979 -1.523134 -158.194641
v 8.654755 -0.609254 -157.763824
v 8.975899 -0.913880 -157.965759
v 8.482950 -0.304627 -157.666077
v 9.243866 -1.218507 -158.222183
v 9.214746 -1.523134 -158.253571
v 9.278494 -1.523134 -158.315750
v 8.830616 -0.609254 -157.837952
v 9.130057 -0.913880 -158.070862
v 8.669397 -0.304627 -157.723602
v 9.371162 -1.218507 -158.352692
v 9.339063 -1.523134 -158.381027
v 9.396302 -1.523134 -158.449234
v 8.998222 -0.609254 -157.929230
v 9.272985 -0.913880 -158.190796
v 8.849192 -0.304627 -157.799393
v 9.484832 -1.218507 -158.495224
v 9.450070 -1.523134 -158.520218
v 9.500234 -1.523134 -158.593796
v 9.155908 -0.609254 -158.036743
v 9.403262 -0.913880 -158.324356
v 9.020547 -0.304627 -157.892700
v 9.583744 -1.218507 -158.648376
v 9.546667 -1.523134 -158.669785
v 9.589255 -1.523134 -158.747986
v 9.302106 -0.609254 -158.159409
v 9.519592 -0.913880 -158.470230
v 9.181759 -0.304627 -158.002609
v 9.666916 -1.218507 -158.810608
v 9.627892 -1.523134 -158.828217
v 9.662482 -1.523134 -158.910278
v 9.435363 -0.609254 -158.296036
v 9.620821 -0.913880 -158.626968
v 9.331225 -0.304627 -158.128036
v 9.733522 -1.218507 -158.980316
v 9.692939 -1.523134 -158.993958
v 9.719187 -1.523134 -159.079041
v 9.554354 -0.609254 -158.445251
v 9.705940 -0.913880 -158.792999
v 9.467463 -0.304627 -158.267700
v 9.782900 -1.218507 -159.155807
v 9.741160 -1.523134 -159.165344
v 9.758805 -1.523134 -159.252625
v 9.657897 -0.609254 -158.605560
v 9.774105 -0.913880 -158.966690
v 9.589115 -0.304627 -158.420258
v 9.814557 -1.218507 -159.335358
v 9.772078 -1.523134 -159.340683
v 9.780944 -1.523134 -159.429291
v 9.744964 -0.609254 -158.775391
v 9.824638 -0.913880 -159.146286
v 9.694974 -0.304627 -158.584152
v 9.828181 -1.218507 -159.517151
v 9.785382 -1.523134 -159.518219
v 9.785382 -1.523134 -159.607269
v 9.814689 -0.609254 -158.953049
v 9.857038 -0.913880 -159.330032
v 9.783988 -0.304627 -158.757782
v 9.823636 -1.218507 -159.699417
v 9.780944 -1.523134 -159.696213
v 9.772078 -1.523134 -159.784821
v 9.866378 -0.609254 -159.136765
v 9.870981 -0.913880 -159.516098
v 9.855271 -0.304627 -158.939407
v 9.800967 -1.218507 -159.880310
v 9.758805 -1.523134 -159.872879
v 9.741160 -1.523134 -159.960159
v 9.899518 -0.609254 -159.324707
v 9.866329 -0.913880 -159.702606
v 9.908116 -0.304627 -159.127228
v 9.760399 -1.218507 -160.058044
v 9.719187 -1.523134 -160.046448
v 9.692939 -1.523134 -160.131546
v 9.913780 -0.609254 -159.515030
v 9.843129 -0.913880 -159.887741
v 9.941998 -0.304627 -159.319382
v 9.702335 -1.218507 -160.230865
v 9.662482 -1.523134 -160.215225
v 9.627892 -1.523134 -160.297287
v 9.909022 -0.609254 -159.705811
v 9.801612 -0.913880 -160.069641
v 9.956579 -0.304627 -159.513962
v 9.627353 -1.218507 -160.397049
v 9.589255 -1.523134 -160.377518
v 9.546667 -1.523134 -160.455719
v 9.885291 -0.609254 -159.895172
v 9.742188 -0.913880 -160.246506
v 9.951715 -0.304627 -159.709015
v 9.536198 -1.218507 -160.554932
v 9.500234 -1.523134 -160.531708
v 9.450070 -1.523134 -160.605286
v 9.842824 -0.609254 -160.081238
v 9.665451 -0.913880 -160.416580
v 9.927453 -0.304627 -159.902618
v 9.429774 -1.218507 -160.702957
v 9.396302 -1.523134 -160.676270
v 9.339063 -1.523134 -160.744476
v 9.782042 -0.609254 -160.262146
v 9.572161 -0.913880 -160.578156
v 9.884036 -0.304627 -160.092834
v 9.309141 -1.218507 -160.839645
v 9.278494 -1.523134 -160.809753
v 9.214746 -1.523134 -160.871933
v 9.703548 -0.609254 -160.436111
v 9.463246 -0.913880 -160.729645
v 9.821895 -0.304627 -160.277786
v 9.175498 -1.218507 -160.963654
v 9.147979 -1.523134 -160.930862
v 9.078357 -1.523134 -160.986374
v 9.608125 -0.609254 -160.601395
v 9.339789 -0.913880 -160.869537
v 9.741646 -0.304627 -160.455643
v 9.030171 -1.218507 -161.073730
v 9.006055 -1.523134 -161.038361
v 8.931251 -1.523134 -161.086670
v 9.496718 -0.609254 -160.756348
v 9.203017 -0.913880 -160.996445
v 9.644088 -0.304627 -160.624619
v 8.874607 -1.218507 -161.168793
v 8.854132 -1.523134 -161.131195
v 8.774889 -1.523134 -161.171829
v 9.370438 -0.609254 -160.899445
v 9.054289 -0.913880 -161.109100
v 9.530190 -0.304627 -160.783035
v 8.710350 -1.218507 -161.247894
v 8.693720 -1.523134 -161.208450
v 8.610826 -1.523134 -161.240982
v 9.230536 -0.609254 -161.029251
v 8.895082 -0.913880 -161.206390
v 9.401086 -0.304627 -160.929337
v 8.539034 -1.218507 -161.310257
v 8.526414 -1.523134 -161.269348
v 8.440693 -1.523134 -161.293457
v 9.078405 -0.609254 -161.144485
v 8.726980 -0.913880 -161.287354
v 9.258056 -0.304627 -161.062042
v 8.362360 -1.218507 -161.355240
v 8.353877 -1.523134 -161.313278
v 8.266180 -1.523134 -161.328735
v 8.915558 -0.609254 -161.243988
v 8.551653 -0.913880 -161.351166
v 9.102523 -0.304627 -161.179855
v 8.182085 -1.218507 -161.382416
v 8.089022 -1.523134 -161.346466
v 8.177822 -1.523134 -161.339813
v 8.000000 -0.913880 -161.434311
v 8.743609 -0.609254 -161.326797
v 8.370843 -0.913880 -161.397202
v 8.936032 -0.304627 -161.281601
v 8.564272 -0.609254 -161.392075
v 8.186347 -0.913880 -161.425018
v 8.760240 -0.304627 -161.366257
v 8.379326 -0.609254 -161.439163
v 8.576891 -0.304627 -161.432983
v 8.190610 -0.609254 -161.467606
v 8.000000 -0.609254 -161.477127
v 8.387809 -0.304627 -161.481125
v 8.194873 -0.304627 -161.510208
v 7.822178 -1.523134 -161.339813
v 7.817915 -1.218507 -161.382416
v 7.733820 -1.523134 -161.328735
v 7.637640 -1.218507 -161.355240
v 7.646123 -1.523134 -161.313278
v 7.559307 -1.523134 -161.293457
v 7.813653 -0.913880 -161.425018
v 7.460967 -1.218507 -161.310257
v 7.473586 -1.523134 -161.269348
v 7.389174 -1.523134 -161.240982
v 7.629157 -0.913880 -161.397202
v 7.289650 -1.218507 -161.247894
v 7.306280 -1.523134 -161.208450
v 7.225111 -1.523134 -161.171829
v 7.809390 -0.609254 -161.467606
v 7.448347 -0.913880 -161.351166
v 7.125393 -1.218507 -161.168793
v 7.145868 -1.523134 -161.131195
v 7.068749 -1.523134 -161.086670
v 7.620674 -0.609254 -161.439163
v 7.273020 -0.913880 -161.287354
v 7.805127 -0.304627 -161.510208
v 6.969829 -1.218507 -161.073730
v 6.993946 -1.523134 -161.038361
v 6.921643 -1.523134 -160.986374
v 7.435728 -0.609254 -161.392075
v 7.612191 -0.304627 -161.481125
v 6.852022 -1.523134 -160.930862
v 6.785254 -1.523134 -160.871933
v 7.423109 -0.304627 -161.432983
v 6.721507 -1.523134 -160.809753
v 6.660938 -1.523134 -160.744476
v 6.603698 -1.523134 -160.676270
v -9.175498 -1.218507 -160.963654
v -9.339789 -0.913880 -160.869537
v -9.309141 -1.218507 -160.839645
v -9.203017 -0.913880 -160.996445
v -9.429774 -1.218507 -160.702957
v -8.760240 -0.304627 -161.366257
v -8.936032 -0.304627 -161.281601
v -8.743609 -0.609254 -161.326797
v -8.915558 -0.609254 -161.243988
v -9.450070 -1.523134 -160.605286
v -9.536198 -1.218507 -160.554932
v -9.500234 -1.523134 -160.531708
v -9.546667 -1.523134 -160.455719
v -8.000000 -1.523134 -161.348694
v -8.000000 -1.218507 -161.391495
v -8.089022 -1.523134 -161.346466
v -9.054289 -0.913880 -161.109100
v -9.230536 -0.609254 -161.029251
v -9.078405 -0.609254 -161.144485
v -9.463246 -0.913880 -160.729645
v -9.102523 -0.304627 -161.179855
v -9.627353 -1.218507 -160.397049
v -9.589255 -1.523134 -160.377518
v -9.627892 -1.523134 -160.297287
v -9.370438 -0.609254 -160.899445
v -9.572161 -0.913880 -160.578156
v -9.258056 -0.304627 -161.062042
v -9.702335 -1.218507 -160.230865
v -9.662482 -1.523134 -160.215225
v -9.692939 -1.523134 -160.131546
v -8.000000 -0.304627 -161.519943
v -9.496718 -0.609254 -160.756348
v -9.665451 -0.913880 -160.416580
v -9.401086 -0.304627 -160.929337
v -9.760399 -1.218507 -160.058044
v -9.719187 -1.523134 -160.046448
v -9.741160 -1.523134 -159.960159
v -9.608125 -0.609254 -160.601395
v -9.742188 -0.913880 -160.246506
v -9.530190 -0.304627 -160.783035
v -9.800967 -1.218507 -159.880310
v -9.758805 -1.523134 -159.872879
v -9.772078 -1.523134 -159.784821
v -9.703548 -0.609254 -160.436111
v -9.801612 -0.913880 -160.069641
v -9.644088 -0.304627 -160.624619
v -9.823636 -1.218507 -159.699417
v -9.780944 -1.523134 -159.696213
v -9.785382 -1.523134 -159.607269
v -9.782042 -0.609254 -160.262146
v -9.843129 -0.913880 -159.887741
v -9.741646 -0.304627 -160.455643
v -9.828181 -1.218507 -159.517151
v -9.785382 -1.523134 -159.518219
v -9.780944 -1.523134 -159.429291
v -9.842824 -0.609254 -160.081238
v -9.866329 -0.913880 -159.702606
v -9.821895 -0.304627 -160.277786
v -9.814557 -1.218507 -159.335358
v -9.772078 -1.523134 -159.340683
v -9.758805 -1.523134 -159.252625
v -9.885291 -0.609254 -159.895172
v -9.870981 -0.913880 -159.516098
v -9.884036 -0.304627 -160.092834
v -9.782900 -1.218507 -159.155807
v -9.741160 -1.523134 -159.165344
v -9.719187 -1.523134 -159.079041
v -9.909022 -0.609254 -159.705811
v -9.857038 -0.913880 -159.330032
v -9.927453 -0.304627 -159.902618
v -9.733522 -1.218507 -158.980316
v -9.692939 -1.523134 -158.993958
v -9.662482 -1.523134 -158.910278
v -9.913780 -0.609254 -159.515030
v -9.824638 -0.913880 -159.146286
v -9.951715 -0.304627 -159.709015
v -9.666916 -1.218507 -158.810608
v -9.627892 -1.523134 -158.828217
v -9.589255 -1.523134 -158.747986
v -9.899518 -0.609254 -159.324707
v -9.774105 -0.913880 -158.966690
v -9.956579 -0.304627 -159.513962
v -9.583744 -1.218507 -158.648376
v -9.546667 -1.523134 -158.669785
v -9.500234 -1.523134 -158.593796
v -9.866378 -0.609254 -159.136765
v -9.705940 -0.913880 -158.792999
v -9.941998 -0.304627 -159.319382
v -9.484832 -1.218507 -158.495224
v -9.450070 -1.523134 -158.520218
v -9.396302 -1.523134 -158.449234
v -9.814689 -0.609254 -158.953049
v -9.620821 -0.913880 -158.626968
v -9.908116 -0.304627 -159.127228
v -9.371162 -1.218507 -158.352692
v -9.339063 -1.523134 -158.381027
v -9.278494 -1.523134 -158.315750
v -9.744964 -0.609254 -158.775391
v -9.519592 -0.913880 -158.470230
v -9.855271 -0.304627 -158.939407
v -9.243866 -1.218507 -158.222183
v -9.214746 -1.523134 -158.253571
v -9.147979 -1.523134 -158.194641
v -9.657897 -0.609254 -158.605560
v -9.403262 -0.913880 -158.324356
v -9.783988 -0.304627 -158.757782
v -9.104207 -1.218507 -158.104996
v -9.078357 -1.523134 -158.139114
v -9.006055 -1.523134 -158.087143
v -9.554354 -0.609254 -158.445251
v -9.272985 -0.913880 -158.190796
v -9.694974 -0.304627 -158.584152
v -8.953574 -1.218507 -158.002289
v -8.931251 -1.523134 -158.038818
v -8.854132 -1.523134 -157.994308
v -9.435363 -0.609254 -158.296036
v -9.130057 -0.913880 -158.070862
v -9.589115 -0.304627 -158.420258
v -8.793465 -1.218507 -157.915100
v -8.774889 -1.523134 -157.953674
v -8.693720 -1.523134 -157.917053
v -9.302106 -0.609254 -158.159409
v -8.975899 -0.913880 -157.965759
v -9.467463 -0.304627 -158.267700
v -8.625469 -1.218507 -157.844284
v -8.610826 -1.523134 -157.884521
v -8.526414 -1.523134 -157.856155
v -9.155908 -0.609254 -158.036743
v -8.812040 -0.913880 -157.876526
v -9.331225 -0.304627 -158.128036
v -8.451258 -1.218507 -157.790543
v -8.440693 -1.523134 -157.832031
v -8.353877 -1.523134 -157.812225
v -8.998222 -0.609254 -157.929230
v -8.640112 -0.913880 -157.804062
v -9.181759 -0.304627 -158.002609
v -8.272561 -1.218507 -157.754425
v -8.266180 -1.523134 -157.796753
v -8.177822 -1.523134 -157.785690
v -8.830616 -0.609254 -157.837952
v -8.461822 -0.913880 -157.749054
v -9.020547 -0.304627 -157.892700
v -8.091156 -1.218507 -157.736267
v -8.089022 -1.523134 -157.779037
v -8.000000 -1.523134 -157.776810
v -8.654755 -0.609254 -157.763824
v -8.278942 -0.913880 -157.712097
v -8.849192 -0.304627 -157.799393
v -7.908844 -1.218507 -157.736267
v -7.910978 -1.523134 -157.779037
v -7.822178 -1.523134 -157.785690
v -8.472386 -0.609254 -157.707565
v -8.093289 -0.913880 -157.693512
v -8.669397 -0.304627 -157.723602
v -7.727439 -1.218507 -157.754425
v -7.733820 -1.523134 -157.796753
v -7.646123 -1.523134 -157.812225
v -8.285323 -0.609254 -157.669754
v -7.906710 -0.913880 -157.693512
v -8.482950 -0.304627 -157.666077
v -7.548742 -1.218507 -157.790543
v -7.559307 -1.523134 -157.832031
v -7.473586 -1.523134 -157.856155
v -8.095424 -0.609254 -157.650757
v -7.721058 -0.913880 -157.712097
v -8.291703 -0.304627 -157.627426
v -7.374531 -1.218507 -157.844284
v -7.389174 -1.523134 -157.884521
v -7.306280 -1.523134 -157.917053
v -7.904576 -0.609254 -157.650757
v -7.538178 -0.913880 -157.749054
v -8.097558 -0.304627 -157.608002
v -7.206535 -1.218507 -157.915100
v -7.225111 -1.523134 -157.953674
v -7.145868 -1.523134 -157.994308
v -7.714677 -0.609254 -157.669754
v -7.359888 -0.913880 -157.804062
v -7.902442 -0.304627 -157.608002
v -7.046425 -1.218507 -158.002289
v -7.068749 -1.523134 -158.038818
v -6.993946 -1.523134 -158.087143
v -7.527614 -0.609254 -157.707565
v -7.187960 -0.913880 -157.876526
v -7.708296 -0.304627 -157.627426
v -6.895792 -1.218507 -158.104996
v -6.921643 -1.523134 -158.139114
v -6.852022 -1.523134 -158.194641
v -7.345245 -0.609254 -157.763824
v -7.024101 -0.913880 -157.965759
v -7.517049 -0.304627 -157.666077
v -6.756134 -1.218507 -158.222183
v -6.785254 -1.523134 -158.253571
v -6.721507 -1.523134 -158.315750
v -7.169384 -0.609254 -157.837952
v -6.869942 -0.913880 -158.070862
v -7.330603 -0.304627 -157.723602
v -6.628838 -1.218507 -158.352692
v -6.660938 -1.523134 -158.381027
v -6.603698 -1.523134 -158.449234
v -7.001778 -0.609254 -157.929230
v -6.727014 -0.913880 -158.190796
v -7.150808 -0.304627 -157.799393
v -6.515168 -1.218507 -158.495224
v -6.549930 -1.523134 -158.520218
v -6.499766 -1.523134 -158.593796
v -6.844092 -0.609254 -158.036743
v -6.596737 -0.913880 -158.324356
v -6.979454 -0.304627 -157.892700
v -6.416256 -1.218507 -158.648376
v -6.453333 -1.523134 -158.669785
v -6.410745 -1.523134 -158.747986
v -6.697894 -0.609254 -158.159409
v -6.480407 -0.913880 -158.470230
v -6.818242 -0.304627 -158.002609
v -6.333084 -1.218507 -158.810608
v -6.372108 -1.523134 -158.828217
v -6.337518 -1.523134 -158.910278
v -6.564638 -0.609254 -158.296036
v -6.379179 -0.913880 -158.626968
v -6.668775 -0.304627 -158.128036
v -6.266478 -1.218507 -158.980316
v -6.307061 -1.523134 -158.993958
v -6.280813 -1.523134 -159.079041
v -6.445646 -0.609254 -158.445251
v -6.294060 -0.913880 -158.792999
v -6.532537 -0.304627 -158.267700
v -6.217101 -1.218507 -159.155807
v -6.258840 -1.523134 -159.165344
v -6.241195 -1.523134 -159.252625
v -6.342103 -0.609254 -158.605560
v -6.225895 -0.913880 -158.966690
v -6.410885 -0.304627 -158.420258
v -6.185442 -1.218507 -159.335358
v -6.227923 -1.523134 -159.340683
v -6.219056 -1.523134 -159.429291
v -6.255036 -0.609254 -158.775391
v -6.175362 -0.913880 -159.146286
v -6.305026 -0.304627 -158.584152
v -6.171818 -1.218507 -159.517151
v -6.214618 -1.523134 -159.518219
v -6.214618 -1.523134 -159.607269
v -6.185312 -0.609254 -158.953049
v -6.142962 -0.913880 -159.330032
v -6.216012 -0.304627 -158.757782
v -6.176363 -1.218507 -159.699417
v -6.219056 -1.523134 -159.696213
v -6.227923 -1.523134 -159.784821
v -6.133622 -0.609254 -159.136765
v -6.129019 -0.913880 -159.516098
v -6.144729 -0.304627 -158.939407
v -6.199033 -1.218507 -159.880310
v -6.241195 -1.523134 -159.872879
v -6.258840 -1.523134 -159.960159
v -6.100482 -0.609254 -159.324707
v -6.133671 -0.913880 -159.702606
v -6.091883 -0.304627 -159.127228
v -6.239601 -1.218507 -160.058044
v -6.280813 -1.523134 -160.046448
v -6.307061 -1.523134 -160.131546
v -6.086220 -0.609254 -159.515030
v -6.156871 -0.913880 -159.887741
v -6.058002 -0.304627 -159.319382
v -6.297665 -1.218507 -160.230865
v -6.337518 -1.523134 -160.215225
v -6.372108 -1.523134 -160.297287
v -6.090978 -0.609254 -159.705811
v -6.198389 -0.913880 -160.069641
v -6.043421 -0.304627 -159.513962
v -6.372647 -1.218507 -160.397049
v -6.410745 -1.523134 -160.377518
v -6.453333 -1.523134 -160.455719
v -6.114708 -0.609254 -159.895172
v -6.257812 -0.913880 -160.246506
v -6.048285 -0.304627 -159.709015
v -6.463803 -1.218507 -160.554932
v -6.499766 -1.523134 -160.531708
v -6.549930 -1.523134 -160.605286
v -6.157176 -0.609254 -160.081238
v -6.334549 -0.913880 -160.416580
v -6.072546 -0.304627 -159.902618
v -6.570226 -1.218507 -160.702957
v -6.603698 -1.523134 -160.676270
v -6.660938 -1.523134 -160.744476
v -6.217958 -0.609254 -160.262146
v -6.427839 -0.913880 -160.578156
v -6.115964 -0.304627 -160.092834
v -6.690858 -1.218507 -160.839645
v -6.721507 -1.523134 -160.809753
v -6.785254 -1.523134 -160.871933
v -6.296452 -0.609254 -160.436111
v -6.536754 -0.913880 -160.729645
v -6.178105 -0.304627 -160.277786
v -6.824502 -1.218507 -160.963654
v -6.852022 -1.523134 -160.930862
v -6.921643 -1.523134 -160.986374
v -6.391875 -0.609254 -160.601395
v -6.660211 -0.913880 -160.869537
v -6.258354 -0.304627 -160.455643
v -6.969829 -1.218507 -161.073730
v -6.993946 -1.523134 -161.038361
v -7.068749 -1.523134 -161.086670
v -6.503282 -0.609254 -160.756348
v -6.796983 -0.913880 -160.996445
v -6.355912 -0.304627 -160.624619
v -7.125393 -1.218507 -161.168793
v -7.145868 -1.523134 -161.131195
v -7.225111 -1.523134 -161.171829
v -6.629562 -0.609254 -160.899445
v -6.945711 -0.913880 -161.109100
v -6.469809 -0.304627 -160.783035
v -7.289650 -1.218507 -161.247894
v -7.306280 -1.523134 -161.208450
v -7.389174 -1.523134 -161.240982
v -6.769464 -0.609254 -161.029251
v -7.104918 -0.913880 -161.206390
v -6.598914 -0.304627 -160.929337
v -7.460967 -1.218507 -161.310257
v -7.473586 -1.523134 -161.269348
v -7.559307 -1.523134 -161.293457
v -6.921594 -0.609254 -161.144485
v -7.273020 -0.913880 -161.287354
v -6.741944 -0.304627 -161.062042
v -7.637640 -1.218507 -161.355240
v -7.646123 -1.523134 -161.313278
v -7.733820 -1.523134 -161.328735
v -7.084443 -0.609254 -161.243988
v -7.448347 -0.913880 -161.351166
v -6.897477 -0.304627 -161.179855
v -7.817915 -1.218507 -161.382416
v -7.910978 -1.523134 -161.346466
v -7.822178 -1.523134 -161.339813
v -7.256390 -0.609254 -161.326797
v -7.629157 -0.913880 -161.397202
v -7.063967 -0.304627 -161.281601
v -7.435728 -0.609254 -161.392075
v -7.813653 -0.913880 -161.425018
v -8.000000 -0.913880 -161.434311
v -8.000000 -0.609254 -161.477127
v -7.239760 -0.304627 -161.366257
v -7.620674 -0.609254 -161.439163
v -7.423109 -0.304627 -161.432983
v -7.809390 -0.609254 -161.467606
v -7.612191 -0.304627 -161.481125
v -7.805127 -0.304627 -161.510208
v -8.177822 -1.523134 -161.339813
v -8.182085 -1.218507 -161.382416
v -8.266180 -1.523134 -161.328735
v -8.362360 -1.218507 -161.355240
v -8.353877 -1.523134 -161.313278
v -8.440693 -1.523134 -161.293457
v -8.186347 -0.913880 -161.425018
v -8.539034 -1.218507 -161.310257
v -8.526414 -1.523134 -161.269348
v -8.610826 -1.523134 -161.240982
v -8.370843 -0.913880 -161.397202
v -8.710350 -1.218507 -161.247894
v -8.693720 -1.523134 -161.208450
v -8.774889 -1.523134 -161.171829
v -8.190610 -0.609254 -161.467606
v -8.551653 -0.913880 -161.351166
v -8.874607 -1.218507 -161.168793
v -8.854132 -1.523134 -161.131195
v -8.931251 -1.523134 -161.086670
v -8.379326 -0.609254 -161.439163
v -8.726980 -0.913880 -161.287354
v -8.194873 -0.304627 -161.510208
v -9.030171 -1.218507 -161.073730
v -9.006055 -1.523134 -161.038361
v -9.078357 -1.523134 -160.986374
v -8.564272 -0.609254 -161.392075
v -8.895082 -0.913880 -161.206390
v -8.387809 -0.304627 -161.481125
v -9.147979 -1.523134 -160.930862
v -9.214746 -1.523134 -160.871933
v -8.576891 -0.304627 -161.432983
v -9.278494 -1.523134 -160.809753
v -9.339063 -1.523134 -160.744476
v -9.396302 -1.523134 -160.676270
v 7.084443 -0.609254 -129.243988
v 6.921594 -0.609254 -129.144485
v 7.104918 -0.913880 -129.206390
v 6.824502 -1.218507 -128.963654
v 6.660211 -0.913880 -128.869537
v 6.690858 -1.218507 -128.839645
v 6.796983 -0.913880 -128.996445
v 7.239760 -0.304627 -129.366257
v 7.063967 -0.304627 -129.281601
v 7.256390 -0.609254 -129.326797
v 6.549930 -1.523134 -128.605286
v 6.463803 -1.218507 -128.554932
v 6.499766 -1.523134 -128.531708
v 8.000000 -1.523134 -129.348694
v 8.000000 -1.218507 -129.391495
v 7.910978 -1.523134 -129.346466
v 6.453333 -1.523134 -128.455719
v 6.570226 -1.218507 -128.702957
v 6.769464 -0.609254 -129.029251
v 6.945711 -0.913880 -129.109100
v 6.536754 -0.913880 -128.729645
v 6.897477 -0.304627 -129.179855
v 6.372647 -1.218507 -128.397049
v 6.410745 -1.523134 -128.377518
v 6.372108 -1.523134 -128.297287
v 6.629562 -0.609254 -128.899445
v 6.427839 -0.913880 -128.578156
v 6.741944 -0.304627 -129.062042
v 8.000000 -0.304627 -129.519943
v 6.297665 -1.218507 -128.230865
v 6.337518 -1.523134 -128.215225
v 6.307061 -1.523134 -128.131546
v 6.503282 -0.609254 -128.756348
v 6.334549 -0.913880 -128.416580
v 6.598914 -0.304627 -128.929337
v 6.239601 -1.218507 -128.058044
v 6.280813 -1.523134 -128.046448
v 6.258840 -1.523134 -127.960159
v 6.391875 -0.609254 -128.601395
v 6.257812 -0.913880 -128.246506
v 6.469809 -0.304627 -128.783035
v 6.199033 -1.218507 -127.880310
v 6.241195 -1.523134 -127.872871
v 6.227923 -1.523134 -127.784821
v 6.296452 -0.609254 -128.436111
v 6.198389 -0.913880 -128.069641
v 6.355912 -0.304627 -128.624619
v 6.176363 -1.218507 -127.699409
v 6.219056 -1.523134 -127.696213
v 6.214618 -1.523134 -127.607277
v 6.217958 -0.609254 -128.262146
v 6.156871 -0.913880 -127.887741
v 6.258354 -0.304627 -128.455643
v 6.171818 -1.218507 -127.517159
v 6.214618 -1.523134 -127.518227
v 6.219056 -1.523134 -127.429283
v 6.157176 -0.609254 -128.081238
v 6.133671 -0.913880 -127.702614
v 6.178105 -0.304627 -128.277786
v 6.185442 -1.218507 -127.335358
v 6.227923 -1.523134 -127.340683
v 6.241195 -1.523134 -127.252625
v 6.114708 -0.609254 -127.895180
v 6.129019 -0.913880 -127.516090
v 6.115964 -0.304627 -128.092834
v 6.217101 -1.218507 -127.155815
v 6.258840 -1.523134 -127.165344
v 6.280813 -1.523134 -127.079048
v 6.090978 -0.609254 -127.705811
v 6.142962 -0.913880 -127.330032
v 6.072546 -0.304627 -127.902611
v 6.266478 -1.218507 -126.980316
v 6.307061 -1.523134 -126.993950
v 6.337518 -1.523134 -126.910271
v 6.086220 -0.609254 -127.515022
v 6.175362 -0.913880 -127.146286
v 6.048285 -0.304627 -127.709007
v 6.333084 -1.218507 -126.810608
v 6.372108 -1.523134 -126.828217
v 6.410745 -1.523134 -126.747986
v 6.100482 -0.609254 -127.324707
v 6.225895 -0.913880 -126.966682
v 6.043421 -0.304627 -127.513954
v 6.416256 -1.218507 -126.648376
v 6.453333 -1.523134 -126.669785
v 6.499766 -1.523134 -126.593796
v 6.133622 -0.609254 -127.136765
v 6.294060 -0.913880 -126.792999
v 6.058002 -0.304627 -127.319389
v 6.515168 -1.218507 -126.495232
v 6.549930 -1.523134 -126.520218
v 6.603698 -1.523134 -126.449234
v 6.185312 -0.609254 -126.953049
v 6.379179 -0.913880 -126.626968
v 6.091883 -0.304627 -127.127235
v 6.628838 -1.218507 -126.352692
v 6.660938 -1.523134 -126.381020
v 6.721507 -1.523134 -126.315742
v 6.255036 -0.609254 -126.775391
v 6.480407 -0.913880 -126.470238
v 6.144729 -0.304627 -126.939415
v 6.756134 -1.218507 -126.222183
v 6.785254 -1.523134 -126.253563
v 6.852022 -1.523134 -126.194641
v 6.342103 -0.609254 -126.605560
v 6.596737 -0.913880 -126.324364
v 6.216012 -0.304627 -126.757782
v 6.895792 -1.218507 -126.104996
v 6.921643 -1.523134 -126.139122
v 6.993946 -1.523134 -126.087143
v 6.445646 -0.609254 -126.445244
v 6.727014 -0.913880 -126.190796
v 6.305026 -0.304627 -126.584160
v 7.046425 -1.218507 -126.002296
v 7.068749 -1.523134 -126.038826
v 7.145868 -1.523134 -125.994301
v 6.564638 -0.609254 -126.296036
v 6.869942 -0.913880 -126.070869
v 6.410885 -0.304627 -126.420258
v 7.206535 -1.218507 -125.915100
v 7.225111 -1.523134 -125.953674
v 7.306280 -1.523134 -125.917053
v 6.697894 -0.609254 -126.159416
v 7.024101 -0.913880 -125.965759
v 6.532537 -0.304627 -126.267708
v 7.374531 -1.218507 -125.844284
v 7.389174 -1.523134 -125.884521
v 7.473586 -1.523134 -125.856155
v 6.844092 -0.609254 -126.036743
v 7.187960 -0.913880 -125.876534
v 6.668775 -0.304627 -126.128029
v 7.548742 -1.218507 -125.790550
v 7.559307 -1.523134 -125.832039
v 7.646123 -1.523134 -125.812225
v 7.001778 -0.609254 -125.929230
v 7.359888 -0.913880 -125.804054
v 6.818242 -0.304627 -126.002609
v 7.727439 -1.218507 -125.754425
v 7.733820 -1.523134 -125.796761
v 7.822178 -1.523134 -125.785690
v 7.169384 -0.609254 -125.837959
v 7.538178 -0.913880 -125.749062
v 6.979454 -0.304627 -125.892700
v 7.908844 -1.218507 -125.736275
v 7.910978 -1.523134 -125.779030
v 8.000000 -1.523134 -125.776810
v 7.345245 -0.609254 -125.763824
v 7.721058 -0.913880 -125.712090
v 7.150808 -0.304627 -125.799385
v 8.091156 -1.218507 -125.736275
v 8.089022 -1.523134 -125.779030
v 8.177822 -1.523134 -125.785690
v 7.527614 -0.609254 -125.707573
v 7.906710 -0.913880 -125.693512
v 7.330603 -0.304627 -125.723595
v 8.272561 -1.218507 -125.754425
v 8.266180 -1.523134 -125.796761
v 8.353877 -1.523134 -125.812225
v 7.714677 -0.609254 -125.669754
v 8.093289 -0.913880 -125.693512
v 7.517049 -0.304627 -125.666084
v 8.451258 -1.218507 -125.790550
v 8.440693 -1.523134 -125.832039
v 8.526414 -1.523134 -125.856155
v 7.904576 -0.609254 -125.650757
v 8.278942 -0.913880 -125.712090
v 7.708296 -0.304627 -125.627426
v 8.625469 -1.218507 -125.844284
v 8.610826 -1.523134 -125.884521
v 8.693720 -1.523134 -125.917053
v 8.095424 -0.609254 -125.650757
v 8.461822 -0.913880 -125.749062
v 7.902442 -0.304627 -125.607994
v 8.793465 -1.218507 -125.915100
v 8.774889 -1.523134 -125.953674
v 8.854132 -1.523134 -125.994301
v 8.285323 -0.609254 -125.669754
v 8.640112 -0.913880 -125.804054
v 8.097558 -0.304627 -125.607994
v 8.953574 -1.218507 -126.002296
v 8.931251 -1.523134 -126.038826
v 9.006055 -1.523134 -126.087143
v 8.472386 -0.609254 -125.707573
v 8.812040 -0.913880 -125.876534
v 8.291703 -0.304627 -125.627426
v 9.104207 -1.218507 -126.104996
v 9.078357 -1.523134 -126.139122
v 9.147979 -1.523134 -126.194641
v 8.654755 -0.609254 -125.763824
v 8.975899 -0.913880 -125.965759
v 8.482950 -0.304627 -125.666084
v 9.243866 -1.218507 -126.222183
v 9.214746 -1.523134 -126.253563
v 9.278494 -1.523134 -126.315742
v 8.830616 -0.609254 -125.837959
v 9.130057 -0.913880 -126.070869
v 8.669397 -0.304627 -125.723595
v 9.371162 -1.218507 -126.352692
v 9.339063 -1.523134 -126.381020
v 9.396302 -1.523134 -126.449234
v 8.998222 -0.609254 -125.929230
v 9.272985 -0.913880 -126.190796
v 8.849192 -0.304627 -125.799385
v 9.484832 -1.218507 -126.495232
v 9.450070 -1.523134 -126.520218
v 9.500234 -1.523134 -126.593796
v 9.155908 -0.609254 -126.036743
v 9.403262 -0.913880 -126.324364
v 9.020547 -0.304627 -125.892700
v 9.583744 -1.218507 -126.648376
v 9.546667 -1.523134 -126.669785
v 9.589255 -1.523134 -126.747986
v 9.302106 -0.609254 -126.159416
v 9.519592 -0.913880 -126.470238
v 9.181759 -0.304627 -126.002609
v 9.666916 -1.218507 -126.810608
v 9.627892 -1.523134 -126.828217
v 9.662482 -1.523134 -126.910271
v 9.435363 -0.609254 -126.296036
v 9.620821 -0.913880 -126.626968
v 9.331225 -0.304627 -126.128029
v 9.733522 -1.218507 -126.980316
v 9.692939 -1.523134 -126.993950
v 9.719187 -1.523134 -127.079048
v 9.554354 -0.609254 -126.445244
v 9.705940 -0.913880 -126.792999
v 9.467463 -0.304627 -126.267708
v 9.782900 -1.218507 -127.155815
v 9.741160 -1.523134 -127.165344
v 9.758805 -1.523134 -127.252625
v 9.657897 -0.609254 -126.605560
v 9.774105 -0.913880 -126.966682
v 9.589115 -0.304627 -126.420258
v 9.814557 -1.218507 -127.335358
v 9.772078 -1.523134 -127.340683
v 9.780944 -1.523134 -127.429283
v 9.744964 -0.609254 -126.775391
v 9.824638 -0.913880 -127.146286
v 9.694974 -0.304627 -126.584160
v 9.828181 -1.218507 -127.517159
v 9.785382 -1.523134 -127.518227
v 9.785382 -1.523134 -127.607277
v 9.814689 -0.609254 -126.953049
v 9.857038 -0.913880 -127.330032
v 9.783988 -0.304627 -126.757782
v 9.823636 -1.218507 -127.699409
v 9.780944 -1.523134 -127.696213
v 9.772078 -1.523134 -127.784821
v 9.866378 -0.609254 -127.136765
v 9.870981 -0.913880 -127.516090
v 9.855271 -0.304627 -126.939415
v 9.800967 -1.218507 -127.880310
v 9.758805 -1.523134 -127.872871
v 9.741160 -1.523134 -127.960159
v 9.899518 -0.609254 -127.324707
v 9.866329 -0.913880 -127.702614
v 9.908116 -0.304627 -127.127235
v 9.760399 -1.218507 -128.058044
v 9.719187 -1.523134 -128.046448
v 9.692939 -1.523134 -128.131546
v 9.913780 -0.609254 -127.515022
v 9.843129 -0.913880 -127.887741
v 9.941998 -0.304627 -127.319389
v 9.702335 -1.218507 -128.230865
v 9.662482 -1.523134 -128.215225
v 9.627892 -1.523134 -128.297287
v 9.909022 -0.609254 -127.705811
v 9.801612 -0.913880 -128.069641
v 9.956579 -0.304627 -127.513954
v 9.627353 -1.218507 -128.397049
v 9.589255 -1.523134 -128.377518
v 9.546667 -1.523134 -128.455719
v 9.885291 -0.609254 -127.895180
v 9.742188 -0.913880 -128.246506
v 9.951715 -0.304627 -127.709007
v 9.536198 -1.218507 -128.554932
v 9.500234 -1.523134 -128.531708
v 9.450070 -1.523134 -128.605286
v 9.842824 -0.609254 -128.081238
v 9.665451 -0.913880 -128.416580
v 9.927453 -0.304627 -127.902611
v 9.429774 -1.218507 -128.702957
v 9.396302 -1.523134 -128.676270
v 9.339063 -1.523134 -128.744476
v 9.782042 -0.609254 -128.262146
v 9.572161 -0.913880 -128.578156
v 9.884036 -0.304627 -128.092834
v 9.309141 -1.218507 -128.839645
v 9.278494 -1.523134 -128.809753
v 9.214746 -1.523134 -128.871933
v 9.703548 -0.609254 -128.436111
v 9.463246 -0.913880 -128.729645
v 9.821895 -0.304627 -128.277786
v 9.175498 -1.218507 -128.963654
v 9.147979 -1.523134 -128.930862
v 9.078357 -1.523134 -128.986374
v 9.608125 -0.609254 -128.601395
v 9.339789 -0.913880 -128.869537
v 9.741646 -0.304627 -128.455643
v 9.030171 -1.218507 -129.073730
v 9.006055 -1.523134 -129.038361
v 8.931251 -1.523134 -129.086670
v 9.496718 -0.609254 -128.756348
v 9.203017 -0.913880 -128.996445
v 9.644088 -0.304627 -128.624619
v 8.874607 -1.218507 -129.168793
v 8.854132 -1.523134 -129.131195
v 8.774889 -1.523134 -129.171829
v 9.370438 -0.609254 -128.899445
v 9.054289 -0.913880 -129.109100
v 9.530190 -0.304627 -128.783035
v 8.710350 -1.218507 -129.247894
v 8.693720 -1.523134 -129.208450
v 8.610826 -1.523134 -129.240982
v 9.230536 -0.609254 -129.029251
v 8.895082 -0.913880 -129.206390
v 9.401086 -0.304627 -128.929337
v 8.539034 -1.218507 -129.310257
v 8.526414 -1.523134 -129.269348
v 8.440693 -1.523134 -129.293457
v 9.078405 -0.609254 -129.144485
v 8.726980 -0.913880 -129.287354
v 9.258056 -0.304627 -129.062042
v 8.362360 -1.218507 -129.355240
v 8.353877 -1.523134 -129.313278
v 8.266180 -1.523134 -129.328735
v 8.915558 -0.609254 -129.243988
v 8.551653 -0.913880 -129.351166
v 9.102523 -0.304627 -129.179855
v 8.182085 -1.218507 -129.382416
v 8.089022 -1.523134 -129.346466
v 8.177822 -1.523134 -129.339813
v 8.743609 -0.609254 -129.326797
v 8.370843 -0.913880 -129.397202
v 8.936032 -0.304627 -129.281601
v 8.564272 -0.609254 -129.392075
v 8.186347 -0.913880 -129.425018
v 8.000000 -0.913880 -129.434311
v 8.760240 -0.304627 -129.366257
v 8.379326 -0.609254 -129.439163
v 8.576891 -0.304627 -129.432983
v 8.190610 -0.609254 -129.467606
v 8.000000 -0.609254 -129.477127
v 8.387809 -0.304627 -129.481125
v 8.194873 -0.304627 -129.510208
v 7.822178 -1.523134 -129.339813
v 7.817915 -1.218507 -129.382416
v 7.733820 -1.523134 -129.328735
v 7.637640 -1.218507 -129.355240
v 7.646123 -1.523134 -129.313278
v 7.559307 -1.523134 -129.293457
v 7.813653 -0.913880 -129.425018
v 7.460967 -1.218507 -129.310257
v 7.473586 -1.523134 -129.269348
v 7.389174 -1.523134 -129.240982
v 7.629157 -0.913880 -129.397202
v 7.289650 -1.218507 -129.247894
v 7.306280 -1.523134 -129.208450
v 7.225111 -1.523134 -129.171829
v 7.809390 -0.609254 -129.467606
v 7.448347 -0.913880 -129.351166
v 7.125393 -1.218507 -129.168793
v 7.145868 -1.523134 -129.131195
v 7.068749 -1.523134 -129.086670
v 7.620674 -0.609254 -129.439163
v 7.273020 -0.913880 -129.287354
v 7.805127 -0.304627 -129.510208
v 6.969829 -1.218507 -129.073730
v 6.993946 -1.523134 -129.038361
v 6.921643 -1.523134 -128.986374
v 7.435728 -0.609254 -129.392075
v 7.612191 -0.304627 -129.481125
v 6.852022 -1.523134 -128.930862
v 6.785254 -1.523134 -128.871933
v 7.423109 -0.304627 -129.432983
v 6.721507 -1.523134 -128.809753
v 6.660938 -1.523134 -128.744476
v 6.603698 -1.523134 -128.676270
v -9.278494 -6.100000 -128.809753
v -9.339063 -6.100000 -128.744476
v -9.214746 -6.100000 -128.871933
v -9.396302 -6.100000 -128.676270
v -9.078357 -6.100000 -128.986374
v -9.147979 -6.100000 -128.930862
v -9.450070 -6.100000 -128.605286
v -9.500234 -6.100000 -128.531708
v -8.931251 -6.100000 -129.086670
v -9.006055 -6.100000 -129.038361
v -8.774889 -6.100000 -129.171829
v -8.854132 -6.100000 -129.131195
v -9.589255 -6.100000 -128.377518
v -9.627892 -6.100000 -128.297287
v -9.546667 -6.100000 -128.455719
v -8.610826 -6.100000 -129.240982
v -8.693720 -6.100000 -129.208450
v -9.662482 -6.100000 -128.215225
v -9.692939 -6.100000 -128.131546
v -9.719187 -6.100000 -128.046448
v -9.741160 -6.100000 -127.960159
v -8.353877 -6.100000 -129.313278
v -8.526414 -6.100000 -129.269348
v -8.440693 -6.100000 -129.293457
v -8.177822 -6.100000 -129.339813
v -8.266180 -6.100000 -129.328735
v -9.772078 -6.100000 -127.784821
v -9.780944 -6.100000 -127.696213
v -9.758805 -6.100000 -127.872871
v -8.089022 -6.100000 -129.346466
v -9.785382 -6.100000 -127.518227
v -9.785382 -6.100000 -127.607277
v -7.910978 -6.100000 -129.346466
v -8.000000 -6.100000 -129.348694
v -9.780944 -6.100000 -127.429283
v -9.772078 -6.100000 -127.340683
v -7.733820 -6.100000 -129.328735
v -7.822178 -6.100000 -129.339813
v -9.741160 -6.100000 -127.165344
v -9.758805 -6.100000 -127.252625
v -7.473586 -6.100000 -129.269348
v -7.646123 -6.100000 -129.313278
v -7.559307 -6.100000 -129.293457
v -9.719187 -6.100000 -127.079048
v -9.692939 -6.100000 -126.993950
v -7.225111 -6.100000 -129.171829
v -7.389174 -6.100000 -129.240982
v -7.306280 -6.100000 -129.208450
v -9.589255 -6.100000 -126.747986
v -9.627892 -6.100000 -126.828217
v -9.662482 -6.100000 -126.910271
v -6.993946 -6.100000 -129.038361
v -7.145868 -6.100000 -129.131195
v -7.068749 -6.100000 -129.086670
v -9.500234 -6.100000 -126.593796
v -9.450070 -6.100000 -126.520218
v -9.546667 -6.100000 -126.669785
v -9.396302 -6.100000 -126.449234
v -6.852022 -6.100000 -128.930862
v -6.921643 -6.100000 -128.986374
v -6.785254 -6.100000 -128.871933
v -9.278494 -6.100000 -126.315742
v -9.339063 -6.100000 -126.381020
v -6.721507 -6.100000 -128.809753
v -9.147979 -6.100000 -126.194641
v -9.078357 -6.100000 -126.139122
v -9.214746 -6.100000 -126.253563
v -6.549930 -6.100000 -128.605286
v -6.660938 -6.100000 -128.744476
v -6.603698 -6.100000 -128.676270
v -9.006055 -6.100000 -126.087143
v -6.453333 -6.100000 -128.455719
v -6.499766 -6.100000 -128.531708
v -8.931251 -6.100000 -126.038826
v -8.854132 -6.100000 -125.994301
v -8.774889 -6.100000 -125.953674
v -6.372108 -6.100000 -128.297287
v -6.410745 -6.100000 -128.377518
v -6.337518 -6.100000 -128.215225
v -6.307061 -6.100000 -128.131546
v -8.610826 -6.100000 -125.884521
v -8.526414 -6.100000 -125.856155
v -8.693720 -6.100000 -125.917053
v -6.280813 -6.100000 -128.046448
v -8.353877 -6.100000 -125.812225
v -8.440693 -6.100000 -125.832039
v -6.241195 -6.100000 -127.872871
v -6.258840 -6.100000 -127.960159
v -6.227923 -6.100000 -127.784821
v -6.219056 -6.100000 -127.696213
v -8.177822 -6.100000 -125.785690
v -8.089022 -6.100000 -125.779030
v -8.266180 -6.100000 -125.796761
v -6.214618 -6.100000 -127.607277
v -7.910978 -6.100000 -125.779030
v -8.000000 -6.100000 -125.776810
v -6.214618 -6.100000 -127.518227
v -6.227923 -6.100000 -127.340683
v -6.219056 -6.100000 -127.429283
v -7.733820 -6.100000 -125.796761
v -7.822178 -6.100000 -125.785690
v -6.241195 -6.100000 -127.252625
v -6.258840 -6.100000 -127.165344
v -6.280813 -6.100000 -127.079048
v -7.559307 -6.100000 -125.832039
v -7.473586 -6.100000 -125.856155
v -7.646123 -6.100000 -125.812225
v -7.389174 -6.100000 -125.884521
v -6.372108 -6.100000 -126.828217
v -6.307061 -6.100000 -126.993950
v -6.337518 -6.100000 -126.910271
v -7.225111 -6.100000 -125.953674
v -7.306280 -6.100000 -125.917053
v -6.410745 -6.100000 -126.747986
v -6.499766 -6.100000 -126.593796
v -6.453333 -6.100000 -126.669785
v -6.993946 -6.100000 -126.087143
v -7.068749 -6.100000 -126.038826
v -7.145868 -6.100000 -125.994301
v -6.549930 -6.100000 -126.520218
v -6.921643 -6.100000 -126.139122
v -6.721507 -6.100000 -126.315742
v -6.603698 -6.100000 -126.449234
v -6.660938 -6.100000 -126.381020
v -6.785254 -6.100000 -126.253563
v -6.852022 -6.100000 -126.194641
v 6.660938 -6.100000 -160.744476
v 6.603698 -6.100000 -160.676270
v 6.721507 -6.100000 -160.809753
v 6.549930 -6.100000 -160.605286
v 6.993946 -6.100000 -161.038361
v 6.785254 -6.100000 -160.871933
v 6.852022 -6.100000 -160.930862
v 6.921643 -6.100000 -160.986374
v 6.499766 -6.100000 -160.531708
v 6.453333 -6.100000 -160.455719
v 7.225111 -6.100000 -161.171829
v 7.068749 -6.100000 -161.086670
v 7.145868 -6.100000 -161.131195
v 6.410745 -6.100000 -160.377518
v 6.372108 -6.100000 -160.297287
v 7.306280 -6.100000 -161.208450
v 6.337518 -6.100000 -160.215225
v 6.307061 -6.100000 -160.131546
v 6.280813 -6.100000 -160.046448
v 7.559307 -6.100000 -161.293457
v 7.389174 -6.100000 -161.240982
v 7.473586 -6.100000 -161.269348
v 6.241195 -6.100000 -159.872879
v 6.258840 -6.100000 -159.960159
v 7.822178 -6.100000 -161.339813
v 7.646123 -6.100000 -161.313278
v 7.733820 -6.100000 -161.328735
v 6.227923 -6.100000 -159.784821
v 6.219056 -6.100000 -159.696213
v 8.000000 -6.100000 -161.348694
v 7.910978 -6.100000 -161.346466
v 6.214618 -6.100000 -159.607269
v 6.214618 -6.100000 -159.518219
v 8.177822 -6.100000 -161.339813
v 8.089022 -6.100000 -161.346466
v 6.241195 -6.100000 -159.252625
v 6.258840 -6.100000 -159.165344
v 6.227923 -6.100000 -159.340683
v 6.219056 -6.100000 -159.429291
v 8.440693 -6.100000 -161.293457
v 8.266180 -6.100000 -161.328735
v 8.353877 -6.100000 -161.313278
v 8.526414 -6.100000 -161.269348
v 6.307061 -6.100000 -158.993958
v 6.280813 -6.100000 -159.079041
v 8.693720 -6.100000 -161.208450
v 8.610826 -6.100000 -161.240982
v 8.774889 -6.100000 -161.171829
v 6.410745 -6.100000 -158.747986
v 6.453333 -6.100000 -158.669785
v 6.372108 -6.100000 -158.828217
v 6.337518 -6.100000 -158.910278
v 8.931251 -6.100000 -161.086670
v 8.854132 -6.100000 -161.131195
v 6.549930 -6.100000 -158.520218
v 6.499766 -6.100000 -158.593796
v 9.078357 -6.100000 -160.986374
v 9.006055 -6.100000 -161.038361
v 9.214746 -6.100000 -160.871933
v 9.147979 -6.100000 -160.930862
v 9.278494 -6.100000 -160.809753
v 6.721507 -6.100000 -158.315750
v 6.785254 -6.100000 -158.253571
v 6.660938 -6.100000 -158.381027
v 6.603698 -6.100000 -158.449234
v 9.339063 -6.100000 -160.744476
v 9.450070 -6.100000 -160.605286
v 9.396302 -6.100000 -160.676270
v 6.921643 -6.100000 -158.139114
v 6.993946 -6.100000 -158.087143
v 6.852022 -6.100000 -158.194641
v 7.145868 -6.100000 -157.994308
v 7.068749 -6.100000 -158.038818
v 9.627892 -6.100000 -160.297287
v 9.500234 -6.100000 -160.531708
v 9.546667 -6.100000 -160.455719
v 9.589255 -6.100000 -160.377518
v 9.662482 -6.100000 -160.215225
v 7.306280 -6.100000 -157.917053
v 7.389174 -6.100000 -157.884521
v 7.225111 -6.100000 -157.953674
v 9.692939 -6.100000 -160.131546
v 7.473586 -6.100000 -157.856155
v 9.741160 -6.100000 -159.960159
v 9.719187 -6.100000 -160.046448
v 9.772078 -6.100000 -159.784821
v 9.758805 -6.100000 -159.872879
v 7.733820 -6.100000 -157.796753
v 7.822178 -6.100000 -157.785690
v 7.646123 -6.100000 -157.812225
v 7.559307 -6.100000 -157.832031
v 9.785382 -6.100000 -159.607269
v 9.780944 -6.100000 -159.696213
v 8.000000 -6.100000 -157.776810
v 7.910978 -6.100000 -157.779037
v 9.785382 -6.100000 -159.518219
v 8.089022 -6.100000 -157.779037
v 8.177822 -6.100000 -157.785690
v 9.758805 -6.100000 -159.252625
v 9.780944 -6.100000 -159.429291
v 9.772078 -6.100000 -159.340683
v 8.353877 -6.100000 -157.812225
v 8.440693 -6.100000 -157.832031
v 8.266180 -6.100000 -157.796753
v 8.526414 -6.100000 -157.856155
v 9.692939 -6.100000 -158.993958
v 9.741160 -6.100000 -159.165344
v 9.719187 -6.100000 -159.079041
v 8.610826 -6.100000 -157.884521
v 8.693720 -6.100000 -157.917053
v 9.627892 -6.100000 -158.828217
v 9.662482 -6.100000 -158.910278
v 9.589255 -6.100000 -158.747986
v 8.774889 -6.100000 -157.953674
v 8.854132 -6.100000 -157.994308
v 8.931251 -6.100000 -158.038818
v 9.450070 -6.100000 -158.520218
v 9.546667 -6.100000 -158.669785
v 9.500234 -6.100000 -158.593796
v 9.006055 -6.100000 -158.087143
v 9.078357 -6.100000 -158.139114
v 9.339063 -6.100000 -158.381027
v 9.396302 -6.100000 -158.449234
v 9.147979 -6.100000 -158.194641
v 9.214746 -6.100000 -158.253571
v 9.278494 -6.100000 -158.315750
v -9.339063 -6.100000 -160.744476
v -9.396302 -6.100000 -160.676270
v -9.278494 -6.100000 -160.809753
v -9.450070 -6.100000 -160.605286
v -9.006055 -6.100000 -161.038361
v -9.214746 -6.100000 -160.871933
v -9.147979 -6.100000 -160.930862
v -9.078357 -6.100000 -160.986374
v -9.500234 -6.100000 -160.531708
v -9.546667 -6.100000 -160.455719
v -8.774889 -6.100000 -161.171829
v -8.931251 -6.100000 -161.086670
v -8.854132 -6.100000 -161.131195
v -9.589255 -6.100000 -160.377518
v -9.627892 -6.100000 -160.297287
v -8.693720 -6.100000 -161.208450
v -9.692939 -6.100000 -160.131546
v -9.719187 -6.100000 -160.046448
v -9.662482 -6.100000 -160.215225
v -8.440693 -6.100000 -161.293457
v -8.610826 -6.100000 -161.240982
v -8.526414 -6.100000 -161.269348
v -9.741160 -6.100000 -159.960159
v -9.758805 -6.100000 -159.872879
v -8.177822 -6.100000 -161.339813
v -8.353877 -6.100000 -161.313278
v -8.266180 -6.100000 -161.328735
v -9.780944 -6.100000 -159.696213
v -9.772078 -6.100000 -159.784821
v -8.000000 -6.100000 -161.348694
v -8.089022 -6.100000 -161.346466
v -9.785382 -6.100000 -159.607269
v -9.785382 -6.100000 -159.518219
v -7.822178 -6.100000 -161.339813
v -7.910978 -6.100000 -161.346466
v -9.780944 -6.100000 -159.429291
v -9.772078 -6.100000 -159.340683
v -7.646123 -6.100000 -161.313278
v -7.733820 -6.100000 -161.328735
v -9.758805 -6.100000 -159.252625
v -9.741160 -6.100000 -159.165344
v -7.559307 -6.100000 -161.293457
v -7.473586 -6.100000 -161.269348
v -9.719187 -6.100000 -159.079041
v -9.692939 -6.100000 -158.993958
v -9.662482 -6.100000 -158.910278
v -9.627892 -6.100000 -158.828217
v -7.225111 -6.100000 -161.171829
v -7.389174 -6.100000 -161.240982
v -7.306280 -6.100000 -161.208450
v -9.546667 -6.100000 -158.669785
v -9.589255 -6.100000 -158.747986
v -7.068749 -6.100000 -161.086670
v -7.145868 -6.100000 -161.131195
v -9.450070 -6.100000 -158.520218
v -9.500234 -6.100000 -158.593796
v -6.921643 -6.100000 -160.986374
v -6.993946 -6.100000 -161.038361
v -6.852022 -6.100000 -160.930862
v -6.721507 -6.100000 -160.809753
v -6.785254 -6.100000 -160.871933
v -9.278494 -6.100000 -158.315750
v -9.214746 -6.100000 -158.253571
v -9.339063 -6.100000 -158.381027
v -9.396302 -6.100000 -158.449234
v -6.660938 -6.100000 -160.744476
v -6.549930 -6.100000 -160.605286
v -6.603698 -6.100000 -160.676270
v -9.078357 -6.100000 -158.139114
v -9.006055 -6.100000 -158.087143
v -9.147979 -6.100000 -158.194641
v -6.499766 -6.100000 -160.531708
v -8.854132 -6.100000 -157.994308
v -8.931251 -6.100000 -158.038818
v -6.453333 -6.100000 -160.455719
v -6.337518 -6.100000 -160.215225
v -6.410745 -6.100000 -160.377518
v -6.372108 -6.100000 -160.297287
v -8.693720 -6.100000 -157.917053
v -8.610826 -6.100000 -157.884521
v -8.774889 -6.100000 -157.953674
v -6.307061 -6.100000 -160.131546
v -8.526414 -6.100000 -157.856155
v -6.258840 -6.100000 -159.960159
v -6.280813 -6.100000 -160.046448
v -8.440693 -6.100000 -157.832031
v -8.353877 -6.100000 -157.812225
v -6.227923 -6.100000 -159.784821
v -6.241195 -6.100000 -159.872879
v -8.266180 -6.100000 -157.796753
v -8.177822 -6.100000 -157.785690
v -6.214618 -6.100000 -159.607269
v -6.219056 -6.100000 -159.696213
v -8.000000 -6.100000 -157.776810
v -8.089022 -6.100000 -157.779037
v -6.214618 -6.100000 -159.518219
v -7.910978 -6.100000 -157.779037
v -7.822178 -6.100000 -157.785690
v -6.227923 -6.100000 -159.340683
v -6.219056 -6.100000 -159.429291
v -7.733820 -6.100000 -157.796753
v -7.646123 -6.100000 -157.812225
v -6.258840 -6.100000 -159.165344
v -6.241195 -6.100000 -159.252625
v -7.559307 -6.100000 -157.832031
v -7.473586 -6.100000 -157.856155
v -6.307061 -6.100000 -158.993958
v -6.280813 -6.100000 -159.079041
v -7.389174 -6.100000 -157.884521
v -7.306280 -6.100000 -157.917053
v -6.410745 -6.100000 -158.747986
v -6.337518 -6.100000 -158.910278
v -6.372108 -6.100000 -158.828217
v -7.068749 -6.100000 -158.038818
v -7.145868 -6.100000 -157.994308
v -7.225111 -6.100000 -157.953674
v -6.499766 -6.100000 -158.593796
v -6.453333 -6.100000 -158.669785
v -6.993946 -6.100000 -158.087143
v -6.921643 -6.100000 -158.139114
v -6.852022 -6.100000 -158.194641
v -6.660938 -6.100000 -158.381027
v -6.549930 -6.100000 -158.520218
v -6.603698 -6.100000 -158.449234
v -6.785254 -6.100000 -158.253571
v -6.721507 -6.100000 -158.315750
v 6.721507 -6.100000 -128.809753
v 6.660938 -6.100000 -128.744476
v 6.785254 -6.100000 -128.871933
v 6.921643 -6.100000 -128.986374
v 6.852022 -6.100000 -128.930862
v 7.068749 -6.100000 -129.086670
v 6.993946 -6.100000 -129.038361
v 6.453333 -6.100000 -128.455719
v 6.410745 -6.100000 -128.377518
v 6.499766 -6.100000 -128.531708
v 6.549930 -6.100000 -128.605286
v 7.225111 -6.100000 -129.171829
v 7.145868 -6.100000 -129.131195
v 6.372108 -6.100000 -128.297287
v 6.603698 -6.100000 -128.676270
v 6.337518 -6.100000 -128.215225
v 7.389174 -6.100000 -129.240982
v 7.306280 -6.100000 -129.208450
v 6.307061 -6.100000 -128.131546
v 7.559307 -6.100000 -129.293457
v 7.473586 -6.100000 -129.269348
v 7.646123 -6.100000 -129.313278
v 6.280813 -6.100000 -128.046448
v 6.241195 -6.100000 -127.872871
v 6.258840 -6.100000 -127.960159
v 7.822178 -6.100000 -129.339813
v 7.733820 -6.100000 -129.328735
v 6.227923 -6.100000 -127.784821
v 6.219056 -6.100000 -127.696213
v 7.910978 -6.100000 -129.346466
v 6.214618 -6.100000 -127.607277
v 6.214618 -6.100000 -127.518227
v 8.089022 -6.100000 -129.346466
v 8.000000 -6.100000 -129.348694
v 6.219056 -6.100000 -127.429283
v 6.227923 -6.100000 -127.340683
v 8.266180 -6.100000 -129.328735
v 8.177822 -6.100000 -129.339813
v 6.258840 -6.100000 -127.165344
v 6.241195 -6.100000 -127.252625
v 8.440693 -6.100000 -129.293457
v 8.353877 -6.100000 -129.313278
v 8.526414 -6.100000 -129.269348
v 6.280813 -6.100000 -127.079048
v 6.307061 -6.100000 -126.993950
v 8.693720 -6.100000 -129.208450
v 8.610826 -6.100000 -129.240982
v 8.774889 -6.100000 -129.171829
v 6.410745 -6.100000 -126.747986
v 6.372108 -6.100000 -126.828217
v 6.337518 -6.100000 -126.910271
v 6.453333 -6.100000 -126.669785
v 9.006055 -6.100000 -129.038361
v 8.854132 -6.100000 -129.131195
v 8.931251 -6.100000 -129.086670
v 6.499766 -6.100000 -126.593796
v 6.549930 -6.100000 -126.520218
v 9.078357 -6.100000 -128.986374
v 6.603698 -6.100000 -126.449234
v 6.721507 -6.100000 -126.315742
v 6.660938 -6.100000 -126.381020
v 9.278494 -6.100000 -128.809753
v 9.147979 -6.100000 -128.930862
v 9.214746 -6.100000 -128.871933
v 9.396302 -6.100000 -128.676270
v 9.339063 -6.100000 -128.744476
v 6.852022 -6.100000 -126.194641
v 6.921643 -6.100000 -126.139122
v 6.785254 -6.100000 -126.253563
v 9.450070 -6.100000 -128.605286
v 6.993946 -6.100000 -126.087143
v 9.546667 -6.100000 -128.455719
v 9.500234 -6.100000 -128.531708
v 9.589255 -6.100000 -128.377518
v 7.225111 -6.100000 -125.953674
v 7.145868 -6.100000 -125.994301
v 7.068749 -6.100000 -126.038826
v 9.627892 -6.100000 -128.297287
v 9.692939 -6.100000 -128.131546
v 9.662482 -6.100000 -128.215225
v 7.389174 -6.100000 -125.884521
v 7.473586 -6.100000 -125.856155
v 7.306280 -6.100000 -125.917053
v 9.741160 -6.100000 -127.960159
v 9.719187 -6.100000 -128.046448
v 7.646123 -6.100000 -125.812225
v 7.559307 -6.100000 -125.832039
v 9.772078 -6.100000 -127.784821
v 9.758805 -6.100000 -127.872871
v 7.822178 -6.100000 -125.785690
v 7.910978 -6.100000 -125.779030
v 7.733820 -6.100000 -125.796761
v 9.785382 -6.100000 -127.607277
v 9.780944 -6.100000 -127.696213
v 8.000000 -6.100000 -125.776810
v 8.089022 -6.100000 -125.779030
v 9.772078 -6.100000 -127.340683
v 9.785382 -6.100000 -127.518227
v 9.780944 -6.100000 -127.429283
v 8.266180 -6.100000 -125.796761
v 8.177822 -6.100000 -125.785690
v 9.758805 -6.100000 -127.252625
v 8.353877 -6.100000 -125.812225
v 8.440693 -6.100000 -125.832039
v 9.719187 -6.100000 -127.079048
v 9.741160 -6.100000 -127.165344
v 9.662482 -6.100000 -126.910271
v 9.692939 -6.100000 -126.993950
v 8.610826 -6.100000 -125.884521
v 8.693720 -6.100000 -125.917053
v 8.526414 -6.100000 -125.856155
v 9.627892 -6.100000 -126.828217
v 8.774889 -6.100000 -125.953674
v 9.589255 -6.100000 -126.747986
v 9.546667 -6.100000 -126.669785
v 8.854132 -6.100000 -125.994301
v 8.931251 -6.100000 -126.038826
v 9.500234 -6.100000 -126.593796
v 9.450070 -6.100000 -126.520218
v 9.078357 -6.100000 -126.139122
v 9.006055 -6.100000 -126.087143
v 9.339063 -6.100000 -126.381020
v 9.396302 -6.100000 -126.449234
v 9.147979 -6.100000 -126.194641
v 9.214746 -6.100000 -126.253563
v 9.278494 -6.100000 -126.315742
vn 1.000000 0.000000 0.000000
vn 1.000000 0.000000 0.000000
vn -1.000000 0.000000 0.000000
vn -1.000000 0.000000 0.000000
vn 0.000000 1.000000 0.000000
vn 0.000000 1.000000 0.000000
vn 0.000000 1.000000 0.000000
vn 0.000000 1.000000 0.000000
vn 0.000000 1.000000 0.000000
vn 0.000000 1.000000 0.000000
vn 0.000000 1.000000 0.000000
vn 0.000000 1.000000 0.000000
vn 0.000000 1.000000 0.000000
vn 0.000000 1.000000 0.000000
vn 0.000000 1.000000 0.000000
vn 0.000000 1.000000 0.000000
vn 0.000000 1.000000 0.000000
vn 0.000000 1.000000 0.000000
vn 0.000000 1.000000 0.000000
vn 0.000000 1.000000 0.000000
vn 0.000000 1.000000 0.000000
vn 0.000000 1.000000 0.000000
vn 0.000000 1.000000 0.000000
vn 0.000000 1.000000 0.000000
vn 0.000000 1.000000 0.000000
vn 0.000000 1.000000 0.000000
vn 0.000000 1.000000 0.000000
vn 0.000000 1.000000 0.000000
vn 0.000000 1.000000 0.000000
vn 0.000000 1.000000 0.000000
vn 0.000000 1.000000 0.000000
vn 0.000000 1.000000 0.000000
vn 0.000000 1.000000 0.000000
vn 0.000000 1.000000 0.000000
vn 0.000000 1.000000 0.000000
vn 0.000000 1.000000 0.000000
vn -0.000000 1.000000 0.000000
vn 0.000000 1.000000 0.000000
vn -0.000000 1.000000 0.000000
vn 0.000000 1.000000 0.000000
vn -0.000000 1.000000 0.000000
vn 0.000000 1.000000 0.000000
vn -0.000000 1.000000 0.000000
vn 0.000000 1.000000 0.000000
vn -0.000000 1.000000 0.000000
vn 0.000000 1.000000 0.000000
vn -0.000000 1.000000 0.000000
vn 0.000000 1.000000 0.000000
vn -0.000000 1.000000 0.000000
vn 0.000000 1.000000 0.000000
vn -0.000000 1.000000 0.000000
vn 0.000000 1.000000 0.000000
vn 0.000000 1.000000 0.000000
vn 0.000000 1.000000 0.000000
vn -0.000000 1.000000 0.000000
vn 0.000000 1.000000 0.000000
vn 0.000000 1.000000 0.000000
vn 0.000000 1.000000 0.000000
vn -0.000000 1.000000 0.000000
vn -0.000000 1.000000 0.000000
vn 0.000000 1.000000 0.000000
vn 0.000000 1.000000 0.000000
vn 0.000000 1.000000 0.000000
vn -0.000000 1.000000 0.000000
vn 0.000000 1.000000 0.000000
vn 0.000000 1.000000 0.000000
vn -0.000000 1.000000 0.000000
vn -0.000000 1.000000 0.000000
vn 0.000000 1.000000 0.000000
vn 0.000000 1.000000 0.000000
vn -0.000000 1.000000 0.000000
vn -0.000000 1.000000 0.000000
vn 0.000000 1.000000 0.000000
vn 0.000000 1.000000 0.000000
vn 0.000000 1.000000 0.000000
vn -0.000000 1.000000 0.000000
vn 0.000000 1.000000 0.000000
vn 0.000000 1.000000 0.000000
vn -0.000000 1.000000 0.000000
vn -0.000000 1.000000 0.000000
vn 0.000000 1.000000 0.000000
vn -0.000000 1.000000 0.000000
vn 0.000000 1.000000 0.000000
vn -0.000000 1.000000 0.000000
vn -0.000000 1.000000 0.000000
vn 0.000000 1.000000 0.000000
vn 0.000000 1.000000 0.000000
vn 0.000000 1.000000 0.000000
vn 0.000000 1.000000 0.000000
vn 0.000000 1.000000 0.000000
vn -0.000000 1.000000 0.000000
vn 0.000000 1.000000 0.000000
vn 0.000000 1.000000 0.000000
vn -0.000000 1.000000 0.000000
vn 0.000000 1.000000 0.000000
vn 0.000000 1.000000 0.000000
vn -0.000000 1.000000 0.000000
vn 0.000000 1.000000 0.000000
vn 0.000000 1.000000 0.000000
vn -0.000000 1.000000 0.000000
vn 0.000000 1.000000 0.000000
vn 0.000000 1.000000 0.000000
vn -0.000000 1.000000 0.000000
vn 0.000000 1.000000 0.000000
vn 0.000000 1.000000 0.000000
vn -0.000000 1.000000 0.000000
vn 0.000000 1.000000 0.000000
vn 0.000000 1.000000 0.000000
vn -0.000000 1.000000 0.000000
vn -0.000000 1.000000 0.000000
vn 0.000000 1.000000 0.000000
vn -0.000000 1.000000 0.000000
vn -0.000000 1.000000 0.000000
vn 0.000000 1.000000 0.000000
vn -0.000000 1.000000 0.000000
vn 0.000000 1.000000 0.000000
vn -0.000000 1.000000 0.000000
vn -0.000000 1.000000 0.000000
vn -0.000000 1.000000 0.000000
vn 0.000000 1.000000 0.000000
vn -0.000000 1.000000 0.000000
vn 0.000000 1.000000 0.000000
vn -0.000000 1.000000 0.000000
vn -0.000000 1.000000 0.000000
vn -0.000000 1.000000 0.000000
vn 0.000000 1.000000 0.000000
vn -0.000000 1.000000 0.000000
vn 0.000000 1.000000 0.000000
vn -0.000000 1.000000 0.000000
vn -0.000000 1.000000 0.000000
vn -0.000000 1.000000 0.000000
vn 0.000000 1.000000 0.000000
vn -0.000000 1.000000 0.000000
vn -0.000000 1.000000 0.000000
vn 0.000000 1.000000 0.000000
vn -0.000000 1.000000 0.000000
vn 0.000000 1.000000 0.000000
vn -0.000000 1.000000 0.000000
vn -0.000000 1.000000 0.000000
vn -0.000000 1.000000 0.000000
vn 0.000000 1.000000 0.000000
vn -0.000000 1.000000 0.000000
vn -0.000000 1.000000 0.000000
vn 0.000000 1.000000 0.000000
vn -0.000000 1.000000 0.000000
vn -0.000000 1.000000 0.000000
vn 0.000000 1.000000 0.000000
vn -0.000000 1.000000 0.000000
vn -0.000000 1.000000 0.000000
vn 0.000000 1.000000 0.000000
vn 0.000000 1.000000 0.000000
vn -0.000000 1.000000 0.000000
vn -0.000000 1.000000 0.000000
vn -0.000000 1.000000 0.000000
vn -0.000000 1.000000 0.000000
vn -0.000000 1.000000 0.000000
vn 0.000000 1.000000 0.000000
vn -0.000000 1.000000 0.000000
vn -0.000000 1.000000 0.000000
vn 0.000000 1.000000 0.000000
vn -0.000000 1.000000 0.000000
vn -0.000000 1.000000 0.000000
vn 0.000000 1.000000 0.000000
vn -0.000000 1.000000 0.000000
vn -0.000000 1.000000 0.000000
vn 0.000000 1.000000 0.000000
vn -0.000000 1.000000 0.000000
vn -0.000000 1.000000 0.000000
vn 0.000000 1.000000 0.000000
vn -0.000000 1.000000 0.000000
vn -0.000000 1.000000 0.000000
vn 0.000000 1.000000 0.000000
vn 0.000000 1.000000 0.000000
vn -0.000000 1.000000 0.000000
vn -0.000000 1.000000 0.000000
vn -0.000000 1.000000 0.000000
vn -0.000000 1.000000 0.000000
vn -0.000000 1.000000 0.000000
vn -0.000000 1.000000 0.000000
vn -0.000000 1.000000 0.000000
vn -0.000000 1.000000 0.000000
vn -0.000000 1.000000 0.000000
vn -0.000000 1.000000 0.000000
vn -0.000000 1.000000 0.000000
vn -0.000000 1.000000 0.000000
vn -0.000000 1.000000 -0.000000
vn -0.000000 1.000000 -0.000000
vn -0.000000 1.000000 -0.000000
vn -0.000000 1.000000 -0.000000
vn -0.000000 1.000000 -0.000000
vn -0.000000 1.000000 -0.000000
vn -0.000000 1.000000 -0.000000
vn 0.000000 1.000000 0.000000
vn 0.000000 1.000000 0.000000
vn 0.000000 1.000000 0.000000
vn 0.000000 1.000000 0.000000
vn 0.000000 1.000000 -0.000000
vn 0.000000 1.000000 0.000000
vn 0.000000 1.000000 0.000000
vn 0.000000 1.000000 -0.000000
vn 0.000000 1.000000 0.000000
vn 0.000000 1.000000 0.000000
vn 0.000000 1.000000 -0.000000
vn 0.000000 1.000000 0.000000
vn 0.000000 1.000000 0.000000
vn 0.000000 1.000000 0.000000
vn 0.000000 1.000000 0.000000
vn 0.000000 1.000000 -0.000000
vn 0.000000 1.000000 0.000000
vn 0.000000 1.000000 0.000000
vn 0.000000 1.000000 -0.000000
vn 0.000000 1.000000 0.000000
vn 0.000000 1.000000 0.000000
vn 0.000000 1.000000 0.000000
vn 0.000000 1.000000 0.000000
vn 0.000000 1.000000 -0.000000
vn 0.000000 1.000000 0.000000
vn 0.000000 1.000000 0.000000
vn 0.000000 1.000000 0.000000
vn 0.000000 1.000000 -0.000000
vn 0.000000 1.000000 0.000000
vn 0.000000 1.000000 0.000000
vn 0.000000 1.000000 0.000000
vn 0.000000 1.000000 -0.000000
vn 0.000000 1.000000 0.000000
vn 0.000000 1.000000 0.000000
vn 0.000000 1.000000 0.000000
vn 0.000000 1.000000 0.000000
vn 0.000000 1.000000 0.000000
vn 0.000000 1.000000 0.000000
vn 0.000000 1.000000 0.000000
vn 0.000000 1.000000 0.000000
vn 0.000000 1.000000 0.000000
vn 0.000000 1.000000 0.000000
vn 0.000000 1.000000 0.000000
vn 0.000000 1.000000 0.000000
vn 0.000000 1.000000 0.000000
vn 0.000000 1.000000 0.000000
vn 0.000000 1.000000 0.000000
vn 0.000000 1.000000 0.000000
vn 0.000000 1.000000 0.000000
vn 0.000000 1.000000 0.000000
vn 0.000000 1.000000 0.000000
vn -0.000000 1.000000 0.000000
vn -0.000000 1.000000 0.000000
vn -0.000000 1.000000 0.000000
vn -0.000000 1.000000 0.000000
vn -0.000000 1.000000 0.000000
vn -0.000000 1.000000 0.000000
vn -0.000000 1.000000 0.000000
vn -0.000000 1.000000 0.000000
vn -0.000000 1.000000 0.000000
vn -0.000000 1.000000 0.000000
vn -0.000000 1.000000 0.000000
vn -0.000000 1.000000 0.000000
vn -0.000000 1.000000 0.000000
vn -0.000000 1.000000 0.000000
vn -0.000000 1.000000 0.000000
vn -0.000000 1.000000 0.000000
vn -0.000000 1.000000 0.000000
vn -0.000000 1.000000 0.000000
vn 0.000000 1.000000 0.000000
vn 0.000000 1.000000 0.000000
vn 0.000000 1.000000 0.000000
vn 0.000000 1.000000 0.000000
vn 0.000000 1.000000 0.000000
vn -0.000000 1.000000 -0.000000
vn -0.000000 1.000000 -0.000000
vn -0.000000 1.000000 -0.000000
vn -0.000000 1.000000 -0.000000
vn -0.000000 1.000000 -0.000000
vn -0.000000 1.000000 -0.000000
vn -0.000000 1.000000 -0.000000
vn -0.000000 1.000000 -0.000000
vn -0.000000 1.000000 -0.000000
vn 0.000000 1.000000 -0.000000
vn 0.000000 1.000000 -0.000000
vn 0.000000 1.000000 -0.000000
vn 0.000000 1.000000 -0.000000
vn 0.000000 1.000000 -0.000000
vn 0.000000 1.000000 -0.000000
vn 0.000000 1.000000 -0.000000
vn 0.000000 1.000000 -0.000000
vn 0.000000 1.000000 -0.000000
vn 0.000000 1.000000 -0.000000
vn 0.000000 1.000000 -0.000000
vn 0.000000 1.000000 -0.000000
vn 0.000000 1.000000 -0.000000
vn 0.000000 1.000000 -0.000000
vn 0.000000 1.000000 -0.000000
vn 0.000000 1.000000 -0.000000
vn 0.000000 1.000000 -0.000000
vn 0.000000 1.000000 -0.000000
vn 0.000000 1.000000 -0.000000
vn 0.000000 1.000000 -0.000000
vn 0.000000 1.000000 -0.000000
vn 0.000000 1.000000 -0.000000
vn 0.000000 1.000000 -0.000000
vn 0.000000 1.000000 -0.000000
vn 0.000000 1.000000 -0.000000
vn 0.000000 1.000000 -0.000000
vn 0.000000 1.000000 -0.000000
vn 0.000000 1.000000 -0.000000
vn 0.000000 1.000000 -0.000000
vn 0.000000 1.000000 -0.000000
vn 0.000000 1.000000 -0.000000
vn 0.000000 1.000000 -0.000000
vn 0.000000 1.000000 0.000000
vn -0.000000 1.000000 0.000000
vn 0.000000 1.000000 0.000000
vn 0.000000 1.000000 0.000000
vn -0.000000 1.000000 0.000000
vn -0.000000 1.000000 0.000000
vn 0.000000 1.000000 0.000000
vn 0.000000 1.000000 0.000000
vn 0.000000 1.000000 0.000000
vn -0.000000 1.000000 0.000000
vn 0.000000 1.000000 0.000000
vn -0.000000 1.000000 0.000000
vn 0.000000 1.000000 0.000000
vn 0.000000 1.000000 0.000000
vn 0.000000 1.000000 0.000000
vn -0.000000 1.000000 0.000000
vn 0.000000 1.000000 0.000000
vn 0.000000 1.000000 0.000000
vn -0.000000 1.000000 0.000000
vn 0.000000 1.000000 0.000000
vn 0.000000 1.000000 0.000000
vn -0.000000 1.000000 0.000000
vn 0.000000 1.000000 0.000000
vn -0.000000 1.000000 0.000000
vn 0.000000 1.000000 0.000000
vn 0.000000 1.000000 0.000000
vn 0.000000 1.000000 0.000000
vn 0.000000 1.000000 0.000000
vn -0.000000 1.000000 0.000000
vn -0.000000 1.000000 0.000000
vn 0.000000 1.000000 0.000000
vn 0.000000 1.000000 0.000000
vn 0.000000 1.000000 0.000000
vn 0.000000 1.000000 0.000000
vn -0.000000 1.000000 0.000000
vn 0.000000 1.000000 0.000000
vn 0.000000 1.000000 0.000000
vn 0.000000 1.000000 0.000000
vn -0.000000 1.000000 0.000000
vn 0.000000 1.000000 0.000000
vn 0.000000 1.000000 0.000000
vn -0.000000 1.000000 0.000000
vn 0.000000 1.000000 0.000000
vn 0.000000 1.000000 0.000000
vn 0.000000 1.000000 0.000000
vn 0.000000 1.000000 0.000000
vn 0.000000 1.000000 0.000000
vn -0.000000 1.000000 0.000000
vn 0.000000 1.000000 0.000000
vn 0.000000 1.000000 0.000000
vn 0.000000 1.000000 0.000000
vn -0.000000 1.000000 0.000000
vn 0.000000 1.000000 0.000000
vn 0.000000 1.000000 0.000000
vn -0.000000 1.000000 0.000000
vn 0.000000 1.000000 0.000000
vn 0.000000 1.000000 0.000000
vn 0.000000 1.000000 0.000000
vn -0.000000 1.000000 0.000000
vn 0.000000 1.000000 0.000000
vn 0.000000 1.000000 0.000000
vn 0.000000 1.000000 0.000000
vn 0.000000 1.000000 0.000000
vn -0.000000 1.000000 0.000000
vn 0.000000 1.000000 0.000000
vn 0.000000 1.000000 0.000000
vn -0.000000 1.000000 0.000000
vn -0.000000 1.000000 0.000000
vn -0.000000 1.000000 0.000000
vn -0.000000 1.000000 0.000000
vn 0.000000 1.000000 0.000000
vn 0.000000 1.000000 0.000000
vn -0.000000 1.000000 0.000000
vn -0.000000 1.000000 0.000000
vn -0.000000 1.000000 0.000000
vn -0.000000 1.000000 0.000000
vn -0.000000 1.000000 0.000000
vn -0.000000 1.000000 0.000000
vn 0.000000 1.000000 0.000000
vn 0.000000 1.000000 0.000000
vn -0.000000 1.000000 0.000000
vn -0.000000 1.000000 0.000000
vn 0.000000 1.000000 0.000000
vn -0.000000 1.000000 0.000000
vn -0.000000 1.000000 0.000000
vn -0.000000 1.000000 0.000000
vn -0.000000 1.000000 0.000000
vn -0.000000 1.000000 0.000000
vn -0.000000 1.000000 0.000000
vn -0.000000 1.000000 0.000000
vn 0.000000 1.000000 0.000000
vn -0.000000 1.000000 0.000000
vn 0.000000 1.000000 0.000000
vn -0.000000 1.000000 0.000000
vn -0.000000 1.000000 0.000000
vn -0.000000 1.000000 0.000000
vn -0.000000 1.000000 0.000000
vn -0.000000 1.000000 0.000000
vn 0.000000 1.000000 0.000000
vn -0.000000 1.000000 0.000000
vn -0.000000 1.000000 0.000000
vn 0.000000 1.000000 0.000000
vn -0.000000 1.000000 0.000000
vn 0.000000 1.000000 0.000000
vn -0.000000 1.000000 0.000000
vn -0.000000 1.000000 0.000000
vn -0.000000 1.000000 0.000000
vn -0.000000 1.000000 0.000000
vn -0.000000 1.000000 0.000000
vn -0.000000 1.000000 0.000000
vn 0.000000 1.000000 0.000000
vn -0.000000 1.000000 0.000000
vn -0.000000 1.000000 0.000000
vn -0.000000 1.000000 0.000000
vn -0.000000 1.000000 0.000000
vn 0.000000 1.000000 0.000000
vn 0.000000 1.000000 0.000000
vn -0.000000 1.000000 0.000000
vn -0.000000 1.000000 0.000000
vn -0.000000 1.000000 0.000000
vn -0.000000 1.000000 0.000000
vn 0.000000 1.000000 0.000000
vn -0.000000 1.000000 0.000000
vn -0.000000 1.000000 0.000000
vn -0.000000 1.000000 0.000000
vn -0.000000 1.000000 0.000000
vn -0.000000 1.000000 0.000000
vn 0.000000 1.000000 0.000000
vn 0.000000 1.000000 0.000000
vn -0.000000 1.000000 0.000000
vn -0.000000 1.000000 0.000000
vn -0.000000 1.000000 0.000000
vn -0.000000 1.000000 0.000000
vn -0.000000 1.000000 0.000000
vn 0.000000 1.000000 0.000000
vn -0.000000 1.000000 0.000000
vn -0.000000 1.000000 0.000000
vn -0.000000 1.000000 0.000000
vn 0.000000 1.000000 0.000000
vn -0.000000 1.000000 0.000000
vn -0.000000 1.000000 0.000000
vn -0.000000 1.000000 0.000000
vn 0.000000 1.000000 0.000000
vn -0.000000 1.000000 0.000000
vn -0.000000 1.000000 0.000000
vn -0.000000 1.000000 0.000000
vn 0.000000 1.000000 0.000000
vn -0.000000 1.000000 0.000000
vn -0.000000 1.000000 0.000000
vn -0.000000 1.000000 0.000000
vn 0.000000 1.000000 0.000000
vn -0.000000 1.000000 0.000000
vn -0.000000 1.000000 0.000000
vn -0.000000 1.000000 0.000000
vn 0.000000 1.000000 0.000000
vn -0.000000 1.000000 0.000000
vn -0.000000 1.000000 0.000000
vn -0.000000 1.000000 0.000000
vn -0.000000 1.000000 0.000000
vn -0.000000 1.000000 0.000000
vn -0.000000 1.000000 0.000000
vn -0.000000 1.000000 0.000000
vn -0.000000 1.000000 0.000000
vn -0.000000 1.000000 0.000000
vn -0.000000 1.000000 0.000000
vn -0.000000 1.000000 0.000000
vn -0.000000 1.000000 0.000000
vn -0.000000 1.000000 0.000000
vn -0.000000 1.000000 0.000000
vn -0.000000 1.000000 0.000000
vn -0.000000 1.000000 0.000000
vn 0.000000 1.000000 0.000000
vn -0.000000 1.000000 0.000000
vn -0.000000 1.000000 0.000000
vn -0.000000 1.000000 0.000000
vn -0.000000 1.000000 0.000000
vn -0.000000 1.000000 0.000000
vn -0.000000 1.000000 0.000000
vn -0.000000 1.000000 0.000000
vn -0.000000 1.000000 0.000000
vn -0.000000 1.000000 0.000000
vn -0.000000 1.000000 0.000000
vn -0.000000 1.000000 0.000000
vn -0.000000 1.000000 0.000000
vn -0.000000 1.000000 0.000000
vn -0.000000 1.000000 0.000000
vn -0.000000 1.000000 0.000000
vn -0.000000 1.000000 0.000000
vn -0.000000 1.000000 0.000000
vn -0.000000 1.000000 0.000000
vn -0.000000 1.000000 0.000000
vn -0.000000 1.000000 0.000000
vn -0.000000 1.000000 0.000000
vn -0.000000 1.000000 0.000000
vn -0.000000 1.000000 0.000000
vn -0.000000 1.000000 0.000000
vn -0.000000 1.000000 0.000000
vn -0.000000 1.000000 0.000000
vn -0.000000 1.000000 0.000000
vn -0.000000 1.000000 0.000000
vn -0.000000 1.000000 0.000000
vn 0.000000 1.000000 0.000000
vn 0.000000 1.000000 0.000000
vn 0.000000 1.000000 0.000000
vn 0.000000 1.000000 0.000000
vn 0.000000 1.000000 0.000000
vn 0.000000 1.000000 0.000000
vn 0.000000 1.000000 0.000000
vn 0.000000 1.000000 0.000000
vn 0.000000 1.000000 0.000000
vn -0.000000 1.000000 0.000000
vn 0.000000 -0.000000 -1.000000
vn 0.000000 0.000000 -1.000000
vn 0.000000 -0.000000 -1.000000
vn 0.000000 0.000000 -1.000000
vn 0.000000 0.000000 -1.000000
vn 0.000000 0.000000 -1.000000
vn 1.000000 0.000000 -0.000000
vn 1.000000 0.000000 0.000000
vn -1.000000 -0.000000 0.000000
vn -1.000000 0.000000 0.000000
vn -0.000000 -1.000000 0.000000
vn 0.000000 -1.000000 -0.000000
vn -1.000000 0.000000 0.000000
vn -1.000000 0.000000 0.000000
vn 0.000003 0.965928 -0.258811
vn -0.000004 0.965923 -0.258829
vn 0.000000 0.965926 -0.258819
vn 0.000002 0.965927 -0.258815
vn 0.000001 0.965926 -0.258818
vn -0.000001 0.965926 -0.258820
vn -0.000001 0.965925 -0.258823
vn 0.000003 0.965927 -0.258814
vn 0.000001 0.965927 -0.258813
vn -0.000005 0.965924 -0.258826
vn -0.000002 0.965923 -0.258831
vn 0.000003 0.965927 -0.258815
vn 0.000000 0.965927 -0.258815
vn -0.000004 0.965925 -0.258823
vn -0.000001 0.965923 -0.258828
vn 0.000002 0.965926 -0.258818
vn 0.000001 0.965930 -0.258805
vn 0.000000 0.965926 -0.258819
vn 0.000001 0.965928 -0.258811
vn 0.000006 0.965927 -0.258814
vn -0.000000 0.965923 -0.258831
vn -0.000005 0.965925 -0.258823
vn 0.000000 0.965929 -0.258809
vn -0.000002 0.965925 -0.258821
vn -0.000001 0.965917 -0.258852
vn 0.000008 0.965927 -0.258814
vn 0.000000 0.965937 -0.258776
vn -0.000015 0.965923 -0.258828
vn 0.000000 0.965925 -0.258822
vn 0.000011 0.965927 -0.258814
vn -0.000003 0.965925 -0.258821
vn -0.000004 0.965925 -0.258821
vn 0.000010 0.965927 -0.258814
vn 0.000000 0.965926 -0.258819
vn -0.000000 0.965926 -0.258819
vn 0.000000 0.965916 -0.258854
vn -0.000000 0.965914 -0.258862
vn 1.000000 0.000000 0.000000
vn 1.000000 0.000000 0.000000
vn -0.000000 0.965926 -0.258819
vn -0.000000 0.965925 -0.258822
vn -0.000000 0.965937 -0.258776
vn 0.000001 0.965917 -0.258852
vn -0.000000 0.965929 -0.258809
vn 0.000000 0.965923 -0.258831
vn -0.000001 0.965928 -0.258811
vn -0.000001 0.965930 -0.258805
vn 0.000001 0.965923 -0.258828
vn -0.000000 0.965927 -0.258815
vn 0.000002 0.965923 -0.258831
vn -0.000001 0.965927 -0.258813
vn 0.000001 0.965925 -0.258823
vn -0.000001 0.965926 -0.258817
vn -0.000000 0.965926 -0.258818
vn -0.000003 0.965928 -0.258811
vn 0.000004 0.965923 -0.258829
vn -0.000002 0.965927 -0.258816
vn 0.000001 0.965926 -0.258820
vn -0.000003 0.965927 -0.258814
vn 0.000005 0.965924 -0.258826
vn -0.000003 0.965927 -0.258815
vn 0.000004 0.965925 -0.258823
vn -0.000002 0.965926 -0.258818
vn -0.000000 0.965926 -0.258819
vn -0.000006 0.965927 -0.258814
vn 0.000005 0.965925 -0.258823
vn 0.000002 0.965925 -0.258821
vn -0.000008 0.965927 -0.258814
vn 0.000015 0.965923 -0.258828
vn -0.000011 0.965927 -0.258813
vn 0.000003 0.965925 -0.258821
vn 0.000005 0.965925 -0.258821
vn -0.000010 0.965927 -0.258814
vn 0.000000 0.965916 -0.258854
vn 0.000000 0.965914 -0.258862
vn -0.000000 0.965926 -0.258819
vn 0.000000 0.000000 -1.000000
vn 0.000000 0.000000 -1.000000
vn 0.000000 -0.000000 -1.000000
vn 0.000000 0.000000 -1.000000
vn 0.000000 0.000000 -1.000000
vn 0.000000 -0.000000 -1.000000
vn 0.000000 0.000000 1.000000
vn 0.000000 0.000000 1.000000
vn 0.000000 0.000000 -1.000000
vn 0.000000 0.000000 -1.000000
vn 0.000000 0.000000 1.000000
vn 0.000000 0.000000 1.000000
vn 0.000000 0.000000 1.000000
vn 0.000000 0.000000 1.000000
vn 0.000000 0.000000 1.000000
vn 0.000000 0.000000 1.000000
vn 0.000000 0.000000 1.000000
vn 0.000000 0.000000 1.000000
vn -0.000000 -1.000000 0.000000
vn 0.000000 -1.000000 0.000000
vn -0.000000 -1.000000 0.000000
vn 0.000000 -1.000000 0.000000
vn -0.000000 -1.000000 0.000000
vn 0.000000 -1.000000 0.000000
vn -0.000000 -1.000000 0.000000
vn 0.000000 -1.000000 0.000000
vn -0.000000 -1.000000 0.000000
vn 0.000000 -1.000000 0.000000
vn -0.000000 -1.000000 0.000000
vn 0.000000 -1.000000 0.000000
vn -0.000000 -1.000000 0.000000
vn 0.000000 -1.000000 0.000000
vn -0.000000 -1.000000 0.000000
vn 0.000000 -1.000000 0.000000
vn -0.000000 -1.000000 0.000000
vn 0.000000 -1.000000 0.000000
vn -0.000000 -1.000000 0.000000
vn 0.000000 -1.000000 0.000000
vn -0.000000 -1.000000 0.000000
vn 0.000000 -1.000000 0.000000
vn -0.000000 -1.000000 0.000000
vn 0.000000 -1.000000 0.000000
vn -0.000000 -1.000000 0.000000
vn 0.000000 -1.000000 0.000000
vn -0.000000 -1.000000 0.000000
vn 0.000000 -1.000000 0.000000
vn -0.000000 -1.000000 0.000000
vn 0.000000 -1.000000 0.000000
vn -0.000000 -1.000000 0.000000
vn -0.000000 -1.000000 0.000000
vn 0.000000 -1.000000 0.000000
vn 0.000000 -1.000000 0.000000
vn -0.000000 -1.000000 0.000000
vn 0.000000 -1.000000 0.000000
vn -0.000000 -1.000000 0.000000
vn 0.000000 -1.000000 0.000000
vn -0.000000 -1.000000 0.000000
vn 0.000000 -1.000000 0.000000
vn -0.000000 -1.000000 0.000000
vn -0.000000 -1.000000 0.000000
vn -0.000000 -1.000000 0.000000
vn -0.000000 -1.000000 0.000000
vn -0.000000 -1.000000 0.000000
vn -0.000000 -1.000000 0.000000
vn -0.000000 -1.000000 0.000000
vn -0.000000 -1.000000 0.000000
vn -0.000000 -1.000000 0.000000
vn -0.000000 -1.000000 0.000000
vn -0.000000 -1.000000 0.000000
vn -0.000000 -1.000000 0.000000
vn -0.000000 -1.000000 0.000000
vn -0.000000 -1.000000 0.000000
vn -0.000000 -1.000000 0.000000
vn -0.000000 -1.000000 0.000000
vn -0.000000 -1.000000 0.000000
vn -0.000000 -1.000000 0.000000
vn -0.000000 -1.000000 0.000000
vn -0.000000 -1.000000 0.000000
vn -0.000000 -1.000000 0.000000
vn -0.000000 -1.000000 0.000000
vn -0.000000 -1.000000 0.000000
vn -0.000000 -1.000000 0.000000
vn -0.000000 -1.000000 0.000000
vn -0.000000 -1.000000 0.000000
vn -0.000000 -1.000000 0.000000
vn -0.000000 -1.000000 0.000000
vn 0.000000 -1.000000 0.000000
vn 0.000000 -1.000000 0.000000
vn 0.000000 -1.000000 0.000000
vn 0.000000 -1.000000 0.000000
vn 0.000000 -1.000000 0.000000
vn -0.000000 -1.000000 0.000000
vn 0.000000 -1.000000 0.000000
vn 0.000000 -1.000000 0.000000
vn -0.000000 -1.000000 0.000000
vn 0.000000 -1.000000 0.000000
vn 0.000000 -1.000000 0.000000
vn 0.000000 -1.000000 0.000000
vn 0.000000 -1.000000 0.000000
vn 0.000000 -1.000000 0.000000
vn -0.000000 -1.000000 0.000000
vn 0.000000 -1.000000 0.000000
vn 0.000000 -1.000000 0.000000
vn -0.000000 -1.000000 0.000000
vn 0.000000 -1.000000 0.000000
vn 0.000000 -1.000000 0.000000
vn 0.000000 -1.000000 0.000000
vn 0.000000 -1.000000 0.000000
vn -0.000000 -1.000000 0.000000
vn 0.000000 -1.000000 0.000000
vn 0.000000 -1.000000 0.000000
vn -0.000000 -1.000000 0.000000
vn 0.000000 -1.000000 0.000000
vn 0.000000 -1.000000 0.000000
vn -0.000000 -1.000000 0.000000
vn 0.000000 -1.000000 0.000000
vn 0.000000 -1.000000 0.000000
vn 0.000000 -1.000000 0.000000
vn -0.000000 -1.000000 0.000000
vn 0.000000 -1.000000 0.000000
vn 0.000000 -1.000000 0.000000
vn 0.000000 -1.000000 0.000000
vn -0.000000 -1.000000 0.000000
vn 0.000000 -1.000000 0.000000
vn 0.000000 -1.000000 0.000000
vn 0.000000 -1.000000 0.000000
vn -0.000000 -1.000000 0.000000
vn 0.000000 -1.000000 0.000000
vn 0.000000 -1.000000 0.000000
vn 0.000000 -1.000000 0.000000
vn -0.000000 -1.000000 0.000000
vn 0.000000 -1.000000 0.000000
vn 0.000000 -1.000000 0.000000
vn 0.000000 -1.000000 0.000000
vn -0.000000 -1.000000 0.000000
vn 0.000000 -1.000000 0.000000
vn 0.000000 -1.000000 0.000000
vn 0.000000 -1.000000 0.000000
vn 0.000000 -1.000000 0.000000
vn 0.000000 -1.000000 0.000000
vn 0.000000 -1.000000 0.000000
vn 0.000000 -1.000000 0.000000
vn 0.000000 -1.000000 0.000000
vn -0.000000 -1.000000 0.000000
vn 0.000000 -1.000000 0.000000
vn 0.000000 -1.000000 0.000000
vn 0.000000 -1.000000 0.000000
vn 0.000000 -1.000000 0.000000
vn 0.000000 -1.000000 0.000000
vn 0.000000 -1.000000 0.000000
vn 0.000000 -1.000000 0.000000
vn 0.000000 -1.000000 0.000000
vn 0.000000 -1.000000 0.000000
vn -0.000000 -1.000000 0.000000
vn 0.000000 -1.000000 0.000000
vn 0.000000 -1.000000 0.000000
vn 0.000000 -1.000000 0.000000
vn 0.000000 -1.000000 0.000000
vn 0.000000 -1.000000 0.000000
vn 0.000000 -1.000000 0.000000
vn 0.000000 -1.000000 0.000000
vn 0.000000 -1.000000 0.000000
vn -0.000000 -1.000000 0.000000
vn -0.000000 -1.000000 0.000000
vn 0.000000 -1.000000 0.000000
vn 0.000000 -1.000000 0.000000
vn 0.000000 -1.000000 0.000000
vn -0.000000 -1.000000 0.000000
vn 0.000000 -1.000000 0.000000
vn 0.000000 -1.000000 0.000000
vn 0.000000 -1.000000 0.000000
vn 0.000000 -1.000000 0.000000
vn 0.000000 -1.000000 0.000000
vn 0.000000 -1.000000 0.000000
vn 0.000000 -1.000000 0.000000
vn 0.000000 -1.000000 0.000000
vn -0.000000 -1.000000 0.000000
vn 0.000000 -1.000000 0.000000
vn 0.000000 -1.000000 0.000000
vn 0.000000 -1.000000 0.000000
vn 0.000000 -1.000000 0.000000
vn 0.000000 -1.000000 0.000000
vn 0.000000 -1.000000 0.000000
vn 0.000000 -1.000000 0.000000
vn 0.000000 -1.000000 0.000000
vn 0.000000 -1.000000 0.000000
vn -0.000000 -1.000000 0.000000
vn 0.000000 -1.000000 0.000000
vn 0.000000 -1.000000 0.000000
vn 0.000000 -1.000000 0.000000
vn 0.000000 -1.000000 0.000000
vn 0.000000 -1.000000 0.000000
vn 0.000000 -1.000000 0.000000
vn 0.000000 -1.000000 0.000000
vn 0.000000 -1.000000 0.000000
vn 0.000000 -1.000000 0.000000
vn 0.000000 -1.000000 0.000000
vn 0.000000 -1.000000 0.000000
vn 0.000000 -1.000000 0.000000
vn 0.000000 -1.000000 0.000000
vn 0.000000 -1.000000 0.000000
vn 0.000000 -1.000000 0.000000
vn 0.000000 -1.000000 0.000000
vn 0.000000 -1.000000 0.000000
vn 0.000000 -1.000000 0.000000
vn 0.000000 -1.000000 0.000000
vn 0.000000 -1.000000 0.000000
vn 0.000000 -1.000000 0.000000
vn -0.000000 -1.000000 0.000000
vn 0.000000 -1.000000 0.000000
vn 0.000000 -1.000000 0.000000
vn 0.000000 -1.000000 0.000000
vn 0.000000 -1.000000 0.000000
vn 0.000000 -1.000000 0.000000
vn 0.000000 -1.000000 0.000000
vn 0.000000 -1.000000 0.000000
vn 0.000000 -1.000000 0.000000
vn 0.000000 -1.000000 0.000000
vn 0.000000 -1.000000 0.000000
vn 0.000000 -1.000000 0.000000
vn 0.000000 -1.000000 0.000000
vn 0.000000 -1.000000 0.000000
vn 0.000000 -1.000000 0.000000
vn 0.000000 -1.000000 0.000000
vn 0.000000 -1.000000 0.000000
vn 0.000000 -1.000000 0.000000
vn 0.000000 -1.000000 0.000000
vn 0.000000 -1.000000 0.000000
vn 0.000000 -1.000000 0.000000
vn 0.000000 -1.000000 0.000000
vn 0.000000 -1.000000 0.000000
vn 0.000000 -1.000000 0.000000
vn 0.000000 -1.000000 0.000000
vn 0.000000 -1.000000 0.000000
vn 0.000000 -1.000000 0.000000
vn 0.000000 -1.000000 0.000000
vn 0.000000 -1.000000 0.000000
vn 0.000000 -1.000000 0.000000
vn 0.000000 -1.000000 0.000000
vn 0.000000 -1.000000 0.000000
vn 0.000000 -1.000000 0.000000
vn 0.000000 -1.000000 0.000000
vn 0.000000 -1.000000 0.000000
vn 0.000000 -1.000000 0.000000
vn 0.000000 -1.000000 0.000000
vn 0.000000 -1.000000 0.000000
vn 0.000000 -1.000000 0.000000
vn 0.000000 -1.000000 0.000000
vn 0.000000 -1.000000 0.000000
vn 0.000000 -1.000000 0.000000
vn 0.000000 -1.000000 0.000000
vn 0.000000 -1.000000 0.000000
vn 0.000000 -1.000000 0.000000
vn 0.000000 -1.000000 0.000000
vn 0.000000 -1.000000 0.000000
vn 0.000000 -1.000000 0.000000
vn 0.000000 -1.000000 0.000000
vn 0.000000 -1.000000 0.000000
vn 0.000000 -1.000000 0.000000
vn 0.000000 -1.000000 0.000000
vn 0.000000 -1.000000 0.000000
vn 0.000000 -1.000000 0.000000
vn 0.000000 -1.000000 0.000000
vn 0.000000 -1.000000 0.000000
vn 0.000000 -1.000000 0.000000
vn 0.000000 -1.000000 0.000000
vn 0.000000 -1.000000 0.000000
vn 0.000000 -1.000000 0.000000
vn 0.000000 -1.000000 0.000000
vn 0.000000 -1.000000 0.000000
vn 0.000000 -1.000000 0.000000
vn 0.000000 -1.000000 0.000000
vn 0.000000 -1.000000 0.000000
vn 0.000000 -1.000000 0.000000
vn 0.000000 -1.000000 0.000000
vn 0.000000 -1.000000 0.000000
vn 0.000000 1.000000 0.000000
vn 0.000000 1.000000 0.000000
vn 0.000000 1.000000 0.000000
vn 0.000000 1.000000 0.000000
vn 0.000000 1.000000 0.000000
vn 0.000000 1.000000 0.000000
vn 0.000000 1.000000 0.000000
vn 0.000000 1.000000 0.000000
vn 0.000000 1.000000 0.000000
vn 0.000000 1.000000 0.000000
vn 0.000000 1.000000 0.000000
vn 0.000000 1.000000 0.000000
vn 0.000000 1.000000 0.000000
vn 0.000000 1.000000 0.000000
vn 0.000000 1.000000 0.000000
vn 0.000000 1.000000 0.000000
vn 0.000000 1.000000 0.000000
vn 0.000000 1.000000 0.000000
vn 0.000000 1.000000 0.000000
vn 0.000000 1.000000 0.000000
vn 0.000000 1.000000 0.000000
vn 0.000000 1.000000 0.000000
vn 0.000000 1.000000 0.000000
vn 0.000000 1.000000 0.000000
vn 0.000000 1.000000 0.000000
vn 0.000000 1.000000 0.000000
vn 0.000000 1.000000 0.000000
vn 0.000000 1.000000 0.000000
vn 0.000000 1.000000 0.000000
vn 0.000000 1.000000 0.000000
vn 0.000000 1.000000 0.000000
vn 0.000000 1.000000 0.000000
vn 0.000000 1.000000 0.000000
vn 0.000000 1.000000 0.000000
vn 0.000000 1.000000 0.000000
vn 0.000000 1.000000 0.000000
vn 0.000000 1.000000 0.000000
vn 0.000000 1.000000 0.000000
vn 0.000000 1.000000 0.000000
vn 0.000000 1.000000 0.000000
vn 0.000000 1.000000 0.000000
vn 0.000000 1.000000 0.000000
vn 0.000000 1.000000 0.000000
vn 0.000000 1.000000 0.000000
vn 0.000000 1.000000 0.000000
vn 0.000000 1.000000 0.000000
vn 0.000000 1.000000 0.000000
vn 0.000000 1.000000 0.000000
vn 0.000000 1.000000 0.000000
vn 0.000000 1.000000 0.000000
vn 0.000000 1.000000 0.000000
vn 0.000000 1.000000 0.000000
vn 0.000000 1.000000 0.000000
vn 0.000000 1.000000 0.000000
vn 0.000000 1.000000 0.000000
vn 0.000000 1.000000 0.000000
vn 0.000000 1.000000 0.000000
vn 0.000000 1.000000 0.000000
vn 0.000000 1.000000 0.000000
vn 0.000000 1.000000 0.000000
vn 0.000000 1.000000 0.000000
vn 0.000000 1.000000 0.000000
vn 0.000000 1.000000 0.000000
vn 0.000000 1.000000 0.000000
vn 0.000000 1.000000 0.000000
vn 0.000000 1.000000 0.000000
vn 0.000000 1.000000 0.000000
vn 0.000000 1.000000 0.000000
vn 0.000000 1.000000 0.000000
vn 0.000000 1.000000 0.000000
vn 0.000000 1.000000 0.000000
vn 0.000000 1.000000 0.000000
vn 0.000000 1.000000 0.000000
vn 0.000000 1.000000 0.000000
vn 0.000000 1.000000 0.000000
vn 0.000000 1.000000 0.000000
vn 0.000000 1.000000 0.000000
vn 0.000000 1.000000 0.000000
vn 0.000000 1.000000 0.000000
vn -0.000000 1.000000 0.000000
vn 0.000000 1.000000 0.000000
vn 0.000000 1.000000 0.000000
vn 0.000000 1.000000 0.000000
vn -0.000000 1.000000 0.000000
vn 0.000000 1.000000 0.000000
vn 0.000000 1.000000 0.000000
vn 0.000000 1.000000 0.000000
vn -0.000000 1.000000 0.000000
vn 0.000000 1.000000 0.000000
vn 0.000000 1.000000 0.000000
vn 0.000000 1.000000 0.000000
vn -0.000000 1.000000 0.000000
vn 0.000000 1.000000 0.000000
vn 0.000000 1.000000 0.000000
vn 0.000000 1.000000 0.000000
vn -0.000000 1.000000 0.000000
vn 0.000000 1.000000 0.000000
vn -0.000000 1.000000 0.000000
vn 0.000000 1.000000 0.000000
vn 0.000000 1.000000 0.000000
vn -0.000000 1.000000 0.000000
vn 0.000000 1.000000 0.000000
vn 0.000000 1.000000 0.000000
vn -0.000000 1.000000 0.000000
vn 0.000000 1.000000 0.000000
vn 0.000000 1.000000 0.000000
vn 0.000000 1.000000 0.000000
vn -0.000000 1.000000 0.000000
vn 0.000000 1.000000 0.000000
vn 0.000000 1.000000 0.000000
vn 0.000000 1.000000 0.000000
vn -0.000000 1.000000 0.000000
vn 0.000000 1.000000 0.000000
vn 0.000000 1.000000 0.000000
vn 0.000000 1.000000 0.000000
vn -0.000000 1.000000 0.000000
vn 0.000000 1.000000 0.000000
vn 0.000000 1.000000 0.000000
vn 0.000000 1.000000 0.000000
vn -0.000000 1.000000 0.000000
vn 0.000000 1.000000 0.000000
vn -0.000000 1.000000 0.000000
vn 0.000000 1.000000 0.000000
vn 0.000000 1.000000 0.000000
vn -0.000000 1.000000 0.000000
vn 0.000000 1.000000 0.000000
vn -0.000000 1.000000 0.000000
vn 0.000000 1.000000 0.000000
vn -0.000000 1.000000 0.000000
vn 0.000000 1.000000 0.000000
vn 0.000000 1.000000 0.000000
vn 0.000000 1.000000 0.000000
vn -0.000000 1.000000 0.000000
vn 0.000000 1.000000 0.000000
vn -0.000000 1.000000 0.000000
vn 0.000000 1.000000 0.000000
vn 0.000000 1.000000 0.000000
vn 0.000000 1.000000 0.000000
vn 0.000000 1.000000 0.000000
vn 0.000000 1.000000 0.000000
vn 0.000000 1.000000 0.000000
vn 0.000000 1.000000 0.000000
vn 0.000000 1.000000 0.000000
vn 0.000000 1.000000 0.000000
vn 0.000000 1.000000 0.000000
vn 0.000000 1.000000 0.000000
vn 0.000000 1.000000 0.000000
vn 0.000000 1.000000 0.000000
vn 0.000000 1.000000 0.000000
vn -0.000000 1.000000 0.000000
vn 0.000000 1.000000 0.000000
vn 0.000000 1.000000 0.000000
vn 0.000000 1.000000 0.000000
vn 0.000000 1.000000 0.000000
vn 0.000000 1.000000 0.000000
vn 0.000000 1.000000 0.000000
vn 0.000000 1.000000 0.000000
vn 0.000000 1.000000 0.000000
vn 0.000000 1.000000 0.000000
vn 0.000000 1.000000 0.000000
vn 0.000000 1.000000 0.000000
vn 0.000000 1.000000 0.000000
vn -0.000000 1.000000 0.000000
vn 0.000000 1.000000 0.000000
vn 0.000000 1.000000 0.000000
vn 0.000000 1.000000 0.000000
vn 0.000000 1.000000 0.000000
vn 0.000000 1.000000 0.000000
vn 0.000000 1.000000 0.000000
vn 0.000000 1.000000 0.000000
vn -0.000000 1.000000 0.000000
vn 0.000000 1.000000 0.000000
vn 0.000000 1.000000 0.000000
vn 0.000000 1.000000 0.000000
vn -0.000000 1.000000 0.000000
vn 0.000000 1.000000 0.000000
vn 0.000000 1.000000 0.000000
vn 0.000000 1.000000 0.000000
vn 0.000000 1.000000 0.000000
vn 0.000000 1.000000 0.000000
vn -0.000000 1.000000 0.000000
vn -0.000000 1.000000 0.000000
vn -0.000000 1.000000 0.000000
vn -0.000000 1.000000 0.000000
vn -0.000000 1.000000 0.000000
vn -0.000000 1.000000 0.000000
vn -0.000000 1.000000 0.000000
vn -0.000000 1.000000 0.000000
vn -0.000000 1.000000 0.000000
vn -0.000000 1.000000 0.000000
vn -0.000000 1.000000 0.000000
vn -0.000000 1.000000 0.000000
vn -0.000000 1.000000 0.000000
vn -0.000000 1.000000 0.000000
vn -0.000000 1.000000 0.000000
vn -0.000000 1.000000 0.000000
vn -0.000000 1.000000 0.000000
vn -0.000000 1.000000 0.000000
vn -0.000000 1.000000 0.000000
vn -0.000000 1.000000 0.000000
vn -0.000000 1.000000 0.000000
vn -0.000000 1.000000 0.000000
vn -0.000000 1.000000 0.000000
vn -0.000000 1.000000 0.000000
vn -0.000000 1.000000 0.000000
vn -0.000000 1.000000 0.000000
vn 0.000000 1.000000 0.000000
vn -0.000000 1.000000 0.000000
vn -0.000000 1.000000 0.000000
vn -0.000000 1.000000 0.000000
vn -0.000000 1.000000 0.000000
vn -0.000000 1.000000 0.000000
vn -0.000000 1.000000 0.000000
vn 0.000000 1.000000 0.000000
vn 0.000000 1.000000 0.000000
vn 0.000000 1.000000 0.000000
vn 0.000000 1.000000 0.000000
vn 0.000000 1.000000 0.000000
vn 0.000000 1.000000 0.000000
vn 0.000000 1.000000 0.000000
vn 0.000000 1.000000 0.000000
vn 0.000000 1.000000 0.000000
vn 0.000000 1.000000 0.000000
vn 0.000000 1.000000 0.000000
vn 0.000000 1.000000 0.000000
vn 0.000000 1.000000 0.000000
vn 0.000000 1.000000 0.000000
vn 0.000000 1.000000 0.000000
vn 0.000000 1.000000 0.000000
vn 0.000000 1.000000 0.000000
vn 0.000000 1.000000 0.000000
vn 0.000000 1.000000 0.000000
vn 0.000000 1.000000 0.000000
vn 0.000000 1.000000 0.000000
vn 0.000000 1.000000 0.000000
vn 0.000000 1.000000 0.000000
vn 0.000000 1.000000 0.000000
vn 0.000000 1.000000 0.000000
vn 0.000000 1.000000 0.000000
vn 0.000000 1.000000 0.000000
vn 0.000000 1.000000 0.000000
vn 0.000000 1.000000 0.000000
vn 0.000000 1.000000 0.000000
vn 0.000000 1.000000 0.000000
vn 0.000000 1.000000 0.000000
vn 0.000000 1.000000 0.000000
vn 0.000000 1.000000 0.000000
vn 0.000000 1.000000 0.000000
vn 0.000000 1.000000 0.000000
vn 0.000000 1.000000 0.000000
vn 0.000000 1.000000 0.000000
vn 0.000000 1.000000 0.000000
vn 0.000000 1.000000 0.000000
vn 0.000000 1.000000 0.000000
vn 0.000000 1.000000 0.000000
vn 0.000000 1.000000 0.000000
vn 0.000000 1.000000 0.000000
vn 0.000000 1.000000 0.000000
vn 0.000000 1.000000 0.000000
vn 0.000000 1.000000 0.000000
vn 0.000000 1.000000 0.000000
vn 0.000000 1.000000 0.000000
vn -1.000000 0.000000 0.000000
vn -1.000000 0.000000 0.000000
vn 1.000000 0.000000 0.000000
vn 1.000000 0.000000 0.000000
vn -0.000000 -1.000000 0.000000
vn 0.000000 -1.000000 0.000000
vn -0.000000 -1.000000 0.000000
vn 0.000000 -1.000000 0.000000
vn -0.000000 -1.000000 0.000000
vn 0.000000 -1.000000 0.000000
vn -0.000000 -1.000000 0.000000
vn 0.000000 -1.000000 0.000000
vn -0.000000 -1.000000 0.000000
vn 0.000000 -1.000000 0.000000
vn -0.000000 -1.000000 0.000000
vn 0.000000 -1.000000 0.000000
vn -0.000000 -1.000000 0.000000
vn 0.000000 -1.000000 0.000000
vn -0.000000 -1.000000 0.000000
vn 0.000000 -1.000000 0.000000
vn -0.000000 -1.000000 0.000000
vn 0.000000 -1.000000 0.000000
vn -0.000000 -1.000000 0.000000
vn 0.000000 -1.000000 0.000000
vn -0.000000 -1.000000 0.000000
vn -0.000000 -1.000000 0.000000
vn 0.000000 -1.000000 0.000000
vn -0.000000 -1.000000 0.000000
vn -0.000000 -1.000000 0.000000
vn -0.000000 -1.000000 0.000000
vn -0.000000 -1.000000 0.000000
vn -0.000000 -1.000000 0.000000
vn -0.000000 -1.000000 0.000000
vn -0.000000 -1.000000 0.000000
vn -0.000000 -1.000000 0.000000
vn -0.000000 -1.000000 0.000000
vn -0.000000 -1.000000 0.000000
vn 0.000000 -1.000000 0.000000
vn -0.000000 -1.000000 0.000000
vn 0.000000 -1.000000 0.000000
vn -0.000000 -1.000000 0.000000
vn 0.000000 -1.000000 0.000000
vn -0.000000 -1.000000 0.000000
vn 0.000000 -1.000000 0.000000
vn -0.000000 -1.000000 0.000000
vn 0.000000 -1.000000 0.000000
vn -0.000000 -1.000000 0.000000
vn 0.000000 -1.000000 0.000000
vn -0.000000 -1.000000 0.000000
vn -0.000000 -1.000000 0.000000
vn -0.000000 -1.000000 0.000000
vn -0.000000 -1.000000 0.000000
vn -0.000000 -1.000000 0.000000
vn -0.000000 -1.000000 0.000000
vn -0.000000 -1.000000 0.000000
vn -0.000000 -1.000000 0.000000
vn -0.000000 -1.000000 0.000000
vn -0.000000 -1.000000 0.000000
vn -0.000000 -1.000000 0.000000
vn -0.000000 -1.000000 0.000000
vn -0.000000 -1.000000 0.000000
vn -0.000000 -1.000000 0.000000
vn -0.000000 -1.000000 0.000000
vn -0.000000 -1.000000 0.000000
vn -0.000000 -1.000000 0.000000
vn -0.000000 -1.000000 0.000000
vn -0.000000 -1.000000 0.000000
vn -0.000000 -1.000000 0.000000
vn -0.000000 -1.000000 0.000000
vn -0.000000 -1.000000 0.000000
vn -0.000000 -1.000000 0.000000
vn -0.000000 -1.000000 0.000000
vn -0.000000 -1.000000 0.000000
vn -0.000000 -1.000000 0.000000
vn 0.000000 -1.000000 0.000000
vn 0.000000 -1.000000 0.000000
vn 0.000000 -1.000000 0.000000
vn 0.000000 -1.000000 0.000000
vn 0.000000 -1.000000 0.000000
vn -0.000000 -1.000000 0.000000
vn 0.000000 -1.000000 0.000000
vn 0.000000 -1.000000 0.000000
vn 0.000000 -1.000000 0.000000
vn -0.000000 -1.000000 0.000000
vn 0.000000 -1.000000 0.000000
vn 0.000000 -1.000000 0.000000
vn 0.000000 -1.000000 0.000000
vn -0.000000 -1.000000 0.000000
vn 0.000000 -1.000000 0.000000
vn 0.000000 -1.000000 0.000000
vn 0.000000 -1.000000 0.000000
vn -0.000000 -1.000000 0.000000
vn -0.000000 -1.000000 0.000000
vn 0.000000 -1.000000 0.000000
vn 0.000000 -1.000000 0.000000
vn 0.000000 -1.000000 0.000000
vn -0.000000 -1.000000 0.000000
vn 0.000000 -1.000000 0.000000
vn 0.000000 -1.000000 0.000000
vn -0.000000 -1.000000 0.000000
vn 0.000000 -1.000000 0.000000
vn 0.000000 -1.000000 0.000000
vn -0.000000 -1.000000 0.000000
vn 0.000000 -1.000000 0.000000
vn -0.000000 -1.000000 0.000000
vn 0.000000 -1.000000 0.000000
vn 0.000000 -1.000000 0.000000
vn -0.000000 -1.000000 0.000000
vn 0.000000 -1.000000 0.000000
vn 0.000000 -1.000000 0.000000
vn -0.000000 -1.000000 0.000000
vn 0.000000 -1.000000 0.000000
vn -0.000000 -1.000000 0.000000
vn 0.000000 -1.000000 0.000000
vn 0.000000 -1.000000 0.000000
vn -0.000000 -1.000000 0.000000
vn 0.000000 -1.000000 0.000000
vn 0.000000 -1.000000 0.000000
vn 0.000000 -1.000000 0.000000
vn -0.000000 -1.000000 0.000000
vn 0.000000 -1.000000 0.000000
vn 0.000000 -1.000000 0.000000
vn 0.000000 -1.000000 0.000000
vn -0.000000 -1.000000 0.000000
vn 0.000000 -1.000000 0.000000
vn 0.000000 -1.000000 0.000000
vn -0.000000 -1.000000 0.000000
vn 0.000000 -1.000000 0.000000
vn 0.000000 -1.000000 0.000000
vn 0.000000 -1.000000 0.000000
vn 0.000000 -1.000000 0.000000
vn -0.000000 -1.000000 0.000000
vn 0.000000 -1.000000 0.000000
vn 0.000000 -1.000000 0.000000
vn 0.000000 -1.000000 0.000000
vn 0.000000 -1.000000 0.000000
vn -0.000000 -1.000000 0.000000
vn 0.000000 -1.000000 0.000000
vn 0.000000 -1.000000 0.000000
vn 0.000000 -1.000000 0.000000
vn 0.000000 -1.000000 0.000000
vn -0.000000 -1.000000 0.000000
vn 0.000000 -1.000000 0.000000
vn -0.000000 -1.000000 0.000000
vn 0.000000 -1.000000 0.000000
vn 0.000000 -1.000000 0.000000
vn 0.000000 -1.000000 0.000000
vn -0.000000 -1.000000 0.000000
vn 0.000000 -1.000000 0.000000
vn 0.000000 -1.000000 0.000000
vn 0.000000 -1.000000 0.000000
vn -0.000000 -1.000000 0.000000
vn 0.000000 -1.000000 0.000000
vn 0.000000 -1.000000 0.000000
vn -0.000000 -1.000000 0.000000
vn 0.000000 -1.000000 0.000000
vn 0.000000 -1.000000 0.000000
vn 0.000000 -1.000000 0.000000
vn 0.000000 -1.000000 0.000000
vn 0.000000 -1.000000 0.000000
vn -0.000000 -1.000000 0.000000
vn 0.000000 -1.000000 0.000000
vn 0.000000 -1.000000 0.000000
vn -0.000000 -1.000000 0.000000
vn 0.000000 -1.000000 0.000000
vn 0.000000 -1.000000 0.000000
vn 0.000000 -1.000000 0.000000
vn -0.000000 -1.000000 0.000000
vn 0.000000 -1.000000 0.000000
vn 0.000000 -1.000000 0.000000
vn 0.000000 -1.000000 0.000000
vn 0.000000 -1.000000 0.000000
vn 0.000000 -1.000000 0.000000
vn 0.000000 -1.000000 0.000000
vn 0.000000 -1.000000 0.000000
vn 0.000000 -1.000000 0.000000
vn 0.000000 -1.000000 0.000000
vn 0.000000 -1.000000 0.000000
vn 0.000000 -1.000000 0.000000
vn 0.000000 -1.000000 0.000000
vn 0.000000 -1.000000 0.000000
vn 0.000000 -1.000000 0.000000
vn 0.000000 -1.000000 0.000000
vn -0.000000 -1.000000 0.000000
vn 0.000000 -1.000000 0.000000
vn -0.000000 -1.000000 0.000000
vn 0.000000 -1.000000 0.000000
vn 0.000000 -1.000000 0.000000
vn 0.000000 -1.000000 0.000000
vn 0.000000 -1.000000 0.000000
vn 0.000000 -1.000000 0.000000
vn 0.000000 -1.000000 0.000000
vn 0.000000 -1.000000 0.000000
vn 0.000000 -1.000000 0.000000
vn 0.000000 -1.000000 0.000000
vn 0.000000 -1.000000 0.000000
vn 0.000000 -1.000000 0.000000
vn 0.000000 -1.000000 0.000000
vn 0.000000 -1.000000 0.000000
vn 0.000000 -1.000000 0.000000
vn 0.000000 -1.000000 0.000000
vn 0.000000 -1.000000 0.000000
vn 0.000000 -1.000000 0.000000
vn 0.000000 -1.000000 0.000000
vn 0.000000 -1.000000 0.000000
vn 0.000000 -1.000000 0.000000
vn 0.000000 -1.000000 0.000000
vn 0.000000 -1.000000 0.000000
vn 0.000000 -1.000000 0.000000
vn 0.000000 -1.000000 0.000000
vn 0.000000 -1.000000 0.000000
vn 0.000000 -1.000000 0.000000
vn 0.000000 -1.000000 0.000000
vn 0.000000 -1.000000 0.000000
vn 0.000000 -1.000000 0.000000
vn 0.000000 -1.000000 0.000000
vn 0.000000 -1.000000 0.000000
vn 0.000000 -1.000000 0.000000
vn 0.000000 -1.000000 0.000000
vn 0.000000 -1.000000 0.000000
vn 0.000000 -1.000000 0.000000
vn 0.000000 -1.000000 0.000000
vn 0.000000 -1.000000 0.000000
vn 0.000000 -1.000000 0.000000
vn 0.000000 -1.000000 0.000000
vn 0.000000 -1.000000 0.000000
vn 0.000000 -1.000000 0.000000
vn 0.000000 -1.000000 0.000000
vn 0.000000 -1.000000 0.000000
vn 0.000000 -1.000000 0.000000
vn 0.000000 -1.000000 0.000000
vn 0.000000 -1.000000 0.000000
vn 0.000000 -1.000000 0.000000
vn 0.000000 -1.000000 0.000000
vn 0.000000 -1.000000 0.000000
vn 0.000000 -1.000000 0.000000
vn 0.000000 -1.000000 0.000000
vn 0.000000 -1.000000 0.000000
vn 0.000000 -1.000000 0.000000
vn 0.000000 -1.000000 0.000000
vn 0.000000 -1.000000 0.000000
vn 0.000000 -1.000000 0.000000
vn 0.000000 -1.000000 0.000000
vn 0.000000 -1.000000 0.000000
vn 0.000000 -1.000000 0.000000
vn 0.000000 -1.000000 0.000000
vn 0.000000 -1.000000 0.000000
vn 0.000000 -1.000000 0.000000
vn 0.000000 -1.000000 0.000000
vn 0.000000 -1.000000 0.000000
vn 0.000000 -1.000000 0.000000
vn 0.000000 -1.000000 0.000000
vn 0.000000 -1.000000 0.000000
vn 0.000000 -1.000000 0.000000
vn 0.000000 -1.000000 0.000000
vn 0.000000 -1.000000 0.000000
vn 0.000000 -1.000000 0.000000
vn 0.000000 -1.000000 0.000000
vn 0.000000 -1.000000 0.000000
vn 0.000000 -1.000000 0.000000
vn 0.000000 -1.000000 0.000000
vn 0.000000 -1.000000 0.000000
vn 0.000000 1.000000 0.000000
vn 0.000000 1.000000 0.000000
vn 0.000000 1.000000 0.000000
vn 0.000000 1.000000 0.000000
vn 0.000000 1.000000 0.000000
vn 0.000000 1.000000 0.000000
vn 0.000000 1.000000 0.000000
vn 0.000000 1.000000 0.000000
vn 0.000000 1.000000 0.000000
vn 0.000000 1.000000 0.000000
vn 0.000000 1.000000 0.000000
vn 0.000000 1.000000 0.000000
vn 0.000000 1.000000 0.000000
vn 0.000000 1.000000 0.000000
vn 0.000000 1.000000 0.000000
vn 0.000000 1.000000 0.000000
vn 0.000000 1.000000 0.000000
vn 0.000000 1.000000 0.000000
vn 0.000000 1.000000 0.000000
vn 0.000000 1.000000 0.000000
vn 0.000000 1.000000 0.000000
vn 0.000000 1.000000 0.000000
vn 0.000000 1.000000 0.000000
vn 0.000000 1.000000 0.000000
vn 0.000000 1.000000 0.000000
vn 0.000000 1.000000 0.000000
vn 0.000000 1.000000 0.000000
vn 0.000000 1.000000 0.000000
vn 0.000000 1.000000 0.000000
vn 0.000000 1.000000 0.000000
vn 0.000000 1.000000 0.000000
vn 0.000000 1.000000 0.000000
vn -0.000000 1.000000 0.000000
vn 0.000000 1.000000 0.000000
vn -0.000000 1.000000 0.000000
vn 0.000000 1.000000 0.000000
vn -0.000000 1.000000 0.000000
vn 0.000000 1.000000 0.000000
vn -0.000000 1.000000 0.000000
vn 0.000000 1.000000 0.000000
vn 0.000000 1.000000 0.000000
vn 0.000000 1.000000 0.000000
vn 0.000000 1.000000 0.000000
vn 0.000000 1.000000 0.000000
vn 0.000000 1.000000 0.000000
vn 0.000000 1.000000 0.000000
vn 0.000000 1.000000 0.000000
vn 0.000000 1.000000 0.000000
vn 0.000000 1.000000 0.000000
vn 0.000000 1.000000 0.000000
vn 0.000000 1.000000 0.000000
vn 0.000000 1.000000 0.000000
vn 0.000000 1.000000 0.000000
vn 0.000000 1.000000 0.000000
vn 0.000000 1.000000 0.000000
vn 0.000000 1.000000 0.000000
vn 0.000000 1.000000 0.000000
vn 0.000000 1.000000 0.000000
vn 0.000000 1.000000 0.000000
vn 0.000000 1.000000 0.000000
vn 0.000000 1.000000 0.000000
vn 0.000000 1.000000 0.000000
vn 0.000000 1.000000 0.000000
vn 0.000000 1.000000 0.000000
vn 0.000000 1.000000 0.000000
vn 0.000000 1.000000 0.000000
vn 0.000000 1.000000 0.000000
vn 0.000000 1.000000 0.000000
vn 0.000000 1.000000 0.000000
vn 0.000000 1.000000 0.000000
vn 0.000000 1.000000 0.000000
vn 0.000000 1.000000 0.000000
vn 0.000000 1.000000 0.000000
vn 0.000000 1.000000 0.000000
vn 0.000000 1.000000 0.000000
vn 0.000000 1.000000 0.000000
vn 0.000000 1.000000 0.000000
vn -0.000000 1.000000 0.000000
vn 0.000000 1.000000 0.000000
vn 0.000000 1.000000 0.000000
vn 0.000000 1.000000 0.000000
vn -0.000000 1.000000 0.000000
vn 0.000000 1.000000 0.000000
vn 0.000000 1.000000 0.000000
vn -0.000000 1.000000 0.000000
vn 0.000000 1.000000 0.000000
vn 0.000000 1.000000 0.000000
vn -0.000000 1.000000 0.000000
vn 0.000000 1.000000 0.000000
vn -0.000000 1.000000 0.000000
vn 0.000000 1.000000 0.000000
vn 0.000000 1.000000 0.000000
vn -0.000000 1.000000 0.000000
vn 0.000000 1.000000 0.000000
vn 0.000000 1.000000 0.000000
vn 0.000000 1.000000 0.000000
vn 0.000000 1.000000 0.000000
vn -0.000000 1.000000 0.000000
vn 0.000000 1.000000 0.000000
vn 0.000000 1.000000 0.000000
vn 0.000000 1.000000 0.000000
vn -0.000000 1.000000 0.000000
vn 0.000000 1.000000 0.000000
vn 0.000000 1.000000 0.000000
vn 0.000000 1.000000 0.000000
vn 0.000000 1.000000 0.000000
vn -0.000000 1.000000 0.000000
vn 0.000000 1.000000 0.000000
vn 0.000000 1.000000 0.000000
vn -0.000000 1.000000 0.000000
vn 0.000000 1.000000 0.000000
vn 0.000000 1.000000 0.000000
vn 0.000000 1.000000 0.000000
vn -0.000000 1.000000 0.000000
vn 0.000000 1.000000 0.000000
vn 0.000000 1.000000 0.000000
vn 0.000000 1.000000 0.000000
vn -0.000000 1.000000 0.000000
vn 0.000000 1.000000 0.000000
vn 0.000000 1.000000 0.000000
vn 0.000000 1.000000 0.000000
vn -0.000000 1.000000 0.000000
vn 0.000000 1.000000 0.000000
vn -0.000000 1.000000 0.000000
vn 0.000000 1.000000 0.000000
vn -0.000000 1.000000 0.000000
vn 0.000000 1.000000 0.000000
vn -0.000000 1.000000 0.000000
vn 0.000000 1.000000 0.000000
vn -0.000000 1.000000 0.000000
vn 0.000000 1.000000 0.000000
vn 0.000000 1.000000 0.000000
vn -0.000000 1.000000 0.000000
vn -0.000000 1.000000 0.000000
vn 0.000000 1.000000 0.000000
vn -0.000000 1.000000 0.000000
vn -0.000000 1.000000 0.000000
vn 0.000000 1.000000 0.000000
vn 0.000000 1.000000 0.000000
vn -0.000000 1.000000 0.000000
vn 0.000000 1.000000 0.000000
vn -0.000000 1.000000 0.000000
vn -0.000000 1.000000 0.000000
vn 0.000000 1.000000 0.000000
vn -0.000000 1.000000 0.000000
vn 0.000000 1.000000 0.000000
vn -0.000000 1.000000 0.000000
vn 0.000000 1.000000 0.000000
vn -0.000000 1.000000 0.000000
vn 0.000000 1.000000 0.000000
vn -0.000000 1.000000 0.000000
vn 0.000000 1.000000 0.000000
vn 0.000000 1.000000 0.000000
vn -0.000000 1.000000 0.000000
vn -0.000000 1.000000 0.000000
vn 0.000000 1.000000 0.000000
vn -0.000000 1.000000 0.000000
vn 0.000000 1.000000 0.000000
vn -0.000000 1.000000 0.000000
vn 0.000000 1.000000 0.000000
vn -0.000000 1.000000 0.000000
vn 0.000000 1.000000 0.000000
vn 0.000000 1.000000 0.000000
vn -0.000000 1.000000 0.000000
vn 0.000000 1.000000 0.000000
vn 0.000000 1.000000 0.000000
vn -0.000000 1.000000 0.000000
vn -0.000000 1.000000 0.000000
vn -0.000000 1.000000 0.000000
vn 0.000000 1.000000 0.000000
vn 0.000000 1.000000 0.000000
vn -0.000000 1.000000 0.000000
vn 0.000000 1.000000 0.000000
vn 0.000000 1.000000 0.000000
vn -0.000000 1.000000 0.000000
vn -0.000000 1.000000 0.000000
vn 0.000000 1.000000 0.000000
vn -0.000000 1.000000 0.000000
vn 0.000000 1.000000 0.000000
vn -0.000000 1.000000 0.000000
vn 0.000000 1.000000 0.000000
vn 0.000000 1.000000 0.000000
vn 0.000000 1.000000 0.000000
vn 0.000000 1.000000 0.000000
vn 0.000000 1.000000 0.000000
vn 0.000000 1.000000 0.000000
vn 0.000000 1.000000 0.000000
vn 0.000000 1.000000 0.000000
vn 0.000000 1.000000 0.000000
vn 0.000000 1.000000 0.000000
vn 0.000000 1.000000 0.000000
vn 0.000000 1.000000 0.000000
vn 0.000000 1.000000 0.000000
vn 0.000000 1.000000 0.000000
vn 0.000000 1.000000 0.000000
vn 0.000000 1.000000 0.000000
vn 0.000000 1.000000 0.000000
vn 0.000000 1.000000 0.000000
vn 0.000000 1.000000 0.000000
vn 0.000000 1.000000 0.000000
vn 0.000000 1.000000 0.000000
vn 0.000000 1.000000 0.000000
vn 0.000000 1.000000 0.000000
vn 0.000000 1.000000 0.000000
vn 0.000000 1.000000 0.000000
vn 0.000000 1.000000 0.000000
vn 0.000000 1.000000 0.000000
vn 0.000000 1.000000 0.000000
vn 0.000000 1.000000 0.000000
vn 0.000000 1.000000 0.000000
vn 0.000000 1.000000 0.000000
vn 0.000000 1.000000 0.000000
vn 0.000000 1.000000 0.000000
vn 0.000000 1.000000 0.000000
vn 0.000000 1.000000 0.000000
vn 0.000000 1.000000 0.000000
vn 0.000000 1.000000 0.000000
vn 0.000000 1.000000 0.000000
vn 0.000000 1.000000 0.000000
vn 0.000000 1.000000 0.000000
vn 0.000000 1.000000 0.000000
vn 0.000000 1.000000 0.000000
vn 0.000000 1.000000 0.000000
vn -0.000000 1.000000 0.000000
vn -0.000000 1.000000 0.000000
vn -0.000000 1.000000 0.000000
vn -0.000000 1.000000 0.000000
vn -0.000000 1.000000 0.000000
vn -0.000000 1.000000 0.000000
vn -0.000000 1.000000 0.000000
vn -0.000000 1.000000 0.000000
vn -0.000000 1.000000 0.000000
vn -0.000000 1.000000 0.000000
vn -0.000000 1.000000 0.000000
vn -0.000000 1.000000 0.000000
vn -0.000000 1.000000 0.000000
vn -0.000000 1.000000 0.000000
vn -0.000000 1.000000 0.000000
vn -0.000000 1.000000 0.000000
vn -0.000000 1.000000 0.000000
vn -0.000000 1.000000 0.000000
vn -0.000000 1.000000 0.000000
vn -0.000000 1.000000 0.000000
vn 0.000000 1.000000 0.000000
vn -0.000000 1.000000 0.000000
vn 0.000000 1.000000 0.000000
vn -0.000000 1.000000 0.000000
vn 0.000000 1.000000 0.000000
vn -0.000000 1.000000 0.000000
vn 0.000000 1.000000 0.000000
vn -0.000000 1.000000 0.000000
vn 0.000000 1.000000 0.000000
vn -0.000000 1.000000 0.000000
vn 0.000000 1.000000 0.000000
vn -0.000000 1.000000 0.000000
vn -0.000000 1.000000 0.000000
vn -0.000000 1.000000 0.000000
vn -0.000000 1.000000 0.000000
vn -0.024935 -0.000000 -0.999689
vn -0.024935 0.000000 -0.999689
vn -0.074693 0.000000 -0.997207
vn -0.074693 -0.000000 -0.997207
vn -0.124336 -0.000000 -0.992240
vn -0.124336 -0.000000 -0.992240
vn -0.173641 0.000000 -0.984809
vn -0.173641 -0.000000 -0.984809
vn -0.222492 0.000000 -0.974934
vn -0.222492 -0.000000 -0.974934
vn -0.270883 -0.000000 -0.962612
vn -0.270883 -0.000000 -0.962612
vn -0.318492 0.000000 -0.947925
vn -0.318492 -0.000000 -0.947925
vn -0.365305 0.000000 -0.930888
vn -0.365305 -0.000000 -0.930888
vn -0.411316 0.000000 -0.911493
vn -0.411316 -0.000000 -0.911493
vn -0.456202 0.000000 -0.889876
vn -0.456202 -0.000000 -0.889876
vn -0.499967 -0.000000 -0.866045
vn -0.499967 -0.000000 -0.866045
vn -0.542564 0.000000 -0.840014
vn -0.542564 -0.000000 -0.840014
vn -0.583722 -0.000000 -0.811954
vn -0.583722 -0.000000 -0.811954
vn -0.623492 -0.000000 -0.781830
vn -0.623492 -0.000000 -0.781830
vn -0.661693 0.000000 -0.749775
vn -0.661693 0.000000 -0.749775
vn -0.698269 -0.000000 -0.715836
vn -0.698269 0.000000 -0.715836
vn -0.733024 -0.000000 -0.680203
vn -0.733024 0.000000 -0.680203
vn -0.766057 -0.000000 -0.642773
vn -0.766057 0.000000 -0.642773
vn -0.797135 0.000000 -0.603801
vn -0.797135 -0.000000 -0.603801
vn -0.826245 -0.000000 -0.563311
vn -0.826245 0.000000 -0.563311
vn -0.853279 -0.000000 -0.521455
vn -0.853279 0.000000 -0.521455
vn -0.878234 0.000000 -0.478232
vn -0.878234 -0.000000 -0.478232
vn -0.900971 0.000000 -0.433880
vn -0.900971 -0.000000 -0.433880
vn -0.921475 -0.000000 -0.388439
vn -0.921475 -0.000000 -0.388439
vn -0.939681 0.000000 -0.342051
vn -0.955577 0.000000 -0.294743
vn -0.939681 -0.000000 -0.342051
vn -0.955577 0.000000 -0.294743
vn -0.969077 -0.000000 -0.246760
vn -0.980172 0.000000 -0.198148
vn -0.969077 -0.000000 -0.246760
vn -0.988832 0.000000 -0.149033
vn -0.980172 0.000000 -0.198148
vn -0.995032 0.000000 -0.099557
vn -0.988832 0.000000 -0.149033
vn -0.998756 0.000000 -0.049861
vn -0.995032 -0.000000 -0.099557
vn -1.000000 0.000000 0.000000
vn -0.998756 -0.000000 -0.049861
vn -0.998756 0.000000 0.049856
vn -1.000000 0.000000 -0.000000
vn -0.995032 0.000000 0.099557
vn -0.998756 0.000000 0.049856
vn -0.995032 0.000000 0.099557
vn -0.988830 0.000000 0.149050
vn -0.980172 0.000000 0.198148
vn -0.988830 0.000000 0.149050
vn -0.980172 0.000000 0.198148
vn -0.969077 0.000000 0.246760
vn -0.969077 0.000000 0.246760
vn -0.955577 0.000000 0.294743
vn -0.955577 -0.000000 0.294743
vn -0.939694 0.000000 0.342015
vn -0.939694 0.000000 0.342015
vn -0.921475 0.000000 0.388439
vn -0.921475 0.000000 0.388439
vn -0.900971 0.000000 0.433880
vn -0.900971 0.000000 0.433880
vn -0.878208 0.000000 0.478279
vn -0.878208 0.000000 0.478279
vn -0.853310 0.000000 0.521404
vn -0.853310 0.000000 0.521404
vn -0.826245 0.000000 0.563311
vn -0.826245 -0.000000 0.563311
vn -0.797135 0.000000 0.603801
vn -0.797135 0.000000 0.603801
vn -0.766010 0.000000 0.642828
vn -0.766010 -0.000000 0.642828
vn -0.733076 0.000000 0.680147
vn -0.733076 0.000000 0.680147
vn -0.698211 0.000000 0.715892
vn -0.698211 0.000000 0.715892
vn -0.661693 0.000000 0.749775
vn -0.661693 -0.000000 0.749775
vn -0.623492 0.000000 0.781830
vn -0.623492 0.000000 0.781830
vn -0.583722 0.000000 0.811954
vn -0.583722 0.000000 0.811954
vn -0.542564 0.000000 0.840014
vn -0.542564 0.000000 0.840014
vn -0.500052 0.000000 0.865995
vn -0.500052 0.000000 0.865995
vn -0.456202 0.000000 0.889876
vn -0.456202 -0.000000 0.889876
vn -0.411222 0.000000 0.911535
vn -0.411222 0.000000 0.911535
vn -0.365403 0.000000 0.930849
vn -0.365403 0.000000 0.930849
vn -0.318492 0.000000 0.947925
vn -0.318492 -0.000000 0.947925
vn -0.270778 0.000000 0.962642
vn -0.270778 -0.000000 0.962642
vn -0.222600 -0.000000 0.974910
vn -0.222600 0.000000 0.974910
vn -0.173641 0.000000 0.984809
vn -0.124336 0.000000 0.992240
vn -0.173641 0.000000 0.984809
vn -0.124336 0.000000 0.992240
vn -0.074693 0.000000 0.997207
vn -0.074693 -0.000000 0.997207
vn -0.024935 0.000000 0.999689
vn -0.024935 0.000000 0.999689
vn 0.024935 0.000000 0.999689
vn 0.024935 0.000000 0.999689
vn 0.074693 0.000000 0.997207
vn 0.074693 -0.000000 0.997207
vn 0.124336 0.000000 0.992240
vn 0.124336 -0.000000 0.992240
vn 0.173641 0.000000 0.984809
vn 0.173641 0.000000 0.984809
vn 0.222600 0.000000 0.974910
vn 0.222600 0.000000 0.974910
vn 0.270778 0.000000 0.962642
vn 0.270778 0.000000 0.962642
vn 0.318492 0.000000 0.947925
vn 0.318492 0.000000 0.947925
vn 0.365406 -0.000000 0.930848
vn 0.365406 -0.000000 0.930848
vn 0.411220 0.000000 0.911536
vn 0.411220 -0.000000 0.911536
vn 0.456204 -0.000000 0.889875
vn 0.456204 0.000000 0.889875
vn 0.542561 -0.000000 0.840016
vn 0.500049 0.000000 0.865997
vn 0.500049 -0.000000 0.865997
vn 0.542561 0.000000 0.840016
vn 0.583725 0.000000 0.811951
vn 0.623495 -0.000000 0.781827
vn 0.583725 0.000000 0.811951
vn 0.623495 0.000000 0.781827
vn 0.661686 -0.000000 0.749781
vn 0.698214 -0.000000 0.715889
vn 0.661686 0.000000 0.749781
vn 0.698214 0.000000 0.715889
vn 0.733073 -0.000000 0.680151
vn 0.766014 -0.000000 0.642824
vn 0.733073 0.000000 0.680151
vn 0.766014 -0.000000 0.642824
vn 0.797131 -0.000000 0.603806
vn 0.797131 0.000000 0.603806
vn 0.826248 0.000000 0.563307
vn 0.826248 0.000000 0.563307
vn 0.853310 -0.000000 0.521404
vn 0.853310 0.000000 0.521404
vn 0.878211 -0.000000 0.478274
vn 0.878211 0.000000 0.478274
vn 0.900965 0.000000 0.433892
vn 0.900965 0.000000 0.433892
vn 0.921477 -0.000000 0.388433
vn 0.921477 0.000000 0.388433
vn 0.939697 0.000000 0.342009
vn 0.939697 -0.000000 0.342009
vn 0.955573 -0.000000 0.294756
vn 0.955573 0.000000 0.294756
vn 0.969078 -0.000000 0.246754
vn 0.980172 -0.000000 0.198148
vn 0.969078 -0.000000 0.246754
vn 0.980172 0.000000 0.198148
vn 0.988831 -0.000000 0.149043
vn 0.988831 0.000000 0.149043
vn 0.995030 0.000000 0.099571
vn 0.995030 0.000000 0.099571
vn 0.998757 0.000000 0.049842
vn 0.998757 0.000000 0.049842
vn 1.000000 0.000000 0.000000
vn 1.000000 0.000000 -0.000000
vn 0.998757 0.000000 -0.049847
vn 0.998757 0.000000 -0.049847
vn 0.995030 0.000000 -0.099571
vn 0.995030 0.000000 -0.099571
vn 0.988833 -0.000000 -0.149026
vn 0.988833 0.000000 -0.149026
vn 0.980172 0.000000 -0.198148
vn 0.980172 0.000000 -0.198148
vn 0.969078 0.000000 -0.246754
vn 0.955573 0.000000 -0.294756
vn 0.969078 0.000000 -0.246754
vn 0.955573 -0.000000 -0.294756
vn 0.939684 -0.000000 -0.342045
vn 0.921477 0.000000 -0.388433
vn 0.939684 0.000000 -0.342045
vn 0.921477 0.000000 -0.388433
vn 0.900965 -0.000000 -0.433892
vn 0.900965 0.000000 -0.433892
vn 0.878237 -0.000000 -0.478226
vn 0.853279 0.000000 -0.521455
vn 0.878237 0.000000 -0.478226
vn 0.853279 0.000000 -0.521455
vn 0.826248 -0.000000 -0.563307
vn 0.826248 0.000000 -0.563307
vn 0.797131 0.000000 -0.603806
vn 0.766060 0.000000 -0.642769
vn 0.797131 0.000000 -0.603806
vn 0.733020 0.000000 -0.680207
vn 0.766060 0.000000 -0.642769
vn 0.733020 -0.000000 -0.680207
vn 0.698272 -0.000000 -0.715832
vn 0.698272 0.000000 -0.715832
vn 0.661686 0.000000 -0.749781
vn 0.661686 0.000000 -0.749781
vn 0.623495 0.000000 -0.781827
vn 0.623495 -0.000000 -0.781827
vn 0.583725 0.000000 -0.811951
vn 0.583725 -0.000000 -0.811951
vn 0.542561 0.000000 -0.840016
vn 0.542561 -0.000000 -0.840016
vn 0.499964 0.000000 -0.866046
vn 0.499964 -0.000000 -0.866046
vn 0.456204 0.000000 -0.889875
vn 0.456204 -0.000000 -0.889875
vn 0.411314 0.000000 -0.911494
vn 0.411314 0.000000 -0.911494
vn 0.365308 0.000000 -0.930887
vn 0.365308 -0.000000 -0.930887
vn 0.318492 0.000000 -0.947925
vn 0.318492 -0.000000 -0.947925
vn 0.270883 0.000000 -0.962612
vn 0.270883 0.000000 -0.962612
vn 0.222492 0.000000 -0.974934
vn 0.222492 -0.000000 -0.974934
vn 0.173641 0.000000 -0.984809
vn 0.173641 0.000000 -0.984809
vn 0.124336 0.000000 -0.992240
vn 0.074693 0.000000 -0.997207
vn 0.124336 0.000000 -0.992240
vn 0.024935 0.000000 -0.999689
vn 0.074693 0.000000 -0.997207
vn 0.024935 0.000000 -0.999689
vn 0.482608 -0.704674 -0.520118
vn 0.368933 -0.706667 -0.603746
vn 0.368933 -0.706667 -0.603746
vn 0.290895 -0.706998 -0.644619
vn 0.258355 -0.706998 -0.658336
vn 0.241984 -0.706669 -0.664878
vn 0.240710 -0.710379 -0.661377
vn 0.241977 -0.706666 -0.664884
vn 0.017635 -0.706999 -0.706995
vn 0.563744 -0.706998 -0.427021
vn 0.541770 -0.706998 -0.454576
vn 0.531987 -0.704675 -0.469493
vn 0.427218 -0.706667 -0.564009
vn 0.427217 -0.706667 -0.564010
vn 0.307007 -0.706666 -0.637472
vn 0.353586 -0.706998 -0.612479
vn 0.322642 -0.706997 -0.629331
vn 0.305389 -0.710378 -0.634113
vn 0.307005 -0.706665 -0.637473
vn 0.603454 -0.706996 -0.368782
vn 0.584337 -0.706997 -0.398380
vn 0.576099 -0.704677 -0.414176
vn 0.481254 -0.706667 -0.518668
vn 0.481257 -0.706669 -0.518662
vn 0.412824 -0.706998 -0.574222
vn 0.383706 -0.706998 -0.594074
vn 0.368934 -0.706665 -0.603748
vn 0.368934 -0.706665 -0.603749
vn 0.366987 -0.710384 -0.600562
vn 0.637178 -0.706996 -0.306856
vn 0.621104 -0.706996 -0.338210
vn 0.017653 -0.707001 -0.706992
vn 0.614474 -0.704674 -0.354762
vn 0.530508 -0.706669 -0.468167
vn 0.530501 -0.706664 -0.468182
vn 0.574491 -0.706664 -0.413020
vn 0.427221 -0.706665 -0.564009
vn 0.427219 -0.706665 -0.564011
vn 0.424967 -0.710383 -0.561034
vn 0.467949 -0.706997 -0.530262
vn 0.440952 -0.706997 -0.552916
vn 0.481255 -0.706665 -0.518670
vn 0.664560 -0.706996 -0.241900
vn 0.651685 -0.706996 -0.274706
vn 0.646739 -0.704676 -0.291824
vn 0.574479 -0.706669 -0.413030
vn 0.481249 -0.706667 -0.518672
vn 0.518418 -0.706993 -0.481044
vn 0.493821 -0.706993 -0.506263
vn 0.478713 -0.710381 -0.515939
vn 0.675798 -0.706995 -0.208457
vn 0.672581 -0.704675 -0.225981
vn 0.685350 -0.706995 -0.174509
vn 0.612754 -0.706668 -0.353769
vn 0.612755 -0.706669 -0.353767
vn 0.530509 -0.706668 -0.468168
vn 0.563741 -0.706995 -0.427031
vn 0.541771 -0.706994 -0.454580
vn 0.530507 -0.706667 -0.468171
vn 0.527712 -0.710380 -0.465704
vn 0.691741 -0.704676 -0.157884
vn 0.699321 -0.706995 -0.105394
vn 0.693196 -0.706995 -0.140134
vn 0.644930 -0.706668 -0.291008
vn 0.644930 -0.706668 -0.291007
vn 0.603459 -0.706994 -0.368778
vn 0.584338 -0.706994 -0.398383
vn 0.574481 -0.706668 -0.413028
vn 0.571455 -0.710379 -0.410853
vn 0.574480 -0.706667 -0.413031
vn 0.704022 -0.704676 -0.088225
vn 0.706339 -0.706996 -0.035253
vn 0.703703 -0.706996 -0.070418
vn 0.670703 -0.706665 -0.225349
vn 0.670703 -0.706668 -0.225339
vn 0.612757 -0.706666 -0.353768
vn 0.612757 -0.706667 -0.353767
vn 0.609528 -0.710380 -0.351902
vn 0.637180 -0.706998 -0.306848
vn 0.621093 -0.706998 -0.338226
vn 0.709309 -0.704676 -0.017688
vn 0.706339 -0.706996 0.035249
vn 0.707218 -0.706995 0.000000
vn 0.689806 -0.706668 -0.157442
vn 0.702054 -0.706668 -0.087978
vn 0.689807 -0.706666 -0.157448
vn 0.664566 -0.706996 -0.241886
vn 0.651686 -0.706995 -0.274705
vn 0.670705 -0.706666 -0.225340
vn 0.644932 -0.706666 -0.291009
vn 0.641532 -0.710380 -0.289476
vn 0.644932 -0.706666 -0.291009
vn 0.707546 -0.704676 0.053025
vn 0.699319 -0.706995 0.105406
vn 0.703704 -0.706995 0.070418
vn 0.702054 -0.706668 -0.087979
vn 0.707326 -0.706668 -0.017639
vn 0.685346 -0.706998 -0.174511
vn 0.675796 -0.706998 -0.208454
vn 0.689807 -0.706666 -0.157448
vn 0.667169 -0.710381 -0.224152
vn 0.670705 -0.706666 -0.225340
vn 0.698751 -0.704676 0.123206
vn 0.685349 -0.706996 0.174509
vn 0.693195 -0.706996 0.140134
vn 0.707326 -0.706668 -0.017639
vn 0.686171 -0.710381 -0.156615
vn 0.699317 -0.706997 -0.105408
vn 0.693194 -0.706997 -0.140129
vn 0.689808 -0.706665 -0.157445
vn 0.683011 -0.704677 0.192164
vn 0.664568 -0.706998 0.241874
vn 0.675796 -0.706997 0.208456
vn 0.705566 -0.706668 0.052877
vn 0.705567 -0.706668 0.052875
vn 0.706337 -0.706998 -0.035251
vn 0.703701 -0.706998 -0.070417
vn 0.702057 -0.706665 -0.087980
vn 0.698355 -0.710381 -0.087516
vn 0.702057 -0.706665 -0.087979
vn 0.637181 -0.706993 0.306857
vn 0.651687 -0.706993 0.274708
vn 0.660478 -0.704676 0.259231
vn 0.696795 -0.706669 0.122865
vn 0.696797 -0.706668 0.122862
vn 0.703599 -0.710381 -0.017546
vn 0.706337 -0.706998 0.035251
vn 0.707216 -0.706998 0.000000
vn 0.707328 -0.706666 -0.017639
vn 0.705570 -0.706665 0.052875
vn 0.707328 -0.706666 -0.017639
vn 0.631393 -0.704675 0.323693
vn 0.603475 -0.706997 0.368746
vn 0.621086 -0.706997 0.338243
vn 0.681103 -0.706667 0.191627
vn 0.681101 -0.706668 0.191631
vn 0.699316 -0.706999 0.105408
vn 0.703701 -0.706998 0.070413
vn 0.705570 -0.706665 0.052875
vn 0.701849 -0.710381 0.052596
vn 0.563749 -0.706991 0.427025
vn 0.584341 -0.706992 0.398383
vn 0.596024 -0.704673 0.384955
vn 0.658629 -0.706670 0.258505
vn 0.658637 -0.706666 0.258495
vn 0.685346 -0.706998 0.174511
vn 0.693194 -0.706998 0.140129
vn 0.693125 -0.710381 0.122215
vn 0.696798 -0.706666 0.122866
vn 0.696799 -0.706665 0.122863
vn 0.518440 -0.706998 0.481013
vn 0.541736 -0.706998 0.454615
vn 0.554741 -0.704673 0.442378
vn 0.629622 -0.706670 0.322791
vn 0.629625 -0.706669 0.322787
vn 0.664562 -0.707000 0.241885
vn 0.675795 -0.707000 0.208454
vn 0.681101 -0.706666 0.191636
vn 0.681104 -0.706664 0.191632
vn 0.677510 -0.710382 0.190625
vn 0.507925 -0.704675 0.495424
vn 0.467956 -0.706997 0.530258
vn 0.493789 -0.706997 0.506289
vn 0.594355 -0.706669 0.383877
vn 0.594356 -0.706669 0.383876
vn 0.658639 -0.706664 0.258496
vn 0.637178 -0.707000 0.306847
vn 0.651682 -0.707000 0.274704
vn 0.658639 -0.706664 0.258496
vn 0.655164 -0.710382 0.257132
vn 0.456082 -0.704678 0.543523
vn 0.412819 -0.706999 0.574224
vn 0.440945 -0.706999 0.552920
vn 0.553177 -0.706669 0.441150
vn 0.553190 -0.706665 0.441142
vn 0.603455 -0.706999 0.368775
vn 0.621093 -0.706999 0.338225
vn 0.629631 -0.706664 0.322786
vn 0.629625 -0.706667 0.322792
vn 0.626309 -0.710382 0.321083
vn 0.399683 -0.704680 0.586242
vn 0.353642 -0.706998 0.612447
vn 0.383708 -0.706997 0.594073
vn 0.506518 -0.706665 0.494029
vn 0.506503 -0.706670 0.494037
vn 0.563737 -0.706999 0.427028
vn 0.584334 -0.706999 0.398380
vn 0.594357 -0.706667 0.383877
vn 0.594357 -0.706667 0.383877
vn 0.591225 -0.710380 0.381855
vn 0.339330 -0.704672 0.623131
vn 0.290824 -0.706990 0.644660
vn 0.322638 -0.706991 0.629339
vn 0.454794 -0.706669 0.542015
vn 0.398570 -0.706664 0.584609
vn 0.454811 -0.706664 0.542008
vn 0.506515 -0.706669 0.494026
vn 0.518437 -0.706994 0.481022
vn 0.541754 -0.706995 0.454601
vn 0.553182 -0.706667 0.441148
vn 0.550267 -0.710380 0.438824
vn 0.553178 -0.706668 0.441151
vn 0.275613 -0.704678 0.653809
vn 0.225244 -0.706994 0.670392
vn 0.258422 -0.706993 0.658315
vn 0.398582 -0.706669 0.584595
vn 0.467976 -0.706993 0.530245
vn 0.493799 -0.706993 0.506284
vn 0.506512 -0.706667 0.494031
vn 0.503844 -0.710379 0.491429
vn 0.157426 -0.706999 0.689470
vn 0.191498 -0.706999 0.680794
vn 0.209138 -0.704673 0.678009
vn 0.338378 -0.706672 0.621382
vn 0.338385 -0.706669 0.621381
vn 0.412854 -0.706994 0.574204
vn 0.440928 -0.706994 0.552939
vn 0.454794 -0.706669 0.542016
vn 0.452403 -0.710381 0.539157
vn 0.454800 -0.706667 0.542014
vn 0.087933 -0.706992 0.701734
vn 0.122803 -0.706992 0.696478
vn 0.140589 -0.704672 0.695466
vn 0.274844 -0.706666 0.651985
vn 0.208554 -0.706666 0.676113
vn 0.274824 -0.706671 0.651987
vn 0.398577 -0.706669 0.584598
vn 0.353621 -0.706992 0.612466
vn 0.383679 -0.706992 0.594098
vn 0.396478 -0.710381 0.581518
vn 0.398583 -0.706667 0.584596
vn 0.338386 -0.706667 0.621382
vn 0.070656 -0.704674 0.706005
vn 0.017635 -0.706998 0.706996
vn 0.052824 -0.706998 0.705240
vn 0.208566 -0.706670 0.676105
vn 0.290859 -0.707001 0.644632
vn 0.322640 -0.707001 0.629327
vn 0.338374 -0.706662 0.621395
vn 0.336588 -0.710381 0.618116
vn 0.000000 -0.704678 0.709527
vn -0.052824 -0.706998 0.705240
vn -0.017635 -0.706998 0.706996
vn 0.140196 -0.706664 0.693521
vn 0.140175 -0.706670 0.693519
vn 0.070459 -0.706664 0.704032
vn 0.273385 -0.710383 0.648550
vn 0.274827 -0.706664 0.651994
vn 0.274836 -0.706661 0.651993
vn 0.225210 -0.707004 0.670392
vn 0.258390 -0.707004 0.658316
vn -0.070656 -0.704674 0.706004
vn -0.122803 -0.706992 0.696478
vn -0.087933 -0.706992 0.701734
vn 0.000000 -0.706661 0.707552
vn 0.070449 -0.706661 0.704036
vn 0.208569 -0.706659 0.676115
vn 0.207456 -0.710381 0.672548
vn 0.157354 -0.707000 0.689485
vn 0.191556 -0.707001 0.680776
vn 0.208556 -0.706664 0.676114
vn -0.140590 -0.704672 0.695465
vn -0.191498 -0.706999 0.680794
vn -0.157426 -0.706999 0.689470
vn 0.000000 -0.706661 0.707552
vn 0.140209 -0.706660 0.693522
vn 0.140175 -0.706671 0.693518
vn 0.070448 -0.706671 0.704027
vn 0.139470 -0.710379 0.689863
vn 0.087970 -0.706994 0.701726
vn 0.122811 -0.706994 0.696475
vn -0.209138 -0.704673 0.678009
vn -0.258421 -0.706993 0.658316
vn -0.225244 -0.706994 0.670392
vn -0.070459 -0.706664 0.704032
vn -0.070449 -0.706661 0.704036
vn 0.070441 -0.706668 0.704030
vn 0.017611 -0.707000 0.706994
vn 0.052833 -0.707000 0.705237
vn 0.070069 -0.710386 0.700316
vn -0.275612 -0.704678 0.653809
vn -0.322636 -0.706991 0.629340
vn -0.290826 -0.706990 0.644659
vn -0.140176 -0.706665 0.693524
vn -0.140195 -0.706671 0.693514
vn -0.000000 -0.710379 0.703819
vn 0.000000 -0.706668 0.707545
vn 0.000000 -0.706668 0.707545
vn -0.052833 -0.707000 0.705237
vn -0.017611 -0.707000 0.706994
vn -0.383711 -0.706997 0.594072
vn -0.353645 -0.706998 0.612446
vn -0.339331 -0.704672 0.623131
vn -0.208553 -0.706666 0.676113
vn -0.208566 -0.706671 0.676104
vn -0.070448 -0.706671 0.704027
vn -0.070069 -0.710386 0.700316
vn -0.070441 -0.706668 0.704030
vn -0.122811 -0.706994 0.696475
vn -0.087970 -0.706994 0.701726
vn -0.399683 -0.704680 0.586242
vn -0.440943 -0.706999 0.552922
vn -0.412817 -0.706998 0.574226
vn -0.274841 -0.706672 0.651980
vn -0.274827 -0.706667 0.651991
vn -0.140177 -0.706659 0.693530
vn -0.140207 -0.706671 0.693512
vn -0.139469 -0.710378 0.689863
vn -0.191555 -0.707000 0.680777
vn -0.157354 -0.707000 0.689485
vn -0.493786 -0.706997 0.506291
vn -0.467960 -0.706997 0.530253
vn -0.456082 -0.704678 0.543524
vn -0.338379 -0.706670 0.621383
vn -0.338383 -0.706671 0.621379
vn -0.208558 -0.706660 0.676118
vn -0.274828 -0.706664 0.651994
vn -0.208568 -0.706664 0.676111
vn -0.207456 -0.710381 0.672548
vn -0.258389 -0.707004 0.658316
vn -0.225211 -0.707004 0.670392
vn -0.507925 -0.704675 0.495424
vn -0.541734 -0.706999 0.454618
vn -0.518442 -0.706999 0.481010
vn -0.398570 -0.706664 0.584609
vn -0.398583 -0.706670 0.584594
vn -0.274836 -0.706661 0.651993
vn -0.273385 -0.710383 0.648549
vn -0.322641 -0.707001 0.629326
vn -0.290860 -0.707001 0.644631
vn -0.554741 -0.704673 0.442378
vn -0.584338 -0.706992 0.398386
vn -0.563751 -0.706992 0.427022
vn -0.454807 -0.706670 0.542005
vn -0.454797 -0.706665 0.542019
vn -0.338385 -0.706667 0.621383
vn -0.338374 -0.706662 0.621395
vn -0.336588 -0.710381 0.618116
vn -0.383678 -0.706992 0.594099
vn -0.353621 -0.706992 0.612466
vn -0.596024 -0.704673 0.384955
vn -0.621083 -0.706997 0.338247
vn -0.603475 -0.706997 0.368746
vn -0.506507 -0.706664 0.494041
vn -0.506515 -0.706669 0.494026
vn -0.398583 -0.706669 0.584594
vn -0.398579 -0.706667 0.584599
vn -0.396478 -0.710382 0.581518
vn -0.440926 -0.706995 0.552940
vn -0.412854 -0.706995 0.574204
vn -0.651685 -0.706994 0.274712
vn -0.637184 -0.706994 0.306849
vn -0.631393 -0.704674 0.323693
vn -0.553187 -0.706669 0.441139
vn -0.553181 -0.706665 0.441152
vn -0.454796 -0.706667 0.542017
vn -0.506516 -0.706667 0.494028
vn -0.454798 -0.706669 0.542013
vn -0.452402 -0.710382 0.539157
vn -0.493801 -0.706993 0.506282
vn -0.467976 -0.706993 0.530245
vn -0.675800 -0.706997 0.208447
vn -0.664567 -0.706997 0.241879
vn -0.660478 -0.704676 0.259231
vn -0.594355 -0.706669 0.383877
vn -0.629625 -0.706669 0.322787
vn -0.594355 -0.706668 0.383877
vn -0.506511 -0.706669 0.494030
vn -0.541755 -0.706995 0.454599
vn -0.518435 -0.706995 0.481023
vn -0.503844 -0.710379 0.491429
vn -0.683010 -0.704677 0.192163
vn -0.693195 -0.706996 0.140134
vn -0.685348 -0.706996 0.174513
vn -0.629622 -0.706670 0.322791
vn -0.553180 -0.706667 0.441150
vn -0.553181 -0.706668 0.441148
vn -0.584335 -0.706999 0.398378
vn -0.563736 -0.706999 0.427029
vn -0.550267 -0.710380 0.438824
vn -0.698751 -0.704676 0.123206
vn -0.703705 -0.706995 0.070409
vn -0.699319 -0.706994 0.105411
vn -0.658633 -0.706666 0.258507
vn -0.658634 -0.706670 0.258494
vn -0.594357 -0.706667 0.383876
vn -0.621093 -0.706999 0.338225
vn -0.603456 -0.706999 0.368773
vn -0.594357 -0.706666 0.383878
vn -0.591226 -0.710380 0.381854
vn -0.707218 -0.706995 0.000000
vn -0.706338 -0.706996 0.035259
vn -0.707545 -0.704676 0.053027
vn -0.681101 -0.706668 0.191626
vn -0.681101 -0.706667 0.191633
vn -0.629629 -0.706666 0.322786
vn -0.651683 -0.707000 0.274701
vn -0.637177 -0.707000 0.306850
vn -0.629627 -0.706664 0.322794
vn -0.626309 -0.710382 0.321084
vn -0.703703 -0.706997 -0.070408
vn -0.706337 -0.706997 -0.035263
vn -0.709309 -0.704676 -0.017688
vn -0.696795 -0.706669 0.122861
vn -0.696796 -0.706668 0.122865
vn -0.658639 -0.706664 0.258496
vn -0.681104 -0.706664 0.191633
vn -0.655165 -0.710382 0.257133
vn -0.658639 -0.706664 0.258496
vn -0.675794 -0.706999 0.208457
vn -0.664563 -0.706999 0.241885
vn -0.693195 -0.706996 -0.140134
vn -0.699320 -0.706996 -0.105399
vn -0.704022 -0.704676 -0.088225
vn -0.705567 -0.706667 0.052879
vn -0.705566 -0.706669 0.052874
vn -0.677510 -0.710382 0.190627
vn -0.693194 -0.706997 0.140135
vn -0.685348 -0.706997 0.174509
vn -0.696798 -0.706666 0.122866
vn -0.681101 -0.706666 0.191637
vn -0.691740 -0.704676 -0.157883
vn -0.675800 -0.706997 -0.208447
vn -0.685347 -0.706996 -0.174513
vn -0.707326 -0.706668 -0.017639
vn -0.707326 -0.706668 -0.017639
vn -0.696800 -0.706665 0.122862
vn -0.693125 -0.710381 0.122214
vn -0.703701 -0.706998 0.070416
vn -0.699317 -0.706998 0.105403
vn -0.672581 -0.704675 -0.225981
vn -0.651682 -0.706997 -0.274711
vn -0.664558 -0.706997 -0.241904
vn -0.689807 -0.706667 -0.157442
vn -0.702055 -0.706667 -0.087978
vn -0.702054 -0.706668 -0.087982
vn -0.705570 -0.706665 0.052876
vn -0.705570 -0.706665 0.052875
vn -0.707328 -0.706666 -0.017639
vn -0.701849 -0.710381 0.052597
vn -0.707216 -0.706998 -0.000000
vn -0.706337 -0.706998 0.035253
vn -0.646737 -0.704677 -0.291825
vn -0.621103 -0.706996 -0.338214
vn -0.637183 -0.706995 -0.306848
vn -0.689808 -0.706666 -0.157446
vn -0.707328 -0.706665 -0.017640
vn -0.703598 -0.710381 -0.017547
vn -0.703701 -0.706998 -0.070420
vn -0.706337 -0.706998 -0.035253
vn -0.614474 -0.704674 -0.354762
vn -0.584334 -0.706996 -0.398383
vn -0.603454 -0.706996 -0.368782
vn -0.670706 -0.706665 -0.225340
vn -0.670700 -0.706668 -0.225348
vn -0.702056 -0.706666 -0.087983
vn -0.702057 -0.706665 -0.087980
vn -0.698356 -0.710380 -0.087516
vn -0.693193 -0.706998 -0.140134
vn -0.699317 -0.706998 -0.105403
vn -0.541767 -0.706998 -0.454579
vn -0.563746 -0.706998 -0.427018
vn -0.576098 -0.704677 -0.414175
vn -0.644931 -0.706668 -0.291007
vn -0.644929 -0.706669 -0.291009
vn -0.670704 -0.706667 -0.225340
vn -0.689808 -0.706666 -0.157444
vn -0.675796 -0.706998 -0.208457
vn -0.685347 -0.706998 -0.174509
vn -0.686172 -0.710380 -0.156614
vn -0.689807 -0.706666 -0.157446
vn -0.493827 -0.706997 -0.506251
vn -0.518406 -0.706997 -0.481051
vn -0.531985 -0.704675 -0.469494
vn -0.612754 -0.706668 -0.353769
vn -0.612753 -0.706669 -0.353769
vn -0.651688 -0.706994 -0.274703
vn -0.670704 -0.706666 -0.225340
vn -0.664567 -0.706995 -0.241887
vn -0.667170 -0.710380 -0.224153
vn -0.440945 -0.706995 -0.552925
vn -0.467962 -0.706994 -0.530255
vn -0.482609 -0.704674 -0.520117
vn -0.574480 -0.706668 -0.413029
vn -0.574491 -0.706664 -0.413020
vn -0.641532 -0.710380 -0.289477
vn -0.621094 -0.706998 -0.338226
vn -0.637179 -0.706998 -0.306851
vn -0.644933 -0.706665 -0.291008
vn -0.644930 -0.706667 -0.291010
vn -0.383711 -0.706995 -0.594073
vn -0.412818 -0.706995 -0.574229
vn -0.428414 -0.704674 -0.565593
vn -0.530496 -0.706670 -0.468179
vn -0.530512 -0.706664 -0.468169
vn -0.584339 -0.706994 -0.398381
vn -0.603460 -0.706994 -0.368776
vn -0.612755 -0.706667 -0.353770
vn -0.612758 -0.706666 -0.353767
vn -0.609528 -0.710380 -0.351903
vn -0.322634 -0.706994 -0.629338
vn -0.353586 -0.706995 -0.612483
vn -0.369969 -0.704673 -0.605441
vn -0.481259 -0.706667 -0.518662
vn -0.481252 -0.706670 -0.518666
vn -0.541772 -0.706995 -0.454578
vn -0.563739 -0.706995 -0.427032
vn -0.571455 -0.710380 -0.410852
vn -0.574480 -0.706668 -0.413029
vn -0.574482 -0.706667 -0.413028
vn -0.530509 -0.706668 -0.468167
vn -0.258350 -0.706996 -0.658340
vn -0.290890 -0.706996 -0.644624
vn -0.307864 -0.704677 -0.639257
vn -0.427215 -0.706668 -0.564010
vn -0.368933 -0.706668 -0.603746
vn -0.427218 -0.706667 -0.564009
vn -0.530508 -0.706667 -0.468171
vn -0.493822 -0.706993 -0.506261
vn -0.518417 -0.706993 -0.481045
vn -0.527712 -0.710380 -0.465704
vn -0.191572 -0.706999 -0.680773
vn -0.225243 -0.706998 -0.670387
vn -0.242671 -0.704679 -0.666737
vn -0.368932 -0.706668 -0.603746
vn -0.481255 -0.706665 -0.518670
vn -0.478713 -0.710381 -0.515939
vn -0.440950 -0.706998 -0.552917
vn -0.467949 -0.706998 -0.530262
vn -0.481250 -0.706667 -0.518672
vn -0.175078 -0.704675 -0.687591
vn -0.122802 -0.706996 -0.696474
vn -0.157350 -0.706996 -0.689490
vn -0.307003 -0.706668 -0.637471
vn -0.307005 -0.706668 -0.637471
vn -0.427219 -0.706665 -0.564011
vn -0.424967 -0.710383 -0.561034
vn -0.383705 -0.706998 -0.594075
vn -0.412824 -0.706998 -0.574222
vn -0.427221 -0.706665 -0.564010
vn -0.052824 -0.706993 -0.705245
vn -0.087933 -0.706994 -0.701732
vn -0.105737 -0.704675 -0.701607
vn -0.035278 -0.706671 -0.706662
vn -0.035377 -0.704678 -0.708644
vn -0.241996 -0.706662 -0.664881
vn -0.241976 -0.706668 -0.664882
vn -0.368935 -0.706665 -0.603748
vn -0.368934 -0.706665 -0.603748
vn -0.366988 -0.710384 -0.600562
vn -0.322643 -0.706997 -0.629330
vn -0.353587 -0.706997 -0.612480
vn -0.174588 -0.706668 -0.685667
vn -0.174608 -0.706662 -0.685668
vn -0.105441 -0.706668 -0.699645
vn -0.307007 -0.706665 -0.637472
vn -0.307006 -0.706666 -0.637472
vn -0.258355 -0.706998 -0.658336
vn -0.290896 -0.706998 -0.644619
vn -0.305390 -0.710378 -0.634114
vn -0.035265 -0.706675 -0.706659
vn -0.105463 -0.706675 -0.699634
vn -0.241976 -0.706669 -0.664881
vn -0.241985 -0.706666 -0.664881
vn -0.191516 -0.707000 -0.680788
vn -0.225250 -0.707001 -0.670382
vn -0.240710 -0.710379 -0.661378
vn -0.173678 -0.710377 -0.682056
vn -0.122810 -0.706998 -0.696470
vn -0.157395 -0.706998 -0.689479
vn -0.174607 -0.706666 -0.685665
vn -0.174597 -0.706669 -0.685664
vn -0.035257 -0.706660 -0.706674
vn -0.052833 -0.706996 -0.705242
vn -0.087928 -0.706996 -0.701730
vn -0.035266 -0.706664 -0.706670
vn -0.105465 -0.706663 -0.699646
vn -0.104901 -0.710382 -0.695955
vn -0.105457 -0.706666 -0.699644
vn -0.035071 -0.710378 -0.702946
vn -0.017635 -0.706999 -0.706995
vn -0.017653 -0.707001 -0.706992
vn 0.087933 -0.706994 -0.701732
vn 0.052824 -0.706993 -0.705245
vn 0.035377 -0.704678 -0.708644
vn 0.157350 -0.706996 -0.689490
vn 0.122802 -0.706996 -0.696474
vn 0.105738 -0.704675 -0.701607
vn 0.225243 -0.706998 -0.670387
vn 0.191572 -0.706999 -0.680773
vn 0.175077 -0.704675 -0.687591
vn 0.035266 -0.706671 -0.706662
vn 0.035278 -0.706675 -0.706658
vn 0.290888 -0.706996 -0.644624
vn 0.258352 -0.706996 -0.658340
vn 0.242672 -0.704679 -0.666736
vn 0.105442 -0.706668 -0.699645
vn 0.105463 -0.706675 -0.699635
vn 0.353583 -0.706995 -0.612484
vn 0.322636 -0.706995 -0.629336
vn 0.307862 -0.704677 -0.639258
vn 0.174589 -0.706662 -0.685673
vn 0.174607 -0.706668 -0.685662
vn 0.035071 -0.710378 -0.702946
vn 0.087928 -0.706996 -0.701730
vn 0.052833 -0.706996 -0.705242
vn 0.035257 -0.706660 -0.706674
vn 0.035266 -0.706664 -0.706670
vn 0.412821 -0.706995 -0.574227
vn 0.383709 -0.706995 -0.594075
vn 0.369969 -0.704673 -0.605441
vn 0.241994 -0.706668 -0.664875
vn 0.241978 -0.706663 -0.664887
vn 0.105457 -0.706664 -0.699646
vn 0.104901 -0.710382 -0.695955
vn 0.157395 -0.706998 -0.689479
vn 0.122810 -0.706998 -0.696470
vn 0.105464 -0.706666 -0.699643
vn 0.467957 -0.706995 -0.530259
vn 0.440947 -0.706995 -0.552923
vn 0.428415 -0.704674 -0.565592
vn 0.307002 -0.706667 -0.637472
vn 0.307004 -0.706668 -0.637471
vn 0.174599 -0.706666 -0.685667
vn 0.225249 -0.707001 -0.670383
vn 0.191517 -0.707000 -0.680788
vn 0.173679 -0.710377 -0.682056
vn 0.174607 -0.706669 -0.685661
vn 0.518404 -0.706997 -0.481053
vn 0.493829 -0.706998 -0.506248
vn -0.024935 -0.000000 -0.999689
vn -0.024935 0.000000 -0.999689
vn -0.074693 -0.000000 -0.997207
vn -0.074693 -0.000000 -0.997207
vn -0.124336 -0.000000 -0.992240
vn -0.124336 -0.000000 -0.992240
vn -0.173641 0.000000 -0.984809
vn -0.173641 -0.000000 -0.984809
vn -0.222492 0.000000 -0.974934
vn -0.222492 -0.000000 -0.974934
vn -0.270883 -0.000000 -0.962612
vn -0.270883 -0.000000 -0.962612
vn -0.318492 0.000000 -0.947925
vn -0.318492 -0.000000 -0.947925
vn -0.365308 0.000000 -0.930887
vn -0.365308 -0.000000 -0.930887
vn -0.411314 -0.000000 -0.911494
vn -0.411314 -0.000000 -0.911494
vn -0.456204 0.000000 -0.889875
vn -0.456204 -0.000000 -0.889875
vn -0.499964 -0.000000 -0.866046
vn -0.499964 0.000000 -0.866046
vn -0.542561 0.000000 -0.840016
vn -0.542561 0.000000 -0.840016
vn -0.583725 -0.000000 -0.811951
vn -0.583725 0.000000 -0.811951
vn -0.623495 -0.000000 -0.781827
vn -0.623495 0.000000 -0.781827
vn -0.661686 0.000000 -0.749781
vn -0.661686 -0.000000 -0.749781
vn -0.698272 -0.000000 -0.715832
vn -0.698272 0.000000 -0.715832
vn -0.733020 -0.000000 -0.680207
vn -0.733020 0.000000 -0.680207
vn -0.766060 -0.000000 -0.642769
vn -0.766060 -0.000000 -0.642769
vn -0.797131 0.000000 -0.603806
vn -0.797131 -0.000000 -0.603806
vn -0.826248 -0.000000 -0.563307
vn -0.826248 0.000000 -0.563307
vn -0.853279 -0.000000 -0.521455
vn -0.853279 0.000000 -0.521455
vn -0.878237 0.000000 -0.478226
vn -0.878237 0.000000 -0.478226
vn -0.900965 0.000000 -0.433892
vn -0.900965 -0.000000 -0.433892
vn -0.921477 -0.000000 -0.388433
vn -0.921477 -0.000000 -0.388433
vn -0.939684 0.000000 -0.342045
vn -0.955573 0.000000 -0.294756
vn -0.939684 -0.000000 -0.342045
vn -0.955573 0.000000 -0.294756
vn -0.969078 -0.000000 -0.246754
vn -0.980172 0.000000 -0.198148
vn -0.969078 -0.000000 -0.246754
vn -0.988833 0.000000 -0.149026
vn -0.980172 0.000000 -0.198148
vn -0.995030 0.000000 -0.099571
vn -0.988833 0.000000 -0.149026
vn -0.998757 0.000000 -0.049847
vn -0.995030 0.000000 -0.099571
vn -1.000000 0.000000 0.000000
vn -0.998757 0.000000 -0.049847
vn -0.998757 0.000000 0.049842
vn -1.000000 0.000000 -0.000000
vn -0.995030 0.000000 0.099571
vn -0.998757 0.000000 0.049842
vn -0.995030 0.000000 0.099571
vn -0.988831 -0.000000 0.149043
vn -0.980172 0.000000 0.198148
vn -0.988831 0.000000 0.149043
vn -0.980172 0.000000 0.198148
vn -0.969078 0.000000 0.246754
vn -0.969078 0.000000 0.246754
vn -0.955573 0.000000 0.294756
vn -0.955573 -0.000000 0.294756
vn -0.939697 0.000000 0.342009
vn -0.939697 0.000000 0.342009
vn -0.921477 0.000000 0.388433
vn -0.921477 0.000000 0.388433
vn -0.900965 0.000000 0.433892
vn -0.900965 -0.000000 0.433892
vn -0.878211 0.000000 0.478274
vn -0.878211 0.000000 0.478274
vn -0.853310 0.000000 0.521404
vn -0.853310 0.000000 0.521404
vn -0.826248 0.000000 0.563307
vn -0.826248 -0.000000 0.563307
vn -0.797131 0.000000 0.603806
vn -0.797131 0.000000 0.603806
vn -0.766014 0.000000 0.642824
vn -0.766014 0.000000 0.642824
vn -0.733073 0.000000 0.680151
vn -0.733073 0.000000 0.680151
vn -0.698214 0.000000 0.715889
vn -0.698214 -0.000000 0.715889
vn -0.661686 0.000000 0.749781
vn -0.661686 0.000000 0.749781
vn -0.623495 0.000000 0.781827
vn -0.623495 -0.000000 0.781827
vn -0.583725 0.000000 0.811951
vn -0.583725 -0.000000 0.811951
vn -0.542561 0.000000 0.840016
vn -0.542561 -0.000000 0.840016
vn -0.500049 0.000000 0.865997
vn -0.500049 0.000000 0.865997
vn -0.456204 0.000000 0.889875
vn -0.456204 -0.000000 0.889875
vn -0.411220 0.000000 0.911536
vn -0.411220 0.000000 0.911536
vn -0.365406 0.000000 0.930848
vn -0.365406 0.000000 0.930848
vn -0.318492 0.000000 0.947925
vn -0.318492 -0.000000 0.947925
vn -0.270778 0.000000 0.962642
vn -0.270778 -0.000000 0.962642
vn -0.222600 -0.000000 0.974910
vn -0.222600 0.000000 0.974910
vn -0.173641 0.000000 0.984809
vn -0.124336 0.000000 0.992240
vn -0.173641 0.000000 0.984809
vn -0.124336 0.000000 0.992240
vn -0.074693 0.000000 0.997207
vn -0.074693 0.000000 0.997207
vn -0.024935 0.000000 0.999689
vn -0.024935 0.000000 0.999689
vn 0.024935 0.000000 0.999689
vn 0.024935 0.000000 0.999689
vn 0.074693 0.000000 0.997207
vn 0.074693 0.000000 0.997207
vn 0.124336 0.000000 0.992240
vn 0.124336 -0.000000 0.992240
vn 0.173641 0.000000 0.984809
vn 0.173641 0.000000 0.984809
vn 0.222600 0.000000 0.974910
vn 0.222600 0.000000 0.974910
vn 0.270778 0.000000 0.962642
vn 0.270778 0.000000 0.962642
vn 0.318492 0.000000 0.947925
vn 0.318492 0.000000 0.947925
vn 0.365403 -0.000000 0.930849
vn 0.365403 0.000000 0.930849
vn 0.411222 0.000000 0.911535
vn 0.411222 0.000000 0.911535
vn 0.456202 -0.000000 0.889876
vn 0.456202 0.000000 0.889876
vn 0.542564 -0.000000 0.840014
vn 0.500052 0.000000 0.865995
vn 0.500052 -0.000000 0.865995
vn 0.542564 -0.000000 0.840014
vn 0.583722 -0.000000 0.811954
vn 0.623492 -0.000000 0.781830
vn 0.583722 0.000000 0.811954
vn 0.623492 -0.000000 0.781830
vn 0.661693 0.000000 0.749775
vn 0.698211 -0.000000 0.715892
vn 0.661693 0.000000 0.749775
vn 0.698211 0.000000 0.715892
vn 0.733076 0.000000 0.680147
vn 0.766010 -0.000000 0.642828
vn 0.733076 0.000000 0.680147
vn 0.766010 0.000000 0.642828
vn 0.797135 -0.000000 0.603801
vn 0.797135 0.000000 0.603801
vn 0.826245 0.000000 0.563311
vn 0.826245 0.000000 0.563311
vn 0.853310 -0.000000 0.521404
vn 0.853310 0.000000 0.521404
vn 0.878208 -0.000000 0.478279
vn 0.878208 0.000000 0.478279
vn 0.900971 0.000000 0.433880
vn 0.900971 0.000000 0.433880
vn 0.921475 -0.000000 0.388439
vn 0.921475 0.000000 0.388439
vn 0.939694 0.000000 0.342015
vn 0.939694 -0.000000 0.342015
vn 0.955577 -0.000000 0.294743
vn 0.955577 0.000000 0.294743
vn 0.969077 -0.000000 0.246760
vn 0.980172 -0.000000 0.198148
vn 0.969077 -0.000000 0.246760
vn 0.980172 0.000000 0.198148
vn 0.988830 -0.000000 0.149050
vn 0.988830 0.000000 0.149050
vn 0.995032 -0.000000 0.099557
vn 0.995032 0.000000 0.099557
vn 0.998756 0.000000 0.049856
vn 0.998756 0.000000 0.049856
vn 1.000000 0.000000 0.000000
vn 1.000000 0.000000 -0.000000
vn 0.998756 0.000000 -0.049861
vn 0.998756 0.000000 -0.049861
vn 0.995032 0.000000 -0.099557
vn 0.995032 0.000000 -0.099557
vn 0.988832 0.000000 -0.149033
vn 0.988832 0.000000 -0.149033
vn 0.980172 0.000000 -0.198148
vn 0.980172 0.000000 -0.198148
vn 0.969077 0.000000 -0.246760
vn 0.955577 0.000000 -0.294743
vn 0.969077 0.000000 -0.246760
vn 0.955577 -0.000000 -0.294743
vn 0.939681 -0.000000 -0.342051
vn 0.921475 0.000000 -0.388439
vn 0.939681 0.000000 -0.342051
vn 0.921475 0.000000 -0.388439
vn 0.900971 0.000000 -0.433880
vn 0.900971 0.000000 -0.433880
vn 0.878234 0.000000 -0.478232
vn 0.853279 0.000000 -0.521455
vn 0.878234 0.000000 -0.478232
vn 0.853279 0.000000 -0.521455
vn 0.826245 -0.000000 -0.563311
vn 0.826245 0.000000 -0.563311
vn 0.797135 0.000000 -0.603801
vn 0.766057 0.000000 -0.642773
vn 0.797135 0.000000 -0.603801
vn 0.733024 0.000000 -0.680203
vn 0.766057 -0.000000 -0.642773
vn 0.733024 -0.000000 -0.680203
vn 0.698269 0.000000 -0.715836
vn 0.698269 0.000000 -0.715836
vn 0.661693 0.000000 -0.749775
vn 0.661693 -0.000000 -0.749775
vn 0.623492 0.000000 -0.781830
vn 0.623492 0.000000 -0.781830
vn 0.583722 0.000000 -0.811954
vn 0.583722 0.000000 -0.811954
vn 0.542564 0.000000 -0.840014
vn 0.542564 0.000000 -0.840014
vn 0.499967 0.000000 -0.866045
vn 0.499967 0.000000 -0.866045
vn 0.456202 0.000000 -0.889876
vn 0.456202 -0.000000 -0.889876
vn 0.411316 0.000000 -0.911493
vn 0.411316 0.000000 -0.911493
vn 0.365305 0.000000 -0.930888
vn 0.365305 -0.000000 -0.930888
vn 0.318492 0.000000 -0.947925
vn 0.318492 -0.000000 -0.947925
vn 0.270883 0.000000 -0.962612
vn 0.270883 0.000000 -0.962612
vn 0.222492 0.000000 -0.974934
vn 0.222492 -0.000000 -0.974934
vn 0.173641 0.000000 -0.984809
vn 0.173641 0.000000 -0.984809
vn 0.124336 0.000000 -0.992240
vn 0.074693 0.000000 -0.997207
vn 0.124336 0.000000 -0.992240
vn 0.024935 0.000000 -0.999689
vn 0.074693 -0.000000 -0.997207
vn 0.024935 0.000000 -0.999689
vn 0.482609 -0.704674 -0.520117
vn 0.368933 -0.706668 -0.603746
vn 0.368932 -0.706668 -0.603746
vn 0.290896 -0.706998 -0.644619
vn 0.258355 -0.706998 -0.658336
vn 0.241984 -0.706669 -0.664878
vn 0.240710 -0.710379 -0.661378
vn 0.017635 -0.706999 -0.706995
vn 0.241977 -0.706666 -0.664884
vn 0.563746 -0.706998 -0.427018
vn 0.541767 -0.706998 -0.454579
vn 0.531985 -0.704675 -0.469494
vn 0.427216 -0.706667 -0.564011
vn 0.481259 -0.706667 -0.518662
vn 0.427217 -0.706668 -0.564008
vn 0.307007 -0.706666 -0.637472
vn 0.353587 -0.706997 -0.612480
vn 0.322643 -0.706997 -0.629330
vn 0.305390 -0.710378 -0.634114
vn 0.307006 -0.706665 -0.637473
vn 0.603454 -0.706996 -0.368782
vn 0.584334 -0.706996 -0.398383
vn 0.576098 -0.704677 -0.414175
vn 0.481252 -0.706670 -0.518666
vn 0.412824 -0.706998 -0.574222
vn 0.383705 -0.706998 -0.594075
vn 0.368934 -0.706665 -0.603749
vn 0.368934 -0.706665 -0.603748
vn 0.366988 -0.710384 -0.600562
vn 0.017653 -0.707001 -0.706992
vn 0.637183 -0.706995 -0.306848
vn 0.621103 -0.706996 -0.338214
vn 0.614474 -0.704674 -0.354762
vn 0.530508 -0.706670 -0.468166
vn 0.530500 -0.706664 -0.468183
vn 0.424967 -0.710383 -0.561034
vn 0.427220 -0.706664 -0.564011
vn 0.467949 -0.706998 -0.530262
vn 0.440950 -0.706998 -0.552917
vn 0.427221 -0.706665 -0.564009
vn 0.664558 -0.706997 -0.241904
vn 0.651682 -0.706997 -0.274711
vn 0.646737 -0.704677 -0.291825
vn 0.574483 -0.706665 -0.413031
vn 0.574487 -0.706669 -0.413017
vn 0.518417 -0.706993 -0.481045
vn 0.493822 -0.706993 -0.506261
vn 0.478713 -0.710381 -0.515938
vn 0.481251 -0.706665 -0.518674
vn 0.481254 -0.706667 -0.518668
vn 0.675800 -0.706997 -0.208447
vn 0.672581 -0.704675 -0.225981
vn 0.685347 -0.706996 -0.174513
vn 0.612754 -0.706669 -0.353768
vn 0.612754 -0.706668 -0.353770
vn 0.530508 -0.706667 -0.468171
vn 0.563739 -0.706995 -0.427032
vn 0.541772 -0.706995 -0.454578
vn 0.574480 -0.706668 -0.413029
vn 0.530509 -0.706668 -0.468167
vn 0.527712 -0.710381 -0.465704
vn 0.691740 -0.704676 -0.157883
vn 0.699320 -0.706996 -0.105399
vn 0.693195 -0.706996 -0.140134
vn 0.644930 -0.706668 -0.291009
vn 0.644930 -0.706669 -0.291006
vn 0.603460 -0.706994 -0.368776
vn 0.584339 -0.706994 -0.398381
vn 0.571455 -0.710380 -0.410852
vn 0.574482 -0.706667 -0.413028
vn 0.704022 -0.704676 -0.088225
vn 0.706337 -0.706997 -0.035263
vn 0.703703 -0.706997 -0.070408
vn 0.670703 -0.706665 -0.225349
vn 0.670703 -0.706668 -0.225339
vn 0.644933 -0.706665 -0.291008
vn 0.609528 -0.710380 -0.351903
vn 0.612757 -0.706667 -0.353767
vn 0.637179 -0.706998 -0.306851
vn 0.621094 -0.706998 -0.338226
vn 0.612756 -0.706665 -0.353771
vn 0.709309 -0.704676 -0.017688
vn 0.706338 -0.706996 0.035259
vn 0.707218 -0.706995 0.000000
vn 0.689808 -0.706666 -0.157446
vn 0.689807 -0.706667 -0.157442
vn 0.664567 -0.706995 -0.241887
vn 0.651688 -0.706994 -0.274703
vn 0.644930 -0.706667 -0.291010
vn 0.641532 -0.710380 -0.289477
vn 0.707545 -0.704676 0.053027
vn 0.699319 -0.706994 0.105411
vn 0.703705 -0.706995 0.070409
vn 0.702054 -0.706668 -0.087978
vn 0.702055 -0.706667 -0.087982
vn 0.685347 -0.706998 -0.174509
vn 0.675796 -0.706998 -0.208457
vn 0.670704 -0.706667 -0.225340
vn 0.667170 -0.710380 -0.224153
vn 0.670704 -0.706666 -0.225340
vn 0.698751 -0.704676 0.123206
vn 0.685348 -0.706996 0.174513
vn 0.693195 -0.706996 0.140134
vn 0.707326 -0.706668 -0.017639
vn 0.707326 -0.706668 -0.017639
vn 0.689807 -0.706666 -0.157444
vn 0.686172 -0.710380 -0.156614
vn 0.699317 -0.706998 -0.105403
vn 0.693193 -0.706998 -0.140134
vn 0.689808 -0.706666 -0.157446
vn 0.683010 -0.704677 0.192163
vn 0.664567 -0.706997 0.241879
vn 0.675800 -0.706997 0.208447
vn 0.705566 -0.706669 0.052879
vn 0.705567 -0.706668 0.052875
vn 0.706337 -0.706998 -0.035253
vn 0.703701 -0.706998 -0.070420
vn 0.707328 -0.706665 -0.017639
vn 0.698356 -0.710380 -0.087516
vn 0.702056 -0.706666 -0.087980
vn 0.702057 -0.706665 -0.087983
vn 0.660478 -0.704676 0.259231
vn 0.637184 -0.706994 0.306849
vn 0.651685 -0.706994 0.274712
vn 0.696795 -0.706669 0.122865
vn 0.696796 -0.706668 0.122862
vn 0.703598 -0.710381 -0.017547
vn 0.706337 -0.706998 0.035253
vn 0.707216 -0.706998 0.000000
vn 0.707328 -0.706666 -0.017640
vn 0.631393 -0.704674 0.323693
vn 0.603475 -0.706997 0.368746
vn 0.621083 -0.706997 0.338247
vn 0.681103 -0.706667 0.191627
vn 0.681100 -0.706668 0.191632
vn 0.705570 -0.706665 0.052875
vn 0.699317 -0.706998 0.105403
vn 0.703701 -0.706998 0.070416
vn 0.705570 -0.706665 0.052876
vn 0.701850 -0.710381 0.052597
vn 0.596024 -0.704673 0.384955
vn 0.563751 -0.706992 0.427022
vn 0.584338 -0.706992 0.398386
vn 0.658637 -0.706666 0.258495
vn 0.658629 -0.706670 0.258505
vn 0.693125 -0.710381 0.122214
vn 0.685348 -0.706997 0.174509
vn 0.693194 -0.706997 0.140135
vn 0.696798 -0.706666 0.122866
vn 0.696800 -0.706665 0.122862
vn 0.554741 -0.704673 0.442378
vn 0.518442 -0.706999 0.481010
vn 0.541734 -0.706999 0.454618
vn 0.629625 -0.706669 0.322787
vn 0.629622 -0.706670 0.322791
vn 0.664563 -0.706999 0.241885
vn 0.675794 -0.706999 0.208457
vn 0.681104 -0.706664 0.191633
vn 0.677510 -0.710382 0.190627
vn 0.681101 -0.706666 0.191637
vn 0.507925 -0.704675 0.495424
vn 0.467960 -0.706997 0.530253
vn 0.493786 -0.706997 0.506291
vn 0.594355 -0.706669 0.383877
vn 0.594355 -0.706669 0.383877
vn 0.658639 -0.706664 0.258496
vn 0.658639 -0.706664 0.258496
vn 0.637177 -0.707000 0.306850
vn 0.651683 -0.707000 0.274701
vn 0.655165 -0.710382 0.257133
vn 0.456082 -0.704678 0.543524
vn 0.412817 -0.706998 0.574226
vn 0.440943 -0.706999 0.552922
vn 0.553190 -0.706665 0.441142
vn 0.553179 -0.706669 0.441150
vn 0.603456 -0.706999 0.368773
vn 0.621093 -0.706999 0.338225
vn 0.629631 -0.706664 0.322787
vn 0.629625 -0.706666 0.322793
vn 0.594357 -0.706666 0.383878
vn 0.626309 -0.710382 0.321084
vn 0.399683 -0.704680 0.586242
vn 0.353645 -0.706998 0.612446
vn 0.383711 -0.706997 0.594072
vn 0.506518 -0.706665 0.494029
vn 0.454807 -0.706670 0.542005
vn 0.506503 -0.706670 0.494037
vn 0.563736 -0.706999 0.427029
vn 0.584335 -0.706999 0.398378
vn 0.594357 -0.706667 0.383876
vn 0.591226 -0.710380 0.381854
vn 0.339331 -0.704672 0.623131
vn 0.290826 -0.706990 0.644659
vn 0.322636 -0.706991 0.629340
vn 0.454797 -0.706665 0.542019
vn 0.518435 -0.706995 0.481023
vn 0.541755 -0.706995 0.454599
vn 0.553181 -0.706667 0.441148
vn 0.553179 -0.706668 0.441150
vn 0.550267 -0.710380 0.438824
vn 0.225244 -0.706994 0.670392
vn 0.258421 -0.706993 0.658316
vn 0.275612 -0.704678 0.653809
vn 0.338379 -0.706670 0.621383
vn 0.398567 -0.706670 0.584604
vn 0.398585 -0.706664 0.584598
vn 0.467976 -0.706993 0.530245
vn 0.493801 -0.706993 0.506282
vn 0.503844 -0.710379 0.491429
vn 0.506516 -0.706667 0.494028
vn 0.506511 -0.706669 0.494030
vn 0.209138 -0.704673 0.678009
vn 0.157426 -0.706999 0.689470
vn 0.191498 -0.706999 0.680794
vn 0.338383 -0.706671 0.621379
vn 0.452402 -0.710382 0.539157
vn 0.412854 -0.706995 0.574204
vn 0.440926 -0.706995 0.552940
vn 0.454799 -0.706667 0.542014
vn 0.398583 -0.706669 0.584594
vn 0.454795 -0.706669 0.542016
vn 0.140590 -0.704672 0.695465
vn 0.087933 -0.706992 0.701734
vn 0.122803 -0.706992 0.696478
vn 0.274825 -0.706671 0.651987
vn 0.208553 -0.706666 0.676113
vn 0.274843 -0.706666 0.651985
vn 0.353621 -0.706992 0.612466
vn 0.383678 -0.706992 0.594099
vn 0.396478 -0.710382 0.581518
vn 0.398579 -0.706667 0.584599
vn 0.070656 -0.704674 0.706004
vn 0.017635 -0.706998 0.706996
vn 0.052824 -0.706998 0.705240
vn 0.208566 -0.706671 0.676104
vn 0.290860 -0.707001 0.644631
vn 0.322641 -0.707001 0.629326
vn 0.338372 -0.706667 0.621391
vn 0.336589 -0.710380 0.618116
vn 0.338388 -0.706661 0.621388
vn 0.274829 -0.706661 0.651997
vn -0.052824 -0.706998 0.705240
vn -0.017635 -0.706998 0.706996
vn 0.000000 -0.704678 0.709527
vn 0.140175 -0.706670 0.693519
vn 0.140197 -0.706664 0.693521
vn 0.273385 -0.710383 0.648549
vn 0.274835 -0.706664 0.651991
vn 0.225211 -0.707004 0.670392
vn 0.258389 -0.707004 0.658316
vn -0.070656 -0.704674 0.706005
vn -0.122803 -0.706992 0.696478
vn -0.087933 -0.706992 0.701734
vn 0.070459 -0.706661 0.704035
vn 0.070449 -0.706664 0.704033
vn 0.208556 -0.706664 0.676114
vn 0.208569 -0.706659 0.676115
vn 0.207456 -0.710381 0.672548
vn 0.157354 -0.707000 0.689485
vn 0.191555 -0.707000 0.680777
vn -0.140589 -0.704672 0.695466
vn -0.191498 -0.706999 0.680794
vn -0.157426 -0.706999 0.689470
vn 0.000000 -0.706661 0.707552
vn 0.000000 -0.706661 0.707552
vn 0.140175 -0.706671 0.693518
vn 0.140209 -0.706660 0.693522
vn 0.139469 -0.710378 0.689863
vn 0.087970 -0.706994 0.701726
vn 0.122811 -0.706994 0.696475
vn -0.258422 -0.706993 0.658315
vn -0.225244 -0.706994 0.670392
vn -0.209138 -0.704674 0.678009
vn -0.070459 -0.706664 0.704032
vn -0.070449 -0.706661 0.704036
vn 0.070441 -0.706671 0.704028
vn 0.070448 -0.706668 0.704029
vn 0.017611 -0.707000 0.706994
vn 0.052833 -0.707000 0.705237
vn 0.070069 -0.710386 0.700316
vn -0.322638 -0.706991 0.629339
vn -0.290824 -0.706990 0.644660
vn -0.275613 -0.704678 0.653809
vn -0.140176 -0.706665 0.693524
vn -0.140194 -0.706671 0.693514
vn -0.070448 -0.706668 0.704029
vn -0.000000 -0.710379 0.703819
vn 0.000000 -0.706668 0.707545
vn -0.052833 -0.707000 0.705237
vn 0.000000 -0.706668 0.707545
vn -0.017611 -0.707000 0.706994
vn -0.383708 -0.706997 0.594073
vn -0.353642 -0.706998 0.612447
vn -0.339330 -0.704672 0.623131
vn -0.274844 -0.706666 0.651985
vn -0.208566 -0.706670 0.676105
vn -0.208554 -0.706666 0.676113
vn -0.070069 -0.710386 0.700316
vn -0.122811 -0.706994 0.696475
vn -0.087970 -0.706994 0.701726
vn -0.070441 -0.706671 0.704027
vn -0.440945 -0.706999 0.552920
vn -0.412819 -0.706999 0.574224
vn -0.399683 -0.704680 0.586242
vn -0.274824 -0.706671 0.651987
vn -0.139470 -0.710379 0.689863
vn -0.140177 -0.706659 0.693530
vn -0.140207 -0.706671 0.693512
vn -0.191556 -0.707001 0.680776
vn -0.157354 -0.707000 0.689485
vn -0.456082 -0.704678 0.543523
vn -0.493789 -0.706997 0.506289
vn -0.467956 -0.706997 0.530258
vn -0.338379 -0.706669 0.621384
vn -0.338384 -0.706671 0.621379
vn -0.208557 -0.706660 0.676118
vn -0.208568 -0.706664 0.676110
vn -0.207456 -0.710381 0.672548
vn -0.258390 -0.707004 0.658316
vn -0.225210 -0.707004 0.670392
vn -0.507925 -0.704675 0.495424
vn -0.541736 -0.706998 0.454615
vn -0.518440 -0.706998 0.481013
vn -0.398570 -0.706664 0.584609
vn -0.398582 -0.706669 0.584595
vn -0.274828 -0.706661 0.651997
vn -0.274835 -0.706664 0.651991
vn -0.273385 -0.710383 0.648550
vn -0.322640 -0.707001 0.629327
vn -0.290859 -0.707001 0.644632
vn -0.554741 -0.704673 0.442378
vn -0.584341 -0.706992 0.398383
vn -0.563749 -0.706991 0.427025
vn -0.454797 -0.706664 0.542019
vn -0.454808 -0.706670 0.542004
vn -0.338374 -0.706662 0.621395
vn -0.338386 -0.706667 0.621382
vn -0.336588 -0.710381 0.618116
vn -0.383679 -0.706992 0.594098
vn -0.353621 -0.706992 0.612466
vn -0.621086 -0.706997 0.338243
vn -0.603475 -0.706997 0.368746
vn -0.596024 -0.704673 0.384955
vn -0.506507 -0.706664 0.494041
vn -0.506515 -0.706669 0.494026
vn -0.398582 -0.706669 0.584595
vn -0.398578 -0.706667 0.584600
vn -0.396478 -0.710381 0.581519
vn -0.440928 -0.706994 0.552939
vn -0.412854 -0.706994 0.574204
vn -0.651687 -0.706993 0.274708
vn -0.637181 -0.706993 0.306857
vn -0.631393 -0.704675 0.323693
vn -0.553186 -0.706669 0.441139
vn -0.553181 -0.706665 0.441153
vn -0.454799 -0.706669 0.542012
vn -0.454796 -0.706667 0.542017
vn -0.452403 -0.710381 0.539157
vn -0.493799 -0.706993 0.506284
vn -0.467976 -0.706993 0.530245
vn -0.675796 -0.706998 0.208456
vn -0.664568 -0.706998 0.241874
vn -0.660478 -0.704676 0.259231
vn -0.594355 -0.706669 0.383877
vn -0.594355 -0.706669 0.383876
vn -0.506515 -0.706669 0.494026
vn -0.553178 -0.706668 0.441151
vn -0.506512 -0.706667 0.494031
vn -0.541754 -0.706995 0.454601
vn -0.518437 -0.706994 0.481022
vn -0.503844 -0.710379 0.491429
vn -0.693195 -0.706996 0.140134
vn -0.685349 -0.706996 0.174509
vn -0.683011 -0.704677 0.192164
vn -0.629624 -0.706670 0.322786
vn -0.629623 -0.706669 0.322791
vn -0.584334 -0.706999 0.398380
vn -0.563737 -0.706999 0.427028
vn -0.553182 -0.706667 0.441148
vn -0.550267 -0.710380 0.438824
vn -0.703704 -0.706995 0.070418
vn -0.699319 -0.706995 0.105406
vn -0.698751 -0.704676 0.123206
vn -0.658633 -0.706666 0.258507
vn -0.658634 -0.706670 0.258494
vn -0.591225 -0.710380 0.381855
vn -0.621093 -0.706999 0.338225
vn -0.603455 -0.706999 0.368775
vn -0.594357 -0.706667 0.383877
vn -0.594357 -0.706667 0.383878
vn -0.707546 -0.704676 0.053025
vn -0.707218 -0.706995 0.000000
vn -0.706339 -0.706996 0.035249
vn -0.681102 -0.706667 0.191631
vn -0.681102 -0.706668 0.191627
vn -0.696797 -0.706668 0.122862
vn -0.629627 -0.706664 0.322794
vn -0.651682 -0.707000 0.274704
vn -0.637178 -0.707000 0.306847
vn -0.626309 -0.710382 0.321083
vn -0.629629 -0.706667 0.322785
vn -0.709309 -0.704676 -0.017688
vn -0.703703 -0.706996 -0.070418
vn -0.706339 -0.706996 -0.035253
vn -0.696795 -0.706669 0.122865
vn -0.658639 -0.706664 0.258496
vn -0.655164 -0.710382 0.257132
vn -0.658639 -0.706664 0.258496
vn -0.675795 -0.707000 0.208454
vn -0.664562 -0.707000 0.241885
vn -0.693196 -0.706995 -0.140134
vn -0.699321 -0.706995 -0.105394
vn -0.704022 -0.704676 -0.088225
vn -0.705567 -0.706668 0.052874
vn -0.705567 -0.706667 0.052877
vn -0.707326 -0.706668 -0.017639
vn -0.681102 -0.706666 0.191631
vn -0.696798 -0.706666 0.122866
vn -0.677510 -0.710382 0.190625
vn -0.693194 -0.706998 0.140129
vn -0.685346 -0.706998 0.174511
vn -0.681103 -0.706664 0.191636
vn -0.691741 -0.704676 -0.157884
vn -0.675798 -0.706995 -0.208457
vn -0.685350 -0.706995 -0.174509
vn -0.707326 -0.706668 -0.017639
vn -0.696799 -0.706665 0.122863
vn -0.693125 -0.710381 0.122215
vn -0.703701 -0.706998 0.070413
vn -0.699316 -0.706999 0.105408
vn -0.651685 -0.706996 -0.274706
vn -0.664560 -0.706996 -0.241900
vn -0.672581 -0.704675 -0.225981
vn -0.702054 -0.706668 -0.087978
vn -0.702054 -0.706668 -0.087979
vn -0.705570 -0.706665 0.052875
vn -0.705570 -0.706665 0.052875
vn -0.707328 -0.706666 -0.017639
vn -0.701849 -0.710381 0.052596
vn -0.707216 -0.706998 -0.000000
vn -0.706337 -0.706998 0.035251
vn -0.646739 -0.704676 -0.291824
vn -0.621104 -0.706996 -0.338210
vn -0.637178 -0.706996 -0.306856
vn -0.689808 -0.706666 -0.157442
vn -0.689805 -0.706668 -0.157447
vn -0.670703 -0.706665 -0.225349
vn -0.707328 -0.706666 -0.017639
vn -0.703599 -0.710381 -0.017546
vn -0.703701 -0.706998 -0.070417
vn -0.706337 -0.706998 -0.035251
vn -0.614474 -0.704674 -0.354762
vn -0.584337 -0.706997 -0.398380
vn -0.603454 -0.706996 -0.368782
vn -0.670703 -0.706668 -0.225339
vn -0.702057 -0.706665 -0.087980
vn -0.698355 -0.710381 -0.087516
vn -0.693194 -0.706997 -0.140129
vn -0.699317 -0.706997 -0.105408
vn -0.702057 -0.706665 -0.087979
vn -0.541770 -0.706998 -0.454576
vn -0.563744 -0.706998 -0.427021
vn -0.576099 -0.704676 -0.414176
vn -0.644930 -0.706668 -0.291008
vn -0.644930 -0.706668 -0.291007
vn -0.670705 -0.706666 -0.225340
vn -0.689807 -0.706666 -0.157448
vn -0.689808 -0.706665 -0.157445
vn -0.675796 -0.706998 -0.208454
vn -0.685346 -0.706998 -0.174511
vn -0.686171 -0.710381 -0.156615
vn -0.493829 -0.706998 -0.506248
vn -0.518404 -0.706997 -0.481053
vn -0.531987 -0.704675 -0.469493
vn -0.612755 -0.706668 -0.353767
vn -0.574487 -0.706669 -0.413017
vn -0.612754 -0.706669 -0.353768
vn -0.651686 -0.706995 -0.274705
vn -0.664566 -0.706996 -0.241886
vn -0.670705 -0.706666 -0.225340
vn -0.644932 -0.706666 -0.291009
vn -0.667169 -0.710381 -0.224152
vn -0.440947 -0.706995 -0.552923
vn -0.467957 -0.706995 -0.530259
vn -0.482608 -0.704674 -0.520118
vn -0.574482 -0.706665 -0.413032
vn -0.641532 -0.710380 -0.289476
vn -0.612757 -0.706666 -0.353768
vn -0.644932 -0.706666 -0.291009
vn -0.621093 -0.706998 -0.338226
vn -0.637180 -0.706998 -0.306848
vn -0.383709 -0.706995 -0.594075
vn -0.412821 -0.706995 -0.574227
vn -0.428415 -0.704674 -0.565592
vn -0.530497 -0.706669 -0.468179
vn -0.481257 -0.706669 -0.518662
vn -0.530511 -0.706664 -0.468170
vn -0.612757 -0.706667 -0.353767
vn -0.584338 -0.706994 -0.398383
vn -0.603459 -0.706994 -0.368778
vn -0.609528 -0.710381 -0.351902
vn -0.322636 -0.706995 -0.629336
vn -0.353583 -0.706995 -0.612484
vn -0.369969 -0.704673 -0.605441
vn -0.481254 -0.706667 -0.518668
vn -0.541771 -0.706994 -0.454580
vn -0.563741 -0.706995 -0.427031
vn -0.571455 -0.710379 -0.410853
vn -0.574482 -0.706667 -0.413029
vn -0.574479 -0.706668 -0.413030
vn -0.258352 -0.706996 -0.658340
vn -0.290888 -0.706996 -0.644624
vn -0.307862 -0.704677 -0.639258
vn -0.427218 -0.706667 -0.564009
vn -0.427217 -0.706668 -0.564010
vn -0.530506 -0.706668 -0.468170
vn -0.493821 -0.706993 -0.506263
vn -0.518418 -0.706993 -0.481044
vn -0.481254 -0.706667 -0.518668
vn -0.530510 -0.706667 -0.468168
vn -0.527712 -0.710380 -0.465704
vn -0.191572 -0.706999 -0.680773
vn -0.225243 -0.706998 -0.670387
vn -0.242672 -0.704679 -0.666736
vn -0.368933 -0.706667 -0.603746
vn -0.368933 -0.706667 -0.603746
vn -0.307002 -0.706667 -0.637472
vn -0.478713 -0.710381 -0.515939
vn -0.481251 -0.706665 -0.518674
vn -0.440952 -0.706997 -0.552916
vn -0.467949 -0.706997 -0.530262
vn -0.122802 -0.706996 -0.696474
vn -0.157350 -0.706996 -0.689490
vn -0.175077 -0.704675 -0.687591
vn -0.241994 -0.706668 -0.664875
vn -0.307004 -0.706668 -0.637471
vn -0.424967 -0.710383 -0.561034
vn -0.383706 -0.706998 -0.594074
vn -0.412824 -0.706998 -0.574222
vn -0.427221 -0.706665 -0.564010
vn -0.427219 -0.706666 -0.564010
vn -0.052824 -0.706993 -0.705245
vn -0.087933 -0.706994 -0.701732
vn -0.105738 -0.704675 -0.701607
vn -0.035377 -0.704678 -0.708644
vn -0.241978 -0.706663 -0.664887
vn -0.366987 -0.710384 -0.600562
vn -0.368934 -0.706665 -0.603748
vn -0.322642 -0.706997 -0.629331
vn -0.353586 -0.706998 -0.612479
vn -0.368935 -0.706665 -0.603748
vn -0.174608 -0.706662 -0.685668
vn -0.174587 -0.706668 -0.685667
vn -0.305389 -0.710378 -0.634114
vn -0.258355 -0.706998 -0.658336
vn -0.290895 -0.706998 -0.644619
vn -0.307007 -0.706665 -0.637472
vn -0.307005 -0.706666 -0.637473
vn -0.035266 -0.706671 -0.706662
vn -0.105441 -0.706675 -0.699637
vn -0.035278 -0.706675 -0.706658
vn -0.105464 -0.706668 -0.699641
vn -0.191517 -0.707000 -0.680788
vn -0.225249 -0.707001 -0.670383
vn -0.240710 -0.710379 -0.661377
vn -0.241985 -0.706666 -0.664881
vn -0.241976 -0.706669 -0.664881
vn -0.174607 -0.706666 -0.685665
vn -0.122810 -0.706998 -0.696470
vn -0.157395 -0.706998 -0.689479
vn -0.174598 -0.706669 -0.685664
vn -0.173679 -0.710377 -0.682056
vn -0.105464 -0.706666 -0.699643
vn -0.035257 -0.706660 -0.706674
vn -0.052833 -0.706996 -0.705242
vn -0.087928 -0.706996 -0.701730
vn -0.104901 -0.710382 -0.695955
vn -0.035266 -0.706664 -0.706670
vn -0.105457 -0.706664 -0.699646
vn -0.035071 -0.710378 -0.702946
vn -0.017635 -0.706999 -0.706995
vn -0.017653 -0.707001 -0.706992
vn 0.087933 -0.706994 -0.701732
vn 0.052824 -0.706993 -0.705245
vn 0.035377 -0.704678 -0.708644
vn 0.157350 -0.706996 -0.689490
vn 0.122802 -0.706996 -0.696474
vn 0.105737 -0.704675 -0.701607
vn 0.225243 -0.706998 -0.670387
vn 0.191572 -0.706999 -0.680773
vn 0.175078 -0.704675 -0.687591
vn 0.035266 -0.706671 -0.706662
vn 0.035278 -0.706675 -0.706658
vn 0.290890 -0.706996 -0.644624
vn 0.258350 -0.706996 -0.658340
vn 0.242671 -0.704679 -0.666737
vn 0.105441 -0.706668 -0.699645
vn 0.105463 -0.706675 -0.699634
vn 0.353586 -0.706995 -0.612483
vn 0.322634 -0.706994 -0.629338
vn 0.307864 -0.704677 -0.639257
vn 0.174589 -0.706662 -0.685673
vn 0.174606 -0.706668 -0.685663
vn 0.035071 -0.710378 -0.702946
vn 0.087928 -0.706996 -0.701730
vn 0.052833 -0.706996 -0.705242
vn 0.035257 -0.706660 -0.706674
vn 0.035266 -0.706664 -0.706670
vn 0.412818 -0.706995 -0.574229
vn 0.383711 -0.706995 -0.594073
vn 0.369969 -0.704673 -0.605441
vn 0.241994 -0.706668 -0.664875
vn 0.241978 -0.706663 -0.664887
vn 0.105458 -0.706664 -0.699646
vn 0.104901 -0.710382 -0.695955
vn 0.157395 -0.706998 -0.689479
vn 0.122810 -0.706998 -0.696470
vn 0.105464 -0.706666 -0.699643
vn 0.467962 -0.706994 -0.530255
vn 0.440945 -0.706995 -0.552925
vn 0.428414 -0.704674 -0.565593
vn 0.307004 -0.706668 -0.637471
vn 0.307005 -0.706668 -0.637470
vn 0.225250 -0.707001 -0.670382
vn 0.191516 -0.707000 -0.680788
vn 0.174598 -0.706666 -0.685667
vn 0.173678 -0.710377 -0.682056
vn 0.174606 -0.706669 -0.685661
vn 0.518406 -0.706997 -0.481051
vn 0.493827 -0.706997 -0.506251
vn -0.024935 0.000000 0.999689
vn -0.024935 0.000000 0.999689
vn -0.074693 0.000000 0.997207
vn -0.074693 0.000000 0.997207
vn -0.124336 0.000000 0.992240
vn -0.124336 0.000000 0.992240
vn -0.173641 0.000000 0.984809
vn -0.173641 0.000000 0.984809
vn -0.222600 -0.000000 0.974910
vn -0.222600 0.000000 0.974910
vn -0.270778 -0.000000 0.962642
vn -0.270778 0.000000 0.962642
vn -0.318492 -0.000000 0.947925
vn -0.318492 0.000000 0.947925
vn -0.365406 0.000000 0.930848
vn -0.365406 0.000000 0.930848
vn -0.411220 0.000000 0.911536
vn -0.456204 0.000000 0.889875
vn -0.411220 0.000000 0.911536
vn -0.500049 0.000000 0.865997
vn -0.456204 -0.000000 0.889875
vn -0.500049 0.000000 0.865997
vn -0.542561 0.000000 0.840016
vn -0.542561 -0.000000 0.840016
vn -0.583725 0.000000 0.811951
vn -0.583725 -0.000000 0.811951
vn -0.623495 0.000000 0.781827
vn -0.623495 -0.000000 0.781827
vn -0.661686 0.000000 0.749781
vn -0.661686 0.000000 0.749781
vn -0.698214 0.000000 0.715889
vn -0.698214 -0.000000 0.715889
vn -0.733073 0.000000 0.680151
vn -0.733073 0.000000 0.680151
vn -0.766014 0.000000 0.642824
vn -0.766014 0.000000 0.642824
vn -0.797131 0.000000 0.603806
vn -0.797131 0.000000 0.603806
vn -0.826248 0.000000 0.563307
vn -0.826248 -0.000000 0.563307
vn -0.853310 0.000000 0.521404
vn -0.853310 0.000000 0.521404
vn -0.878211 0.000000 0.478274
vn -0.878211 0.000000 0.478274
vn -0.900965 -0.000000 0.433892
vn -0.900965 0.000000 0.433892
vn -0.921477 0.000000 0.388433
vn -0.921477 0.000000 0.388433
vn -0.939697 0.000000 0.342009
vn -0.955573 0.000000 0.294756
vn -0.939697 0.000000 0.342009
vn -0.955573 -0.000000 0.294756
vn -0.969078 0.000000 0.246754
vn -0.969078 0.000000 0.246754
vn -0.980172 0.000000 0.198148
vn -0.980172 0.000000 0.198148
vn -0.988831 -0.000000 0.149043
vn -0.988831 0.000000 0.149043
vn -0.995030 0.000000 0.099571
vn -0.998757 0.000000 0.049842
vn -0.995030 0.000000 0.099571
vn -0.998757 0.000000 0.049842
vn -1.000000 0.000000 0.000000
vn -1.000000 0.000000 0.000000
vn -0.998757 0.000000 -0.049847
vn -0.995030 -0.000000 -0.099571
vn -0.998757 0.000000 -0.049847
vn -0.995030 0.000000 -0.099571
vn -0.988833 0.000000 -0.149026
vn -0.988833 0.000000 -0.149026
vn -0.980172 0.000000 -0.198148
vn -0.980172 0.000000 -0.198148
vn -0.969078 0.000000 -0.246754
vn -0.969078 -0.000000 -0.246754
vn -0.955573 -0.000000 -0.294756
vn -0.955573 0.000000 -0.294756
vn -0.939684 0.000000 -0.342045
vn -0.939684 0.000000 -0.342045
vn -0.921477 0.000000 -0.388433
vn -0.921477 -0.000000 -0.388433
vn -0.900965 0.000000 -0.433892
vn -0.900965 0.000000 -0.433892
vn -0.878237 0.000000 -0.478226
vn -0.878237 0.000000 -0.478226
vn -0.853279 0.000000 -0.521455
vn -0.853279 0.000000 -0.521455
vn -0.826248 -0.000000 -0.563307
vn -0.826248 0.000000 -0.563307
vn -0.797131 -0.000000 -0.603806
vn -0.797131 -0.000000 -0.603806
vn -0.766060 0.000000 -0.642769
vn -0.766060 -0.000000 -0.642769
vn -0.733020 0.000000 -0.680207
vn -0.733020 0.000000 -0.680207
vn -0.698272 0.000000 -0.715832
vn -0.698272 0.000000 -0.715832
vn -0.661686 0.000000 -0.749781
vn -0.661686 -0.000000 -0.749781
vn -0.623495 0.000000 -0.781827
vn -0.623495 0.000000 -0.781827
vn -0.583725 -0.000000 -0.811951
vn -0.583725 0.000000 -0.811951
vn -0.542561 -0.000000 -0.840016
vn -0.542561 0.000000 -0.840016
vn -0.499964 -0.000000 -0.866046
vn -0.499964 0.000000 -0.866046
vn -0.456204 0.000000 -0.889875
vn -0.456204 0.000000 -0.889875
vn -0.411314 0.000000 -0.911494
vn -0.411314 -0.000000 -0.911494
vn -0.365308 0.000000 -0.930887
vn -0.365308 0.000000 -0.930887
vn -0.318492 -0.000000 -0.947925
vn -0.318492 0.000000 -0.947925
vn -0.270883 -0.000000 -0.962612
vn -0.270883 0.000000 -0.962612
vn -0.222492 0.000000 -0.974934
vn -0.173641 -0.000000 -0.984809
vn -0.222492 0.000000 -0.974934
vn -0.173641 0.000000 -0.984809
vn -0.124336 -0.000000 -0.992240
vn -0.124336 0.000000 -0.992240
vn -0.074693 0.000000 -0.997207
vn -0.074693 -0.000000 -0.997207
vn -0.024935 0.000000 -0.999689
vn -0.024935 0.000000 -0.999689
vn 0.024935 0.000000 -0.999689
vn 0.024935 0.000000 -0.999689
vn 0.074693 0.000000 -0.997207
vn 0.074693 -0.000000 -0.997207
vn 0.124336 0.000000 -0.992240
vn 0.124336 0.000000 -0.992240
vn 0.173641 0.000000 -0.984809
vn 0.173641 0.000000 -0.984809
vn 0.222492 0.000000 -0.974934
vn 0.222492 -0.000000 -0.974934
vn 0.270883 0.000000 -0.962612
vn 0.270883 0.000000 -0.962612
vn 0.318492 0.000000 -0.947925
vn 0.318492 -0.000000 -0.947925
vn 0.365305 0.000000 -0.930888
vn 0.365305 -0.000000 -0.930888
vn 0.411316 0.000000 -0.911493
vn 0.411316 0.000000 -0.911493
vn 0.456202 0.000000 -0.889876
vn 0.456202 -0.000000 -0.889876
vn 0.499967 0.000000 -0.866045
vn 0.499967 0.000000 -0.866045
vn 0.542564 0.000000 -0.840014
vn 0.542564 0.000000 -0.840014
vn 0.583722 0.000000 -0.811954
vn 0.623492 0.000000 -0.781830
vn 0.583722 0.000000 -0.811954
vn 0.623492 0.000000 -0.781830
vn 0.661693 -0.000000 -0.749775
vn 0.661693 0.000000 -0.749775
vn 0.698269 0.000000 -0.715836
vn 0.698269 0.000000 -0.715836
vn 0.733024 -0.000000 -0.680203
vn 0.733024 0.000000 -0.680203
vn 0.766057 -0.000000 -0.642773
vn 0.766057 0.000000 -0.642773
vn 0.797135 0.000000 -0.603801
vn 0.797135 0.000000 -0.603801
vn 0.826245 -0.000000 -0.563311
vn 0.826245 0.000000 -0.563311
vn 0.853279 0.000000 -0.521455
vn 0.878234 0.000000 -0.478232
vn 0.853279 0.000000 -0.521455
vn 0.900971 0.000000 -0.433880
vn 0.878234 0.000000 -0.478232
vn 0.900971 0.000000 -0.433880
vn 0.921475 0.000000 -0.388439
vn 0.921475 0.000000 -0.388439
vn 0.939681 0.000000 -0.342051
vn 0.939681 -0.000000 -0.342051
vn 0.955577 0.000000 -0.294743
vn 0.955577 -0.000000 -0.294743
vn 0.969077 0.000000 -0.246760
vn 0.969077 0.000000 -0.246760
vn 0.980172 0.000000 -0.198148
vn 0.980172 0.000000 -0.198148
vn 0.988832 0.000000 -0.149033
vn 0.995032 0.000000 -0.099557
vn 0.988832 0.000000 -0.149033
vn 0.995032 0.000000 -0.099557
vn 0.998756 0.000000 -0.049861
vn 0.998756 0.000000 -0.049861
vn 1.000000 0.000000 0.000000
vn 1.000000 -0.000000 0.000000
vn 0.998756 0.000000 0.049856
vn 0.998756 -0.000000 0.049856
vn 0.995032 -0.000000 0.099557
vn 0.988830 0.000000 0.149050
vn 0.995032 -0.000000 0.099557
vn 0.988830 0.000000 0.149050
vn 0.980172 0.000000 0.198148
vn 0.969077 0.000000 0.246760
vn 0.980172 -0.000000 0.198148
vn 0.969077 -0.000000 0.246760
vn 0.955577 0.000000 0.294743
vn 0.939694 0.000000 0.342015
vn 0.955577 -0.000000 0.294743
vn 0.939694 -0.000000 0.342015
vn 0.921475 -0.000000 0.388439
vn 0.900971 0.000000 0.433880
vn 0.921475 -0.000000 0.388439
vn 0.900971 0.000000 0.433880
vn 0.878208 -0.000000 0.478279
vn 0.878208 -0.000000 0.478279
vn 0.853310 -0.000000 0.521404
vn 0.826245 0.000000 0.563311
vn 0.853310 -0.000000 0.521404
vn 0.826245 0.000000 0.563311
vn 0.797135 -0.000000 0.603801
vn 0.766010 0.000000 0.642828
vn 0.797135 -0.000000 0.603801
vn 0.766010 0.000000 0.642828
vn 0.733076 0.000000 0.680147
vn 0.733076 -0.000000 0.680147
vn 0.698211 0.000000 0.715892
vn 0.698211 -0.000000 0.715892
vn 0.661693 -0.000000 0.749775
vn 0.661693 0.000000 0.749775
vn 0.623492 -0.000000 0.781830
vn 0.623492 -0.000000 0.781830
vn 0.583722 0.000000 0.811954
vn 0.583722 -0.000000 0.811954
vn 0.542564 -0.000000 0.840014
vn 0.542564 -0.000000 0.840014
vn 0.500052 0.000000 0.865995
vn 0.500052 -0.000000 0.865995
vn 0.456202 0.000000 0.889876
vn 0.456202 0.000000 0.889876
vn 0.411222 -0.000000 0.911535
vn 0.411222 0.000000 0.911535
vn 0.365403 0.000000 0.930849
vn 0.365403 0.000000 0.930849
vn 0.318492 -0.000000 0.947925
vn 0.318492 0.000000 0.947925
vn 0.270778 -0.000000 0.962642
vn 0.270778 0.000000 0.962642
vn 0.222600 0.000000 0.974910
vn 0.222600 0.000000 0.974910
vn 0.173641 -0.000000 0.984809
vn 0.173641 0.000000 0.984809
vn 0.124336 -0.000000 0.992240
vn 0.074693 0.000000 0.997207
vn 0.124336 -0.000000 0.992240
vn 0.074693 0.000000 0.997207
vn 0.024935 0.000000 0.999689
vn 0.024935 -0.000000 0.999689
vn 0.368957 0.706669 0.603731
vn 0.368953 0.706667 0.603735
vn 0.290861 0.706999 0.644634
vn 0.258391 0.706999 0.658321
vn 0.242005 0.706668 0.664871
vn 0.240730 0.710383 0.661366
vn 0.017635 0.706999 0.706995
vn 0.242001 0.706666 0.664874
vn 0.563751 0.706992 0.427021
vn 0.541739 0.706992 0.454622
vn 0.531998 0.704678 0.469476
vn 0.427217 0.706668 0.564008
vn 0.427216 0.706667 0.564011
vn 0.306987 0.706666 0.637481
vn 0.353619 0.706997 0.612462
vn 0.322643 0.706997 0.629330
vn 0.305368 0.710382 0.634119
vn 0.306984 0.706665 0.637484
vn 0.603476 0.706996 0.368746
vn 0.584334 0.706996 0.398383
vn 0.576089 0.704674 0.414193
vn 0.481253 0.706668 0.518668
vn 0.481245 0.706663 0.518682
vn 0.368950 0.706673 0.603729
vn 0.412853 0.706997 0.574202
vn 0.383675 0.706997 0.594095
vn 0.366992 0.710376 0.600569
vn 0.368934 0.706665 0.603748
vn 0.017611 0.706993 0.707002
vn 0.637183 0.706995 0.306848
vn 0.621085 0.706995 0.338248
vn 0.614470 0.704679 0.354759
vn 0.530500 0.706664 0.468183
vn 0.530510 0.706670 0.468163
vn 0.427232 0.706672 0.563993
vn 0.427220 0.706664 0.564011
vn 0.467969 0.707004 0.530236
vn 0.440920 0.707004 0.552933
vn 0.424985 0.710379 0.561025
vn 0.664568 0.706997 0.241879
vn 0.651682 0.706997 0.274711
vn 0.646737 0.704677 0.291825
vn 0.574488 0.706670 0.413015
vn 0.574481 0.706663 0.413036
vn 0.518432 0.706999 0.481020
vn 0.493797 0.706999 0.506278
vn 0.478713 0.710381 0.515938
vn 0.481254 0.706667 0.518668
vn 0.481251 0.706665 0.518674
vn 0.675800 0.706997 0.208447
vn 0.672583 0.704676 0.225970
vn 0.685347 0.706996 0.174513
vn 0.644929 0.706669 0.291009
vn 0.612754 0.706669 0.353768
vn 0.612750 0.706664 0.353784
vn 0.563735 0.707000 0.427029
vn 0.541751 0.707000 0.454596
vn 0.530508 0.706667 0.468171
vn 0.574494 0.706662 0.413019
vn 0.530502 0.706662 0.468185
vn 0.527712 0.710381 0.465704
vn 0.691740 0.704676 0.157883
vn 0.699318 0.706996 0.105411
vn 0.693195 0.706996 0.140134
vn 0.644938 0.706664 0.290998
vn 0.603456 0.706999 0.368773
vn 0.584335 0.706999 0.398378
vn 0.571451 0.710385 0.410849
vn 0.612747 0.706667 0.353782
vn 0.574482 0.706667 0.413028
vn 0.704022 0.704676 0.088229
vn 0.706337 0.706997 0.035259
vn 0.703703 0.706997 0.070408
vn 0.670703 0.706668 0.225339
vn 0.670703 0.706665 0.225348
vn 0.689806 0.706668 0.157442
vn 0.609520 0.710382 0.351912
vn 0.637179 0.706998 0.306851
vn 0.621094 0.706998 0.338226
vn 0.612752 0.706665 0.353778
vn 0.709309 0.704676 0.017688
vn 0.706339 0.706995 -0.035263
vn 0.707218 0.706995 -0.000000
vn 0.689805 0.706669 0.157446
vn 0.644936 0.706665 0.291002
vn 0.644936 0.706667 0.290997
vn 0.664564 0.706998 0.241886
vn 0.651685 0.706998 0.274702
vn 0.670702 0.706667 0.225348
vn 0.641535 0.710382 0.289467
vn 0.707544 0.704677 -0.053025
vn 0.699320 0.706996 -0.105399
vn 0.703705 0.706995 -0.070409
vn 0.702055 0.706667 0.087982
vn 0.707326 0.706667 0.017639
vn 0.702054 0.706668 0.087979
vn 0.667167 0.710381 0.224159
vn 0.685347 0.706998 0.174509
vn 0.675796 0.706998 0.208457
vn 0.670702 0.706666 0.225347
vn 0.698751 0.704676 -0.123206
vn 0.685348 0.706996 -0.174513
vn 0.693195 0.706996 -0.140134
vn 0.707326 0.706668 0.017640
vn 0.699317 0.706998 0.105403
vn 0.689808 0.706666 0.157446
vn 0.693193 0.706998 0.140134
vn 0.686172 0.710380 0.156614
vn 0.689807 0.706666 0.157444
vn 0.683009 0.704676 -0.192172
vn 0.664561 0.706994 -0.241905
vn 0.675802 0.706994 -0.208448
vn 0.705567 0.706668 -0.052875
vn 0.705567 0.706668 -0.052876
vn 0.696797 0.706668 -0.122862
vn 0.706337 0.706997 0.035253
vn 0.703702 0.706997 0.070416
vn 0.702056 0.706666 0.087980
vn 0.698356 0.710380 0.087516
vn 0.702056 0.706666 0.087979
vn 0.660481 0.704677 -0.259219
vn 0.637181 0.706998 -0.306847
vn 0.651682 0.706998 -0.274710
vn 0.696797 0.706667 -0.122866
vn 0.707328 0.706665 0.017640
vn 0.703599 0.710381 0.017547
vn 0.706337 0.706998 -0.035253
vn 0.707216 0.706998 0.000000
vn 0.707328 0.706665 0.017640
vn 0.631389 0.704678 -0.323692
vn 0.603454 0.706996 -0.368782
vn 0.621102 0.706996 -0.338214
vn 0.658637 0.706666 -0.258495
vn 0.681102 0.706666 -0.191633
vn 0.681101 0.706667 -0.191635
vn 0.699318 0.706997 -0.105403
vn 0.703702 0.706997 -0.070420
vn 0.705570 0.706665 -0.052875
vn 0.701850 0.710381 -0.052597
vn 0.696798 0.706666 -0.122866
vn 0.705569 0.706666 -0.052876
vn 0.563747 0.706997 -0.427018
vn 0.584334 0.706997 -0.398383
vn 0.596020 0.704678 -0.384952
vn 0.658637 0.706666 -0.258495
vn 0.693125 0.710381 -0.122218
vn 0.685348 0.706997 -0.174509
vn 0.693194 0.706997 -0.140135
vn 0.696798 0.706666 -0.122866
vn 0.518410 0.706992 -0.481054
vn 0.541772 0.706992 -0.454582
vn 0.554726 0.704676 -0.442393
vn 0.629625 0.706666 -0.322793
vn 0.629629 0.706664 -0.322789
vn 0.664566 0.706996 -0.241886
vn 0.675797 0.706997 -0.208457
vn 0.681103 0.706666 -0.191631
vn 0.677513 0.710380 -0.190621
vn 0.681101 0.706667 -0.191633
vn 0.507925 0.704675 -0.495424
vn 0.467965 0.706991 -0.530258
vn 0.493832 0.706990 -0.506256
vn 0.594359 0.706664 -0.383880
vn 0.594359 0.706664 -0.383880
vn 0.637181 0.706996 -0.306851
vn 0.651686 0.706996 -0.274703
vn 0.629624 0.706668 -0.322792
vn 0.655168 0.710379 -0.257134
vn 0.658636 0.706667 -0.258495
vn 0.658636 0.706667 -0.258495
vn 0.456086 0.704671 -0.543530
vn 0.412821 0.706991 -0.574232
vn 0.440947 0.706991 -0.552927
vn 0.553172 0.706671 -0.441154
vn 0.553193 0.706663 -0.441139
vn 0.603456 0.706999 -0.368773
vn 0.621093 0.706999 -0.338225
vn 0.629623 0.706666 -0.322796
vn 0.626305 0.710380 -0.321095
vn 0.399687 0.704673 -0.586248
vn 0.353589 0.706989 -0.612488
vn 0.383715 0.706989 -0.594078
vn 0.454807 0.706670 -0.542005
vn 0.506503 0.706670 -0.494037
vn 0.506500 0.706671 -0.494039
vn 0.553190 0.706668 -0.441137
vn 0.594356 0.706667 -0.383878
vn 0.563736 0.706999 -0.427029
vn 0.584335 0.706999 -0.398378
vn 0.591226 0.710380 -0.381854
vn 0.594358 0.706667 -0.383877
vn 0.339354 0.704676 -0.623114
vn 0.290889 0.707000 -0.644620
vn 0.322632 0.706999 -0.629333
vn 0.454809 0.706671 -0.542000
vn 0.506506 0.706662 -0.494045
vn 0.553185 0.706663 -0.441151
vn 0.518412 0.707001 -0.481040
vn 0.541768 0.707000 -0.454575
vn 0.550267 0.710380 -0.438824
vn 0.275586 0.704674 -0.653825
vn 0.225244 0.706994 -0.670392
vn 0.258351 0.706994 -0.658342
vn 0.398567 0.706670 -0.584604
vn 0.398563 0.706671 -0.584605
vn 0.467948 0.706999 -0.530261
vn 0.493818 0.706999 -0.506257
vn 0.506512 0.706667 -0.494031
vn 0.503844 0.710379 -0.491429
vn 0.157352 0.706989 -0.689497
vn 0.191575 0.706989 -0.680783
vn 0.209138 0.704673 -0.678009
vn 0.338384 0.706670 -0.621381
vn 0.338408 0.706663 -0.621376
vn 0.412822 0.707001 -0.574219
vn 0.440948 0.707001 -0.552914
vn 0.454816 0.706661 -0.542008
vn 0.452402 0.710382 -0.539157
vn 0.454799 0.706667 -0.542014
vn 0.398568 0.706661 -0.584614
vn 0.140590 0.704672 -0.695465
vn 0.087933 0.706992 -0.701734
vn 0.122803 0.706992 -0.696478
vn 0.274812 0.706675 -0.651988
vn 0.274851 0.706664 -0.651984
vn 0.353586 0.706999 -0.612478
vn 0.383704 0.706999 -0.594074
vn 0.398579 0.706667 -0.584599
vn 0.396478 0.710382 -0.581518
vn 0.070656 0.704674 -0.706004
vn 0.017635 0.706998 -0.706996
vn 0.052824 0.706998 -0.705240
vn 0.208552 0.706671 -0.676108
vn 0.208540 0.706674 -0.676108
vn 0.290898 0.706994 -0.644623
vn 0.322645 0.706993 -0.629333
vn 0.338390 0.706667 -0.621380
vn 0.336609 0.710377 -0.618110
vn 0.338384 0.706669 -0.621381
vn -0.052824 0.706998 -0.705240
vn -0.017635 0.706998 -0.706996
vn 0.000000 0.704678 -0.709527
vn 0.070458 0.706673 -0.704023
vn 0.140201 0.706671 -0.693513
vn 0.140195 0.706673 -0.693512
vn 0.273385 0.710383 -0.648549
vn 0.274833 0.706669 -0.651986
vn 0.274852 0.706663 -0.651984
vn 0.225252 0.706996 -0.670387
vn 0.258355 0.706996 -0.658338
vn -0.122803 0.706992 -0.696478
vn -0.087933 0.706992 -0.701734
vn -0.070656 0.704674 -0.706005
vn 0.070448 0.706670 -0.704027
vn 0.208556 0.706664 -0.676114
vn 0.208541 0.706669 -0.676114
vn 0.207456 0.710381 -0.672548
vn 0.157396 0.706992 -0.689484
vn 0.191518 0.706992 -0.680796
vn -0.191575 0.706989 -0.680783
vn -0.157352 0.706989 -0.689497
vn -0.140589 0.704672 -0.695466
vn 0.000000 0.706670 -0.707543
vn 0.000000 0.706670 -0.707543
vn 0.140203 0.706662 -0.693521
vn 0.140184 0.706668 -0.693519
vn 0.139445 0.710383 -0.689863
vn 0.087928 0.707003 -0.701723
vn 0.122809 0.707003 -0.696466
vn -0.209138 0.704674 -0.678009
vn -0.258353 0.706994 -0.658341
vn -0.225244 0.706994 -0.670392
vn -0.070458 0.706673 -0.704023
vn -0.070448 0.706670 -0.704027
vn 0.070465 0.706662 -0.704033
vn 0.070448 0.706668 -0.704029
vn 0.017654 0.706992 -0.707002
vn 0.052834 0.706991 -0.705246
vn 0.070093 0.710381 -0.700318
vn -0.275586 0.704674 -0.653824
vn -0.322634 0.706999 -0.629332
vn -0.290887 0.707000 -0.644621
vn -0.140201 0.706673 -0.693511
vn -0.140194 0.706671 -0.693514
vn -0.070448 0.706668 -0.704029
vn -0.000000 0.710379 -0.703819
vn 0.000000 0.706668 -0.707545
vn -0.052834 0.706992 -0.705246
vn -0.017654 0.706992 -0.707002
vn 0.000000 0.706668 -0.707545
vn -0.339353 0.704676 -0.623114
vn -0.383712 0.706990 -0.594080
vn -0.353587 0.706989 -0.612489
vn -0.208551 0.706674 -0.676105
vn -0.274812 0.706675 -0.651988
vn -0.208541 0.706671 -0.676112
vn -0.140203 0.706662 -0.693521
vn -0.070093 0.710381 -0.700318
vn -0.122809 0.707003 -0.696466
vn -0.087928 0.707003 -0.701723
vn -0.070465 0.706662 -0.704033
vn -0.399687 0.704673 -0.586248
vn -0.440949 0.706992 -0.552925
vn -0.412823 0.706991 -0.574230
vn -0.274851 0.706664 -0.651984
vn -0.140185 0.706668 -0.693519
vn -0.208541 0.706669 -0.676114
vn -0.139446 0.710383 -0.689863
vn -0.191519 0.706992 -0.680795
vn -0.157396 0.706992 -0.689484
vn -0.493835 0.706990 -0.506254
vn -0.467960 0.706990 -0.530263
vn -0.456087 0.704671 -0.543528
vn -0.338404 0.706670 -0.621370
vn -0.338388 0.706663 -0.621386
vn -0.398567 0.706670 -0.584605
vn -0.208556 0.706664 -0.676114
vn -0.207456 0.710381 -0.672548
vn -0.258356 0.706996 -0.658338
vn -0.225251 0.706996 -0.670387
vn -0.507925 0.704675 -0.495424
vn -0.541775 0.706992 -0.454580
vn -0.518408 0.706992 -0.481057
vn -0.398562 0.706671 -0.584606
vn -0.274848 0.706670 -0.651979
vn -0.273385 0.710383 -0.648550
vn -0.274835 0.706664 -0.651991
vn -0.322644 0.706993 -0.629334
vn -0.290897 0.706994 -0.644623
vn -0.554726 0.704676 -0.442393
vn -0.584337 0.706997 -0.398380
vn -0.563745 0.706997 -0.427022
vn -0.506503 0.706670 -0.494037
vn -0.454808 0.706670 -0.542004
vn -0.454810 0.706671 -0.542001
vn -0.338389 0.706669 -0.621379
vn -0.338386 0.706667 -0.621382
vn -0.336609 0.710377 -0.618109
vn -0.383705 0.707000 -0.594073
vn -0.353585 0.706999 -0.612478
vn -0.596020 0.704678 -0.384952
vn -0.621104 0.706996 -0.338210
vn -0.603454 0.706996 -0.368782
vn -0.506500 0.706671 -0.494039
vn -0.398568 0.706661 -0.584614
vn -0.454815 0.706662 -0.542008
vn -0.398578 0.706667 -0.584600
vn -0.396478 0.710381 -0.581519
vn -0.440949 0.707001 -0.552913
vn -0.412822 0.707001 -0.574219
vn -0.631389 0.704679 -0.323691
vn -0.651684 0.706997 -0.274706
vn -0.637177 0.706997 -0.306855
vn -0.553178 0.706663 -0.441159
vn -0.553187 0.706670 -0.441136
vn -0.506502 0.706667 -0.494041
vn -0.454800 0.706667 -0.542014
vn -0.452403 0.710381 -0.539157
vn -0.493817 0.706999 -0.506258
vn -0.467948 0.706999 -0.530261
vn -0.660481 0.704677 -0.259219
vn -0.675799 0.706995 -0.208457
vn -0.664562 0.706994 -0.241901
vn -0.594359 0.706664 -0.383879
vn -0.629629 0.706664 -0.322789
vn -0.594359 0.706664 -0.383879
vn -0.553193 0.706662 -0.441141
vn -0.506516 0.706662 -0.494034
vn -0.541767 0.707000 -0.454576
vn -0.518413 0.707000 -0.481039
vn -0.503844 0.710379 -0.491429
vn -0.693195 0.706996 -0.140134
vn -0.685349 0.706996 -0.174509
vn -0.683010 0.704675 -0.192173
vn -0.629625 0.706666 -0.322793
vn -0.553182 0.706667 -0.441148
vn -0.584334 0.706999 -0.398380
vn -0.563737 0.706999 -0.427028
vn -0.594357 0.706667 -0.383877
vn -0.550267 0.710380 -0.438824
vn -0.703703 0.706996 -0.070418
vn -0.699320 0.706997 -0.105394
vn -0.698751 0.704676 -0.123206
vn -0.658637 0.706666 -0.258495
vn -0.658637 0.706666 -0.258495
vn -0.621093 0.706999 -0.338225
vn -0.603455 0.706999 -0.368775
vn -0.591225 0.710380 -0.381855
vn -0.594357 0.706667 -0.383877
vn -0.707545 0.704676 -0.053023
vn -0.707218 0.706995 0.000000
vn -0.706339 0.706995 -0.035253
vn -0.681102 0.706665 -0.191636
vn -0.681102 0.706667 -0.191631
vn -0.629623 0.706667 -0.322794
vn -0.626306 0.710380 -0.321093
vn -0.651685 0.706996 -0.274705
vn -0.637181 0.706996 -0.306849
vn -0.629624 0.706668 -0.322792
vn -0.703703 0.706996 0.070418
vn -0.706339 0.706995 0.035249
vn -0.709309 0.704676 0.017688
vn -0.696797 0.706667 -0.122862
vn -0.696798 0.706666 -0.122866
vn -0.658636 0.706667 -0.258495
vn -0.655167 0.710379 -0.257134
vn -0.658636 0.706667 -0.258495
vn -0.675797 0.706997 -0.208455
vn -0.664565 0.706997 -0.241886
vn -0.693196 0.706995 0.140134
vn -0.699319 0.706995 0.105406
vn -0.704022 0.704676 0.088229
vn -0.705567 0.706668 -0.052874
vn -0.705567 0.706668 -0.052875
vn -0.707326 0.706668 0.017639
vn -0.681102 0.706666 -0.191631
vn -0.681102 0.706667 -0.191629
vn -0.677513 0.710381 -0.190619
vn -0.693194 0.706998 -0.140129
vn -0.685346 0.706998 -0.174511
vn -0.691741 0.704676 0.157884
vn -0.675798 0.706995 0.208457
vn -0.685350 0.706995 0.174509
vn -0.707326 0.706667 0.017640
vn -0.696798 0.706666 -0.122867
vn -0.693125 0.710380 -0.122219
vn -0.703702 0.706998 -0.070417
vn -0.699317 0.706997 -0.105408
vn -0.696797 0.706666 -0.122866
vn -0.672583 0.704676 0.225970
vn -0.651685 0.706996 0.274706
vn -0.664570 0.706996 0.241875
vn -0.702056 0.706667 0.087976
vn -0.702053 0.706669 0.087982
vn -0.705569 0.706666 -0.052875
vn -0.701849 0.710381 -0.052596
vn -0.707216 0.706998 0.000000
vn -0.706337 0.706998 -0.035251
vn -0.705569 0.706666 -0.052875
vn -0.646739 0.704676 0.291824
vn -0.621086 0.706996 0.338244
vn -0.637178 0.706996 0.306856
vn -0.670703 0.706668 0.225338
vn -0.689803 0.706670 0.157447
vn -0.689806 0.706668 0.157442
vn -0.707327 0.706666 0.017640
vn -0.707328 0.706665 0.017638
vn -0.702056 0.706667 0.087976
vn -0.703599 0.710381 0.017545
vn -0.703702 0.706997 0.070413
vn -0.706337 0.706997 0.035251
vn -0.584337 0.706997 0.398380
vn -0.603476 0.706996 0.368746
vn -0.614470 0.704679 0.354759
vn -0.670703 0.706666 0.225348
vn -0.702057 0.706665 0.087980
vn -0.698355 0.710381 0.087516
vn -0.693194 0.706997 0.140129
vn -0.699317 0.706997 0.105408
vn -0.576089 0.704674 0.414193
vn -0.541742 0.706992 0.454619
vn -0.563748 0.706992 0.427024
vn -0.644937 0.706665 0.290999
vn -0.644930 0.706668 0.291007
vn -0.689808 0.706665 0.157445
vn -0.689807 0.706666 0.157448
vn -0.675796 0.706998 0.208454
vn -0.685346 0.706998 0.174511
vn -0.686171 0.710381 0.156615
vn -0.531999 0.704678 0.469475
vn -0.493789 0.706997 0.506289
vn -0.518441 0.706997 0.481014
vn -0.612758 0.706664 0.353771
vn -0.612748 0.706668 0.353779
vn -0.667166 0.710382 0.224159
vn -0.651683 0.706999 0.274704
vn -0.664563 0.706999 0.241885
vn -0.670702 0.706666 0.225347
vn -0.670702 0.706666 0.225348
vn -0.644936 0.706666 0.290998
vn -0.440947 0.706995 0.552923
vn -0.467957 0.706995 0.530259
vn -0.482589 0.704678 0.520132
vn -0.574475 0.706670 0.413032
vn -0.530511 0.706670 0.468162
vn -0.574492 0.706664 0.413019
vn -0.621093 0.706998 0.338226
vn -0.637180 0.706998 0.306848
vn -0.641535 0.710382 0.289466
vn -0.644936 0.706666 0.291001
vn -0.383709 0.706995 0.594075
vn -0.412821 0.706995 0.574227
vn -0.428415 0.704674 0.565592
vn -0.481244 0.706662 0.518684
vn -0.530500 0.706663 0.468185
vn -0.609520 0.710383 0.351912
vn -0.584334 0.706999 0.398380
vn -0.603455 0.706999 0.368775
vn -0.612749 0.706667 0.353780
vn -0.612752 0.706666 0.353778
vn -0.322636 0.706995 0.629336
vn -0.353644 0.706995 0.612450
vn -0.369991 0.704677 0.605423
vn -0.481254 0.706667 0.518668
vn -0.574482 0.706667 0.413029
vn -0.541749 0.707000 0.454597
vn -0.563736 0.707000 0.427027
vn -0.571451 0.710385 0.410849
vn -0.574493 0.706662 0.413020
vn -0.258421 0.706997 0.658312
vn -0.290821 0.706997 0.644654
vn -0.307837 0.704673 0.639275
vn -0.427218 0.706667 0.564009
vn -0.427217 0.706668 0.564010
vn -0.530511 0.706662 0.468174
vn -0.527712 0.710380 0.465704
vn -0.493795 0.706999 0.506280
vn -0.518434 0.706999 0.481019
vn -0.530497 0.706667 0.468182
vn -0.191501 0.706989 0.680804
vn -0.225245 0.706990 0.670395
vn -0.242675 0.704671 0.666744
vn -0.368953 0.706668 0.603733
vn -0.306976 0.706667 0.637486
vn -0.368958 0.706667 0.603732
vn -0.481255 0.706665 0.518670
vn -0.478713 0.710381 0.515939
vn -0.440922 0.707004 0.552932
vn -0.467969 0.707004 0.530237
vn -0.481249 0.706667 0.518672
vn -0.122802 0.706996 0.696474
vn -0.157427 0.706995 0.689474
vn -0.175107 0.704679 0.687579
vn -0.306981 0.706669 0.637481
vn -0.241994 0.706668 0.664875
vn -0.427215 0.706673 0.564005
vn -0.424985 0.710379 0.561025
vn -0.368950 0.706674 0.603728
vn -0.383676 0.706997 0.594094
vn -0.412853 0.706997 0.574202
vn -0.427236 0.706665 0.563998
vn -0.052824 0.706993 0.705245
vn -0.087933 0.706994 0.701732
vn -0.105738 0.704675 0.701607
vn -0.035377 0.704678 0.708644
vn -0.242000 0.706670 0.664871
vn -0.368934 0.706665 0.603749
vn -0.366991 0.710377 0.600569
vn -0.322642 0.706997 0.629331
vn -0.353618 0.706997 0.612461
vn -0.174620 0.706659 0.685668
vn -0.105443 0.706659 0.699653
vn -0.174580 0.706670 0.685667
vn -0.306982 0.706666 0.637483
vn -0.306988 0.706665 0.637482
vn -0.258392 0.706999 0.658321
vn -0.290860 0.706998 0.644634
vn -0.242001 0.706666 0.664874
vn -0.305368 0.710382 0.634119
vn -0.035266 0.706662 0.706671
vn -0.035278 0.706666 0.706667
vn -0.105464 0.706666 0.699643
vn -0.191558 0.706992 0.680784
vn -0.225214 0.706993 0.670403
vn -0.242005 0.706668 0.664871
vn -0.240729 0.710383 0.661366
vn -0.122810 0.706998 0.696470
vn -0.157355 0.706998 0.689487
vn -0.105464 0.706666 0.699643
vn -0.173656 0.710382 0.682057
vn -0.174581 0.706666 0.685671
vn -0.174575 0.706668 0.685670
vn -0.104901 0.710382 0.695955
vn -0.035281 0.706669 0.706664
vn -0.052833 0.707005 0.705233
vn -0.087969 0.707004 0.701716
vn -0.035266 0.706664 0.706670
vn -0.105457 0.706664 0.699646
vn -0.035095 0.710382 0.702941
vn -0.017635 0.706999 0.706995
vn -0.017611 0.706993 0.707002
vn 0.087933 0.706994 0.701732
vn 0.052824 0.706993 0.705245
vn 0.035377 0.704678 0.708644
vn 0.157427 0.706995 0.689474
vn 0.122802 0.706996 0.696474
vn 0.105737 0.704675 0.701607
vn 0.225245 0.706990 0.670395
vn 0.191501 0.706989 0.680804
vn 0.175107 0.704679 0.687579
vn 0.035266 0.706662 0.706671
vn 0.035279 0.706666 0.706667
vn 0.290823 0.706997 0.644653
vn 0.258419 0.706997 0.658312
vn 0.242674 0.704671 0.666745
vn 0.105443 0.706659 0.699653
vn 0.105465 0.706666 0.699643
vn 0.353647 0.706994 0.612449
vn 0.322634 0.706994 0.629338
vn 0.307839 0.704673 0.639274
vn 0.174618 0.706671 0.685656
vn 0.174582 0.706660 0.685677
vn 0.035095 0.710382 0.702941
vn 0.087969 0.707004 0.701717
vn 0.052833 0.707005 0.705233
vn 0.035281 0.706669 0.706664
vn 0.035266 0.706664 0.706670
vn 0.412818 0.706995 0.574229
vn 0.383711 0.706995 0.594073
vn 0.369991 0.704677 0.605423
vn 0.241994 0.706668 0.664875
vn 0.242000 0.706671 0.664871
vn 0.105458 0.706664 0.699646
vn 0.104901 0.710382 0.695955
vn 0.157355 0.706999 0.689487
vn 0.122810 0.706998 0.696470
vn 0.105464 0.706666 0.699643
vn 0.467962 0.706994 0.530255
vn 0.440945 0.706995 0.552925
vn 0.428414 0.704674 0.565593
vn 0.306977 0.706667 0.637485
vn 0.306982 0.706669 0.637481
vn 0.173655 0.710382 0.682057
vn 0.225215 0.706993 0.670403
vn 0.174575 0.706666 0.685672
vn 0.191558 0.706992 0.680785
vn 0.174580 0.706668 0.685669
vn 0.518444 0.706996 0.481012
vn 0.493787 0.706996 0.506292
vn 0.482589 0.704678 0.520131
vn -0.024935 0.000000 0.999689
vn -0.024935 0.000000 0.999689
vn -0.074693 -0.000000 0.997207
vn -0.074693 0.000000 0.997207
vn -0.124336 0.000000 0.992240
vn -0.124336 0.000000 0.992240
vn -0.173641 0.000000 0.984809
vn -0.173641 0.000000 0.984809
vn -0.222600 -0.000000 0.974910
vn -0.222600 0.000000 0.974910
vn -0.270778 -0.000000 0.962642
vn -0.270778 0.000000 0.962642
vn -0.318492 -0.000000 0.947925
vn -0.318492 0.000000 0.947925
vn -0.365403 0.000000 0.930849
vn -0.365403 0.000000 0.930849
vn -0.411222 0.000000 0.911535
vn -0.456202 0.000000 0.889876
vn -0.411222 0.000000 0.911535
vn -0.500052 0.000000 0.865995
vn -0.456202 -0.000000 0.889876
vn -0.500052 0.000000 0.865995
vn -0.542564 0.000000 0.840014
vn -0.542564 0.000000 0.840014
vn -0.583722 0.000000 0.811954
vn -0.583722 0.000000 0.811954
vn -0.623492 0.000000 0.781830
vn -0.623492 0.000000 0.781830
vn -0.661693 0.000000 0.749775
vn -0.661693 -0.000000 0.749775
vn -0.698211 0.000000 0.715892
vn -0.698211 0.000000 0.715892
vn -0.733076 0.000000 0.680147
vn -0.733076 0.000000 0.680147
vn -0.766010 0.000000 0.642828
vn -0.766010 -0.000000 0.642828
vn -0.797135 0.000000 0.603801
vn -0.797135 0.000000 0.603801
vn -0.826245 0.000000 0.563311
vn -0.826245 -0.000000 0.563311
vn -0.853310 0.000000 0.521404
vn -0.853310 0.000000 0.521404
vn -0.878208 0.000000 0.478279
vn -0.878208 0.000000 0.478279
vn -0.900971 0.000000 0.433880
vn -0.900971 0.000000 0.433880
vn -0.921475 0.000000 0.388439
vn -0.921475 0.000000 0.388439
vn -0.939694 0.000000 0.342015
vn -0.955577 0.000000 0.294743
vn -0.939694 0.000000 0.342015
vn -0.955577 -0.000000 0.294743
vn -0.969077 0.000000 0.246760
vn -0.969077 0.000000 0.246760
vn -0.980172 0.000000 0.198148
vn -0.980172 0.000000 0.198148
vn -0.988830 0.000000 0.149050
vn -0.988830 0.000000 0.149050
vn -0.995032 0.000000 0.099557
vn -0.998756 0.000000 0.049856
vn -0.995032 0.000000 0.099557
vn -0.998756 0.000000 0.049856
vn -1.000000 0.000000 0.000000
vn -1.000000 0.000000 0.000000
vn -0.998756 -0.000000 -0.049861
vn -0.995032 -0.000000 -0.099557
vn -0.998756 0.000000 -0.049861
vn -0.995032 -0.000000 -0.099557
vn -0.988832 0.000000 -0.149033
vn -0.988832 0.000000 -0.149033
vn -0.980172 0.000000 -0.198148
vn -0.980172 0.000000 -0.198148
vn -0.969077 0.000000 -0.246760
vn -0.969077 -0.000000 -0.246760
vn -0.955577 -0.000000 -0.294743
vn -0.955577 0.000000 -0.294743
vn -0.939681 0.000000 -0.342051
vn -0.939681 0.000000 -0.342051
vn -0.921475 0.000000 -0.388439
vn -0.921475 -0.000000 -0.388439
vn -0.900971 0.000000 -0.433880
vn -0.900971 0.000000 -0.433880
vn -0.878234 0.000000 -0.478232
vn -0.878234 -0.000000 -0.478232
vn -0.853279 0.000000 -0.521455
vn -0.853279 0.000000 -0.521455
vn -0.826245 -0.000000 -0.563311
vn -0.826245 0.000000 -0.563311
vn -0.797135 -0.000000 -0.603801
vn -0.797135 -0.000000 -0.603801
vn -0.766057 0.000000 -0.642773
vn -0.766057 0.000000 -0.642773
vn -0.733024 0.000000 -0.680203
vn -0.733024 0.000000 -0.680203
vn -0.698269 0.000000 -0.715836
vn -0.698269 0.000000 -0.715836
vn -0.661693 0.000000 -0.749775
vn -0.661693 0.000000 -0.749775
vn -0.623492 0.000000 -0.781830
vn -0.623492 -0.000000 -0.781830
vn -0.583722 -0.000000 -0.811954
vn -0.583722 -0.000000 -0.811954
vn -0.542564 -0.000000 -0.840014
vn -0.542564 -0.000000 -0.840014
vn -0.499967 -0.000000 -0.866045
vn -0.499967 -0.000000 -0.866045
vn -0.456202 0.000000 -0.889876
vn -0.456202 0.000000 -0.889876
vn -0.411316 0.000000 -0.911493
vn -0.411316 0.000000 -0.911493
vn -0.365305 0.000000 -0.930888
vn -0.365305 0.000000 -0.930888
vn -0.318492 -0.000000 -0.947925
vn -0.318492 0.000000 -0.947925
vn -0.270883 -0.000000 -0.962612
vn -0.270883 0.000000 -0.962612
vn -0.222492 0.000000 -0.974934
vn -0.173641 -0.000000 -0.984809
vn -0.222492 0.000000 -0.974934
vn -0.173641 0.000000 -0.984809
vn -0.124336 -0.000000 -0.992240
vn -0.124336 0.000000 -0.992240
vn -0.074693 0.000000 -0.997207
vn -0.074693 0.000000 -0.997207
vn -0.024935 0.000000 -0.999689
vn -0.024935 0.000000 -0.999689
vn 0.024935 0.000000 -0.999689
vn 0.024935 0.000000 -0.999689
vn 0.074693 0.000000 -0.997207
vn 0.074693 0.000000 -0.997207
vn 0.124336 0.000000 -0.992240
vn 0.124336 0.000000 -0.992240
vn 0.173641 0.000000 -0.984809
vn 0.173641 0.000000 -0.984809
vn 0.222492 0.000000 -0.974934
vn 0.222492 -0.000000 -0.974934
vn 0.270883 0.000000 -0.962612
vn 0.270883 0.000000 -0.962612
vn 0.318492 0.000000 -0.947925
vn 0.318492 -0.000000 -0.947925
vn 0.365308 0.000000 -0.930887
vn 0.365308 -0.000000 -0.930887
vn 0.411314 0.000000 -0.911494
vn 0.411314 0.000000 -0.911494
vn 0.456204 0.000000 -0.889875
vn 0.456204 -0.000000 -0.889875
vn 0.499964 0.000000 -0.866046
vn 0.499964 -0.000000 -0.866046
vn 0.542561 -0.000000 -0.840016
vn 0.542561 0.000000 -0.840016
vn 0.583725 -0.000000 -0.811951
vn 0.623495 0.000000 -0.781827
vn 0.583725 0.000000 -0.811951
vn 0.623495 -0.000000 -0.781827
vn 0.661686 0.000000 -0.749781
vn 0.661686 0.000000 -0.749781
vn 0.698272 -0.000000 -0.715832
vn 0.698272 0.000000 -0.715832
vn 0.733020 -0.000000 -0.680207
vn 0.733020 0.000000 -0.680207
vn 0.766060 0.000000 -0.642769
vn 0.766060 0.000000 -0.642769
vn 0.797131 0.000000 -0.603806
vn 0.797131 0.000000 -0.603806
vn 0.826248 -0.000000 -0.563307
vn 0.826248 0.000000 -0.563307
vn 0.853279 0.000000 -0.521455
vn 0.878237 0.000000 -0.478226
vn 0.853279 0.000000 -0.521455
vn 0.900965 0.000000 -0.433892
vn 0.878237 -0.000000 -0.478226
vn 0.900965 -0.000000 -0.433892
vn 0.921477 0.000000 -0.388433
vn 0.921477 0.000000 -0.388433
vn 0.939684 0.000000 -0.342045
vn 0.939684 -0.000000 -0.342045
vn 0.955573 0.000000 -0.294756
vn 0.955573 -0.000000 -0.294756
vn 0.969078 0.000000 -0.246754
vn 0.969078 0.000000 -0.246754
vn 0.980172 0.000000 -0.198148
vn 0.980172 0.000000 -0.198148
vn 0.988833 -0.000000 -0.149026
vn 0.995030 0.000000 -0.099571
vn 0.988833 0.000000 -0.149026
vn 0.995030 0.000000 -0.099571
vn 0.998757 0.000000 -0.049847
vn 0.998757 0.000000 -0.049847
vn 1.000000 0.000000 0.000000
vn 1.000000 -0.000000 0.000000
vn 0.998757 0.000000 0.049842
vn 0.998757 -0.000000 0.049842
vn 0.995030 0.000000 0.099571
vn 0.988831 0.000000 0.149043
vn 0.995030 -0.000000 0.099571
vn 0.988831 0.000000 0.149043
vn 0.980172 0.000000 0.198148
vn 0.969078 0.000000 0.246754
vn 0.980172 -0.000000 0.198148
vn 0.969078 -0.000000 0.246754
vn 0.955573 0.000000 0.294756
vn 0.939697 0.000000 0.342009
vn 0.955573 -0.000000 0.294756
vn 0.939697 -0.000000 0.342009
vn 0.921477 -0.000000 0.388433
vn 0.900965 0.000000 0.433892
vn 0.921477 -0.000000 0.388433
vn 0.900965 0.000000 0.433892
vn 0.878211 -0.000000 0.478274
vn 0.878211 -0.000000 0.478274
vn 0.853310 -0.000000 0.521404
vn 0.826248 0.000000 0.563307
vn 0.853310 -0.000000 0.521404
vn 0.826248 0.000000 0.563307
vn 0.797131 -0.000000 0.603806
vn 0.766014 0.000000 0.642824
vn 0.797131 -0.000000 0.603806
vn 0.766014 -0.000000 0.642824
vn 0.733073 -0.000000 0.680151
vn 0.733073 -0.000000 0.680151
vn 0.698214 0.000000 0.715889
vn 0.698214 -0.000000 0.715889
vn 0.661686 -0.000000 0.749781
vn 0.661686 -0.000000 0.749781
vn 0.623495 -0.000000 0.781827
vn 0.623495 0.000000 0.781827
vn 0.583725 0.000000 0.811951
vn 0.583725 0.000000 0.811951
vn 0.542561 -0.000000 0.840016
vn 0.542561 0.000000 0.840016
vn 0.500049 0.000000 0.865997
vn 0.500049 -0.000000 0.865997
vn 0.456204 0.000000 0.889875
vn 0.456204 0.000000 0.889875
vn 0.411220 -0.000000 0.911536
vn 0.411220 -0.000000 0.911536
vn 0.365406 0.000000 0.930848
vn 0.365406 -0.000000 0.930848
vn 0.318492 -0.000000 0.947925
vn 0.318492 0.000000 0.947925
vn 0.270778 -0.000000 0.962642
vn 0.270778 0.000000 0.962642
vn 0.222600 0.000000 0.974910
vn 0.222600 0.000000 0.974910
vn 0.173641 -0.000000 0.984809
vn 0.173641 0.000000 0.984809
vn 0.124336 -0.000000 0.992240
vn 0.074693 0.000000 0.997207
vn 0.124336 -0.000000 0.992240
vn 0.074693 -0.000000 0.997207
vn 0.024935 0.000000 0.999689
vn 0.024935 -0.000000 0.999689
vn 0.368957 0.706668 0.603731
vn 0.368954 0.706667 0.603734
vn 0.290860 0.706998 0.644634
vn 0.258392 0.706999 0.658321
vn 0.242005 0.706668 0.664871
vn 0.240730 0.710383 0.661366
vn 0.017635 0.706999 0.706995
vn 0.242001 0.706666 0.664874
vn 0.563748 0.706992 0.427024
vn 0.541742 0.706992 0.454619
vn 0.531999 0.704678 0.469475
vn 0.427218 0.706667 0.564009
vn 0.427217 0.706667 0.564010
vn 0.306987 0.706666 0.637481
vn 0.353618 0.706997 0.612461
vn 0.322642 0.706997 0.629331
vn 0.305368 0.710382 0.634119
vn 0.306983 0.706665 0.637485
vn 0.603476 0.706996 0.368746
vn 0.584337 0.706997 0.398380
vn 0.576089 0.704674 0.414193
vn 0.481254 0.706667 0.518668
vn 0.481244 0.706662 0.518684
vn 0.368950 0.706674 0.603728
vn 0.412853 0.706997 0.574202
vn 0.383676 0.706997 0.594094
vn 0.366991 0.710377 0.600569
vn 0.368934 0.706665 0.603749
vn 0.017611 0.706993 0.707002
vn 0.637178 0.706996 0.306856
vn 0.621086 0.706996 0.338244
vn 0.614470 0.704679 0.354759
vn 0.530500 0.706663 0.468185
vn 0.530511 0.706670 0.468162
vn 0.427232 0.706672 0.563992
vn 0.427219 0.706665 0.564011
vn 0.467969 0.707004 0.530237
vn 0.440922 0.707004 0.552932
vn 0.424985 0.710379 0.561025
vn 0.664570 0.706996 0.241875
vn 0.651685 0.706996 0.274706
vn 0.646739 0.704676 0.291824
vn 0.574487 0.706670 0.413016
vn 0.574481 0.706664 0.413036
vn 0.518434 0.706999 0.481019
vn 0.493795 0.706999 0.506280
vn 0.478713 0.710381 0.515939
vn 0.481254 0.706667 0.518668
vn 0.481251 0.706665 0.518674
vn 0.675798 0.706995 0.208457
vn 0.672583 0.704676 0.225970
vn 0.685350 0.706995 0.174509
vn 0.644930 0.706668 0.291007
vn 0.612754 0.706668 0.353769
vn 0.612751 0.706665 0.353781
vn 0.563736 0.707000 0.427027
vn 0.541749 0.707000 0.454597
vn 0.530507 0.706667 0.468171
vn 0.574493 0.706662 0.413020
vn 0.530501 0.706662 0.468186
vn 0.527712 0.710380 0.465704
vn 0.691741 0.704676 0.157884
vn 0.699319 0.706995 0.105406
vn 0.693196 0.706995 0.140134
vn 0.644937 0.706665 0.290999
vn 0.603455 0.706999 0.368775
vn 0.584334 0.706999 0.398380
vn 0.571451 0.710385 0.410850
vn 0.612749 0.706667 0.353780
vn 0.574482 0.706667 0.413029
vn 0.704022 0.704676 0.088229
vn 0.706339 0.706995 0.035249
vn 0.703703 0.706996 0.070418
vn 0.670703 0.706668 0.225338
vn 0.670703 0.706666 0.225348
vn 0.689806 0.706668 0.157442
vn 0.609520 0.710383 0.351912
vn 0.637180 0.706998 0.306848
vn 0.621093 0.706998 0.338226
vn 0.612752 0.706666 0.353778
vn 0.709309 0.704676 0.017688
vn 0.706339 0.706995 -0.035253
vn 0.707218 0.706995 -0.000000
vn 0.689803 0.706670 0.157447
vn 0.644936 0.706666 0.291001
vn 0.644936 0.706666 0.290998
vn 0.664563 0.706999 0.241885
vn 0.651683 0.706999 0.274704
vn 0.670702 0.706666 0.225348
vn 0.641535 0.710382 0.289466
vn 0.707545 0.704676 -0.053023
vn 0.699320 0.706997 -0.105394
vn 0.703703 0.706996 -0.070418
vn 0.702055 0.706667 0.087982
vn 0.707326 0.706667 0.017639
vn 0.702054 0.706669 0.087975
vn 0.667166 0.710382 0.224159
vn 0.685346 0.706998 0.174511
vn 0.675796 0.706998 0.208454
vn 0.670702 0.706666 0.225347
vn 0.698751 0.704676 -0.123206
vn 0.685349 0.706996 -0.174509
vn 0.693195 0.706996 -0.140134
vn 0.707326 0.706668 0.017640
vn 0.699317 0.706997 0.105408
vn 0.689808 0.706665 0.157448
vn 0.693194 0.706997 0.140129
vn 0.686171 0.710381 0.156615
vn 0.689807 0.706666 0.157445
vn 0.683010 0.704675 -0.192173
vn 0.664562 0.706994 -0.241901
vn 0.675799 0.706995 -0.208457
vn 0.705567 0.706668 -0.052875
vn 0.705567 0.706668 -0.052874
vn 0.696797 0.706667 -0.122862
vn 0.706337 0.706997 0.035251
vn 0.703702 0.706997 0.070413
vn 0.702057 0.706665 0.087980
vn 0.698355 0.710381 0.087516
vn 0.702056 0.706667 0.087976
vn 0.660481 0.704677 -0.259219
vn 0.637177 0.706997 -0.306855
vn 0.651684 0.706997 -0.274706
vn 0.696798 0.706666 -0.122866
vn 0.707328 0.706665 0.017640
vn 0.703599 0.710381 0.017545
vn 0.706337 0.706998 -0.035251
vn 0.707216 0.706998 0.000000
vn 0.707327 0.706666 0.017638
vn 0.631389 0.704679 -0.323691
vn 0.603454 0.706996 -0.368782
vn 0.621104 0.706996 -0.338210
vn 0.658637 0.706666 -0.258495
vn 0.681103 0.706665 -0.191631
vn 0.681101 0.706667 -0.191635
vn 0.699317 0.706997 -0.105408
vn 0.703702 0.706998 -0.070417
vn 0.705569 0.706666 -0.052875
vn 0.701849 0.710381 -0.052596
vn 0.696797 0.706667 -0.122866
vn 0.705569 0.706666 -0.052875
vn 0.563745 0.706997 -0.427022
vn 0.584337 0.706997 -0.398380
vn 0.596020 0.704678 -0.384952
vn 0.658637 0.706666 -0.258495
vn 0.693125 0.710380 -0.122219
vn 0.685346 0.706998 -0.174511
vn 0.693194 0.706998 -0.140129
vn 0.696798 0.706666 -0.122867
vn 0.518408 0.706991 -0.481057
vn 0.541775 0.706992 -0.454580
vn 0.554726 0.704676 -0.442393
vn 0.629625 0.706666 -0.322793
vn 0.629629 0.706664 -0.322789
vn 0.664565 0.706997 -0.241886
vn 0.675797 0.706997 -0.208455
vn 0.681103 0.706666 -0.191629
vn 0.677513 0.710381 -0.190619
vn 0.681102 0.706667 -0.191631
vn 0.507925 0.704675 -0.495424
vn 0.467960 0.706990 -0.530263
vn 0.493835 0.706990 -0.506254
vn 0.594359 0.706664 -0.383879
vn 0.594360 0.706664 -0.383879
vn 0.637181 0.706996 -0.306849
vn 0.651685 0.706996 -0.274705
vn 0.629624 0.706668 -0.322792
vn 0.655167 0.710379 -0.257134
vn 0.658636 0.706667 -0.258495
vn 0.658636 0.706667 -0.258495
vn 0.456087 0.704671 -0.543528
vn 0.412823 0.706991 -0.574230
vn 0.440949 0.706992 -0.552925
vn 0.553172 0.706671 -0.441154
vn 0.553192 0.706664 -0.441140
vn 0.603455 0.706999 -0.368775
vn 0.621093 0.706999 -0.338225
vn 0.629623 0.706667 -0.322794
vn 0.626306 0.710380 -0.321093
vn 0.399687 0.704673 -0.586248
vn 0.353587 0.706989 -0.612489
vn 0.383712 0.706990 -0.594080
vn 0.454808 0.706670 -0.542004
vn 0.506503 0.706670 -0.494037
vn 0.506500 0.706671 -0.494039
vn 0.553190 0.706667 -0.441138
vn 0.594357 0.706667 -0.383877
vn 0.563737 0.706999 -0.427028
vn 0.584334 0.706999 -0.398380
vn 0.591225 0.710380 -0.381855
vn 0.594357 0.706667 -0.383877
vn 0.339353 0.704676 -0.623114
vn 0.290887 0.707000 -0.644621
vn 0.322634 0.706999 -0.629332
vn 0.454810 0.706671 -0.542001
vn 0.506506 0.706662 -0.494045
vn 0.553185 0.706663 -0.441151
vn 0.518413 0.707000 -0.481039
vn 0.541767 0.707000 -0.454576
vn 0.550267 0.710380 -0.438824
vn 0.275586 0.704674 -0.653824
vn 0.225244 0.706994 -0.670392
vn 0.258353 0.706994 -0.658341
vn 0.398567 0.706670 -0.584605
vn 0.398562 0.706671 -0.584606
vn 0.467948 0.706999 -0.530261
vn 0.493817 0.706999 -0.506258
vn 0.506512 0.706667 -0.494031
vn 0.503844 0.710379 -0.491429
vn 0.157352 0.706989 -0.689497
vn 0.191575 0.706989 -0.680783
vn 0.209138 0.704673 -0.678009
vn 0.338385 0.706669 -0.621381
vn 0.338407 0.706663 -0.621376
vn 0.412822 0.707001 -0.574219
vn 0.440949 0.707001 -0.552913
vn 0.454815 0.706662 -0.542008
vn 0.452403 0.710381 -0.539157
vn 0.454800 0.706667 -0.542014
vn 0.398568 0.706661 -0.584614
vn 0.140589 0.704672 -0.695466
vn 0.087933 0.706992 -0.701734
vn 0.122803 0.706992 -0.696478
vn 0.274812 0.706675 -0.651988
vn 0.274851 0.706664 -0.651984
vn 0.353585 0.706999 -0.612478
vn 0.383705 0.707000 -0.594073
vn 0.398578 0.706667 -0.584600
vn 0.396478 0.710381 -0.581518
vn 0.070656 0.704674 -0.706005
vn 0.017635 0.706998 -0.706996
vn 0.052824 0.706998 -0.705240
vn 0.208552 0.706671 -0.676108
vn 0.208540 0.706674 -0.676109
vn 0.290897 0.706994 -0.644623
vn 0.322644 0.706993 -0.629334
vn 0.338390 0.706668 -0.621380
vn 0.336609 0.710377 -0.618109
vn 0.338385 0.706669 -0.621381
vn -0.052824 0.706998 -0.705240
vn -0.017635 0.706998 -0.706996
vn 0.000000 0.704678 -0.709527
vn 0.070458 0.706673 -0.704023
vn 0.140202 0.706671 -0.693513
vn 0.140194 0.706673 -0.693512
vn 0.273385 0.710383 -0.648550
vn 0.274833 0.706669 -0.651986
vn 0.274851 0.706663 -0.651985
vn 0.225251 0.706996 -0.670387
vn 0.258356 0.706996 -0.658338
vn -0.122803 0.706992 -0.696478
vn -0.087933 0.706992 -0.701734
vn -0.070656 0.704674 -0.706004
vn 0.070448 0.706670 -0.704027
vn 0.208556 0.706664 -0.676114
vn 0.208541 0.706669 -0.676114
vn 0.207456 0.710381 -0.672548
vn 0.157396 0.706992 -0.689484
vn 0.191519 0.706992 -0.680795
vn -0.191575 0.706989 -0.680783
vn -0.157352 0.706989 -0.689497
vn -0.140590 0.704672 -0.695465
vn 0.000000 0.706670 -0.707543
vn 0.000000 0.706670 -0.707543
vn 0.140203 0.706662 -0.693521
vn 0.140185 0.706668 -0.693519
vn 0.139446 0.710383 -0.689863
vn 0.087928 0.707003 -0.701723
vn 0.122809 0.707003 -0.696466
vn -0.209138 0.704673 -0.678009
vn -0.258351 0.706994 -0.658342
vn -0.225244 0.706994 -0.670392
vn -0.070458 0.706673 -0.704023
vn -0.070448 0.706670 -0.704027
vn 0.070465 0.706662 -0.704033
vn 0.070448 0.706668 -0.704029
vn 0.017654 0.706992 -0.707002
vn 0.052834 0.706992 -0.705246
vn 0.070093 0.710381 -0.700318
vn -0.275586 0.704674 -0.653825
vn -0.322632 0.706999 -0.629333
vn -0.290889 0.707000 -0.644620
vn -0.140201 0.706673 -0.693511
vn -0.140195 0.706671 -0.693514
vn -0.070448 0.706668 -0.704029
vn -0.000000 0.710379 -0.703819
vn 0.000000 0.706668 -0.707545
vn -0.052834 0.706991 -0.705246
vn -0.017654 0.706992 -0.707002
vn 0.000000 0.706668 -0.707545
vn -0.339354 0.704676 -0.623114
vn -0.383715 0.706989 -0.594078
vn -0.353589 0.706989 -0.612488
vn -0.208551 0.706675 -0.676104
vn -0.274812 0.706675 -0.651988
vn -0.208541 0.706671 -0.676111
vn -0.140203 0.706662 -0.693521
vn -0.070093 0.710381 -0.700318
vn -0.122809 0.707003 -0.696466
vn -0.087928 0.707003 -0.701723
vn -0.070465 0.706662 -0.704033
vn -0.399687 0.704673 -0.586248
vn -0.440947 0.706991 -0.552927
vn -0.412821 0.706991 -0.574232
vn -0.274851 0.706664 -0.651984
vn -0.140184 0.706668 -0.693519
vn -0.208541 0.706669 -0.676114
vn -0.139445 0.710383 -0.689863
vn -0.191518 0.706992 -0.680796
vn -0.157396 0.706992 -0.689484
vn -0.493832 0.706990 -0.506256
vn -0.467965 0.706991 -0.530258
vn -0.456086 0.704671 -0.543530
vn -0.338404 0.706671 -0.621369
vn -0.338387 0.706664 -0.621386
vn -0.398567 0.706670 -0.584604
vn -0.208556 0.706664 -0.676114
vn -0.207456 0.710381 -0.672548
vn -0.258355 0.706996 -0.658338
vn -0.225252 0.706996 -0.670387
vn -0.507925 0.704675 -0.495424
vn -0.541772 0.706992 -0.454582
vn -0.518410 0.706992 -0.481054
vn -0.398563 0.706671 -0.584605
vn -0.274849 0.706670 -0.651978
vn -0.273385 0.710383 -0.648549
vn -0.274835 0.706664 -0.651991
vn -0.322645 0.706993 -0.629333
vn -0.290898 0.706994 -0.644623
vn -0.554726 0.704676 -0.442393
vn -0.584334 0.706997 -0.398383
vn -0.563747 0.706997 -0.427018
vn -0.506503 0.706670 -0.494037
vn -0.454807 0.706670 -0.542005
vn -0.454809 0.706671 -0.542000
vn -0.338389 0.706669 -0.621379
vn -0.338385 0.706667 -0.621383
vn -0.336609 0.710377 -0.618110
vn -0.383704 0.706999 -0.594074
vn -0.353586 0.706999 -0.612478
vn -0.596020 0.704678 -0.384952
vn -0.621102 0.706996 -0.338214
vn -0.603454 0.706996 -0.368782
vn -0.506500 0.706671 -0.494039
vn -0.398568 0.706661 -0.584614
vn -0.454816 0.706661 -0.542008
vn -0.398579 0.706667 -0.584599
vn -0.396478 0.710382 -0.581518
vn -0.440948 0.707001 -0.552914
vn -0.412822 0.707001 -0.574219
vn -0.631389 0.704678 -0.323692
vn -0.651682 0.706997 -0.274710
vn -0.637181 0.706998 -0.306847
vn -0.553179 0.706663 -0.441159
vn -0.553188 0.706670 -0.441135
vn -0.506502 0.706667 -0.494041
vn -0.454799 0.706667 -0.542014
vn -0.452402 0.710382 -0.539157
vn -0.493818 0.706999 -0.506257
vn -0.467948 0.706999 -0.530261
vn -0.660481 0.704677 -0.259219
vn -0.675802 0.706994 -0.208448
vn -0.664561 0.706994 -0.241905
vn -0.594359 0.706664 -0.383879
vn -0.629629 0.706664 -0.322789
vn -0.594359 0.706664 -0.383880
vn -0.553194 0.706662 -0.441140
vn -0.506516 0.706662 -0.494034
vn -0.541768 0.707000 -0.454575
vn -0.518412 0.707001 -0.481040
vn -0.503844 0.710379 -0.491429
vn -0.693195 0.706996 -0.140134
vn -0.685348 0.706996 -0.174513
vn -0.683009 0.704676 -0.192172
vn -0.629625 0.706666 -0.322793
vn -0.553181 0.706667 -0.441148
vn -0.584335 0.706999 -0.398378
vn -0.563736 0.706999 -0.427029
vn -0.594356 0.706667 -0.383878
vn -0.550267 0.710380 -0.438824
vn -0.703705 0.706995 -0.070409
vn -0.699320 0.706996 -0.105399
vn -0.698751 0.704676 -0.123206
vn -0.658637 0.706666 -0.258495
vn -0.658637 0.706666 -0.258495
vn -0.621093 0.706999 -0.338225
vn -0.603456 0.706999 -0.368773
vn -0.591226 0.710380 -0.381854
vn -0.594358 0.706667 -0.383877
vn -0.707544 0.704677 -0.053025
vn -0.707218 0.706995 0.000000
vn -0.706339 0.706995 -0.035263
vn -0.681102 0.706666 -0.191636
vn -0.681101 0.706667 -0.191633
vn -0.629623 0.706666 -0.322796
vn -0.626305 0.710380 -0.321095
vn -0.651686 0.706996 -0.274703
vn -0.637181 0.706996 -0.306851
vn -0.629624 0.706668 -0.322792
vn -0.703703 0.706997 0.070408
vn -0.706337 0.706997 0.035259
vn -0.709309 0.704676 0.017688
vn -0.696797 0.706668 -0.122862
vn -0.696797 0.706667 -0.122866
vn -0.658636 0.706667 -0.258495
vn -0.655168 0.710378 -0.257134
vn -0.658636 0.706667 -0.258495
vn -0.675797 0.706997 -0.208457
vn -0.664566 0.706996 -0.241886
vn -0.693195 0.706996 0.140134
vn -0.699318 0.706996 0.105411
vn -0.704022 0.704676 0.088229
vn -0.705567 0.706667 -0.052877
vn -0.705567 0.706668 -0.052874
vn -0.707326 0.706668 0.017639
vn -0.681102 0.706666 -0.191633
vn -0.681102 0.706667 -0.191631
vn -0.677513 0.710380 -0.190621
vn -0.693194 0.706997 -0.140135
vn -0.685348 0.706997 -0.174509
vn -0.691740 0.704676 0.157883
vn -0.675800 0.706997 0.208447
vn -0.685347 0.706996 0.174513
vn -0.707326 0.706667 0.017640
vn -0.696798 0.706666 -0.122866
vn -0.693125 0.710381 -0.122218
vn -0.703702 0.706997 -0.070420
vn -0.699318 0.706997 -0.105403
vn -0.696798 0.706666 -0.122866
vn -0.672583 0.704676 0.225970
vn -0.651682 0.706997 0.274711
vn -0.664568 0.706997 0.241879
vn -0.702055 0.706667 0.087979
vn -0.702054 0.706668 0.087982
vn -0.705569 0.706666 -0.052875
vn -0.701849 0.710381 -0.052597
vn -0.707216 0.706998 0.000000
vn -0.706337 0.706998 -0.035253
vn -0.705569 0.706665 -0.052876
vn -0.646737 0.704677 0.291825
vn -0.621085 0.706995 0.338248
vn -0.637183 0.706995 0.306848
vn -0.670703 0.706668 0.225339
vn -0.689805 0.706669 0.157446
vn -0.689806 0.706668 0.157442
vn -0.707328 0.706665 0.017640
vn -0.707328 0.706665 0.017640
vn -0.702056 0.706666 0.087979
vn -0.703599 0.710381 0.017547
vn -0.703702 0.706997 0.070416
vn -0.706337 0.706997 0.035253
vn -0.584334 0.706996 0.398383
vn -0.603476 0.706996 0.368746
vn -0.614470 0.704679 0.354759
vn -0.670703 0.706665 0.225348
vn -0.702056 0.706666 0.087980
vn -0.698356 0.710380 0.087516
vn -0.693193 0.706998 0.140134
vn -0.699317 0.706998 0.105403
vn -0.576089 0.704674 0.414193
vn -0.541739 0.706992 0.454622
vn -0.563751 0.706992 0.427021
vn -0.644938 0.706664 0.290998
vn -0.644929 0.706669 0.291009
vn -0.689808 0.706666 0.157444
vn -0.689807 0.706666 0.157446
vn -0.675796 0.706998 0.208457
vn -0.685347 0.706998 0.174509
vn -0.686172 0.710380 0.156614
vn -0.531998 0.704678 0.469476
vn -0.493787 0.706996 0.506292
vn -0.518444 0.706996 0.481011
vn -0.612758 0.706664 0.353771
vn -0.612747 0.706668 0.353782
vn -0.667167 0.710381 0.224159
vn -0.651685 0.706998 0.274702
vn -0.664564 0.706998 0.241886
vn -0.670702 0.706666 0.225347
vn -0.670702 0.706667 0.225348
vn -0.644936 0.706667 0.290997
vn -0.440945 0.706995 0.552925
vn -0.467962 0.706994 0.530255
vn -0.482589 0.704678 0.520131
vn -0.574475 0.706670 0.413032
vn -0.530510 0.706670 0.468163
vn -0.574493 0.706664 0.413018
vn -0.621094 0.706998 0.338226
vn -0.637179 0.706998 0.306851
vn -0.641535 0.710382 0.289467
vn -0.644936 0.706665 0.291002
vn -0.383711 0.706995 0.594073
vn -0.412818 0.706995 0.574229
vn -0.428414 0.704674 0.565593
vn -0.481245 0.706663 0.518682
vn -0.530500 0.706664 0.468183
vn -0.609520 0.710382 0.351912
vn -0.584335 0.706999 0.398378
vn -0.603456 0.706999 0.368773
vn -0.612747 0.706667 0.353782
vn -0.612752 0.706665 0.353778
vn -0.322634 0.706994 0.629338
vn -0.353647 0.706994 0.612449
vn -0.369991 0.704677 0.605423
vn -0.481253 0.706668 0.518668
vn -0.574482 0.706667 0.413028
vn -0.541751 0.707000 0.454596
vn -0.563735 0.707000 0.427029
vn -0.571451 0.710385 0.410849
vn -0.574494 0.706662 0.413019
vn -0.258419 0.706997 0.658312
vn -0.290823 0.706997 0.644653
vn -0.307839 0.704673 0.639274
vn -0.427218 0.706667 0.564009
vn -0.427215 0.706668 0.564010
vn -0.530511 0.706662 0.468174
vn -0.527712 0.710380 0.465704
vn -0.493797 0.706999 0.506278
vn -0.518432 0.706999 0.481020
vn -0.530498 0.706667 0.468181
vn -0.191501 0.706989 0.680804
vn -0.225245 0.706990 0.670395
vn -0.242674 0.704671 0.666745
vn -0.368952 0.706668 0.603733
vn -0.306977 0.706667 0.637485
vn -0.368958 0.706667 0.603732
vn -0.481255 0.706665 0.518670
vn -0.478713 0.710381 0.515939
vn -0.440920 0.707004 0.552933
vn -0.467969 0.707004 0.530236
vn -0.481250 0.706667 0.518672
vn -0.122802 0.706996 0.696474
vn -0.157427 0.706995 0.689474
vn -0.175107 0.704679 0.687579
vn -0.306982 0.706669 0.637480
vn -0.241994 0.706668 0.664875
vn -0.427215 0.706672 0.564005
vn -0.424985 0.710379 0.561025
vn -0.368950 0.706673 0.603729
vn -0.383675 0.706997 0.594095
vn -0.412853 0.706997 0.574202
vn -0.427236 0.706665 0.563998
vn -0.052824 0.706993 0.705245
vn -0.087933 0.706994 0.701732
vn -0.105737 0.704675 0.701607
vn -0.035377 0.704678 0.708644
vn -0.242000 0.706671 0.664871
vn -0.368934 0.706665 0.603748
vn -0.366992 0.710376 0.600569
vn -0.322643 0.706997 0.629330
vn -0.353619 0.706997 0.612462
vn -0.174621 0.706659 0.685668
vn -0.105443 0.706659 0.699653
vn -0.174580 0.706671 0.685667
vn -0.306983 0.706666 0.637483
vn -0.306988 0.706665 0.637482
vn -0.258391 0.706999 0.658321
vn -0.290861 0.706999 0.644634
vn -0.242001 0.706666 0.664874
vn -0.305368 0.710382 0.634119
vn -0.035266 0.706662 0.706671
vn -0.035279 0.706666 0.706667
vn -0.105465 0.706666 0.699643
vn -0.191558 0.706992 0.680785
vn -0.225215 0.706993 0.670403
vn -0.242005 0.706668 0.664871
vn -0.240730 0.710383 0.661366
vn -0.122810 0.706998 0.696470
vn -0.157355 0.706999 0.689487
vn -0.105464 0.706666 0.699643
vn -0.173655 0.710382 0.682057
vn -0.174581 0.706666 0.685671
vn -0.174575 0.706668 0.685670
vn -0.104901 0.710382 0.695955
vn -0.035281 0.706669 0.706664
vn -0.052833 0.707005 0.705233
vn -0.087969 0.707004 0.701717
vn -0.035266 0.706664 0.706670
vn -0.105458 0.706664 0.699647
vn -0.035095 0.710382 0.702941
vn -0.017635 0.706999 0.706995
vn -0.017611 0.706993 0.707002
vn 0.087933 0.706994 0.701732
vn 0.052824 0.706993 0.705245
vn 0.035377 0.704678 0.708644
vn 0.157427 0.706995 0.689474
vn 0.122802 0.706996 0.696474
vn 0.105738 0.704675 0.701607
vn 0.225245 0.706990 0.670395
vn 0.191501 0.706989 0.680804
vn 0.175107 0.704679 0.687579
vn 0.035266 0.706662 0.706671
vn 0.035278 0.706666 0.706667
vn 0.290821 0.706997 0.644654
vn 0.258421 0.706997 0.658312
vn 0.242675 0.704671 0.666744
vn 0.105443 0.706659 0.699653
vn 0.105464 0.706666 0.699643
vn 0.353644 0.706995 0.612450
vn 0.322636 0.706995 0.629336
vn 0.307837 0.704673 0.639275
vn 0.174617 0.706671 0.685656
vn 0.174583 0.706660 0.685677
vn 0.035095 0.710382 0.702941
vn 0.087969 0.707004 0.701716
vn 0.052833 0.707005 0.705233
vn 0.035281 0.706669 0.706664
vn 0.035266 0.706664 0.706670
vn 0.412821 0.706995 0.574227
vn 0.383709 0.706995 0.594075
vn 0.369991 0.704677 0.605423
vn 0.241994 0.706668 0.664875
vn 0.242000 0.706670 0.664871
vn 0.105457 0.706664 0.699646
vn 0.104901 0.710382 0.695955
vn 0.157355 0.706998 0.689487
vn 0.122810 0.706998 0.696470
vn 0.105464 0.706666 0.699643
vn 0.467957 0.706995 0.530259
vn 0.440947 0.706995 0.552923
vn 0.428415 0.704674 0.565592
vn 0.306976 0.706667 0.637486
vn 0.306981 0.706669 0.637481
vn 0.173656 0.710382 0.682057
vn 0.225214 0.706993 0.670403
vn 0.174576 0.706666 0.685672
vn 0.191558 0.706992 0.680784
vn 0.174581 0.706668 0.685669
vn 0.518441 0.706997 0.481014
vn 0.493789 0.706997 0.506289
vn 0.482589 0.704678 0.520132
vn 0.999890 0.000000 -0.014859
vn 0.999005 0.000009 -0.044589
vn 0.999863 -0.000010 -0.016531
vn 0.997239 0.000015 -0.074253
vn 0.998770 -0.000017 -0.049574
vn 0.994591 0.000016 -0.103869
vn 0.991064 -0.000026 -0.133388
vn 0.996050 -0.000051 -0.088794
vn 0.986662 0.000018 -0.162781
vn 0.990967 -0.000031 -0.134103
vn 0.981386 0.000012 -0.192043
vn 0.983824 -0.000051 -0.179138
vn 0.975242 -0.000018 -0.221141
vn 0.968240 0.000020 -0.250023
vn 0.974638 -0.000036 -0.223787
vn 0.960377 0.000008 -0.278703
vn 0.951675 -0.000010 -0.307108
vn 0.963423 -0.000049 -0.267985
vn 0.942125 0.000021 -0.335262
vn 0.950208 -0.000040 -0.311616
vn 0.931736 0.000003 -0.363136
vn 0.920531 -0.000004 -0.390669
vn 0.935017 -0.000047 -0.354602
vn 0.908518 0.000021 -0.417846
vn 0.917879 -0.000043 -0.396860
vn 0.895676 -0.000002 -0.444708
vn 0.882079 0.000002 -0.471102
vn 0.898842 -0.000044 -0.438273
vn 0.867684 0.000021 -0.497116
vn 0.877923 -0.000046 -0.478802
vn 0.852521 -0.000009 -0.522694
vn 0.836612 0.000007 -0.547796
vn 0.855198 -0.000040 -0.518302
vn 0.819955 0.000019 -0.572428
vn 0.830671 -0.000047 -0.556764
vn 0.802568 -0.000015 -0.596561
vn 0.784489 0.000011 -0.620143
vn 0.804440 -0.000036 -0.594033
vn 0.765724 0.000017 -0.643170
vn 0.776527 -0.000047 -0.630083
vn 0.746227 -0.000023 -0.665691
vn 0.726155 0.000014 -0.687531
vn 0.747002 -0.000030 -0.664822
vn 0.705380 0.000014 -0.708830
vn 0.715906 -0.000047 -0.698197
vn 0.680352 0.000004 -0.732886
vn 0.683351 -0.000025 -0.730090
vn 0.648920 0.000000 -0.760857
vn 0.649370 -0.000004 -0.760473
vn 0.614331 -0.000004 -0.789049
vn 0.578547 0.000003 -0.815649
vn 0.614009 -0.000000 -0.789299
vn 0.541624 0.000007 -0.840621
vn 0.577399 -0.000007 -0.816462
vn 0.503609 0.000011 -0.863932
vn 0.539601 -0.000011 -0.841921
vn 0.464601 0.000014 -0.885520
vn 0.500654 -0.000014 -0.865648
vn 0.460689 -0.000017 -0.887562
vn 0.424670 0.000017 -0.905348
vn 0.419728 -0.000020 -0.907650
vn 0.383855 0.000019 -0.923393
vn 0.377953 -0.000022 -0.925825
vn 0.342345 0.000022 -0.939574
vn 0.335352 -0.000025 -0.942093
vn 0.300121 0.000024 -0.953901
vn 0.292046 -0.000027 -0.956404
vn 0.257285 0.000026 -0.966336
vn 0.248168 -0.000029 -0.968717
vn 0.213964 0.000028 -0.976842
vn 0.203723 -0.000031 -0.979029
vn 0.170199 0.000030 -0.985410
vn 0.158939 -0.000033 -0.987288
vn 0.126095 0.000032 -0.992018
vn 0.113726 -0.000034 -0.993512
vn 0.081748 0.000033 -0.996653
vn 0.068343 -0.000035 -0.997662
vn 0.044632 0.000018 -0.999003
vn 0.014872 0.000000 -0.999889
vn 0.022792 -0.000038 -0.999740
vn 0.000000 -0.999889 -0.014865
vn -0.000000 -0.999889 -0.014865
vn 0.000000 -0.999006 -0.044576
vn 0.000000 -0.997239 -0.074260
vn 0.000000 -0.999006 -0.044576
vn 0.000000 -0.994591 -0.103864
vn 0.000000 -0.997239 -0.074260
vn -0.000000 -0.994592 -0.103864
vn -0.000000 -0.991063 -0.133391
vn 0.000000 -0.986661 -0.162790
vn -0.000000 -0.991063 -0.133391
vn 0.000000 -0.986661 -0.162790
vn -0.000000 -0.981387 -0.192039
vn -0.000000 -0.981387 -0.192039
vn -0.000000 -0.975244 -0.221131
vn -0.000000 -0.975244 -0.221131
vn -0.000000 -0.968237 -0.250034
vn -0.000000 -0.968237 -0.250034
vn 0.000000 -0.960379 -0.278699
vn -0.000000 -0.960379 -0.278699
vn 0.000000 -0.951672 -0.307117
vn 0.000000 -0.942123 -0.335268
vn -0.000000 -0.951672 -0.307117
vn 0.000000 -0.942123 -0.335268
vn -0.000000 -0.931736 -0.363137
vn -0.000000 -0.931736 -0.363137
vn 0.000000 -0.920532 -0.390668
vn -0.000000 -0.920532 -0.390668
vn 0.000000 -0.908514 -0.417854
vn -0.000000 -0.908514 -0.417854
vn -0.000000 -0.895681 -0.444697
vn 0.000000 -0.882078 -0.471103
vn -0.000000 -0.895681 -0.444697
vn 0.000000 -0.867676 -0.497130
vn 0.000000 -0.882078 -0.471103
vn -0.000000 -0.867676 -0.497130
vn -0.000000 -0.852523 -0.522690
vn -0.000000 -0.852523 -0.522690
vn 0.000000 -0.836610 -0.547800
vn -0.000000 -0.836610 -0.547800
vn 0.000000 -0.819946 -0.572441
vn 0.000000 -0.802579 -0.596545
vn -0.000000 -0.819946 -0.572441
vn 0.000000 -0.784479 -0.620156
vn 0.000000 -0.802579 -0.596545
vn -0.000000 -0.784479 -0.620156
vn 0.000000 -0.765716 -0.643178
vn 0.000000 -0.746240 -0.665677
vn -0.000000 -0.765716 -0.643178
vn 0.000000 -0.746240 -0.665677
vn -0.000000 -0.726148 -0.687539
vn 0.000000 -0.726148 -0.687539
vn 0.000000 -0.705372 -0.708837
vn -0.000000 -0.705372 -0.708837
vn 0.000000 -0.680350 -0.732888
vn -0.000000 -0.680350 -0.732888
vn 0.000000 -0.648918 -0.760859
vn 0.000000 -0.614335 -0.789045
vn -0.000000 -0.648917 -0.760859
vn -0.000000 -0.614335 -0.789045
vn -0.000000 -0.578545 -0.815650
vn 0.000000 -0.578545 -0.815650
vn -0.000000 -0.541619 -0.840624
vn 0.000000 -0.541619 -0.840624
vn -0.000000 -0.503599 -0.863937
vn 0.000000 -0.503599 -0.863937
vn -0.000000 -0.464590 -0.885526
vn -0.000000 -0.464590 -0.885526
vn -0.000000 -0.424656 -0.905355
vn -0.000000 -0.424656 -0.905355
vn 0.000000 -0.383838 -0.923400
vn -0.000000 -0.383838 -0.923400
vn -0.000000 -0.342327 -0.939581
vn -0.000000 -0.342327 -0.939581
vn 0.000000 -0.300099 -0.953908
vn -0.000000 -0.300099 -0.953908
vn -0.000000 -0.257259 -0.966342
vn -0.000000 -0.257259 -0.966343
vn -0.000000 -0.213937 -0.976847
vn 0.000000 -0.170171 -0.985414
vn -0.000000 -0.213937 -0.976848
vn 0.000000 -0.126063 -0.992022
vn -0.000000 -0.170171 -0.985415
vn 0.000000 -0.126063 -0.992022
vn -0.000000 -0.081715 -0.996656
vn 0.000000 -0.044615 -0.999004
vn -0.000000 -0.081715 -0.996656
vn 0.000000 -0.044615 -0.999004
vn 0.000000 -0.014872 -0.999889
vn -0.000000 -0.014872 -0.999889
vn -0.999890 0.000000 -0.014859
vn -0.999863 -0.000010 -0.016531
vn -0.998770 -0.000017 -0.049574
vn -0.999005 0.000009 -0.044589
vn -0.996050 -0.000051 -0.088794
vn -0.997239 0.000015 -0.074253
vn -0.994591 0.000016 -0.103869
vn -0.991064 -0.000026 -0.133388
vn -0.990967 -0.000031 -0.134103
vn -0.986662 0.000018 -0.162781
vn -0.983824 -0.000051 -0.179138
vn -0.981386 0.000012 -0.192043
vn -0.975242 -0.000018 -0.221141
vn -0.974638 -0.000036 -0.223787
vn -0.968240 0.000020 -0.250023
vn -0.963423 -0.000049 -0.267985
vn -0.960377 0.000008 -0.278703
vn -0.951675 -0.000010 -0.307108
vn -0.950208 -0.000040 -0.311616
vn -0.935017 -0.000047 -0.354602
vn -0.942125 0.000021 -0.335262
vn -0.931736 0.000003 -0.363136
vn -0.917879 -0.000043 -0.396860
vn -0.920531 -0.000004 -0.390669
vn -0.898842 -0.000044 -0.438273
vn -0.908518 0.000021 -0.417846
vn -0.895676 -0.000002 -0.444708
vn -0.877923 -0.000046 -0.478802
vn -0.882079 0.000002 -0.471102
vn -0.855198 -0.000040 -0.518302
vn -0.867684 0.000021 -0.497116
vn -0.852521 -0.000009 -0.522694
vn -0.830671 -0.000047 -0.556764
vn -0.836612 0.000007 -0.547796
vn -0.804440 -0.000036 -0.594033
vn -0.819955 0.000019 -0.572428
vn -0.802568 -0.000015 -0.596561
vn -0.776527 -0.000047 -0.630083
vn -0.784489 0.000011 -0.620143
vn -0.747002 -0.000030 -0.664822
vn -0.765724 0.000017 -0.643170
vn -0.746227 -0.000023 -0.665691
vn -0.715906 -0.000047 -0.698197
vn -0.726155 0.000014 -0.687531
vn -0.683351 -0.000025 -0.730090
vn -0.705380 0.000014 -0.708830
vn -0.649370 -0.000004 -0.760473
vn -0.680352 0.000004 -0.732886
vn -0.614009 -0.000000 -0.789299
vn -0.648920 0.000000 -0.760857
vn -0.614331 -0.000004 -0.789049
vn -0.577399 -0.000007 -0.816462
vn -0.578547 0.000003 -0.815649
vn -0.539601 -0.000011 -0.841921
vn -0.541624 0.000007 -0.840621
vn -0.500654 -0.000014 -0.865648
vn -0.503609 0.000011 -0.863932
vn -0.464601 0.000014 -0.885520
vn -0.460689 -0.000017 -0.887562
vn -0.424670 0.000017 -0.905348
vn -0.419728 -0.000020 -0.907650
vn -0.377953 -0.000022 -0.925825
vn -0.383855 0.000019 -0.923393
vn -0.335352 -0.000025 -0.942093
vn -0.342345 0.000022 -0.939574
vn -0.292046 -0.000027 -0.956404
vn -0.300121 0.000024 -0.953901
vn -0.248168 -0.000029 -0.968717
vn -0.257285 0.000026 -0.966336
vn -0.203723 -0.000031 -0.979029
vn -0.213964 0.000028 -0.976842
vn -0.158939 -0.000033 -0.987288
vn -0.170199 0.000030 -0.985410
vn -0.113726 -0.000034 -0.993512
vn -0.126095 0.000032 -0.992018
vn -0.068343 -0.000035 -0.997662
vn -0.081748 0.000033 -0.996653
vn -0.022792 -0.000038 -0.999740
vn -0.044632 0.000018 -0.999003
vn -0.014872 0.000000 -0.999889
vn 0.516330 0.139001 0.845034
vn 0.673586 0.139001 0.725921
vn 0.673575 0.138991 0.725933
vn 0.429664 0.139028 0.892222
vn 0.429684 0.139043 0.892210
vn 0.429171 0.146892 0.891199
vn 0.495168 0.139127 0.857585
vn 0.451710 0.139127 0.881250
vn 0.024774 0.139093 0.989969
vn 0.818210 0.139125 0.557832
vn 0.845004 0.139125 0.516345
vn 0.804843 0.131905 0.578644
vn 0.673571 0.139027 0.725929
vn 0.597935 0.139029 0.789395
vn 0.597939 0.139032 0.789392
vn 0.742500 0.139001 0.655265
vn 0.742490 0.138991 0.655279
vn 0.515797 0.146909 0.844021
vn 0.516330 0.138994 0.845035
vn 0.516390 0.139040 0.844991
vn 0.578065 0.139122 0.804044
vn 0.537294 0.139122 0.831841
vn 0.869670 0.139129 0.473620
vn 0.892206 0.139130 0.429665
vn 0.858453 0.131918 0.495636
vn 0.673559 0.139036 0.725939
vn 0.804054 0.138993 0.578081
vn 0.857616 0.138996 0.495152
vn 0.804056 0.138995 0.578078
vn 0.597258 0.146911 0.788480
vn 0.597942 0.138990 0.789396
vn 0.655214 0.139118 0.742523
vn 0.617451 0.139118 0.774210
vn 0.024699 0.139094 0.989971
vn 0.597948 0.138995 0.789391
vn 0.912523 0.139130 0.384636
vn 0.930554 0.139130 0.338692
vn 0.903545 0.131911 0.407683
vn 0.742497 0.139024 0.655263
vn 0.742507 0.139033 0.655251
vn 0.857607 0.139005 0.495165
vn 0.673552 0.138991 0.725954
vn 0.725938 0.139128 0.673540
vn 0.691424 0.139128 0.708926
vn 0.673562 0.139001 0.725943
vn 0.672774 0.146911 0.725115
vn 0.939646 0.131913 0.315697
vn 0.946283 0.139131 0.291875
vn 0.959647 0.139131 0.244377
vn 0.804051 0.139026 0.578078
vn 0.804047 0.139021 0.578084
vn 0.857605 0.139023 0.495164
vn 0.902662 0.139003 0.407284
vn 0.902663 0.139005 0.407280
vn 0.742511 0.138992 0.655254
vn 0.742520 0.139001 0.655242
vn 0.741663 0.146915 0.654486
vn 0.789347 0.139120 0.597977
vn 0.758632 0.139119 0.636493
vn 0.970641 0.139133 0.196211
vn 0.979212 0.139132 0.147601
vn 0.966406 0.131913 0.220585
vn 0.857624 0.139002 0.495136
vn 0.902663 0.139002 0.407281
vn 0.938726 0.139007 0.315388
vn 0.938725 0.139003 0.315395
vn 0.804050 0.138995 0.578087
vn 0.803119 0.146918 0.577421
vn 0.804049 0.138993 0.578089
vn 0.845007 0.139125 0.516340
vn 0.818210 0.139125 0.557832
vn 0.985354 0.139128 0.098597
vn 0.989043 0.139128 0.049359
vn 0.983569 0.131913 0.123252
vn 0.902663 0.139003 0.407281
vn 0.938725 0.139003 0.315395
vn 0.965463 0.139006 0.220359
vn 0.965462 0.139001 0.220369
vn 0.856630 0.146902 0.494575
vn 0.857624 0.139002 0.495136
vn 0.892199 0.139130 0.429678
vn 0.869663 0.139129 0.473634
vn 0.857619 0.138996 0.495146
vn 0.990953 0.131914 0.024714
vn 0.990274 0.139130 -0.000000
vn 0.989043 0.139130 -0.049355
vn 0.965463 0.139004 0.220359
vn 0.938724 0.139004 0.315397
vn 0.982607 0.139007 0.123131
vn 0.982606 0.139002 0.123140
vn 0.930548 0.139130 0.338708
vn 0.912529 0.139130 0.384621
vn 0.901620 0.146924 0.406811
vn 0.902663 0.139003 0.407281
vn 0.902663 0.139002 0.407281
vn 0.985353 0.139129 -0.098605
vn 0.979214 0.139129 -0.147588
vn 0.988490 0.131912 -0.074078
vn 0.965462 0.139006 0.220363
vn 0.987522 0.139006 -0.074005
vn 0.989984 0.139006 0.024690
vn 0.989984 0.139005 0.024691
vn 0.938723 0.139003 0.315399
vn 0.938724 0.139004 0.315397
vn 0.937640 0.146918 0.315035
vn 0.959648 0.139131 0.244373
vn 0.946279 0.139131 0.291886
vn 0.976203 0.131914 -0.172126
vn 0.970637 0.139133 -0.196227
vn 0.959652 0.139134 -0.244357
vn 0.989984 0.139004 0.024691
vn 0.982606 0.139005 0.123138
vn 0.982606 0.139003 0.123140
vn 0.987522 0.139005 -0.074007
vn 0.965463 0.139001 0.220364
vn 0.965464 0.139004 0.220359
vn 0.979214 0.139135 0.147583
vn 0.970639 0.139136 0.196219
vn 0.964349 0.146921 0.220105
vn 0.954212 0.131919 -0.268472
vn 0.946283 0.139131 -0.291875
vn 0.930554 0.139130 -0.338692
vn 0.989984 0.139003 0.024688
vn 0.987523 0.139003 -0.074008
vn 0.975247 0.139005 -0.171961
vn 0.975248 0.139003 -0.171957
vn 0.953279 0.139004 -0.268210
vn 0.982607 0.139002 0.123136
vn 0.981472 0.146917 0.122993
vn 0.989984 0.139001 0.024688
vn 0.989043 0.139133 0.049357
vn 0.985352 0.139133 0.098603
vn 0.982607 0.139000 0.123138
vn 0.922737 0.131913 -0.362153
vn 0.912510 0.139130 -0.384667
vn 0.892206 0.139130 -0.429665
vn 0.987523 0.139005 -0.074005
vn 0.953278 0.139001 -0.268215
vn 0.988842 0.146916 0.024662
vn 0.989043 0.139130 -0.049361
vn 0.990274 0.139130 0.000000
vn 0.989984 0.139003 0.024691
vn 0.869670 0.139134 -0.473620
vn 0.845003 0.139134 -0.516345
vn 0.882094 0.131914 -0.452227
vn 0.975248 0.139002 -0.171961
vn 0.975246 0.139005 -0.171967
vn 0.881231 0.139005 -0.451784
vn 0.921835 0.139005 -0.361799
vn 0.921839 0.139000 -0.361791
vn 0.987523 0.139003 -0.074005
vn 0.986383 0.146915 -0.073920
vn 0.979215 0.139129 -0.147583
vn 0.985353 0.139129 -0.098603
vn 0.987523 0.139003 -0.074005
vn 0.818210 0.139122 -0.557832
vn 0.789381 0.139121 -0.597932
vn 0.832683 0.131911 -0.537808
vn 0.953280 0.139000 -0.268209
vn 0.953278 0.139004 -0.268214
vn 0.881232 0.139007 -0.451782
vn 0.974121 0.146918 -0.171765
vn 0.959648 0.139134 -0.244373
vn 0.970639 0.139133 -0.196219
vn 0.953280 0.139004 -0.268209
vn 0.975247 0.139001 -0.171964
vn 0.975246 0.139003 -0.171967
vn 0.775006 0.131909 -0.618034
vn 0.758590 0.139129 -0.636541
vn 0.725920 0.139129 -0.673561
vn 0.881233 0.139003 -0.451783
vn 0.921838 0.139003 -0.361791
vn 0.921838 0.139003 -0.361791
vn 0.774248 0.139007 -0.617429
vn 0.831867 0.139007 -0.537284
vn 0.831869 0.139006 -0.537282
vn 0.930547 0.139139 -0.338708
vn 0.946285 0.139138 -0.291865
vn 0.952178 0.146914 -0.267904
vn 0.953279 0.139001 -0.268214
vn 0.691459 0.139120 -0.708894
vn 0.655245 0.139120 -0.742496
vn 0.709605 0.131912 -0.692141
vn 0.881233 0.139004 -0.451781
vn 0.774243 0.139002 -0.617435
vn 0.921841 0.139000 -0.361784
vn 0.921838 0.139005 -0.361791
vn 0.892199 0.139130 -0.429678
vn 0.912518 0.139130 -0.384648
vn 0.920777 0.146916 -0.361366
vn 0.881233 0.139006 -0.451780
vn 0.617408 0.139128 -0.774242
vn 0.578049 0.139128 -0.804054
vn 0.637170 0.131907 -0.759352
vn 0.831867 0.139008 -0.537284
vn 0.774242 0.139009 -0.617435
vn 0.831871 0.139005 -0.537279
vn 0.708911 0.139010 -0.691464
vn 0.708922 0.139002 -0.691454
vn 0.881227 0.138996 -0.451795
vn 0.880209 0.146914 -0.451273
vn 0.844986 0.139134 -0.516373
vn 0.869680 0.139134 -0.473602
vn 0.558395 0.131919 -0.819019
vn 0.537295 0.139125 -0.831840
vn 0.495142 0.139125 -0.857601
vn 0.774238 0.139004 -0.617441
vn 0.557850 0.139001 -0.818219
vn 0.636533 0.139011 -0.758618
vn 0.636547 0.139001 -0.758609
vn 0.789373 0.139134 -0.597939
vn 0.818209 0.139133 -0.557831
vn 0.831873 0.138994 -0.537278
vn 0.830912 0.146915 -0.536657
vn 0.831872 0.138995 -0.537280
vn 0.774239 0.138994 -0.617442
vn 0.451784 0.139135 -0.881211
vn 0.407251 0.139135 -0.902656
vn 0.474097 0.131915 -0.870535
vn 0.636534 0.138994 -0.758620
vn 0.708912 0.139004 -0.691463
vn 0.708922 0.138996 -0.691454
vn 0.557874 0.139019 -0.818199
vn 0.774246 0.139002 -0.617432
vn 0.725938 0.139129 -0.673540
vn 0.758600 0.139129 -0.636529
vn 0.773352 0.146913 -0.616719
vn 0.385040 0.131931 -0.913421
vn 0.361772 0.139151 -0.921823
vn 0.315438 0.139151 -0.938688
vn 0.636542 0.139001 -0.758613
vn 0.384665 0.138985 -0.912533
vn 0.473582 0.139020 -0.869709
vn 0.473635 0.138986 -0.869686
vn 0.708103 0.146920 -0.690655
vn 0.655256 0.139122 -0.742485
vn 0.691425 0.139123 -0.708926
vn 0.708922 0.139002 -0.691454
vn 0.708911 0.139010 -0.691463
vn 0.292163 0.131916 -0.947227
vn 0.268189 0.139131 -0.953267
vn 0.220340 0.139131 -0.965450
vn 0.557876 0.138997 -0.818202
vn 0.557871 0.139001 -0.818205
vn 0.473584 0.138997 -0.869712
vn 0.384688 0.139001 -0.912521
vn 0.636540 0.139022 -0.758610
vn 0.636554 0.139011 -0.758601
vn 0.635821 0.146906 -0.757727
vn 0.578064 0.139128 -0.804043
vn 0.617450 0.139128 -0.774209
vn 0.171975 0.139134 -0.975226
vn 0.123108 0.139134 -0.982592
vn 0.196419 0.131922 -0.971605
vn 0.473598 0.139008 -0.869702
vn 0.291877 0.139003 -0.946301
vn 0.196227 0.139003 -0.970656
vn 0.291881 0.139001 -0.946300
vn 0.557838 0.139022 -0.818223
vn 0.557196 0.146917 -0.817281
vn 0.495168 0.139125 -0.857586
vn 0.537240 0.139125 -0.831876
vn 0.473599 0.138999 -0.869703
vn 0.557871 0.138999 -0.818205
vn 0.098687 0.131924 -0.986335
vn 0.074067 0.139117 -0.987502
vn 0.024689 0.139117 -0.989968
vn 0.384677 0.139008 -0.912524
vn 0.384688 0.139001 -0.912521
vn 0.196233 0.139007 -0.970654
vn 0.473064 0.146921 -0.868691
vn 0.407296 0.139135 -0.902636
vn 0.451770 0.139135 -0.881218
vn 0.473611 0.139008 -0.869695
vn -0.024689 0.139117 -0.989968
vn -0.074067 0.139117 -0.987502
vn 0.000000 0.131902 -0.991263
vn 0.291886 0.139001 -0.946299
vn 0.291881 0.139004 -0.946300
vn 0.098590 0.139014 -0.985370
vn 0.098602 0.139007 -0.985370
vn 0.384223 0.146922 -0.911475
vn 0.315396 0.139128 -0.938706
vn 0.361765 0.139128 -0.921829
vn 0.384677 0.139001 -0.912525
vn 0.384667 0.139008 -0.912529
vn -0.123108 0.139134 -0.982592
vn -0.171976 0.139134 -0.975226
vn -0.098687 0.131924 -0.986335
vn 0.196233 0.139007 -0.970654
vn 0.196239 0.139004 -0.970654
vn 0.098602 0.139007 -0.985370
vn 0.000000 0.139015 -0.990290
vn 0.000000 0.139015 -0.990290
vn 0.220390 0.139131 -0.965438
vn 0.268200 0.139131 -0.953264
vn 0.291886 0.139003 -0.946298
vn 0.291889 0.139001 -0.946298
vn 0.291552 0.146917 -0.945205
vn -0.220337 0.139131 -0.965450
vn -0.268189 0.139131 -0.953267
vn -0.196419 0.131923 -0.971605
vn 0.098575 0.138991 -0.985375
vn -0.098590 0.139007 -0.985371
vn -0.098602 0.139015 -0.985369
vn 0.196239 0.138983 -0.970656
vn 0.196207 0.139003 -0.970660
vn 0.123188 0.139135 -0.982581
vn 0.171904 0.139135 -0.975239
vn 0.195980 0.146932 -0.969537
vn -0.315439 0.139151 -0.938688
vn -0.361770 0.139151 -0.921824
vn -0.292163 0.131915 -0.947227
vn 0.000000 0.138990 -0.990294
vn 0.000000 0.138990 -0.990294
vn -0.196233 0.139007 -0.970654
vn -0.196227 0.139004 -0.970656
vn 0.024699 0.139117 -0.989968
vn 0.073944 0.139118 -0.987511
vn 0.098626 0.138983 -0.985371
vn 0.098512 0.146929 -0.984229
vn 0.098575 0.139015 -0.985372
vn -0.407252 0.139134 -0.902656
vn -0.451786 0.139134 -0.881210
vn -0.385040 0.131930 -0.913422
vn -0.098575 0.138990 -0.985375
vn -0.098603 0.139007 -0.985370
vn -0.291882 0.139004 -0.946300
vn -0.291877 0.139001 -0.946301
vn 0.000000 0.139015 -0.990290
vn -0.073944 0.139118 -0.987511
vn -0.024698 0.139118 -0.989968
vn 0.000000 0.139015 -0.990290
vn 0.000000 0.146906 -0.989150
vn -0.495142 0.139125 -0.857601
vn -0.537297 0.139125 -0.831839
vn -0.474096 0.131916 -0.870535
vn -0.196233 0.139004 -0.970655
vn -0.291882 0.139004 -0.946300
vn -0.196238 0.139007 -0.970653
vn -0.384688 0.139001 -0.912521
vn -0.384665 0.138985 -0.912533
vn -0.473634 0.138986 -0.869686
vn -0.098625 0.139014 -0.985367
vn -0.171906 0.139135 -0.975238
vn -0.123188 0.139135 -0.982581
vn -0.098575 0.138983 -0.985376
vn -0.196239 0.138983 -0.970656
vn -0.098511 0.146929 -0.984229
vn -0.578046 0.139129 -0.804056
vn -0.617411 0.139129 -0.774240
vn -0.558395 0.131920 -0.819019
vn -0.291886 0.139001 -0.946299
vn -0.473582 0.139019 -0.869709
vn -0.268198 0.139131 -0.953264
vn -0.220389 0.139131 -0.965438
vn -0.195980 0.146932 -0.969538
vn -0.196207 0.139003 -0.970660
vn -0.655245 0.139121 -0.742496
vn -0.691459 0.139121 -0.708894
vn -0.637171 0.131908 -0.759350
vn -0.384688 0.139008 -0.912520
vn -0.473583 0.139008 -0.869710
vn -0.384677 0.139001 -0.912525
vn -0.557873 0.139018 -0.818200
vn -0.557850 0.139001 -0.818219
vn -0.361765 0.139128 -0.921829
vn -0.315397 0.139128 -0.938705
vn -0.291553 0.146917 -0.945205
vn -0.291886 0.139001 -0.946299
vn -0.291890 0.139004 -0.946297
vn -0.725919 0.139130 -0.673561
vn -0.758587 0.139130 -0.636544
vn -0.709605 0.131913 -0.692141
vn -0.473599 0.138997 -0.869703
vn -0.636547 0.139012 -0.758606
vn -0.636534 0.139001 -0.758620
vn -0.451768 0.139135 -0.881219
vn -0.407296 0.139135 -0.902636
vn -0.384223 0.146922 -0.911475
vn -0.384677 0.139008 -0.912524
vn -0.384667 0.139001 -0.912529
vn -0.789381 0.139121 -0.597932
vn -0.818210 0.139122 -0.557832
vn -0.775006 0.131909 -0.618034
vn -0.557874 0.139001 -0.818202
vn -0.557870 0.138997 -0.818206
vn -0.636534 0.139001 -0.758620
vn -0.708911 0.139003 -0.691464
vn -0.708921 0.139011 -0.691453
vn -0.537240 0.139126 -0.831876
vn -0.495170 0.139126 -0.857584
vn -0.473599 0.138998 -0.869703
vn -0.473065 0.146922 -0.868690
vn -0.473612 0.139008 -0.869695
vn -0.557870 0.138998 -0.818206
vn -0.845003 0.139134 -0.516345
vn -0.869670 0.139134 -0.473620
vn -0.832683 0.131911 -0.537808
vn -0.636544 0.138994 -0.758612
vn -0.708923 0.138994 -0.691455
vn -0.774247 0.139008 -0.617428
vn -0.774243 0.139003 -0.617435
vn -0.557196 0.146918 -0.817281
vn -0.617445 0.139128 -0.774212
vn -0.578066 0.139128 -0.804042
vn -0.557838 0.139021 -0.818224
vn -0.636541 0.139020 -0.758610
vn -0.892206 0.139131 -0.429665
vn -0.912510 0.139131 -0.384667
vn -0.882093 0.131915 -0.452229
vn -0.708914 0.139002 -0.691462
vn -0.831869 0.139006 -0.537282
vn -0.831870 0.139007 -0.537280
vn -0.691425 0.139122 -0.708926
vn -0.655261 0.139121 -0.742481
vn -0.636552 0.139011 -0.758602
vn -0.635819 0.146908 -0.757728
vn -0.930554 0.139129 -0.338692
vn -0.946283 0.139129 -0.291875
vn -0.922739 0.131913 -0.362148
vn -0.774242 0.139008 -0.617435
vn -0.774237 0.139002 -0.617443
vn -0.881231 0.139005 -0.451784
vn -0.881230 0.139004 -0.451786
vn -0.708921 0.139010 -0.691453
vn -0.758598 0.139129 -0.636532
vn -0.725936 0.139129 -0.673543
vn -0.708103 0.146919 -0.690655
vn -0.708913 0.139003 -0.691462
vn -0.959652 0.139132 -0.244357
vn -0.970638 0.139132 -0.196227
vn -0.954212 0.131917 -0.268472
vn -0.831869 0.139007 -0.537280
vn -0.831870 0.139007 -0.537280
vn -0.921837 0.139002 -0.361794
vn -0.921838 0.139004 -0.361791
vn -0.818211 0.139135 -0.557828
vn -0.789373 0.139135 -0.597939
vn -0.774246 0.139003 -0.617431
vn -0.831871 0.138995 -0.537281
vn -0.774238 0.138994 -0.617444
vn -0.773352 0.146915 -0.616719
vn -0.979215 0.139132 -0.147583
vn -0.985352 0.139132 -0.098610
vn -0.976202 0.131914 -0.172131
vn -0.881231 0.139004 -0.451784
vn -0.881233 0.139007 -0.451780
vn -0.921838 0.139004 -0.361791
vn -0.953278 0.139002 -0.268215
vn -0.953279 0.139005 -0.268209
vn -0.869678 0.139134 -0.473606
vn -0.844986 0.139134 -0.516373
vn -0.830912 0.146915 -0.536657
vn -0.831873 0.138993 -0.537278
vn -0.989043 0.139132 -0.049355
vn -0.990274 0.139132 0.000000
vn -0.988489 0.131914 -0.074078
vn -0.921840 0.139002 -0.361787
vn -0.953278 0.139002 -0.268215
vn -0.975247 0.139004 -0.171962
vn -0.975247 0.139004 -0.171961
vn -0.912521 0.139131 -0.384640
vn -0.892199 0.139131 -0.429678
vn -0.881233 0.139004 -0.451781
vn -0.881227 0.138994 -0.451795
vn -0.921839 0.139004 -0.361787
vn -0.880209 0.146916 -0.451273
vn -0.989043 0.139130 0.049359
vn -0.985353 0.139129 0.098602
vn -0.990953 0.131916 0.024714
vn -0.953279 0.139000 -0.268211
vn -0.987523 0.139003 -0.074005
vn -0.989984 0.139003 0.024690
vn -0.987523 0.139003 -0.074005
vn -0.946283 0.139136 -0.291873
vn -0.930547 0.139137 -0.338708
vn -0.921841 0.139002 -0.361784
vn -0.920777 0.146914 -0.361366
vn -0.979213 0.139132 0.147596
vn -0.970641 0.139133 0.196211
vn -0.983568 0.131915 0.123255
vn -0.975247 0.139002 -0.171967
vn -0.975247 0.139005 -0.171961
vn -0.989984 0.139003 0.024688
vn -0.970640 0.139132 -0.196214
vn -0.959649 0.139132 -0.244368
vn -0.953279 0.139005 -0.268211
vn -0.952178 0.146915 -0.267906
vn -0.953278 0.139002 -0.268216
vn -0.959647 0.139131 0.244377
vn -0.946283 0.139131 0.291875
vn -0.966406 0.131913 0.220585
vn -0.987523 0.139005 -0.074005
vn -0.987523 0.139004 -0.074005
vn -0.982606 0.139005 0.123140
vn -0.982607 0.139002 0.123134
vn -0.985353 0.139132 -0.098599
vn -0.979213 0.139132 -0.147592
vn -0.974122 0.146917 -0.171760
vn -0.987523 0.139001 -0.074005
vn -0.975247 0.138999 -0.171967
vn -0.975248 0.139004 -0.171959
vn -0.939646 0.131913 0.315697
vn -0.930554 0.139130 0.338692
vn -0.912523 0.139130 0.384636
vn -0.989984 0.139003 0.024688
vn -0.989984 0.139004 0.024691
vn -0.965461 0.139005 0.220369
vn -0.938727 0.139005 0.315388
vn -0.965463 0.139001 0.220362
vn -0.989043 0.139130 -0.049361
vn -0.986383 0.146916 -0.073922
vn -0.987523 0.139003 -0.074008
vn -0.990274 0.139130 0.000000
vn -0.903546 0.131911 0.407681
vn -0.892206 0.139131 0.429665
vn -0.869670 0.139131 0.473620
vn -0.982606 0.139006 0.123140
vn -0.965462 0.139008 0.220362
vn -0.982607 0.139002 0.123133
vn -0.938726 0.139003 0.315393
vn -0.989984 0.139004 0.024691
vn -0.989984 0.139003 0.024688
vn -0.985353 0.139132 0.098599
vn -0.988842 0.146915 0.024660
vn -0.989043 0.139131 0.049357
vn -0.845004 0.139124 0.516345
vn -0.818210 0.139124 0.557832
vn -0.858451 0.131918 0.495640
vn -0.965462 0.139005 0.220366
vn -0.902662 0.139003 0.407283
vn -0.857612 0.139002 0.495156
vn -0.902662 0.139002 0.407282
vn -0.981472 0.146917 0.122993
vn -0.982607 0.139002 0.123133
vn -0.970640 0.139133 0.196214
vn -0.982607 0.139004 0.123136
vn -0.979213 0.139132 0.147592
vn -0.789381 0.139120 0.597932
vn -0.758553 0.139119 0.636587
vn -0.804844 0.131905 0.578642
vn -0.902662 0.139003 0.407283
vn -0.938726 0.139003 0.315393
vn -0.938724 0.139005 0.315397
vn -0.857610 0.138998 0.495162
vn -0.964348 0.146920 0.220107
vn -0.965462 0.139004 0.220366
vn -0.965463 0.139001 0.220361
vn -0.946277 0.139133 0.291895
vn -0.959649 0.139132 0.244368
vn -0.725920 0.139128 0.673561
vn -0.691458 0.139128 0.708893
vn -0.743216 0.131917 0.655917
vn -0.902663 0.139004 0.407281
vn -0.804057 0.138993 0.578077
vn -0.804053 0.138997 0.578082
vn -0.938723 0.139004 0.315399
vn -0.937640 0.146917 0.315035
vn -0.912533 0.139129 0.384613
vn -0.930548 0.139129 0.338708
vn -0.938724 0.139003 0.315397
vn -0.655293 0.139119 0.742454
vn -0.617360 0.139118 0.774282
vn -0.674244 0.131914 0.726632
vn -0.857607 0.139021 0.495160
vn -0.857624 0.139004 0.495136
vn -0.742490 0.139000 0.655276
vn -0.742501 0.138992 0.655266
vn -0.902663 0.139002 0.407281
vn -0.902663 0.139003 0.407281
vn -0.901620 0.146925 0.406811
vn -0.857624 0.139002 0.495136
vn -0.869661 0.139131 0.473638
vn -0.892199 0.139131 0.429678
vn -0.598514 0.131923 0.790175
vn -0.578102 0.139121 0.804017
vn -0.537238 0.139121 0.831878
vn -0.804050 0.139021 0.578080
vn -0.804047 0.139024 0.578084
vn -0.673574 0.139000 0.725932
vn -0.673585 0.138991 0.725923
vn -0.857620 0.138997 0.495144
vn -0.856632 0.146902 0.494573
vn -0.818213 0.139124 0.557829
vn -0.845008 0.139124 0.516340
vn -0.495142 0.139128 0.857600
vn -0.451853 0.139128 0.881177
vn -0.516874 0.131915 0.845837
vn -0.742508 0.139024 0.655251
vn -0.742496 0.139033 0.655262
vn -0.673570 0.139036 0.725928
vn -0.597930 0.138995 0.789405
vn -0.597938 0.138990 0.789400
vn -0.804048 0.138996 0.578089
vn -0.804050 0.138994 0.578087
vn -0.742511 0.138993 0.655254
vn -0.803119 0.146918 0.577421
vn -0.758630 0.139119 0.636496
vn -0.789347 0.139120 0.597977
vn -0.407253 0.139111 0.902659
vn -0.361772 0.139110 0.921829
vn -0.430092 0.131885 0.893100
vn -0.673560 0.139027 0.725940
vn -0.516369 0.139000 0.845010
vn -0.516377 0.138995 0.845006
vn -0.742519 0.139001 0.655244
vn -0.741662 0.146914 0.654487
vn -0.691424 0.139127 0.708926
vn -0.725936 0.139127 0.673543
vn -0.339072 0.131913 0.931466
vn -0.315441 0.139125 0.938691
vn -0.268111 0.139125 0.953289
vn -0.597934 0.139033 0.789395
vn -0.597940 0.139029 0.789391
vn -0.516374 0.139035 0.845001
vn -0.429713 0.139000 0.892203
vn -0.429668 0.139028 0.892220
vn -0.673563 0.138991 0.725944
vn -0.617446 0.139119 0.774213
vn -0.655218 0.139119 0.742519
vn -0.673551 0.139001 0.725953
vn -0.672774 0.146910 0.725116
vn -0.220418 0.139124 0.965433
vn -0.171893 0.139124 0.975242
vn -0.244581 0.131933 0.960611
vn -0.429713 0.139000 0.892203
vn -0.516328 0.139001 0.845035
vn -0.338741 0.138999 0.930556
vn -0.338691 0.139029 0.930569
vn -0.244343 0.138998 0.959675
vn -0.597943 0.138994 0.789395
vn -0.597258 0.146910 0.788480
vn -0.537294 0.139122 0.831841
vn -0.578067 0.139122 0.804042
vn -0.597949 0.138990 0.789392
vn -0.147760 0.131934 0.980184
vn -0.049364 0.131916 0.990031
vn -0.123191 0.139139 0.982580
vn -0.073983 0.139139 0.987505
vn -0.049316 0.139015 0.989061
vn -0.338693 0.138983 0.930575
vn -0.429689 0.138984 0.892217
vn -0.244342 0.138998 0.959675
vn -0.516325 0.139042 0.845030
vn -0.515798 0.146908 0.844020
vn -0.516395 0.138994 0.844995
vn -0.451708 0.139127 0.881251
vn -0.495170 0.139127 0.857584
vn -0.338716 0.138998 0.930565
vn -0.147615 0.139012 0.979227
vn -0.049322 0.139012 0.989062
vn -0.147640 0.138998 0.979225
vn -0.429662 0.139044 0.892220
vn -0.429170 0.146891 0.891199
vn -0.429687 0.139028 0.892211
vn -0.338714 0.139029 0.930561
vn -0.361832 0.139111 0.921806
vn -0.407297 0.139111 0.902639
vn -0.244342 0.138997 0.959675
vn -0.147640 0.138997 0.979225
vn -0.244340 0.138998 0.959676
vn -0.338278 0.146921 0.929506
vn -0.268198 0.139126 0.953265
vn -0.315329 0.139126 0.938729
vn -0.338670 0.138999 0.930582
vn -0.147587 0.138964 0.979238
vn -0.049406 0.139015 0.989057
vn -0.049322 0.138963 0.989068
vn -0.244340 0.138998 0.959676
vn -0.244340 0.138998 0.959676
vn -0.244058 0.146915 0.958568
vn -0.171832 0.139172 0.975246
vn -0.220460 0.139171 0.965416
vn -0.147586 0.139012 0.979231
vn -0.147609 0.138997 0.979230
vn -0.049406 0.139013 0.989057
vn -0.147439 0.146912 0.978100
vn -0.049410 0.139015 0.989057
vn -0.073944 0.139139 0.987508
vn -0.123188 0.139139 0.982581
vn -0.049353 0.146891 0.987921
vn -0.024774 0.139093 0.989969
vn -0.024698 0.139094 0.989971
vn 0.123191 0.139139 0.982580
vn 0.049364 0.131917 0.990031
vn 0.073983 0.139139 0.987505
vn 0.171893 0.139124 0.975242
vn 0.220421 0.139124 0.965432
vn 0.147760 0.131935 0.980184
vn 0.049316 0.139012 0.989062
vn 0.049322 0.139015 0.989061
vn 0.268111 0.139126 0.953289
vn 0.315439 0.139126 0.938692
vn 0.244581 0.131934 0.960611
vn 0.147616 0.138997 0.979229
vn 0.147639 0.139012 0.979223
vn 0.361774 0.139111 0.921828
vn 0.407253 0.139112 0.902659
vn 0.339073 0.131913 0.931466
vn 0.049322 0.138963 0.989069
vn 0.049406 0.139015 0.989057
vn 0.244342 0.138997 0.959675
vn 0.244343 0.138998 0.959675
vn 0.451851 0.139128 0.881178
vn 0.495142 0.139128 0.857600
vn 0.430092 0.131886 0.893100
vn 0.147586 0.138964 0.979238
vn 0.147640 0.138997 0.979225
vn 0.338740 0.139030 0.930551
vn 0.338692 0.138998 0.930574
vn 0.049353 0.146891 0.987921
vn 0.049406 0.139013 0.989057
vn 0.123188 0.139139 0.982581
vn 0.073944 0.139139 0.987508
vn 0.049410 0.139015 0.989057
vn 0.537236 0.139120 0.831879
vn 0.578105 0.139120 0.804015
vn 0.516874 0.131915 0.845837
vn 0.244340 0.138997 0.959676
vn 0.244342 0.138998 0.959675
vn 0.429710 0.139028 0.892200
vn 0.429670 0.139000 0.892224
vn 0.147609 0.139012 0.979228
vn 0.147585 0.138997 0.979234
vn 0.220461 0.139172 0.965416
vn 0.171830 0.139172 0.975246
vn 0.147439 0.146912 0.978100
vn 0.617357 0.139117 0.774284
vn 0.655293 0.139118 0.742454
vn 0.598514 0.131923 0.790175
vn 0.338716 0.138998 0.930565
vn 0.338693 0.138983 0.930576
vn 0.516369 0.138995 0.845011
vn 0.516377 0.139000 0.845005
vn 0.244340 0.138998 0.959676
vn 0.244339 0.138997 0.959676
vn 0.244057 0.146916 0.958568
vn 0.315328 0.139126 0.938729
vn 0.268200 0.139125 0.953264
vn 0.674245 0.131912 0.726631
vn 0.691458 0.139126 0.708893
vn 0.725920 0.139126 0.673561
vn 0.429712 0.139000 0.892203
vn 0.429687 0.138983 0.892218
vn 0.597937 0.138995 0.789399
vn 0.597931 0.138990 0.789405
vn 0.338670 0.138999 0.930582
vn 0.338715 0.139029 0.930561
vn 0.338278 0.146921 0.929506
vn 0.407297 0.139111 0.902639
vn 0.361832 0.139111 0.921806
vn 0.758556 0.139119 0.636584
vn 0.789381 0.139120 0.597932
vn 0.743215 0.131916 0.655919
vn 0.516375 0.139034 0.845001
vn 0.516374 0.139035 0.845001
vn 0.516328 0.139001 0.845035
vn 0.673585 0.139000 0.725922
vn 0.673575 0.138991 0.725933
vn 0.429663 0.139028 0.892223
vn 0.429686 0.139044 0.892209
vn 0.024774 0.139093 0.989969
vn 0.429170 0.146891 0.891199
vn 0.495170 0.139127 0.857584
vn 0.451708 0.139127 0.881251
vn 0.818210 0.139124 0.557832
vn 0.845004 0.139124 0.516345
vn 0.804844 0.131905 0.578642
vn 0.597940 0.139033 0.789391
vn 0.597935 0.139029 0.789395
vn 0.742491 0.138991 0.655277
vn 0.742500 0.139000 0.655266
vn 0.516328 0.138993 0.845036
vn 0.516391 0.139042 0.844990
vn 0.578067 0.139122 0.804042
vn 0.537294 0.139122 0.831841
vn 0.515799 0.146908 0.844020
vn 0.869670 0.139131 0.473620
vn 0.892206 0.139131 0.429665
vn 0.858451 0.131918 0.495640
vn 0.673570 0.139036 0.725928
vn 0.673560 0.139027 0.725940
vn 0.804053 0.138993 0.578083
vn 0.857613 0.138998 0.495156
vn 0.024698 0.139094 0.989971
vn 0.804057 0.138997 0.578076
vn 0.597948 0.138994 0.789391
vn 0.597943 0.138990 0.789396
vn 0.597258 0.146910 0.788480
vn 0.655218 0.139119 0.742519
vn 0.617446 0.139119 0.774213
vn 0.912523 0.139130 0.384636
vn 0.930554 0.139130 0.338692
vn 0.903546 0.131911 0.407681
vn 0.742497 0.139024 0.655263
vn 0.742507 0.139033 0.655251
vn 0.857609 0.139002 0.495161
vn 0.673552 0.138991 0.725954
vn 0.725936 0.139127 0.673543
vn 0.691424 0.139127 0.708926
vn 0.672774 0.146910 0.725116
vn 0.673562 0.139001 0.725943
vn 0.946283 0.139131 0.291875
vn 0.959647 0.139131 0.244377
vn 0.939646 0.131913 0.315697
vn 0.857607 0.139021 0.495160
vn 0.804049 0.139024 0.578080
vn 0.804047 0.139021 0.578084
vn 0.902662 0.139003 0.407282
vn 0.902662 0.139002 0.407283
vn 0.742519 0.139001 0.655244
vn 0.742511 0.138993 0.655254
vn 0.789347 0.139120 0.597977
vn 0.758630 0.139119 0.636496
vn 0.741662 0.146914 0.654487
vn 0.970638 0.139128 0.196228
vn 0.979215 0.139129 0.147583
vn 0.966406 0.131913 0.220585
vn 0.857624 0.139004 0.495136
vn 0.938726 0.139003 0.315393
vn 0.938727 0.139005 0.315388
vn 0.804050 0.138996 0.578086
vn 0.803119 0.146918 0.577421
vn 0.845008 0.139124 0.516340
vn 0.857625 0.138997 0.495136
vn 0.818213 0.139124 0.557829
vn 0.804048 0.138994 0.578089
vn 0.985353 0.139132 0.098602
vn 0.989043 0.139131 0.049355
vn 0.983567 0.131917 0.123260
vn 0.902663 0.139004 0.407281
vn 0.902662 0.139003 0.407283
vn 0.965463 0.139005 0.220362
vn 0.965462 0.139001 0.220369
vn 0.856632 0.146902 0.494573
vn 0.857620 0.139002 0.495143
vn 0.892199 0.139131 0.429678
vn 0.869661 0.139131 0.473638
vn 0.990953 0.131916 0.024712
vn 0.990274 0.139132 -0.000000
vn 0.989043 0.139132 -0.049363
vn 0.938725 0.139005 0.315393
vn 0.938724 0.139003 0.315397
vn 0.982607 0.139002 0.123135
vn 0.982607 0.138999 0.123139
vn 0.989984 0.139002 0.024687
vn 0.901620 0.146925 0.406811
vn 0.930548 0.139129 0.338708
vn 0.912533 0.139129 0.384613
vn 0.902663 0.139003 0.407281
vn 0.902663 0.139002 0.407281
vn 0.985353 0.139132 -0.098602
vn 0.979215 0.139132 -0.147583
vn 0.988489 0.131917 -0.074081
vn 0.965463 0.139002 0.220362
vn 0.965464 0.139005 0.220357
vn 0.989984 0.139004 0.024690
vn 0.938723 0.139003 0.315399
vn 0.965464 0.139004 0.220357
vn 0.937640 0.146917 0.315035
vn 0.959649 0.139132 0.244368
vn 0.946277 0.139133 0.291895
vn 0.938724 0.139004 0.315397
vn 0.970637 0.139137 -0.196227
vn 0.959656 0.139138 -0.244336
vn 0.976203 0.131916 -0.172123
vn 0.982606 0.139005 0.123135
vn 0.982606 0.139003 0.123138
vn 0.987523 0.139003 -0.074008
vn 0.987524 0.138999 -0.074002
vn 0.965460 0.139011 0.220369
vn 0.979216 0.139129 0.147581
vn 0.970641 0.139128 0.196214
vn 0.964347 0.146918 0.220115
vn 0.954209 0.131914 -0.268483
vn 0.946268 0.139137 -0.291922
vn 0.930553 0.139137 -0.338691
vn 0.989984 0.139003 0.024692
vn 0.989984 0.139004 0.024690
vn 0.975247 0.139004 -0.171961
vn 0.975249 0.139000 -0.171955
vn 0.981473 0.146911 0.122994
vn 0.989043 0.139129 0.049361
vn 0.985354 0.139127 0.098599
vn 0.982606 0.139007 0.123138
vn 0.982606 0.139008 0.123136
vn 0.922738 0.131922 -0.362148
vn 0.912523 0.139131 -0.384636
vn 0.892206 0.139131 -0.429665
vn 0.987523 0.139005 -0.074002
vn 0.975247 0.139005 -0.171961
vn 0.987523 0.139005 -0.074002
vn 0.953276 0.138999 -0.268225
vn 0.953277 0.138996 -0.268221
vn 0.989984 0.139003 0.024692
vn 0.989043 0.139130 -0.049354
vn 0.990274 0.139130 0.000000
vn 0.988842 0.146914 0.024660
vn 0.989984 0.139005 0.024688
vn 0.869670 0.139134 -0.473620
vn 0.845003 0.139134 -0.516345
vn 0.882093 0.131915 -0.452229
vn 0.975247 0.139002 -0.171967
vn 0.921845 0.138993 -0.361777
vn 0.921837 0.139004 -0.361794
vn 0.987523 0.139003 -0.074002
vn 0.975246 0.139004 -0.171967
vn 0.986383 0.146918 -0.073916
vn 0.979212 0.139132 -0.147603
vn 0.985353 0.139132 -0.098599
vn 0.987523 0.139003 -0.074002
vn 0.818209 0.139136 -0.557831
vn 0.789379 0.139136 -0.597931
vn 0.832695 0.131918 -0.537789
vn 0.953274 0.139009 -0.268225
vn 0.953279 0.139000 -0.268211
vn 0.881230 0.139005 -0.451786
vn 0.881231 0.139004 -0.451784
vn 0.959650 0.139126 -0.244368
vn 0.970641 0.139127 -0.196214
vn 0.953278 0.139012 -0.268211
vn 0.974123 0.146912 -0.171760
vn 0.975247 0.139009 -0.171959
vn 0.758550 0.139146 -0.636585
vn 0.725918 0.139147 -0.673559
vn 0.774989 0.131916 -0.618053
vn 0.881231 0.139004 -0.451784
vn 0.921844 0.139004 -0.361777
vn 0.921839 0.139011 -0.361787
vn 0.831882 0.139006 -0.537262
vn 0.774231 0.139008 -0.617449
vn 0.831881 0.139007 -0.537263
vn 0.953277 0.139009 -0.268216
vn 0.930567 0.139121 -0.338660
vn 0.946278 0.139122 -0.291895
vn 0.952179 0.146909 -0.267907
vn 0.691457 0.139139 -0.708892
vn 0.655291 0.139139 -0.742451
vn 0.709604 0.131931 -0.692139
vn 0.881233 0.139007 -0.451780
vn 0.831881 0.139007 -0.537262
vn 0.774241 0.139018 -0.617434
vn 0.921839 0.139004 -0.361787
vn 0.881233 0.139004 -0.451781
vn 0.921835 0.139011 -0.361797
vn 0.892199 0.139131 -0.429678
vn 0.912510 0.139131 -0.384667
vn 0.920771 0.146919 -0.361379
vn 0.617464 0.139110 -0.774200
vn 0.577992 0.139109 -0.804098
vn 0.637171 0.131908 -0.759350
vn 0.831861 0.138981 -0.537300
vn 0.708911 0.139012 -0.691463
vn 0.708900 0.139020 -0.691472
vn 0.880218 0.146910 -0.451258
vn 0.844965 0.139134 -0.516406
vn 0.869695 0.139134 -0.473574
vn 0.881234 0.139005 -0.451779
vn 0.558423 0.131930 -0.818998
vn 0.537357 0.139125 -0.831800
vn 0.495015 0.139125 -0.857674
vn 0.774255 0.138978 -0.617426
vn 0.774245 0.138987 -0.617437
vn 0.636556 0.139012 -0.758598
vn 0.636546 0.139020 -0.758605
vn 0.557876 0.139021 -0.818197
vn 0.831858 0.139009 -0.537298
vn 0.789401 0.139135 -0.597903
vn 0.818211 0.139135 -0.557828
vn 0.831860 0.139006 -0.537295
vn 0.830902 0.146909 -0.536675
vn 0.474062 0.131948 -0.870549
vn 0.451853 0.139134 -0.881176
vn 0.407252 0.139134 -0.902656
vn 0.708934 0.138985 -0.691444
vn 0.636556 0.139012 -0.758598
vn 0.708901 0.139012 -0.691473
vn 0.557847 0.138999 -0.818221
vn 0.725938 0.139113 -0.673545
vn 0.758568 0.139114 -0.636571
vn 0.774250 0.139018 -0.617422
vn 0.773367 0.146922 -0.616699
vn 0.774260 0.139009 -0.617412
vn 0.361770 0.139151 -0.921824
vn 0.315439 0.139151 -0.938688
vn 0.385040 0.131930 -0.913422
vn 0.636522 0.138983 -0.758633
vn 0.473615 0.138998 -0.869694
vn 0.473600 0.139008 -0.869701
vn 0.708883 0.139019 -0.691491
vn 0.655302 0.139140 -0.742442
vn 0.691423 0.139139 -0.708925
vn 0.708935 0.138976 -0.691445
vn 0.708066 0.146918 -0.690694
vn 0.292200 0.131927 -0.947214
vn 0.268268 0.139131 -0.953244
vn 0.220257 0.139130 -0.965469
vn 0.557871 0.138981 -0.818208
vn 0.557847 0.138998 -0.818222
vn 0.384665 0.138979 -0.912534
vn 0.384619 0.139008 -0.912549
vn 0.636518 0.139020 -0.758629
vn 0.635839 0.146936 -0.757706
vn 0.578068 0.139108 -0.804044
vn 0.617354 0.139109 -0.774288
vn 0.636578 0.138974 -0.758587
vn 0.172058 0.139110 -0.975215
vn 0.123025 0.139110 -0.982605
vn 0.196379 0.131934 -0.971611
vn 0.473614 0.139008 -0.869693
vn 0.473630 0.138998 -0.869687
vn 0.291915 0.139003 -0.946289
vn 0.291957 0.138978 -0.946280
vn 0.473630 0.138998 -0.869686
vn 0.557838 0.139021 -0.818224
vn 0.557197 0.146897 -0.817284
vn 0.495170 0.139126 -0.857584
vn 0.537294 0.139126 -0.831841
vn 0.557870 0.138998 -0.818206
vn 0.098728 0.131936 -0.986329
vn 0.073983 0.139166 -0.987502
vn 0.024774 0.139166 -0.989959
vn 0.384643 0.139008 -0.912538
vn 0.384618 0.139024 -0.912547
vn 0.196155 0.139003 -0.970671
vn 0.196188 0.138984 -0.970667
vn 0.407296 0.139135 -0.902636
vn 0.451708 0.139135 -0.881250
vn 0.473035 0.146933 -0.868705
vn 0.473585 0.138965 -0.869716
vn -0.024774 0.139166 -0.989959
vn -0.073983 0.139166 -0.987502
vn 0.000000 0.131926 -0.991260
vn 0.291956 0.139003 -0.946277
vn 0.291921 0.139024 -0.946284
vn 0.098632 0.138990 -0.985370
vn 0.098643 0.138983 -0.985370
vn 0.315328 0.139151 -0.938725
vn 0.361830 0.139151 -0.921801
vn 0.384223 0.146922 -0.911475
vn 0.384669 0.138963 -0.912534
vn 0.291923 0.138978 -0.946291
vn 0.384645 0.138979 -0.912542
vn -0.123025 0.139110 -0.982605
vn -0.172057 0.139110 -0.975215
vn -0.098728 0.131936 -0.986329
vn 0.196200 0.139003 -0.970661
vn 0.196155 0.139031 -0.970667
vn 0.000000 0.138990 -0.990294
vn 0.000000 0.138990 -0.990294
vn 0.291961 0.139003 -0.946275
vn 0.196200 0.139003 -0.970661
vn 0.220317 0.139131 -0.965455
vn 0.268339 0.139130 -0.953225
vn 0.291625 0.146894 -0.945186
vn -0.220259 0.139131 -0.965468
vn -0.268268 0.139131 -0.953244
vn -0.196379 0.131934 -0.971611
vn 0.098643 0.138990 -0.985369
vn 0.098575 0.139031 -0.985370
vn -0.098632 0.138983 -0.985371
vn -0.098643 0.138990 -0.985369
vn 0.123038 0.139158 -0.982597
vn 0.171979 0.139158 -0.975222
vn 0.196170 0.138984 -0.970670
vn 0.195943 0.146920 -0.969547
vn -0.315438 0.139151 -0.938688
vn -0.361772 0.139151 -0.921823
vn -0.292200 0.131928 -0.947214
vn 0.000000 0.138990 -0.990294
vn 0.000000 0.138990 -0.990294
vn -0.098643 0.138990 -0.985369
vn -0.196187 0.139003 -0.970664
vn -0.196156 0.138984 -0.970673
vn 0.024698 0.139166 -0.989961
vn 0.074094 0.139166 -0.987493
vn 0.000000 0.138990 -0.990294
vn 0.098473 0.146917 -0.984235
vn 0.098575 0.138990 -0.985375
vn 0.098587 0.138983 -0.985375
vn -0.407251 0.139135 -0.902656
vn -0.451851 0.139135 -0.881177
vn -0.385040 0.131931 -0.913421
vn -0.098575 0.139031 -0.985370
vn -0.291955 0.139003 -0.946277
vn -0.291916 0.138978 -0.946293
vn 0.000000 0.138990 -0.990294
vn -0.074094 0.139166 -0.987493
vn -0.024698 0.139166 -0.989961
vn 0.000000 0.146954 -0.989143
vn -0.495015 0.139124 -0.857674
vn -0.537355 0.139124 -0.831802
vn -0.474063 0.131947 -0.870548
vn -0.196200 0.139031 -0.970657
vn -0.196156 0.139003 -0.970670
vn -0.384664 0.139008 -0.912530
vn -0.384620 0.138979 -0.912552
vn -0.473601 0.139008 -0.869700
vn -0.098575 0.138983 -0.985376
vn -0.098474 0.146917 -0.984235
vn -0.171977 0.139158 -0.975222
vn -0.123039 0.139158 -0.982597
vn -0.098588 0.138990 -0.985374
vn -0.577994 0.139108 -0.804097
vn -0.617462 0.139109 -0.774203
vn -0.558423 0.131929 -0.818999
vn -0.291954 0.139025 -0.946274
vn -0.291922 0.139004 -0.946287
vn -0.473615 0.138999 -0.869694
vn -0.268340 0.139131 -0.953224
vn -0.196170 0.138983 -0.970670
vn -0.220318 0.139131 -0.965455
vn -0.195943 0.146920 -0.969547
vn -0.196201 0.139003 -0.970661
vn -0.655291 0.139138 -0.742452
vn -0.691457 0.139138 -0.708892
vn -0.637170 0.131907 -0.759352
vn -0.384619 0.139008 -0.912549
vn -0.473614 0.139008 -0.869693
vn -0.384643 0.139024 -0.912536
vn -0.557876 0.139021 -0.818197
vn -0.557848 0.138999 -0.818221
vn -0.361830 0.139151 -0.921801
vn -0.315327 0.139151 -0.938726
vn -0.291624 0.146894 -0.945187
vn -0.291960 0.139003 -0.946276
vn -0.384645 0.138979 -0.912542
vn -0.291923 0.138978 -0.946291
vn -0.725918 0.139145 -0.673559
vn -0.758553 0.139145 -0.636582
vn -0.709604 0.131929 -0.692140
vn -0.473630 0.138998 -0.869687
vn -0.636556 0.139020 -0.758598
vn -0.636546 0.139011 -0.758607
vn -0.451710 0.139135 -0.881249
vn -0.407296 0.139135 -0.902636
vn -0.384223 0.146922 -0.911475
vn -0.384669 0.138963 -0.912534
vn -0.789379 0.139136 -0.597931
vn -0.818209 0.139136 -0.557831
vn -0.774989 0.131916 -0.618053
vn -0.557849 0.138981 -0.818223
vn -0.557871 0.138997 -0.818205
vn -0.708910 0.139019 -0.691463
vn -0.708901 0.139011 -0.691473
vn -0.537294 0.139125 -0.831841
vn -0.495168 0.139125 -0.857586
vn -0.473034 0.146932 -0.868706
vn -0.473629 0.138999 -0.869686
vn -0.473584 0.138965 -0.869717
vn -0.845003 0.139134 -0.516345
vn -0.869670 0.139134 -0.473620
vn -0.832695 0.131918 -0.537789
vn -0.636520 0.138983 -0.758634
vn -0.636556 0.139013 -0.758598
vn -0.708901 0.139013 -0.691473
vn -0.774231 0.139006 -0.617449
vn -0.774241 0.139017 -0.617434
vn -0.831881 0.139006 -0.537263
vn -0.617359 0.139109 -0.774284
vn -0.578066 0.139108 -0.804045
vn -0.636517 0.139022 -0.758630
vn -0.557197 0.146897 -0.817284
vn -0.557869 0.139023 -0.818202
vn -0.557840 0.138999 -0.818226
vn -0.892206 0.139130 -0.429665
vn -0.912523 0.139130 -0.384636
vn -0.882094 0.131914 -0.452227
vn -0.708933 0.138987 -0.691445
vn -0.831879 0.139007 -0.537265
vn -0.881231 0.139007 -0.451784
vn -0.635841 0.146934 -0.757705
vn -0.691423 0.139140 -0.708925
vn -0.655297 0.139141 -0.742446
vn -0.636580 0.138974 -0.758586
vn -0.930553 0.139139 -0.338691
vn -0.946267 0.139138 -0.291922
vn -0.922736 0.131922 -0.362152
vn -0.774245 0.138979 -0.617437
vn -0.774255 0.138989 -0.617423
vn -0.831882 0.138982 -0.537267
vn -0.881232 0.139005 -0.451782
vn -0.708887 0.138977 -0.691495
vn -0.758570 0.139114 -0.636568
vn -0.725940 0.139113 -0.673542
vn -0.708066 0.146920 -0.690694
vn -0.708930 0.139019 -0.691442
vn -0.959656 0.139140 -0.244336
vn -0.970637 0.139138 -0.196227
vn -0.954209 0.131915 -0.268483
vn -0.831859 0.139005 -0.537297
vn -0.921837 0.138991 -0.361799
vn -0.921843 0.139005 -0.361777
vn -0.818209 0.139133 -0.557831
vn -0.789401 0.139134 -0.597903
vn -0.774259 0.139017 -0.617411
vn -0.773367 0.146921 -0.616700
vn -0.831859 0.139009 -0.537297
vn -0.774253 0.139009 -0.617422
vn -0.979214 0.139129 -0.147588
vn -0.985354 0.139129 -0.098597
vn -0.976204 0.131916 -0.172118
vn -0.881233 0.139004 -0.451781
vn -0.881233 0.139003 -0.451783
vn -0.953276 0.138994 -0.268225
vn -0.953277 0.138997 -0.268221
vn -0.869697 0.139134 -0.473570
vn -0.844965 0.139134 -0.516406
vn -0.830902 0.146909 -0.536675
vn -0.831860 0.139007 -0.537295
vn -0.881233 0.139007 -0.451780
vn -0.989043 0.139130 -0.049363
vn -0.990274 0.139130 0.000000
vn -0.988489 0.131915 -0.074081
vn -0.921842 0.139012 -0.361776
vn -0.921838 0.139003 -0.361792
vn -0.975248 0.138999 -0.171961
vn -0.975249 0.139005 -0.171950
vn -0.912506 0.139130 -0.384675
vn -0.892199 0.139130 -0.429678
vn -0.881234 0.139006 -0.451779
vn -0.880218 0.146909 -0.451258
vn -0.989043 0.139129 0.049355
vn -0.985353 0.139130 0.098597
vn -0.990953 0.131915 0.024712
vn -0.953279 0.139010 -0.268209
vn -0.953276 0.139000 -0.268225
vn -0.975248 0.139002 -0.171961
vn -0.987523 0.139005 -0.074004
vn -0.987523 0.139002 -0.074008
vn -0.946281 0.139124 -0.291887
vn -0.930567 0.139122 -0.338660
vn -0.921837 0.139009 -0.361791
vn -0.921835 0.139005 -0.361797
vn -0.920771 0.146920 -0.361379
vn -0.979214 0.139129 0.147588
vn -0.970638 0.139128 0.196228
vn -0.983568 0.131915 0.123257
vn -0.975246 0.139005 -0.171967
vn -0.982607 0.139000 0.123137
vn -0.989983 0.139007 0.024693
vn -0.989984 0.139004 0.024687
vn -0.970640 0.139129 -0.196219
vn -0.959649 0.139128 -0.244373
vn -0.953278 0.139007 -0.268213
vn -0.953279 0.139010 -0.268209
vn -0.952179 0.146908 -0.267904
vn -0.966406 0.131913 0.220585
vn -0.959647 0.139131 0.244377
vn -0.946283 0.139131 0.291875
vn -0.987523 0.139005 -0.074002
vn -0.987523 0.139003 -0.074004
vn -0.982607 0.139002 0.123135
vn -0.985353 0.139129 -0.098603
vn -0.979213 0.139129 -0.147594
vn -0.974122 0.146914 -0.171765
vn -0.987523 0.139005 -0.074002
vn -0.975246 0.139007 -0.171963
vn -0.975246 0.139005 -0.171967
vn -0.930554 0.139130 0.338692
vn -0.912523 0.139130 0.384636
vn -0.939646 0.131913 0.315697
vn -0.989984 0.139005 0.024693
vn -0.982606 0.139007 0.123135
vn -0.989984 0.139003 0.024689
vn -0.938726 0.139007 0.315388
vn -0.965461 0.139007 0.220369
vn -0.965464 0.139001 0.220360
vn -0.989043 0.139130 -0.049354
vn -0.986383 0.146917 -0.073914
vn -0.987523 0.139003 -0.073999
vn -0.990274 0.139130 0.000000
vn -0.903545 0.131911 0.407683
vn -0.892206 0.139130 0.429665
vn -0.869670 0.139129 0.473620
vn -0.982606 0.139002 0.123142
vn -0.938725 0.139003 0.315395
vn -0.989984 0.139002 0.024689
vn -0.989984 0.139003 0.024691
vn -0.985353 0.139129 0.098603
vn -0.988842 0.146915 0.024662
vn -0.989043 0.139130 0.049361
vn -0.858453 0.131918 0.495636
vn -0.845004 0.139125 0.516345
vn -0.818210 0.139125 0.557832
vn -0.938725 0.139004 0.315395
vn -0.965463 0.139004 0.220359
vn -0.965465 0.139001 0.220355
vn -0.902663 0.139003 0.407281
vn -0.902661 0.139005 0.407284
vn -0.965463 0.139012 0.220355
vn -0.981473 0.146911 0.122994
vn -0.982605 0.139008 0.123142
vn -0.982607 0.139004 0.123136
vn -0.970639 0.139131 0.196219
vn -0.979217 0.139132 0.147572
vn -0.789381 0.139120 0.597932
vn -0.758556 0.139119 0.636584
vn -0.804843 0.131905 0.578644
vn -0.902663 0.139003 0.407281
vn -0.938724 0.139003 0.315397
vn -0.857607 0.139005 0.495165
vn -0.804056 0.138995 0.578078
vn -0.857616 0.138996 0.495152
vn -0.965462 0.139004 0.220367
vn -0.964347 0.146918 0.220113
vn -0.946279 0.139131 0.291886
vn -0.959648 0.139131 0.244373
vn -0.743215 0.131916 0.655919
vn -0.725920 0.139126 0.673561
vn -0.691458 0.139126 0.708893
vn -0.902663 0.139002 0.407281
vn -0.804054 0.138993 0.578081
vn -0.902663 0.139003 0.407281
vn -0.938723 0.139004 0.315399
vn -0.937640 0.146918 0.315035
vn -0.938724 0.139003 0.315397
vn -0.912529 0.139130 0.384621
vn -0.930548 0.139130 0.338708
vn -0.655293 0.139118 0.742454
vn -0.617357 0.139117 0.774284
vn -0.674245 0.131912 0.726631
vn -0.857624 0.139002 0.495136
vn -0.857605 0.139023 0.495164
vn -0.742489 0.139001 0.655278
vn -0.742501 0.138992 0.655266
vn -0.902663 0.139002 0.407281
vn -0.901620 0.146924 0.406811
vn -0.869663 0.139129 0.473634
vn -0.892199 0.139130 0.429678
vn -0.598514 0.131923 0.790175
vn -0.578105 0.139120 0.804015
vn -0.537236 0.139120 0.831879
vn -0.804046 0.139026 0.578084
vn -0.804051 0.139021 0.578079
vn -0.673587 0.138991 0.725922
vn -0.673574 0.139001 0.725932
vn -0.597931 0.138990 0.789405
vn -0.857625 0.138996 0.495136
vn -0.804050 0.138995 0.578087
vn -0.857619 0.139002 0.495145
vn -0.856630 0.146902 0.494575
vn -0.818210 0.139125 0.557832
vn -0.845007 0.139125 0.516340
vn -0.516874 0.131915 0.845837
vn -0.495142 0.139128 0.857600
vn -0.451851 0.139128 0.881178
vn -0.742508 0.139024 0.655251
vn -0.742496 0.139033 0.655262
vn -0.597937 0.138995 0.789399
vn -0.804049 0.138993 0.578089
vn -0.742511 0.138992 0.655254
vn -0.803119 0.146918 0.577421
vn -0.758632 0.139119 0.636493
vn -0.789347 0.139120 0.597977
vn -0.430092 0.131886 0.893100
vn -0.407253 0.139112 0.902659
vn -0.361774 0.139111 0.921828
vn -0.673559 0.139036 0.725939
vn -0.673571 0.139027 0.725929
vn -0.429670 0.139000 0.892224
vn -0.516369 0.139000 0.845010
vn -0.516378 0.138995 0.845006
vn -0.741663 0.146915 0.654486
vn -0.691424 0.139128 0.708926
vn -0.725938 0.139128 0.673540
vn -0.742520 0.139001 0.655242
vn -0.339073 0.131913 0.931466
vn -0.315439 0.139126 0.938692
vn -0.268111 0.139126 0.953289
vn -0.597939 0.139029 0.789392
vn -0.597934 0.139032 0.789395
vn -0.429710 0.139028 0.892200
vn -0.338740 0.139030 0.930551
vn -0.673563 0.138991 0.725944
vn -0.673551 0.139001 0.725953
vn -0.617451 0.139118 0.774210
vn -0.655214 0.139118 0.742523
vn -0.672774 0.146911 0.725115
vn -0.244581 0.131934 0.960611
vn -0.220421 0.139124 0.965432
vn -0.171893 0.139124 0.975242
vn -0.516327 0.139034 0.845030
vn -0.429712 0.139000 0.892203
vn -0.516377 0.139000 0.845005
vn -0.338692 0.138998 0.930574
vn -0.597258 0.146911 0.788480
vn -0.537294 0.139122 0.831841
vn -0.578065 0.139122 0.804044
vn -0.597942 0.138995 0.789396
vn -0.597949 0.138990 0.789392
vn -0.147760 0.131935 0.980184
vn -0.049364 0.131917 0.990031
vn -0.123191 0.139139 0.982580
vn -0.073983 0.139139 0.987505
vn -0.049316 0.139015 0.989061
vn -0.429687 0.138983 0.892218
vn -0.244342 0.138998 0.959675
vn -0.147616 0.138997 0.979229
vn -0.244343 0.138997 0.959675
vn -0.516327 0.139041 0.845029
vn -0.516393 0.138995 0.844996
vn -0.515797 0.146909 0.844021
vn -0.451710 0.139127 0.881250
vn -0.495168 0.139127 0.857585
vn -0.429684 0.139043 0.892210
vn -0.338717 0.138983 0.930567
vn -0.338692 0.138998 0.930574
vn -0.049322 0.139012 0.989062
vn -0.147639 0.139012 0.979223
vn -0.429171 0.146892 0.891199
vn -0.429664 0.139028 0.892222
vn -0.361832 0.139111 0.921806
vn -0.407297 0.139111 0.902639
vn -0.244342 0.138997 0.959675
vn -0.244340 0.138998 0.959676
vn -0.338716 0.138998 0.930565
vn -0.338278 0.146921 0.929506
vn -0.338668 0.139029 0.930578
vn -0.268200 0.139125 0.953264
vn -0.315328 0.139126 0.938729
vn -0.147585 0.138997 0.979234
vn -0.049322 0.138963 0.989069
vn -0.147640 0.138964 0.979230
vn -0.049406 0.139015 0.989057
vn -0.244339 0.138998 0.959676
vn -0.244057 0.146916 0.958568
vn -0.171830 0.139172 0.975246
vn -0.220461 0.139172 0.965416
vn -0.147585 0.138997 0.979234
vn -0.244340 0.138997 0.959676
vn -0.147609 0.139012 0.979228
vn -0.049406 0.139013 0.989057
vn -0.147439 0.146912 0.978100
vn -0.049410 0.139015 0.989057
vn -0.073944 0.139139 0.987508
vn -0.123188 0.139139 0.982581
vn -0.049353 0.146891 0.987921
vn -0.024774 0.139093 0.989969
vn -0.024699 0.139094 0.989971
vn 0.123191 0.139139 0.982580
vn 0.049364 0.131916 0.990031
vn 0.073983 0.139139 0.987505
vn 0.171893 0.139124 0.975242
vn 0.220418 0.139124 0.965433
vn 0.147760 0.131934 0.980184
vn 0.049316 0.139012 0.989062
vn 0.049322 0.139015 0.989061
vn 0.268111 0.139125 0.953289
vn 0.315441 0.139125 0.938691
vn 0.244581 0.131933 0.960611
vn 0.147616 0.138998 0.979229
vn 0.147640 0.139012 0.979223
vn 0.361772 0.139110 0.921829
vn 0.407253 0.139111 0.902659
vn 0.339072 0.131913 0.931466
vn 0.049322 0.138963 0.989068
vn 0.049406 0.139015 0.989057
vn 0.244342 0.138998 0.959675
vn 0.244343 0.138998 0.959675
vn 0.451853 0.139128 0.881177
vn 0.495142 0.139128 0.857600
vn 0.430092 0.131885 0.893100
vn 0.147587 0.138964 0.979238
vn 0.147640 0.138997 0.979225
vn 0.338739 0.139030 0.930552
vn 0.338692 0.138999 0.930573
vn 0.049353 0.146891 0.987921
vn 0.049406 0.139013 0.989057
vn 0.123188 0.139139 0.982581
vn 0.073944 0.139139 0.987508
vn 0.049410 0.139015 0.989057
vn 0.537238 0.139121 0.831878
vn 0.578102 0.139121 0.804017
vn 0.516874 0.131915 0.845837
vn 0.244340 0.138997 0.959676
vn 0.244342 0.138998 0.959675
vn 0.429711 0.139028 0.892199
vn 0.429670 0.139000 0.892224
vn 0.147609 0.139012 0.979228
vn 0.147586 0.138997 0.979234
vn 0.220460 0.139171 0.965416
vn 0.171832 0.139172 0.975246
vn 0.147439 0.146912 0.978100
vn 0.617360 0.139118 0.774282
vn 0.655293 0.139119 0.742454
vn 0.598514 0.131923 0.790175
vn 0.338716 0.138998 0.930565
vn 0.338693 0.138983 0.930575
vn 0.516376 0.139000 0.845006
vn 0.516369 0.138995 0.845011
vn 0.244340 0.138998 0.959676
vn 0.244340 0.138998 0.959676
vn 0.244058 0.146915 0.958568
vn 0.315329 0.139126 0.938729
vn 0.268198 0.139126 0.953265
vn 0.691458 0.139128 0.708893
vn 0.725920 0.139128 0.673561
vn 0.674244 0.131914 0.726632
vn 0.429713 0.139000 0.892203
vn 0.429689 0.138984 0.892217
vn 0.597931 0.138990 0.789405
vn 0.597937 0.138995 0.789399
vn 0.338670 0.138999 0.930582
vn 0.338714 0.139029 0.930561
vn 0.338278 0.146921 0.929506
vn 0.407297 0.139111 0.902639
vn 0.361832 0.139111 0.921806
vn 0.758553 0.139119 0.636587
vn 0.789381 0.139120 0.597932
vn 0.743216 0.131917 0.655917
vn 0.673586 0.139001 0.725921
vn 0.673575 0.138991 0.725933
vn 0.742489 0.139001 0.655278
vn 0.429664 0.139028 0.892222
vn 0.429684 0.139043 0.892210
vn 0.429171 0.146892 0.891199
vn 0.495168 0.139127 0.857585
vn 0.451710 0.139127 0.881250
vn 0.818210 0.139125 0.557832
vn 0.845004 0.139125 0.516345
vn 0.024774 0.139093 0.989969
vn 0.804843 0.131905 0.578644
vn 0.597935 0.139029 0.789395
vn 0.597939 0.139032 0.789392
vn 0.742501 0.138992 0.655266
vn 0.515797 0.146909 0.844021
vn 0.516330 0.138994 0.845035
vn 0.516390 0.139040 0.844991
vn 0.578065 0.139122 0.804044
vn 0.537294 0.139122 0.831841
vn 0.869670 0.139129 0.473620
vn 0.892206 0.139130 0.429665
vn 0.858453 0.131918 0.495636
vn 0.742496 0.139033 0.655262
vn 0.673570 0.139036 0.725928
vn 0.673560 0.139027 0.725940
vn 0.804054 0.138993 0.578081
vn 0.804056 0.138995 0.578078
vn 0.597942 0.138990 0.789396
vn 0.597948 0.138995 0.789391
vn 0.597258 0.146911 0.788480
vn 0.655214 0.139118 0.742523
vn 0.617451 0.139118 0.774210
vn 0.912523 0.139130 0.384636
vn 0.930554 0.139130 0.338692
vn 0.024699 0.139094 0.989971
vn 0.903545 0.131911 0.407683
vn 0.742508 0.139024 0.655251
vn 0.857608 0.138996 0.495165
vn 0.857614 0.139005 0.495152
vn 0.673552 0.138991 0.725954
vn 0.725938 0.139128 0.673540
vn 0.691424 0.139128 0.708926
vn 0.672774 0.146911 0.725115
vn 0.673562 0.139001 0.725943
vn 0.939646 0.131913 0.315697
vn 0.946283 0.139131 0.291875
vn 0.959647 0.139131 0.244377
vn 0.804051 0.139026 0.578078
vn 0.804047 0.139021 0.578084
vn 0.857605 0.139023 0.495164
vn 0.902663 0.139005 0.407280
vn 0.902662 0.139003 0.407284
vn 0.742520 0.139001 0.655242
vn 0.741663 0.146915 0.654486
vn 0.789347 0.139120 0.597977
vn 0.758632 0.139119 0.636493
vn 0.742511 0.138992 0.655254
vn 0.970638 0.139128 0.196228
vn 0.979214 0.139129 0.147588
vn 0.966406 0.131913 0.220585
vn 0.857624 0.139002 0.495136
vn 0.938726 0.139007 0.315388
vn 0.938725 0.139003 0.315395
vn 0.804050 0.138995 0.578087
vn 0.803119 0.146918 0.577421
vn 0.845007 0.139125 0.516340
vn 0.818210 0.139125 0.557832
vn 0.804049 0.138993 0.578089
vn 0.985353 0.139130 0.098597
vn 0.989043 0.139129 0.049355
vn 0.983568 0.131915 0.123257
vn 0.902663 0.139002 0.407281
vn 0.938725 0.139003 0.315395
vn 0.902663 0.139003 0.407281
vn 0.965463 0.139006 0.220359
vn 0.965462 0.139001 0.220369
vn 0.857619 0.138996 0.495146
vn 0.857624 0.139002 0.495136
vn 0.856630 0.146902 0.494575
vn 0.892199 0.139130 0.429678
vn 0.869663 0.139129 0.473634
vn 0.990953 0.131915 0.024712
vn 0.990274 0.139130 -0.000000
vn 0.989043 0.139130 -0.049363
vn 0.938724 0.139004 0.315397
vn 0.982607 0.139002 0.123135
vn 0.982607 0.139000 0.123137
vn 0.902663 0.139003 0.407281
vn 0.901620 0.146924 0.406811
vn 0.930548 0.139130 0.338708
vn 0.912529 0.139130 0.384621
vn 0.902663 0.139002 0.407281
vn 0.985354 0.139129 -0.098597
vn 0.979214 0.139129 -0.147588
vn 0.988489 0.131915 -0.074081
vn 0.965464 0.139001 0.220360
vn 0.965465 0.139004 0.220355
vn 0.989984 0.139007 0.024687
vn 0.989984 0.139004 0.024693
vn 0.937640 0.146918 0.315035
vn 0.938723 0.139003 0.315399
vn 0.959648 0.139131 0.244373
vn 0.946279 0.139131 0.291886
vn 0.938724 0.139004 0.315397
vn 0.970637 0.139138 -0.196227
vn 0.959656 0.139140 -0.244336
vn 0.976204 0.131916 -0.172118
vn 0.982606 0.139007 0.123135
vn 0.982606 0.139002 0.123142
vn 0.987522 0.139005 -0.074008
vn 0.975249 0.139005 -0.171950
vn 0.987523 0.139002 -0.074005
vn 0.965463 0.139012 0.220355
vn 0.979217 0.139132 0.147572
vn 0.970639 0.139131 0.196219
vn 0.964347 0.146918 0.220113
vn 0.965462 0.139004 0.220367
vn 0.946267 0.139138 -0.291922
vn 0.930553 0.139139 -0.338691
vn 0.954209 0.131915 -0.268483
vn 0.989984 0.139005 0.024689
vn 0.989984 0.139003 0.024693
vn 0.975248 0.138999 -0.171961
vn 0.982606 0.139008 0.123136
vn 0.989043 0.139130 0.049361
vn 0.985353 0.139129 0.098603
vn 0.982606 0.139003 0.123142
vn 0.981473 0.146911 0.122994
vn 0.922736 0.131922 -0.362152
vn 0.912523 0.139130 -0.384636
vn 0.892206 0.139130 -0.429665
vn 0.987523 0.139003 -0.074002
vn 0.987523 0.139005 -0.074004
vn 0.953278 0.138994 -0.268221
vn 0.953276 0.138997 -0.268225
vn 0.988842 0.146915 0.024662
vn 0.989984 0.139002 0.024691
vn 0.989984 0.139003 0.024689
vn 0.989043 0.139130 -0.049354
vn 0.990274 0.139130 0.000000
vn 0.869670 0.139134 -0.473620
vn 0.845003 0.139134 -0.516345
vn 0.882094 0.131914 -0.452227
vn 0.975246 0.139005 -0.171967
vn 0.975248 0.139002 -0.171961
vn 0.953276 0.139000 -0.268225
vn 0.921835 0.139005 -0.361799
vn 0.921845 0.138992 -0.361777
vn 0.987523 0.139003 -0.073999
vn 0.986383 0.146917 -0.073914
vn 0.979213 0.139129 -0.147594
vn 0.985353 0.139129 -0.098603
vn 0.987523 0.139005 -0.074002
vn 0.818209 0.139136 -0.557831
vn 0.789379 0.139136 -0.597931
vn 0.832695 0.131918 -0.537789
vn 0.953279 0.139010 -0.268209
vn 0.881231 0.139007 -0.451784
vn 0.881232 0.139005 -0.451782
vn 0.953279 0.139010 -0.268209
vn 0.974122 0.146914 -0.171765
vn 0.975247 0.139005 -0.171963
vn 0.959649 0.139128 -0.244373
vn 0.970640 0.139129 -0.196219
vn 0.975246 0.139007 -0.171967
vn 0.758553 0.139145 -0.636582
vn 0.725918 0.139145 -0.673559
vn 0.774989 0.131916 -0.618053
vn 0.921844 0.139002 -0.361777
vn 0.921837 0.139012 -0.361791
vn 0.774231 0.139006 -0.617449
vn 0.831881 0.139006 -0.537263
vn 0.831879 0.139007 -0.537265
vn 0.952179 0.146908 -0.267904
vn 0.930567 0.139122 -0.338660
vn 0.946281 0.139124 -0.291887
vn 0.953278 0.139007 -0.268213
vn 0.691457 0.139138 -0.708892
vn 0.655291 0.139138 -0.742452
vn 0.709604 0.131929 -0.692140
vn 0.881232 0.139004 -0.451782
vn 0.831879 0.139005 -0.537266
vn 0.881234 0.139003 -0.451781
vn 0.774241 0.139017 -0.617434
vn 0.921835 0.139009 -0.361797
vn 0.892199 0.139130 -0.429678
vn 0.912506 0.139130 -0.384675
vn 0.920771 0.146920 -0.361379
vn 0.921838 0.139005 -0.361791
vn 0.637170 0.131907 -0.759352
vn 0.617462 0.139109 -0.774203
vn 0.577994 0.139108 -0.804097
vn 0.831862 0.138982 -0.537299
vn 0.708900 0.139019 -0.691472
vn 0.708911 0.139010 -0.691464
vn 0.880218 0.146909 -0.451258
vn 0.881233 0.139007 -0.451780
vn 0.881234 0.139006 -0.451779
vn 0.844965 0.139134 -0.516406
vn 0.869697 0.139134 -0.473570
vn 0.537355 0.139124 -0.831802
vn 0.495015 0.139124 -0.857674
vn 0.558423 0.131929 -0.818999
vn 0.708903 0.138987 -0.691476
vn 0.774244 0.138989 -0.617436
vn 0.774256 0.138979 -0.617424
vn 0.636556 0.139011 -0.758599
vn 0.636545 0.139020 -0.758607
vn 0.557876 0.139021 -0.818197
vn 0.774253 0.139009 -0.617422
vn 0.789401 0.139134 -0.597903
vn 0.818209 0.139133 -0.557831
vn 0.831859 0.139009 -0.537297
vn 0.830902 0.146909 -0.536675
vn 0.831860 0.139007 -0.537295
vn 0.474063 0.131947 -0.870548
vn 0.451851 0.139135 -0.881177
vn 0.407251 0.139135 -0.902656
vn 0.636556 0.139013 -0.758598
vn 0.708930 0.139012 -0.691443
vn 0.557848 0.138999 -0.818221
vn 0.725940 0.139113 -0.673542
vn 0.758570 0.139114 -0.636568
vn 0.773367 0.146921 -0.616700
vn 0.774259 0.139017 -0.617411
vn 0.385040 0.131931 -0.913421
vn 0.361772 0.139151 -0.921823
vn 0.315438 0.139151 -0.938688
vn 0.636520 0.138983 -0.758634
vn 0.557849 0.138981 -0.818223
vn 0.384664 0.139008 -0.912530
vn 0.473615 0.138999 -0.869694
vn 0.473601 0.139008 -0.869700
vn 0.708934 0.138976 -0.691446
vn 0.708883 0.139018 -0.691491
vn 0.636521 0.138974 -0.758635
vn 0.655297 0.139141 -0.742446
vn 0.691423 0.139140 -0.708925
vn 0.708066 0.146920 -0.690694
vn 0.292200 0.131928 -0.947214
vn 0.268268 0.139131 -0.953244
vn 0.220259 0.139131 -0.965468
vn 0.557871 0.138997 -0.818205
vn 0.473615 0.138997 -0.869695
vn 0.384620 0.138979 -0.912552
vn 0.291916 0.138978 -0.946293
vn 0.635841 0.146934 -0.757705
vn 0.578066 0.139108 -0.804045
vn 0.617359 0.139109 -0.774284
vn 0.636575 0.139021 -0.758581
vn 0.196379 0.131934 -0.971611
vn 0.172057 0.139110 -0.975215
vn 0.123025 0.139110 -0.982605
vn 0.384619 0.139008 -0.912549
vn 0.473629 0.139007 -0.869685
vn 0.291955 0.139003 -0.946277
vn 0.557838 0.139022 -0.818223
vn 0.495168 0.139125 -0.857586
vn 0.537294 0.139125 -0.831841
vn 0.557197 0.146897 -0.817284
vn 0.557871 0.138999 -0.818205
vn 0.098728 0.131936 -0.986329
vn 0.073983 0.139166 -0.987502
vn 0.024774 0.139166 -0.989959
vn 0.384643 0.139024 -0.912536
vn 0.291954 0.139025 -0.946274
vn 0.196156 0.139003 -0.970670
vn 0.196188 0.138984 -0.970667
vn 0.384646 0.138963 -0.912544
vn 0.473034 0.146932 -0.868706
vn 0.407296 0.139135 -0.902636
vn 0.451710 0.139135 -0.881249
vn 0.473632 0.138965 -0.869691
vn 0.473582 0.138999 -0.869713
vn -0.024774 0.139166 -0.989959
vn -0.073983 0.139166 -0.987502
vn 0.000000 0.131926 -0.991260
vn 0.196156 0.139003 -0.970670
vn 0.291922 0.139004 -0.946287
vn 0.098632 0.138990 -0.985370
vn 0.098643 0.138983 -0.985370
vn 0.315327 0.139151 -0.938726
vn 0.361830 0.139151 -0.921801
vn 0.384668 0.138979 -0.912532
vn 0.384223 0.146922 -0.911475
vn -0.123025 0.139110 -0.982605
vn -0.172058 0.139110 -0.975215
vn -0.098728 0.131936 -0.986329
vn 0.196200 0.139031 -0.970657
vn 0.000000 0.138990 -0.990294
vn 0.000000 0.138990 -0.990294
vn -0.098632 0.138990 -0.985370
vn 0.220318 0.139131 -0.965455
vn 0.268340 0.139131 -0.953224
vn 0.291624 0.146894 -0.945187
vn 0.291922 0.139003 -0.946287
vn 0.291961 0.138978 -0.946279
vn -0.220257 0.139130 -0.965469
vn -0.268268 0.139131 -0.953244
vn -0.196379 0.131934 -0.971611
vn 0.098643 0.138990 -0.985369
vn 0.098575 0.139031 -0.985370
vn -0.098643 0.138983 -0.985370
vn 0.196201 0.138983 -0.970664
vn 0.123039 0.139158 -0.982597
vn 0.171977 0.139158 -0.975222
vn 0.195943 0.146920 -0.969547
vn 0.196169 0.139003 -0.970668
vn 0.098575 0.138983 -0.985376
vn -0.315439 0.139151 -0.938688
vn -0.361770 0.139151 -0.921824
vn -0.292200 0.131927 -0.947214
vn 0.000000 0.138990 -0.990294
vn 0.000000 0.138990 -0.990294
vn -0.098643 0.138990 -0.985369
vn -0.196187 0.139003 -0.970664
vn -0.196156 0.138984 -0.970673
vn 0.024698 0.139166 -0.989961
vn 0.074094 0.139166 -0.987493
vn 0.098588 0.138990 -0.985374
vn 0.098474 0.146917 -0.984235
vn -0.407252 0.139134 -0.902656
vn -0.451853 0.139134 -0.881176
vn -0.385040 0.131930 -0.913422
vn -0.098575 0.139031 -0.985370
vn -0.291956 0.139003 -0.946277
vn -0.291916 0.138978 -0.946293
vn 0.000000 0.138990 -0.990294
vn 0.000000 0.138990 -0.990294
vn -0.074094 0.139166 -0.987493
vn -0.024698 0.139166 -0.989961
vn 0.000000 0.146954 -0.989143
vn -0.495015 0.139125 -0.857674
vn -0.537357 0.139125 -0.831800
vn -0.474062 0.131948 -0.870549
vn -0.196200 0.139031 -0.970658
vn -0.196155 0.139003 -0.970671
vn -0.384620 0.138979 -0.912552
vn -0.384664 0.139008 -0.912530
vn -0.098575 0.138983 -0.985376
vn -0.098473 0.146917 -0.984235
vn -0.171979 0.139158 -0.975222
vn -0.123038 0.139158 -0.982597
vn -0.098587 0.138990 -0.985374
vn -0.558423 0.131930 -0.818998
vn -0.577992 0.139109 -0.804098
vn -0.617464 0.139110 -0.774200
vn -0.291955 0.139025 -0.946274
vn -0.291922 0.139003 -0.946287
vn -0.473601 0.138998 -0.869702
vn -0.473614 0.139008 -0.869693
vn -0.291922 0.139003 -0.946287
vn -0.268339 0.139130 -0.953225
vn -0.196200 0.139003 -0.970661
vn -0.220317 0.139131 -0.965455
vn -0.195943 0.146920 -0.969547
vn -0.196170 0.138984 -0.970670
vn -0.655291 0.139139 -0.742451
vn -0.691457 0.139139 -0.708892
vn -0.637171 0.131908 -0.759350
vn -0.384619 0.139008 -0.912549
vn -0.384643 0.139024 -0.912536
vn -0.557876 0.139021 -0.818197
vn -0.636546 0.139020 -0.758605
vn -0.557847 0.138999 -0.818221
vn -0.291625 0.146894 -0.945186
vn -0.361830 0.139151 -0.921801
vn -0.315328 0.139151 -0.938725
vn -0.291962 0.138978 -0.946279
vn -0.725918 0.139147 -0.673559
vn -0.758550 0.139146 -0.636585
vn -0.709604 0.131931 -0.692139
vn -0.473629 0.139007 -0.869685
vn -0.473615 0.138997 -0.869695
vn -0.557847 0.138998 -0.818222
vn -0.636556 0.139012 -0.758598
vn -0.708911 0.139012 -0.691463
vn -0.451708 0.139135 -0.881250
vn -0.407296 0.139135 -0.902636
vn -0.384223 0.146922 -0.911475
vn -0.384646 0.138963 -0.912544
vn -0.384668 0.138979 -0.912532
vn -0.789379 0.139136 -0.597931
vn -0.818209 0.139136 -0.557831
vn -0.774989 0.131916 -0.618053
vn -0.557871 0.138981 -0.818208
vn -0.708900 0.139020 -0.691472
vn -0.774230 0.139018 -0.617448
vn -0.537294 0.139126 -0.831841
vn -0.495170 0.139126 -0.857584
vn -0.473630 0.138998 -0.869686
vn -0.473585 0.138965 -0.869716
vn -0.473035 0.146933 -0.868705
vn -0.845003 0.139134 -0.516345
vn -0.869670 0.139134 -0.473620
vn -0.832695 0.131918 -0.537789
vn -0.708901 0.139012 -0.691473
vn -0.636556 0.139012 -0.758598
vn -0.636522 0.138983 -0.758633
vn -0.774242 0.139008 -0.617435
vn -0.617354 0.139109 -0.774288
vn -0.578068 0.139108 -0.804044
vn -0.557868 0.139021 -0.818203
vn -0.557840 0.138999 -0.818226
vn -0.557197 0.146897 -0.817284
vn -0.892206 0.139131 -0.429665
vn -0.912523 0.139131 -0.384636
vn -0.882093 0.131915 -0.452229
vn -0.708934 0.138985 -0.691444
vn -0.774245 0.138987 -0.617437
vn -0.831881 0.139006 -0.537263
vn -0.831881 0.139007 -0.537262
vn -0.881230 0.139005 -0.451786
vn -0.691423 0.139139 -0.708925
vn -0.655302 0.139140 -0.742442
vn -0.635839 0.146936 -0.757706
vn -0.636522 0.138974 -0.758634
vn -0.636574 0.139019 -0.758582
vn -0.930553 0.139137 -0.338691
vn -0.946268 0.139137 -0.291922
vn -0.922738 0.131922 -0.362148
vn -0.774255 0.138978 -0.617426
vn -0.881231 0.139004 -0.451784
vn -0.708887 0.138977 -0.691495
vn -0.758568 0.139114 -0.636571
vn -0.725938 0.139113 -0.673545
vn -0.708066 0.146918 -0.690694
vn -0.708931 0.139020 -0.691441
vn -0.959656 0.139138 -0.244336
vn -0.970637 0.139137 -0.196227
vn -0.954209 0.131914 -0.268483
vn -0.831881 0.139007 -0.537262
vn -0.831861 0.138981 -0.537300
vn -0.921838 0.138993 -0.361795
vn -0.921844 0.139004 -0.361777
vn -0.818211 0.139135 -0.557828
vn -0.789401 0.139135 -0.597903
vn -0.774259 0.139018 -0.617411
vn -0.774251 0.139009 -0.617423
vn -0.773366 0.146922 -0.616699
vn -0.979215 0.139132 -0.147583
vn -0.985353 0.139132 -0.098602
vn -0.976203 0.131916 -0.172123
vn -0.881233 0.139007 -0.451780
vn -0.881231 0.139004 -0.451784
vn -0.953276 0.138996 -0.268225
vn -0.953277 0.138999 -0.268221
vn -0.869695 0.139134 -0.473574
vn -0.844965 0.139134 -0.516406
vn -0.830902 0.146909 -0.536675
vn -0.831858 0.139006 -0.537299
vn -0.831860 0.139009 -0.537295
vn -0.988489 0.131917 -0.074081
vn -0.989043 0.139132 -0.049363
vn -0.990274 0.139132 0.000000
vn -0.921843 0.139011 -0.361776
vn -0.921839 0.139004 -0.361787
vn -0.953274 0.139009 -0.268225
vn -0.975248 0.139000 -0.171961
vn -0.975248 0.139004 -0.171955
vn -0.912510 0.139131 -0.384667
vn -0.892199 0.139131 -0.429678
vn -0.880218 0.146910 -0.451258
vn -0.881234 0.139005 -0.451779
vn -0.881233 0.139004 -0.451781
vn -0.989043 0.139131 0.049355
vn -0.985353 0.139132 0.098602
vn -0.990953 0.131916 0.024712
vn -0.975248 0.139002 -0.171961
vn -0.953279 0.139000 -0.268211
vn -0.987523 0.138999 -0.074008
vn -0.987523 0.139003 -0.074002
vn -0.946278 0.139122 -0.291895
vn -0.930567 0.139121 -0.338660
vn -0.921839 0.139011 -0.361787
vn -0.921836 0.139004 -0.361797
vn -0.920771 0.146919 -0.361379
vn -0.979215 0.139129 0.147583
vn -0.983567 0.131917 0.123260
vn -0.970638 0.139128 0.196228
vn -0.975246 0.139005 -0.171967
vn -0.989984 0.139002 0.024687
vn -0.989984 0.139004 0.024690
vn -0.970641 0.139127 -0.196214
vn -0.959650 0.139126 -0.244368
vn -0.975246 0.139009 -0.171967
vn -0.953278 0.139012 -0.268211
vn -0.952179 0.146909 -0.267907
vn -0.953277 0.139009 -0.268216
vn -0.959647 0.139131 0.244377
vn -0.946283 0.139131 0.291875
vn -0.966406 0.131913 0.220585
vn -0.987523 0.139005 -0.074002
vn -0.989984 0.139004 0.024690
vn -0.987523 0.139005 -0.074002
vn -0.982607 0.138999 0.123135
vn -0.982606 0.139002 0.123139
vn -0.985353 0.139132 -0.098599
vn -0.979212 0.139132 -0.147603
vn -0.974123 0.146912 -0.171760
vn -0.975248 0.139004 -0.171959
vn -0.939646 0.131913 0.315697
vn -0.930554 0.139130 0.338692
vn -0.912523 0.139130 0.384636
vn -0.989984 0.139003 0.024692
vn -0.965461 0.139005 0.220369
vn -0.965463 0.139001 0.220362
vn -0.989043 0.139130 -0.049354
vn -0.987523 0.139003 -0.074002
vn -0.986383 0.146918 -0.073916
vn -0.987523 0.139003 -0.074002
vn -0.990274 0.139130 0.000000
vn -0.903546 0.131911 0.407681
vn -0.892206 0.139131 0.429665
vn -0.869670 0.139131 0.473620
vn -0.982607 0.139003 0.123135
vn -0.982606 0.139005 0.123138
vn -0.938727 0.139003 0.315389
vn -0.902662 0.139003 0.407282
vn -0.938725 0.139005 0.315393
vn -0.989984 0.139005 0.024692
vn -0.989984 0.139003 0.024688
vn -0.985354 0.139127 0.098599
vn -0.988842 0.146914 0.024660
vn -0.989043 0.139129 0.049361
vn -0.845004 0.139124 0.516345
vn -0.818210 0.139124 0.557832
vn -0.858451 0.131918 0.495640
vn -0.938725 0.139005 0.315393
vn -0.965463 0.139005 0.220362
vn -0.965464 0.139002 0.220357
vn -0.902662 0.139002 0.407283
vn -0.981473 0.146911 0.122994
vn -0.982606 0.139008 0.123137
vn -0.970641 0.139128 0.196214
vn -0.982606 0.139007 0.123136
vn -0.979216 0.139129 0.147581
vn -0.789381 0.139120 0.597932
vn -0.758553 0.139119 0.636587
vn -0.804844 0.131905 0.578642
vn -0.938724 0.139003 0.315397
vn -0.857609 0.139002 0.495161
vn -0.857613 0.138998 0.495156
vn -0.965464 0.139004 0.220357
vn -0.964347 0.146918 0.220115
vn -0.965460 0.139011 0.220369
vn -0.946277 0.139133 0.291895
vn -0.959649 0.139132 0.244368
vn -0.725920 0.139128 0.673561
vn -0.691458 0.139128 0.708893
vn -0.743216 0.131917 0.655917
vn -0.902662 0.139004 0.407283
vn -0.902663 0.139003 0.407281
vn -0.804053 0.138997 0.578082
vn -0.804057 0.138993 0.578077
vn -0.902663 0.139003 0.407281
vn -0.938723 0.139004 0.315399
vn -0.937640 0.146917 0.315035
vn -0.938724 0.139003 0.315397
vn -0.912533 0.139129 0.384613
vn -0.930548 0.139129 0.338708
vn -0.674244 0.131914 0.726632
vn -0.655293 0.139119 0.742454
vn -0.617360 0.139118 0.774282
vn -0.857607 0.139021 0.495160
vn -0.857624 0.139004 0.495136
vn -0.804049 0.139024 0.578080
vn -0.673585 0.139000 0.725922
vn -0.742501 0.138992 0.655266
vn -0.742490 0.139000 0.655276
vn -0.902663 0.139002 0.407281
vn -0.901620 0.146925 0.406811
vn -0.869661 0.139131 0.473638
vn -0.892199 0.139131 0.429678
vn -0.578102 0.139121 0.804017
vn -0.537238 0.139121 0.831878
vn -0.598514 0.131923 0.790175
vn -0.804047 0.139021 0.578084
vn -0.673575 0.138991 0.725933
vn -0.597931 0.138990 0.789405
vn -0.857625 0.138997 0.495136
vn -0.857620 0.139002 0.495143
vn -0.856632 0.146902 0.494573
vn -0.818213 0.139124 0.557829
vn -0.845008 0.139124 0.516340
vn -0.495142 0.139128 0.857600
vn -0.451853 0.139128 0.881177
vn -0.516874 0.131915 0.845837
vn -0.742496 0.139033 0.655262
vn -0.742508 0.139024 0.655251
vn -0.597937 0.138995 0.789399
vn -0.742511 0.138993 0.655254
vn -0.804048 0.138996 0.578089
vn -0.803119 0.146918 0.577421
vn -0.758630 0.139119 0.636496
vn -0.789347 0.139120 0.597977
vn -0.804050 0.138994 0.578087
vn -0.407253 0.139111 0.902659
vn -0.361772 0.139110 0.921829
vn -0.430092 0.131885 0.893100
vn -0.673571 0.139027 0.725929
vn -0.673559 0.139036 0.725939
vn -0.516369 0.139000 0.845010
vn -0.516377 0.138995 0.845006
vn -0.673562 0.139001 0.725943
vn -0.742519 0.139001 0.655244
vn -0.741662 0.146914 0.654487
vn -0.691424 0.139127 0.708926
vn -0.725936 0.139127 0.673543
vn -0.315441 0.139125 0.938691
vn -0.268111 0.139125 0.953289
vn -0.339072 0.131913 0.931466
vn -0.516374 0.139035 0.845001
vn -0.597934 0.139033 0.789395
vn -0.597940 0.139029 0.789391
vn -0.429668 0.139028 0.892220
vn -0.429713 0.139000 0.892203
vn -0.617446 0.139119 0.774213
vn -0.655218 0.139119 0.742519
vn -0.673552 0.138991 0.725954
vn -0.672774 0.146910 0.725116
vn -0.220418 0.139124 0.965433
vn -0.171893 0.139124 0.975242
vn -0.244581 0.131933 0.960611
vn -0.516328 0.139001 0.845035
vn -0.338691 0.139029 0.930569
vn -0.338741 0.138999 0.930556
vn -0.597949 0.138990 0.789392
vn -0.597258 0.146910 0.788480
vn -0.537294 0.139122 0.831841
vn -0.578067 0.139122 0.804042
vn -0.597943 0.138994 0.789395
vn -0.147760 0.131934 0.980184
vn -0.049364 0.131916 0.990031
vn -0.123191 0.139139 0.982580
vn -0.073983 0.139139 0.987505
vn -0.429688 0.139000 0.892215
vn -0.429714 0.138984 0.892205
vn -0.147616 0.138998 0.979229
vn -0.244343 0.138998 0.959675
vn -0.244342 0.138998 0.959675
vn -0.516325 0.139042 0.845030
vn -0.515798 0.146908 0.844020
vn -0.451708 0.139127 0.881251
vn -0.495170 0.139127 0.857584
vn -0.516395 0.138994 0.844995
vn -0.244342 0.138998 0.959675
vn -0.338716 0.138983 0.930567
vn -0.338692 0.138998 0.930574
vn -0.049316 0.139012 0.989062
vn -0.147640 0.139012 0.979223
vn -0.049322 0.139015 0.989061
vn -0.049322 0.139015 0.989061
vn -0.429687 0.139028 0.892211
vn -0.429662 0.139044 0.892220
vn -0.429170 0.146891 0.891199
vn -0.361832 0.139111 0.921806
vn -0.407297 0.139111 0.902639
vn -0.244340 0.138997 0.959676
vn -0.244340 0.138998 0.959676
vn -0.338668 0.139029 0.930578
vn -0.338278 0.146921 0.929506
vn -0.338716 0.138998 0.930565
vn -0.268198 0.139126 0.953265
vn -0.315329 0.139126 0.938729
vn -0.147586 0.138997 0.979234
vn -0.147641 0.138964 0.979230
vn -0.049406 0.138964 0.989064
vn -0.049406 0.139015 0.989057
vn -0.244340 0.138998 0.959676
vn -0.244058 0.146915 0.958568
vn -0.171832 0.139172 0.975246
vn -0.220460 0.139171 0.965416
vn -0.147609 0.138997 0.979230
vn -0.049410 0.139013 0.989057
vn -0.147439 0.146912 0.978100
vn -0.147586 0.139012 0.979231
vn -0.073944 0.139139 0.987508
vn -0.123188 0.139139 0.982581
vn -0.049353 0.146891 0.987921
vn -0.024774 0.139093 0.989969
vn -0.024698 0.139094 0.989971
vn 0.123191 0.139139 0.982580
vn 0.049364 0.131917 0.990031
vn 0.073983 0.139139 0.987505
vn 0.171893 0.139124 0.975242
vn 0.220421 0.139124 0.965432
vn 0.147760 0.131935 0.980184
vn 0.049316 0.139012 0.989062
vn 0.049322 0.139015 0.989061
vn 0.268111 0.139126 0.953289
vn 0.315439 0.139126 0.938692
vn 0.244581 0.131934 0.960611
vn 0.147616 0.138997 0.979229
vn 0.147639 0.139012 0.979223
vn 0.361774 0.139111 0.921828
vn 0.407253 0.139112 0.902659
vn 0.339073 0.131913 0.931466
vn 0.049322 0.138963 0.989069
vn 0.049406 0.139015 0.989057
vn 0.244342 0.138997 0.959675
vn 0.244343 0.138998 0.959675
vn 0.451851 0.139128 0.881178
vn 0.495142 0.139128 0.857600
vn 0.430092 0.131886 0.893100
vn 0.147586 0.138964 0.979238
vn 0.147640 0.138997 0.979225
vn 0.338740 0.139030 0.930551
vn 0.338692 0.138998 0.930574
vn 0.049353 0.146891 0.987921
vn 0.049406 0.139013 0.989057
vn 0.123188 0.139139 0.982581
vn 0.073944 0.139139 0.987508
vn 0.049410 0.139015 0.989057
vn 0.516874 0.131915 0.845837
vn 0.537236 0.139120 0.831879
vn 0.578105 0.139120 0.804015
vn 0.244340 0.138997 0.959676
vn 0.244342 0.138998 0.959675
vn 0.429710 0.139028 0.892200
vn 0.429670 0.139000 0.892224
vn 0.147609 0.139012 0.979228
vn 0.147585 0.138997 0.979234
vn 0.220461 0.139172 0.965416
vn 0.171830 0.139172 0.975246
vn 0.147439 0.146912 0.978100
vn 0.617357 0.139117 0.774284
vn 0.598514 0.131923 0.790175
vn 0.655293 0.139118 0.742454
vn 0.338716 0.138998 0.930565
vn 0.338693 0.138983 0.930576
vn 0.516377 0.139000 0.845005
vn 0.516369 0.138995 0.845011
vn 0.244340 0.138998 0.959676
vn 0.244339 0.138997 0.959676
vn 0.244057 0.146916 0.958568
vn 0.315328 0.139126 0.938729
vn 0.268200 0.139125 0.953264
vn 0.674245 0.131912 0.726631
vn 0.691458 0.139126 0.708893
vn 0.725920 0.139126 0.673561
vn 0.429712 0.139000 0.892203
vn 0.429687 0.138983 0.892218
vn 0.597937 0.138995 0.789399
vn 0.597931 0.138990 0.789405
vn 0.338670 0.138999 0.930582
vn 0.338715 0.139029 0.930561
vn 0.338278 0.146921 0.929506
vn 0.407297 0.139111 0.902639
vn 0.361832 0.139111 0.921806
vn 0.758556 0.139119 0.636584
vn 0.789381 0.139120 0.597932
vn 0.743215 0.131916 0.655919
vn 0.516375 0.139034 0.845001
vn 0.516330 0.139001 0.845034
vn 0.516328 0.139001 0.845035
vn 0.673585 0.139000 0.725922
vn 0.673575 0.138991 0.725933
vn 0.429663 0.139028 0.892223
vn 0.429686 0.139044 0.892209
vn 0.429170 0.146891 0.891199
vn 0.495170 0.139127 0.857584
vn 0.451708 0.139127 0.881251
vn 0.818210 0.139124 0.557832
vn 0.024774 0.139093 0.989969
vn 0.845004 0.139124 0.516345
vn 0.804844 0.131905 0.578642
vn 0.673571 0.139027 0.725929
vn 0.597935 0.139029 0.789395
vn 0.597940 0.139033 0.789391
vn 0.742491 0.138991 0.655277
vn 0.742500 0.139000 0.655266
vn 0.515799 0.146908 0.844020
vn 0.516328 0.138993 0.845036
vn 0.516391 0.139042 0.844990
vn 0.578067 0.139122 0.804042
vn 0.537294 0.139122 0.831841
vn 0.869670 0.139131 0.473620
vn 0.892206 0.139131 0.429665
vn 0.858451 0.131918 0.495640
vn 0.673559 0.139036 0.725939
vn 0.804053 0.138993 0.578083
vn 0.804057 0.138997 0.578076
vn 0.597258 0.146910 0.788480
vn 0.597943 0.138990 0.789396
vn 0.655218 0.139119 0.742519
vn 0.617446 0.139119 0.774213
vn 0.024698 0.139094 0.989971
vn 0.597948 0.138994 0.789391
vn 0.912523 0.139130 0.384636
vn 0.930554 0.139130 0.338692
vn 0.903546 0.131911 0.407681
vn 0.742497 0.139024 0.655263
vn 0.742507 0.139033 0.655251
vn 0.857610 0.138998 0.495162
vn 0.857612 0.139002 0.495156
vn 0.673552 0.138991 0.725954
vn 0.673562 0.139001 0.725943
vn 0.725936 0.139127 0.673543
vn 0.691424 0.139127 0.708926
vn 0.672774 0.146910 0.725116
vn 0.939646 0.131913 0.315697
vn 0.946283 0.139131 0.291875
vn 0.959647 0.139131 0.244377
vn 0.804047 0.139021 0.578084
vn 0.804049 0.139024 0.578080
vn 0.857607 0.139021 0.495160
vn 0.902662 0.139002 0.407283
vn 0.902662 0.139003 0.407282
vn 0.742519 0.139001 0.655244
vn 0.789347 0.139120 0.597977
vn 0.758630 0.139119 0.636496
vn 0.741662 0.146914 0.654487
vn 0.742511 0.138993 0.655254
vn 0.970641 0.139133 0.196211
vn 0.979213 0.139132 0.147596
vn 0.966406 0.131913 0.220585
vn 0.857624 0.139004 0.495136
vn 0.938726 0.139003 0.315393
vn 0.938727 0.139005 0.315388
vn 0.804050 0.138996 0.578086
vn 0.803119 0.146918 0.577421
vn 0.845008 0.139124 0.516340
vn 0.818213 0.139124 0.557829
vn 0.804048 0.138994 0.578089
vn 0.985353 0.139129 0.098602
vn 0.989043 0.139130 0.049359
vn 0.983568 0.131915 0.123255
vn 0.902663 0.139004 0.407281
vn 0.902662 0.139003 0.407283
vn 0.965462 0.139001 0.220369
vn 0.965463 0.139005 0.220362
vn 0.857620 0.138997 0.495144
vn 0.856632 0.146902 0.494573
vn 0.857624 0.139002 0.495136
vn 0.892199 0.139131 0.429678
vn 0.869661 0.139131 0.473638
vn 0.990953 0.131916 0.024714
vn 0.990274 0.139132 -0.000000
vn 0.989043 0.139132 -0.049355
vn 0.938724 0.139003 0.315397
vn 0.938725 0.139005 0.315393
vn 0.982607 0.139005 0.123134
vn 0.982606 0.139002 0.123140
vn 0.930548 0.139129 0.338708
vn 0.912533 0.139129 0.384613
vn 0.902663 0.139003 0.407281
vn 0.902663 0.139002 0.407281
vn 0.901620 0.146925 0.406811
vn 0.985352 0.139132 -0.098610
vn 0.979215 0.139132 -0.147583
vn 0.988489 0.131914 -0.074078
vn 0.965462 0.139008 0.220362
vn 0.965462 0.139005 0.220366
vn 0.989984 0.139003 0.024688
vn 0.989984 0.139003 0.024690
vn 0.938724 0.139004 0.315397
vn 0.937640 0.146917 0.315035
vn 0.959649 0.139132 0.244368
vn 0.946277 0.139133 0.291895
vn 0.938723 0.139003 0.315399
vn 0.976202 0.131914 -0.172131
vn 0.970638 0.139132 -0.196227
vn 0.959652 0.139132 -0.244357
vn 0.982607 0.139006 0.123133
vn 0.982606 0.139002 0.123140
vn 0.987523 0.139003 -0.074005
vn 0.987523 0.139003 -0.074005
vn 0.964348 0.146920 0.220107
vn 0.979213 0.139132 0.147592
vn 0.970640 0.139133 0.196214
vn 0.965463 0.139004 0.220361
vn 0.965462 0.139001 0.220366
vn 0.954212 0.131917 -0.268472
vn 0.946283 0.139129 -0.291875
vn 0.930554 0.139129 -0.338692
vn 0.989984 0.139004 0.024688
vn 0.989984 0.139003 0.024691
vn 0.975247 0.139004 -0.171961
vn 0.975247 0.139004 -0.171962
vn 0.981472 0.146917 0.122993
vn 0.989043 0.139131 0.049357
vn 0.985353 0.139132 0.098599
vn 0.982607 0.139004 0.123133
vn 0.982607 0.139002 0.123136
vn 0.922739 0.131913 -0.362148
vn 0.912510 0.139131 -0.384667
vn 0.892206 0.139131 -0.429665
vn 0.975247 0.139005 -0.171961
vn 0.987523 0.139005 -0.074005
vn 0.987523 0.139005 -0.074005
vn 0.953280 0.139002 -0.268210
vn 0.953278 0.139005 -0.268214
vn 0.921837 0.139002 -0.361794
vn 0.988842 0.146915 0.024660
vn 0.989043 0.139130 -0.049361
vn 0.990274 0.139130 0.000000
vn 0.989984 0.139004 0.024688
vn 0.989984 0.139003 0.024691
vn 0.882093 0.131915 -0.452229
vn 0.869670 0.139134 -0.473620
vn 0.845003 0.139134 -0.516345
vn 0.975247 0.139002 -0.171967
vn 0.953278 0.139000 -0.268215
vn 0.921838 0.139004 -0.361791
vn 0.975247 0.138999 -0.171967
vn 0.987523 0.139001 -0.074005
vn 0.987523 0.139003 -0.074008
vn 0.979213 0.139132 -0.147592
vn 0.985353 0.139132 -0.098599
vn 0.986383 0.146916 -0.073922
vn 0.818210 0.139122 -0.557832
vn 0.789381 0.139121 -0.597932
vn 0.832683 0.131911 -0.537808
vn 0.953279 0.139002 -0.268211
vn 0.881231 0.139004 -0.451784
vn 0.831869 0.139006 -0.537282
vn 0.881230 0.139005 -0.451786
vn 0.975248 0.139004 -0.171959
vn 0.974122 0.146917 -0.171760
vn 0.959649 0.139132 -0.244368
vn 0.970640 0.139132 -0.196214
vn 0.758587 0.139130 -0.636544
vn 0.725919 0.139130 -0.673561
vn 0.775006 0.131909 -0.618034
vn 0.921838 0.139004 -0.361791
vn 0.921840 0.139002 -0.361787
vn 0.774247 0.139008 -0.617428
vn 0.831870 0.139007 -0.537280
vn 0.952178 0.146915 -0.267906
vn 0.930547 0.139137 -0.338708
vn 0.946283 0.139136 -0.291873
vn 0.953277 0.139005 -0.268216
vn 0.953279 0.139002 -0.268211
vn 0.709605 0.131913 -0.692141
vn 0.691459 0.139121 -0.708894
vn 0.655245 0.139121 -0.742496
vn 0.881233 0.139004 -0.451781
vn 0.881231 0.139007 -0.451784
vn 0.831870 0.139007 -0.537280
vn 0.774243 0.139003 -0.617435
vn 0.921839 0.139004 -0.361787
vn 0.892199 0.139131 -0.429678
vn 0.912521 0.139131 -0.384640
vn 0.921841 0.139002 -0.361784
vn 0.920777 0.146914 -0.361366
vn 0.617411 0.139129 -0.774240
vn 0.578046 0.139129 -0.804056
vn 0.637171 0.131908 -0.759350
vn 0.774242 0.139008 -0.617435
vn 0.831869 0.139007 -0.537280
vn 0.708911 0.139012 -0.691463
vn 0.708922 0.139003 -0.691454
vn 0.880209 0.146916 -0.451273
vn 0.844986 0.139134 -0.516373
vn 0.869678 0.139134 -0.473606
vn 0.881226 0.139004 -0.451794
vn 0.881235 0.138994 -0.451781
vn 0.537297 0.139125 -0.831839
vn 0.495142 0.139125 -0.857601
vn 0.558395 0.131920 -0.819019
vn 0.774237 0.139002 -0.617443
vn 0.636548 0.139001 -0.758608
vn 0.636533 0.139012 -0.758618
vn 0.830912 0.146915 -0.536657
vn 0.789373 0.139135 -0.597939
vn 0.818211 0.139135 -0.557828
vn 0.831871 0.138995 -0.537281
vn 0.831873 0.138993 -0.537278
vn 0.474096 0.131916 -0.870535
vn 0.451786 0.139134 -0.881210
vn 0.407252 0.139134 -0.902656
vn 0.708923 0.138994 -0.691455
vn 0.708914 0.139002 -0.691462
vn 0.557874 0.139001 -0.818202
vn 0.557848 0.139019 -0.818217
vn 0.708913 0.139003 -0.691462
vn 0.774237 0.139003 -0.617443
vn 0.725936 0.139129 -0.673543
vn 0.758598 0.139129 -0.636532
vn 0.774247 0.138994 -0.617432
vn 0.773352 0.146915 -0.616719
vn 0.385040 0.131930 -0.913422
vn 0.361770 0.139151 -0.921824
vn 0.315439 0.139151 -0.938688
vn 0.636534 0.139001 -0.758620
vn 0.636544 0.138994 -0.758612
vn 0.557874 0.139001 -0.818202
vn 0.473582 0.139019 -0.869709
vn 0.473634 0.138986 -0.869686
vn 0.636542 0.139011 -0.758611
vn 0.655261 0.139121 -0.742481
vn 0.691425 0.139122 -0.708926
vn 0.708921 0.139010 -0.691453
vn 0.708103 0.146918 -0.690655
vn 0.292163 0.131915 -0.947227
vn 0.268189 0.139131 -0.953267
vn 0.220337 0.139131 -0.965450
vn 0.557870 0.138997 -0.818206
vn 0.384689 0.138986 -0.912523
vn 0.384664 0.139001 -0.912531
vn 0.578066 0.139128 -0.804042
vn 0.617445 0.139128 -0.774212
vn 0.635819 0.146908 -0.757728
vn 0.636552 0.139020 -0.758601
vn 0.196419 0.131923 -0.971605
vn 0.171976 0.139134 -0.975226
vn 0.123108 0.139134 -0.982592
vn 0.473599 0.138997 -0.869703
vn 0.473583 0.139008 -0.869710
vn 0.291882 0.139001 -0.946300
vn 0.291877 0.139004 -0.946301
vn 0.557838 0.139021 -0.818224
vn 0.557870 0.138998 -0.818206
vn 0.495170 0.139126 -0.857584
vn 0.537240 0.139126 -0.831876
vn 0.557196 0.146918 -0.817281
vn 0.098687 0.131924 -0.986335
vn 0.074067 0.139117 -0.987502
vn 0.024689 0.139117 -0.989968
vn 0.384677 0.139008 -0.912524
vn 0.384688 0.139001 -0.912521
vn 0.196227 0.139007 -0.970655
vn 0.196233 0.139004 -0.970655
vn 0.407296 0.139135 -0.902636
vn 0.451768 0.139135 -0.881219
vn 0.473065 0.146922 -0.868690
vn 0.473598 0.139008 -0.869702
vn 0.384677 0.139008 -0.912524
vn 0.473613 0.138998 -0.869696
vn -0.024689 0.139117 -0.989968
vn -0.074067 0.139117 -0.987502
vn 0.000000 0.131902 -0.991263
vn 0.291882 0.139004 -0.946300
vn 0.291886 0.139001 -0.946299
vn 0.098603 0.139007 -0.985370
vn 0.098590 0.139015 -0.985370
vn 0.384223 0.146922 -0.911475
vn 0.315397 0.139128 -0.938705
vn 0.361765 0.139128 -0.921829
vn 0.291886 0.139001 -0.946299
vn 0.384667 0.139001 -0.912529
vn -0.123108 0.139134 -0.982592
vn -0.171975 0.139134 -0.975226
vn -0.098687 0.131924 -0.986335
vn 0.196233 0.139007 -0.970654
vn 0.196238 0.139004 -0.970654
vn 0.098603 0.139007 -0.985370
vn 0.000000 0.139015 -0.990290
vn 0.000000 0.139015 -0.990290
vn 0.291553 0.146917 -0.945205
vn 0.220389 0.139131 -0.965438
vn 0.268198 0.139131 -0.953264
vn 0.291890 0.139004 -0.946297
vn -0.220340 0.139131 -0.965450
vn -0.268189 0.139131 -0.953267
vn -0.196419 0.131922 -0.971605
vn 0.098575 0.138990 -0.985375
vn -0.098591 0.139007 -0.985371
vn -0.098602 0.139014 -0.985369
vn 0.123188 0.139135 -0.982581
vn 0.171906 0.139135 -0.975238
vn 0.196239 0.138983 -0.970656
vn 0.195980 0.146932 -0.969538
vn 0.196207 0.139003 -0.970660
vn 0.098575 0.138983 -0.985376
vn -0.315438 0.139151 -0.938688
vn -0.361772 0.139151 -0.921823
vn -0.292163 0.131916 -0.947227
vn 0.000000 0.138990 -0.990294
vn 0.000000 0.138990 -0.990294
vn -0.098603 0.138990 -0.985373
vn -0.196227 0.139003 -0.970656
vn -0.196233 0.139007 -0.970654
vn 0.098625 0.139014 -0.985367
vn 0.024698 0.139118 -0.989968
vn 0.073944 0.139118 -0.987511
vn 0.098511 0.146929 -0.984229
vn -0.407251 0.139135 -0.902656
vn -0.451784 0.139135 -0.881211
vn -0.385040 0.131931 -0.913421
vn -0.098575 0.139007 -0.985373
vn -0.291881 0.139003 -0.946300
vn -0.384664 0.139001 -0.912531
vn -0.291877 0.139001 -0.946301
vn 0.000000 0.139015 -0.990290
vn -0.073944 0.139118 -0.987511
vn -0.024699 0.139117 -0.989968
vn 0.000000 0.146906 -0.989150
vn 0.000000 0.139015 -0.990290
vn -0.474097 0.131915 -0.870535
vn -0.495142 0.139125 -0.857601
vn -0.537295 0.139125 -0.831840
vn -0.196239 0.139007 -0.970653
vn -0.196234 0.139004 -0.970655
vn -0.384689 0.138986 -0.912523
vn -0.098575 0.138983 -0.985376
vn -0.098626 0.139014 -0.985367
vn -0.098512 0.146929 -0.984229
vn -0.171904 0.139135 -0.975239
vn -0.123188 0.139135 -0.982581
vn -0.578049 0.139128 -0.804054
vn -0.558395 0.131919 -0.819019
vn -0.617408 0.139128 -0.774242
vn -0.291881 0.139001 -0.946300
vn -0.384688 0.139001 -0.912521
vn -0.291886 0.139004 -0.946298
vn -0.473632 0.139020 -0.869681
vn -0.473585 0.138986 -0.869713
vn -0.557848 0.139019 -0.818217
vn -0.196239 0.139003 -0.970654
vn -0.196207 0.138983 -0.970663
vn -0.268200 0.139131 -0.953264
vn -0.220390 0.139131 -0.965438
vn -0.195980 0.146932 -0.969537
vn -0.291886 0.139003 -0.946298
vn -0.655245 0.139120 -0.742496
vn -0.691459 0.139120 -0.708894
vn -0.637170 0.131907 -0.759352
vn -0.384677 0.139008 -0.912524
vn -0.557875 0.139001 -0.818202
vn -0.636547 0.139001 -0.758609
vn -0.361765 0.139128 -0.921829
vn -0.315396 0.139128 -0.938706
vn -0.291889 0.139001 -0.946298
vn -0.291552 0.146917 -0.945205
vn -0.709605 0.131912 -0.692141
vn -0.725920 0.139129 -0.673561
vn -0.758590 0.139129 -0.636541
vn -0.473584 0.138997 -0.869712
vn -0.473598 0.139008 -0.869702
vn -0.636533 0.139011 -0.758618
vn -0.451770 0.139135 -0.881218
vn -0.407296 0.139135 -0.902636
vn -0.384223 0.146922 -0.911475
vn -0.384677 0.139008 -0.912524
vn -0.384667 0.139001 -0.912529
vn -0.473598 0.139008 -0.869702
vn -0.789381 0.139121 -0.597932
vn -0.818210 0.139122 -0.557832
vn -0.775006 0.131909 -0.618034
vn -0.557875 0.139001 -0.818202
vn -0.557871 0.138997 -0.818205
vn -0.708912 0.139002 -0.691464
vn -0.708921 0.139010 -0.691453
vn -0.537240 0.139125 -0.831876
vn -0.495168 0.139125 -0.857586
vn -0.473611 0.138999 -0.869696
vn -0.473064 0.146921 -0.868691
vn -0.845003 0.139134 -0.516345
vn -0.869670 0.139134 -0.473620
vn -0.832683 0.131911 -0.537808
vn -0.636534 0.138994 -0.758620
vn -0.636542 0.139001 -0.758613
vn -0.774248 0.139007 -0.617429
vn -0.774243 0.139002 -0.617435
vn -0.617450 0.139128 -0.774209
vn -0.578064 0.139128 -0.804043
vn -0.557196 0.146917 -0.817281
vn -0.557869 0.139023 -0.818202
vn -0.557840 0.138999 -0.818226
vn -0.636540 0.139022 -0.758610
vn -0.892206 0.139130 -0.429665
vn -0.912510 0.139130 -0.384667
vn -0.882094 0.131914 -0.452227
vn -0.708922 0.139004 -0.691454
vn -0.774243 0.139004 -0.617435
vn -0.708913 0.138996 -0.691464
vn -0.831868 0.139007 -0.537282
vn -0.831867 0.139006 -0.537284
vn -0.691425 0.139123 -0.708926
vn -0.655256 0.139122 -0.742485
vn -0.636554 0.139011 -0.758601
vn -0.635821 0.146906 -0.757727
vn -0.708911 0.139010 -0.691463
vn -0.930554 0.139130 -0.338692
vn -0.946283 0.139131 -0.291875
vn -0.922737 0.131913 -0.362153
vn -0.774237 0.139009 -0.617441
vn -0.881231 0.139005 -0.451784
vn -0.881232 0.139007 -0.451782
vn -0.708922 0.139002 -0.691454
vn -0.758600 0.139129 -0.636529
vn -0.725938 0.139129 -0.673540
vn -0.708103 0.146920 -0.690655
vn -0.774238 0.139002 -0.617442
vn -0.959652 0.139134 -0.244357
vn -0.970637 0.139133 -0.196227
vn -0.954212 0.131919 -0.268472
vn -0.831868 0.139005 -0.537284
vn -0.881232 0.139004 -0.451782
vn -0.831870 0.139008 -0.537279
vn -0.921835 0.139000 -0.361799
vn -0.921838 0.139005 -0.361791
vn -0.818209 0.139133 -0.557831
vn -0.789373 0.139134 -0.597939
vn -0.773352 0.146913 -0.616719
vn -0.774247 0.138994 -0.617432
vn -0.979214 0.139129 -0.147588
vn -0.985353 0.139129 -0.098605
vn -0.976203 0.131914 -0.172126
vn -0.881234 0.139003 -0.451781
vn -0.953278 0.139001 -0.268215
vn -0.953279 0.139004 -0.268210
vn -0.975248 0.139003 -0.171957
vn -0.830912 0.146915 -0.536657
vn -0.869680 0.139134 -0.473602
vn -0.844986 0.139134 -0.516373
vn -0.831872 0.138994 -0.537280
vn -0.831873 0.138995 -0.537278
vn -0.881234 0.138996 -0.451781
vn -0.989043 0.139130 -0.049355
vn -0.990274 0.139130 0.000000
vn -0.988490 0.131912 -0.074078
vn -0.921838 0.139003 -0.361791
vn -0.921838 0.139003 -0.361792
vn -0.975247 0.139005 -0.171961
vn -0.912518 0.139130 -0.384648
vn -0.892199 0.139130 -0.429678
vn -0.880209 0.146914 -0.451273
vn -0.881226 0.139005 -0.451794
vn -0.921838 0.139005 -0.361791
vn -0.989043 0.139128 0.049359
vn -0.985354 0.139128 0.098597
vn -0.990953 0.131914 0.024714
vn -0.953280 0.139004 -0.268209
vn -0.953278 0.139000 -0.268215
vn -0.987522 0.139005 -0.074007
vn -0.987522 0.139006 -0.074005
vn -0.946285 0.139138 -0.291865
vn -0.930547 0.139139 -0.338708
vn -0.953280 0.139001 -0.268209
vn -0.921841 0.139000 -0.361784
vn -0.920777 0.146916 -0.361366
vn -0.983569 0.131913 0.123252
vn -0.979212 0.139132 0.147601
vn -0.970641 0.139133 0.196211
vn -0.975247 0.139002 -0.171967
vn -0.975247 0.139005 -0.171961
vn -0.989984 0.139005 0.024690
vn -0.989984 0.139006 0.024691
vn -0.970639 0.139133 -0.196219
vn -0.959648 0.139134 -0.244373
vn -0.953278 0.139004 -0.268214
vn -0.952178 0.146914 -0.267904
vn -0.966406 0.131913 0.220585
vn -0.959647 0.139131 0.244377
vn -0.946283 0.139131 0.291875
vn -0.987523 0.139005 -0.074005
vn -0.987523 0.139003 -0.074008
vn -0.989984 0.139003 0.024691
vn -0.982607 0.139002 0.123132
vn -0.982606 0.139006 0.123140
vn -0.985353 0.139129 -0.098603
vn -0.979215 0.139129 -0.147583
vn -0.974121 0.146918 -0.171765
vn -0.975247 0.139001 -0.171967
vn -0.975247 0.139003 -0.171963
vn -0.930554 0.139130 0.338692
vn -0.912523 0.139130 0.384636
vn -0.939646 0.131913 0.315697
vn -0.982606 0.139003 0.123140
vn -0.989984 0.139004 0.024688
vn -0.965461 0.139007 0.220369
vn -0.965464 0.139001 0.220360
vn -0.989043 0.139130 -0.049361
vn -0.986383 0.146915 -0.073920
vn -0.987523 0.139003 -0.074005
vn -0.987523 0.139003 -0.074005
vn -0.990274 0.139130 0.000000
vn -0.892206 0.139130 0.429665
vn -0.869670 0.139129 0.473620
vn -0.903545 0.131911 0.407683
vn -0.982606 0.139005 0.123138
vn -0.902662 0.139003 0.407284
vn -0.938727 0.139003 0.315389
vn -0.938724 0.139007 0.315395
vn -0.989984 0.139001 0.024688
vn -0.989984 0.139003 0.024691
vn -0.985352 0.139133 0.098603
vn -0.988842 0.146916 0.024662
vn -0.989043 0.139133 0.049357
vn -0.858453 0.131918 0.495636
vn -0.845004 0.139125 0.516345
vn -0.818210 0.139125 0.557832
vn -0.938725 0.139004 0.315395
vn -0.965463 0.139004 0.220359
vn -0.965462 0.139006 0.220363
vn -0.902663 0.139005 0.407280
vn -0.981472 0.146917 0.122993
vn -0.982607 0.139002 0.123138
vn -0.982607 0.139000 0.123136
vn -0.965463 0.139001 0.220364
vn -0.970639 0.139136 0.196219
vn -0.979214 0.139135 0.147583
vn -0.804843 0.131905 0.578644
vn -0.789381 0.139120 0.597932
vn -0.758556 0.139119 0.636584
vn -0.938724 0.139003 0.315397
vn -0.857607 0.139005 0.495165
vn -0.857616 0.138996 0.495152
vn -0.804056 0.138995 0.578078
vn -0.964349 0.146921 0.220105
vn -0.965464 0.139004 0.220359
vn -0.946279 0.139131 0.291886
vn -0.959648 0.139131 0.244373
vn -0.725920 0.139126 0.673561
vn -0.691458 0.139126 0.708893
vn -0.743215 0.131916 0.655919
vn -0.902663 0.139002 0.407281
vn -0.857607 0.139002 0.495165
vn -0.902663 0.139003 0.407281
vn -0.804054 0.138993 0.578081
vn -0.938723 0.139004 0.315399
vn -0.937640 0.146918 0.315035
vn -0.938724 0.139003 0.315397
vn -0.912529 0.139130 0.384621
vn -0.930548 0.139130 0.338708
vn -0.655293 0.139118 0.742454
vn -0.617357 0.139117 0.774284
vn -0.674245 0.131912 0.726631
vn -0.857621 0.139023 0.495134
vn -0.804051 0.139026 0.578078
vn -0.742501 0.138992 0.655266
vn -0.742489 0.139001 0.655278
vn -0.902663 0.139002 0.407281
vn -0.902663 0.139003 0.407281
vn -0.901620 0.146924 0.406811
vn -0.869663 0.139129 0.473634
vn -0.892199 0.139130 0.429678
vn -0.578105 0.139120 0.804015
vn -0.598514 0.131923 0.790175
vn -0.537236 0.139120 0.831879
vn -0.804047 0.139021 0.578084
vn -0.673587 0.138991 0.725922
vn -0.673574 0.139001 0.725932
vn -0.597931 0.138990 0.789405
vn -0.857619 0.139002 0.495145
vn -0.856630 0.146902 0.494575
vn -0.818210 0.139125 0.557832
vn -0.845007 0.139125 0.516340
vn -0.857625 0.138996 0.495136
vn -0.495142 0.139128 0.857600
vn -0.451851 0.139128 0.881178
vn -0.516874 0.131915 0.845837
vn -0.742496 0.139033 0.655262
vn -0.742508 0.139024 0.655251
vn -0.597937 0.138995 0.789399
vn -0.804050 0.138993 0.578087
vn -0.803119 0.146918 0.577421
vn -0.804048 0.138995 0.578089
vn -0.758632 0.139119 0.636493
vn -0.789347 0.139120 0.597977
vn -0.407253 0.139112 0.902659
vn -0.361774 0.139111 0.921828
vn -0.430092 0.131886 0.893100
vn -0.673559 0.139036 0.725939
vn -0.673571 0.139027 0.725929
vn -0.516369 0.139000 0.845010
vn -0.516378 0.138995 0.845006
vn -0.429670 0.139000 0.892224
vn -0.673562 0.139001 0.725943
vn -0.742510 0.139001 0.655254
vn -0.742521 0.138992 0.655243
vn -0.741663 0.146915 0.654486
vn -0.691424 0.139128 0.708926
vn -0.725938 0.139128 0.673540
vn -0.339073 0.131913 0.931466
vn -0.315439 0.139126 0.938692
vn -0.268111 0.139126 0.953289
vn -0.597939 0.139029 0.789392
vn -0.597934 0.139032 0.789395
vn -0.429710 0.139028 0.892200
vn -0.617451 0.139118 0.774210
vn -0.655214 0.139118 0.742523
vn -0.673552 0.138991 0.725954
vn -0.672774 0.146911 0.725115
vn -0.244581 0.131934 0.960611
vn -0.220421 0.139124 0.965432
vn -0.171893 0.139124 0.975242
vn -0.516377 0.139000 0.845005
vn -0.516327 0.139034 0.845030
vn -0.244343 0.138998 0.959675
vn -0.338742 0.138998 0.930556
vn -0.338691 0.139029 0.930569
vn -0.516330 0.138994 0.845035
vn -0.597949 0.138990 0.789392
vn -0.597942 0.138995 0.789396
vn -0.537294 0.139122 0.831841
vn -0.578065 0.139122 0.804044
vn -0.597258 0.146911 0.788480
vn -0.147760 0.131935 0.980184
vn -0.049364 0.131917 0.990031
vn -0.123191 0.139139 0.982580
vn -0.073983 0.139139 0.987505
vn -0.429686 0.139000 0.892216
vn -0.429713 0.138983 0.892205
vn -0.244342 0.138997 0.959675
vn -0.516390 0.139040 0.844991
vn -0.429684 0.139043 0.892210
vn -0.515797 0.146909 0.844021
vn -0.451710 0.139127 0.881250
vn -0.495168 0.139127 0.857585
vn -0.338692 0.138998 0.930574
vn -0.338717 0.138983 0.930567
vn -0.147640 0.138997 0.979225
vn -0.049316 0.139012 0.989062
vn -0.147615 0.139012 0.979227
vn -0.049322 0.139015 0.989061
vn -0.429171 0.146892 0.891199
vn -0.361832 0.139111 0.921806
vn -0.407297 0.139111 0.902639
vn -0.429664 0.139028 0.892222
vn -0.244342 0.138997 0.959675
vn -0.244340 0.138998 0.959676
vn -0.338668 0.139029 0.930578
vn -0.338716 0.138998 0.930565
vn -0.338278 0.146921 0.929506
vn -0.268200 0.139125 0.953264
vn -0.315328 0.139126 0.938729
vn -0.147640 0.138964 0.979230
vn -0.049322 0.138963 0.989069
vn -0.147585 0.138997 0.979234
vn -0.049406 0.139015 0.989057
vn -0.147585 0.138997 0.979234
vn -0.244339 0.138998 0.959676
vn -0.244057 0.146916 0.958568
vn -0.171830 0.139172 0.975246
vn -0.220461 0.139172 0.965416
vn -0.244340 0.138997 0.959676
vn -0.147609 0.139012 0.979228
vn -0.049406 0.139013 0.989057
vn -0.147439 0.146912 0.978100
vn -0.049410 0.139015 0.989057
vn -0.073944 0.139139 0.987508
vn -0.123188 0.139139 0.982581
vn -0.049353 0.146891 0.987921
vn -0.024774 0.139093 0.989969
vn -0.024699 0.139094 0.989971
vn 0.123191 0.139139 0.982580
vn 0.049364 0.131916 0.990031
vn 0.073983 0.139139 0.987505
vn 0.171893 0.139124 0.975242
vn 0.220418 0.139124 0.965433
vn 0.147760 0.131934 0.980184
vn 0.049316 0.139012 0.989062
vn 0.049322 0.139015 0.989061
vn 0.268111 0.139125 0.953289
vn 0.315441 0.139125 0.938691
vn 0.244581 0.131933 0.960611
vn 0.147616 0.138998 0.979229
vn 0.147640 0.139012 0.979223
vn 0.361772 0.139110 0.921829
vn 0.407253 0.139111 0.902659
vn 0.339072 0.131913 0.931466
vn 0.049322 0.138963 0.989068
vn 0.049406 0.139015 0.989057
vn 0.244342 0.138998 0.959675
vn 0.244343 0.138998 0.959675
vn 0.451853 0.139128 0.881177
vn 0.495142 0.139128 0.857600
vn 0.430092 0.131885 0.893100
vn 0.147640 0.138997 0.979225
vn 0.147587 0.138964 0.979238
vn 0.338739 0.139030 0.930552
vn 0.338692 0.138999 0.930573
vn 0.049353 0.146891 0.987921
vn 0.049406 0.139013 0.989057
vn 0.123188 0.139139 0.982581
vn 0.073944 0.139139 0.987508
vn 0.049410 0.139015 0.989057
vn 0.537238 0.139121 0.831878
vn 0.578102 0.139121 0.804017
vn 0.516874 0.131915 0.845837
vn 0.244340 0.138997 0.959676
vn 0.244342 0.138998 0.959675
vn 0.429711 0.139028 0.892199
vn 0.429670 0.139000 0.892224
vn 0.147609 0.139012 0.979228
vn 0.147586 0.138997 0.979234
vn 0.220460 0.139171 0.965416
vn 0.171832 0.139172 0.975246
vn 0.147439 0.146912 0.978100
vn 0.617360 0.139118 0.774282
vn 0.655293 0.139119 0.742454
vn 0.598514 0.131923 0.790175
vn 0.338716 0.138998 0.930565
vn 0.338693 0.138983 0.930575
vn 0.516369 0.138995 0.845011
vn 0.516376 0.139000 0.845006
vn 0.244340 0.138998 0.959676
vn 0.244340 0.138998 0.959676
vn 0.244058 0.146915 0.958568
vn 0.315329 0.139126 0.938729
vn 0.268198 0.139126 0.953265
vn 0.674244 0.131914 0.726632
vn 0.691458 0.139128 0.708893
vn 0.725920 0.139128 0.673561
vn 0.429713 0.139000 0.892203
vn 0.429689 0.138984 0.892217
vn 0.597937 0.138995 0.789399
vn 0.597931 0.138990 0.789405
vn 0.338670 0.138999 0.930582
vn 0.338714 0.139029 0.930561
vn 0.338278 0.146921 0.929506
vn 0.407297 0.139111 0.902639
vn 0.361832 0.139111 0.921806
vn 0.758553 0.139119 0.636587
vn 0.789381 0.139120 0.597932
vn 0.743216 0.131917 0.655917
vn 0.516374 0.139035 0.845001
vn -0.000000 1.000000 -0.000000
vn -0.000000 1.000000 -0.000000
vn 0.000000 1.000000 0.000000
vn -0.000000 1.000000 -0.000000
vn 0.000000 1.000000 0.000000
vn 0.000000 1.000000 0.000000
vn 0.000000 1.000000 0.000000
vn -0.000000 1.000000 -0.000000
vn -0.000000 1.000000 -0.000000
vn -0.000000 1.000000 -0.000000
vn -0.000000 1.000000 -0.000000
vn -0.000000 1.000000 -0.000000
vn -0.000000 1.000000 -0.000000
vn 0.000000 1.000000 0.000000
vn -0.000000 1.000000 -0.000000
vn -0.000000 1.000000 -0.000000
vn 0.000000 1.000000 0.000000
vn 0.000000 1.000000 0.000000
vn 0.000000 1.000000 0.000000
vn 0.000000 1.000000 0.000000
vn -0.000000 1.000000 -0.000000
vn -0.000000 1.000000 -0.000000
vn 0.000000 1.000000 0.000000
vn 0.000000 1.000000 0.000000
vn -0.000000 1.000000 -0.000000
vn -0.000000 1.000000 -0.000000
vn -0.000000 1.000000 0.000000
vn -0.000000 1.000000 0.000000
vn -0.000000 1.000000 0.000000
vn 0.000000 1.000000 0.000000
vn 0.000000 1.000000 0.000000
vn -0.000000 1.000000 0.000000
vn -0.000000 1.000000 -0.000000
vn -0.000000 1.000000 0.000000
vn -0.000000 1.000000 0.000000
vn 0.000000 1.000000 0.000000
vn 0.000000 1.000000 0.000000
vn 0.000000 1.000000 0.000000
vn -0.000000 1.000000 0.000000
vn 0.000000 1.000000 0.000000
vn 0.000000 1.000000 0.000000
vn -0.000000 1.000000 0.000000
vn -0.000000 1.000000 0.000000
vn -0.000000 1.000000 0.000000
vn -0.000000 1.000000 0.000000
vn 0.000000 1.000000 0.000000
vn 0.000000 1.000000 0.000000
vn 0.000000 1.000000 0.000000
vn -0.000000 1.000000 0.000000
vn -0.000000 1.000000 0.000000
vn 0.000000 1.000000 0.000000
vn 0.000000 1.000000 0.000000
vn -0.000000 1.000000 0.000000
vn -0.000000 1.000000 0.000000
vn 0.000000 1.000000 0.000000
vn 0.000000 1.000000 0.000000
vn -0.000000 1.000000 0.000000
vn 0.000000 1.000000 0.000000
vn 0.000000 1.000000 0.000000
vn -0.000000 1.000000 0.000000
vn -0.000000 1.000000 0.000000
vn -0.000000 1.000000 0.000000
vn -0.000000 1.000000 0.000000
vn -0.000000 1.000000 0.000000
vn -0.000000 1.000000 0.000000
vn 0.000000 1.000000 0.000000
vn -0.000000 1.000000 0.000000
vn -0.000000 1.000000 0.000000
vn -0.000000 1.000000 0.000000
vn 0.000000 1.000000 0.000000
vn 0.000000 1.000000 0.000000
vn 0.000000 1.000000 0.000000
vn 0.000000 1.000000 0.000000
vn -0.000000 1.000000 0.000000
vn -0.000000 1.000000 0.000000
vn 0.000000 1.000000 0.000000
vn -0.000000 1.000000 0.000000
vn -0.000000 1.000000 0.000000
vn -0.000000 1.000000 0.000000
vn 0.000000 1.000000 0.000000
vn 0.000000 1.000000 0.000000
vn 0.000000 1.000000 0.000000
vn -0.000000 1.000000 0.000000
vn 0.000000 1.000000 0.000000
vn -0.000000 1.000000 0.000000
vn 0.000000 1.000000 0.000000
vn -0.000000 1.000000 0.000000
vn 0.000000 1.000000 0.000000
vn 0.000000 1.000000 0.000000
vn 0.000000 1.000000 0.000000
vn 0.000000 1.000000 0.000000
vn -0.000000 1.000000 0.000000
vn -0.000000 1.000000 0.000000
vn 0.000000 1.000000 0.000000
vn 0.000000 1.000000 0.000000
vn 0.000000 1.000000 -0.000000
vn 0.000000 1.000000 0.000000
vn 0.000000 1.000000 0.000000
vn 0.000000 1.000000 0.000000
vn 0.000000 1.000000 0.000000
vn 0.000000 1.000000 0.000000
vn 0.000000 1.000000 -0.000000
vn 0.000000 1.000000 0.000000
vn 0.000000 1.000000 0.000000
vn 0.000000 1.000000 0.000000
vn 0.000000 1.000000 0.000000
vn 0.000000 1.000000 0.000000
vn 0.000000 1.000000 0.000000
vn 0.000000 1.000000 0.000000
vn 0.000000 1.000000 0.000000
vn 0.000000 1.000000 0.000000
vn 0.000000 1.000000 0.000000
vn 0.000000 1.000000 0.000000
vn 0.000000 1.000000 0.000000
vn 0.000000 1.000000 0.000000
vn 0.000000 1.000000 0.000000
vn 0.000000 1.000000 0.000000
vn 0.000000 1.000000 0.000000
vn 0.000000 1.000000 0.000000
vn 0.000000 1.000000 0.000000
vn 0.000000 1.000000 0.000000
vn 0.000000 1.000000 0.000000
vn 0.000000 1.000000 0.000000
vn 0.000000 1.000000 0.000000
vn 0.025017 -0.000000 0.999687
vn 0.074710 -0.000000 0.997205
vn 0.025017 0.000000 0.999687
vn 0.124401 -0.000000 0.992232
vn 0.074710 0.000000 0.997205
vn 0.173581 -0.000000 0.984820
vn 0.124401 0.000000 0.992232
vn 0.222585 -0.000000 0.974913
vn 0.173581 -0.000000 0.984820
vn 0.270744 -0.000000 0.962651
vn 0.222585 -0.000000 0.974913
vn 0.318537 -0.000000 0.947910
vn 0.270744 0.000000 0.962651
vn 0.365326 -0.000000 0.930880
vn 0.318537 -0.000000 0.947910
vn 0.411252 -0.000000 0.911522
vn 0.365326 0.000000 0.930880
vn 0.456289 -0.000000 0.889832
vn 0.411252 0.000000 0.911522
vn 0.500005 -0.000000 0.866023
vn 0.456289 0.000000 0.889832
vn 0.500005 -0.000000 0.866023
vn 0.542511 -0.000000 0.840048
vn 0.542511 -0.000000 0.840048
vn 0.583782 -0.000000 0.811910
vn 0.583782 0.000000 0.811910
vn 0.623419 -0.000000 0.781888
vn 0.661728 -0.000000 0.749744
vn 0.623419 -0.000000 0.781888
vn 0.661728 0.000000 0.749744
vn 0.698249 -0.000000 0.715855
vn 0.733049 -0.000000 0.680176
vn 0.698249 0.000000 0.715855
vn 0.766004 -0.000000 0.642835
vn 0.733049 0.000000 0.680176
vn 0.797133 -0.000000 0.603804
vn 0.766004 0.000000 0.642835
vn 0.826245 -0.000000 0.563310
vn 0.797133 0.000000 0.603804
vn 0.853302 -0.000000 0.521416
vn 0.826245 0.000000 0.563310
vn 0.878212 -0.000000 0.478272
vn 0.853302 -0.000000 0.521416
vn 0.900968 -0.000000 0.433885
vn 0.878212 -0.000000 0.478272
vn 0.921485 -0.000000 0.388414
vn 0.900968 -0.000000 0.433885
vn 0.939693 -0.000000 0.342018
vn 0.921485 0.000000 0.388414
vn 0.955577 -0.000000 0.294741
vn 0.939693 0.000000 0.342018
vn 0.955577 0.000000 0.294741
vn 0.969072 -0.000000 0.246777
vn 0.969072 0.000000 0.246777
vn 0.980174 -0.000000 0.198138
vn 0.980174 -0.000000 0.198138
vn 0.988830 -0.000000 0.149051
vn 0.988830 -0.000000 0.149051
vn 0.995031 -0.000000 0.099565
vn 0.995031 0.000000 0.099565
vn 0.998757 -0.000000 0.049844
vn 0.998757 0.000000 0.049844
vn 1.000000 0.000000 0.000000
vn 1.000000 0.000000 -0.000000
vn 0.998757 0.000000 -0.049839
vn 0.998757 0.000000 -0.049839
vn 0.995030 0.000000 -0.099574
vn 0.988831 0.000000 -0.149038
vn 0.995030 -0.000000 -0.099574
vn 0.980171 0.000000 -0.198155
vn 0.988831 -0.000000 -0.149038
vn 0.980171 0.000000 -0.198155
vn 0.969077 0.000000 -0.246757
vn 0.969077 -0.000000 -0.246757
vn 0.955577 0.000000 -0.294741
vn 0.955577 -0.000000 -0.294741
vn 0.939693 0.000000 -0.342018
vn 0.939693 0.000000 -0.342018
vn 0.921472 0.000000 -0.388445
vn 0.921472 0.000000 -0.388445
vn 0.900968 0.000000 -0.433885
vn 0.900968 0.000000 -0.433885
vn 0.878212 0.000000 -0.478272
vn 0.878212 0.000000 -0.478272
vn 0.853302 0.000000 -0.521416
vn 0.853302 0.000000 -0.521416
vn 0.826245 0.000000 -0.563310
vn 0.826245 0.000000 -0.563310
vn 0.797133 0.000000 -0.603804
vn 0.797133 0.000000 -0.603804
vn 0.766040 0.000000 -0.642793
vn 0.766040 0.000000 -0.642793
vn 0.733049 0.000000 -0.680176
vn 0.733049 -0.000000 -0.680176
vn 0.698249 0.000000 -0.715855
vn 0.698249 -0.000000 -0.715855
vn 0.661679 0.000000 -0.749787
vn 0.661679 -0.000000 -0.749787
vn 0.623472 0.000000 -0.781846
vn 0.623472 -0.000000 -0.781846
vn 0.583726 0.000000 -0.811951
vn 0.583726 0.000000 -0.811951
vn 0.542572 0.000000 -0.840009
vn 0.542572 0.000000 -0.840009
vn 0.500005 0.000000 -0.866023
vn 0.500005 0.000000 -0.866023
vn 0.456221 0.000000 -0.889867
vn 0.411252 0.000000 -0.911522
vn 0.456221 0.000000 -0.889867
vn 0.365326 0.000000 -0.930880
vn 0.411252 0.000000 -0.911522
vn 0.318537 0.000000 -0.947910
vn 0.365326 0.000000 -0.930880
vn 0.270823 0.000000 -0.962629
vn 0.318537 0.000000 -0.947910
vn 0.222504 0.000000 -0.974932
vn 0.270823 -0.000000 -0.962629
vn 0.173664 0.000000 -0.984805
vn 0.222504 -0.000000 -0.974932
vn 0.124317 0.000000 -0.992243
vn 0.173664 0.000000 -0.984805
vn 0.074795 0.000000 -0.997199
vn 0.124317 -0.000000 -0.992243
vn 0.024932 0.000000 -0.999689
vn 0.074795 0.000000 -0.997199
vn 0.024932 0.000000 -0.999689
vn -0.024932 -0.000000 -0.999689
vn -0.024932 0.000000 -0.999689
vn -0.074795 -0.000000 -0.997199
vn -0.074795 -0.000000 -0.997199
vn -0.124317 -0.000000 -0.992243
vn -0.173665 0.000000 -0.984805
vn -0.124317 0.000000 -0.992243
vn -0.173665 -0.000000 -0.984805
vn -0.222501 0.000000 -0.974932
vn -0.222501 -0.000000 -0.974932
vn -0.270823 0.000000 -0.962629
vn -0.270823 0.000000 -0.962629
vn -0.318538 -0.000000 -0.947910
vn -0.318538 -0.000000 -0.947910
vn -0.365324 -0.000000 -0.930880
vn -0.365324 0.000000 -0.930880
vn -0.411252 -0.000000 -0.911522
vn -0.411252 0.000000 -0.911522
vn -0.456223 -0.000000 -0.889865
vn -0.456223 0.000000 -0.889865
vn -0.542574 0.000000 -0.840008
vn -0.500005 -0.000000 -0.866023
vn -0.500005 -0.000000 -0.866023
vn -0.542574 -0.000000 -0.840008
vn -0.583723 0.000000 -0.811953
vn -0.583723 0.000000 -0.811953
vn -0.623474 -0.000000 -0.781844
vn -0.623474 -0.000000 -0.781844
vn -0.661679 0.000000 -0.749787
vn -0.661679 -0.000000 -0.749787
vn -0.698249 0.000000 -0.715855
vn -0.698249 -0.000000 -0.715855
vn -0.733049 0.000000 -0.680176
vn -0.733049 -0.000000 -0.680176
vn -0.766037 0.000000 -0.642796
vn -0.766037 -0.000000 -0.642796
vn -0.797133 0.000000 -0.603804
vn -0.797133 -0.000000 -0.603804
vn -0.826245 0.000000 -0.563310
vn -0.826245 -0.000000 -0.563310
vn -0.853302 -0.000000 -0.521416
vn -0.853302 -0.000000 -0.521416
vn -0.878212 -0.000000 -0.478272
vn -0.878212 -0.000000 -0.478272
vn -0.900968 -0.000000 -0.433885
vn -0.900968 -0.000000 -0.433885
vn -0.921472 -0.000000 -0.388445
vn -0.939693 0.000000 -0.342018
vn -0.921472 -0.000000 -0.388445
vn -0.939693 0.000000 -0.342018
vn -0.955577 -0.000000 -0.294741
vn -0.955577 0.000000 -0.294741
vn -0.969077 -0.000000 -0.246757
vn -0.969077 0.000000 -0.246757
vn -0.980171 -0.000000 -0.198155
vn -0.988832 0.000000 -0.149033
vn -0.980171 0.000000 -0.198155
vn -0.988832 -0.000000 -0.149033
vn -0.995030 -0.000000 -0.099579
vn -0.998757 0.000000 -0.049839
vn -0.995030 -0.000000 -0.099579
vn -0.998757 0.000000 -0.049839
vn -1.000000 0.000000 0.000000
vn -1.000000 0.000000 -0.000000
vn -0.998757 -0.000000 0.049844
vn -0.998757 0.000000 0.049844
vn -0.988830 0.000000 0.149045
vn -0.995031 -0.000000 0.099571
vn -0.995031 0.000000 0.099571
vn -0.988830 0.000000 0.149045
vn -0.980174 0.000000 0.198138
vn -0.980174 0.000000 0.198138
vn -0.969072 -0.000000 0.246777
vn -0.969072 0.000000 0.246777
vn -0.939693 0.000000 0.342018
vn -0.955577 -0.000000 0.294741
vn -0.955577 0.000000 0.294741
vn -0.939693 0.000000 0.342018
vn -0.900968 0.000000 0.433885
vn -0.921485 -0.000000 0.388414
vn -0.921485 0.000000 0.388414
vn -0.900968 0.000000 0.433885
vn -0.878212 0.000000 0.478272
vn -0.878212 0.000000 0.478272
vn -0.853302 0.000000 0.521416
vn -0.853302 0.000000 0.521416
vn -0.826245 0.000000 0.563310
vn -0.826245 0.000000 0.563310
vn -0.766002 0.000000 0.642838
vn -0.797133 0.000000 0.603804
vn -0.797133 0.000000 0.603804
vn -0.766002 0.000000 0.642838
vn -0.733049 -0.000000 0.680176
vn -0.733049 0.000000 0.680176
vn -0.698249 -0.000000 0.715855
vn -0.698249 0.000000 0.715855
vn -0.661728 -0.000000 0.749744
vn -0.661728 0.000000 0.749744
vn -0.623422 0.000000 0.781886
vn -0.623422 -0.000000 0.781886
vn -0.583780 0.000000 0.811912
vn -0.583780 0.000000 0.811912
vn -0.542514 0.000000 0.840047
vn -0.542514 0.000000 0.840047
vn -0.500005 0.000000 0.866023
vn -0.500005 0.000000 0.866023
vn -0.456291 -0.000000 0.889831
vn -0.456291 0.000000 0.889831
vn -0.411252 0.000000 0.911522
vn -0.411252 0.000000 0.911522
vn -0.365324 -0.000000 0.930880
vn -0.365324 0.000000 0.930880
vn -0.270744 0.000000 0.962651
vn -0.318538 0.000000 0.947910
vn -0.318538 0.000000 0.947910
vn -0.222583 0.000000 0.974914
vn -0.270744 -0.000000 0.962651
vn -0.173582 0.000000 0.984819
vn -0.222583 -0.000000 0.974914
vn -0.173582 -0.000000 0.984819
vn -0.074710 0.000000 0.997205
vn -0.124401 -0.000000 0.992232
vn -0.124401 0.000000 0.992232
vn -0.074710 0.000000 0.997205
vn -0.025017 0.000000 0.999687
vn -0.025017 0.000000 0.999687
vn -0.000000 1.000000 -0.000000
vn -0.000000 1.000000 -0.000000
vn 0.000000 1.000000 0.000000
vn 0.000000 1.000000 0.000000
vn 0.000000 1.000000 0.000000
vn 0.000000 1.000000 0.000000
vn -0.000000 1.000000 -0.000000
vn 0.000000 1.000000 0.000000
vn 0.000000 1.000000 0.000000
vn -0.000000 1.000000 -0.000000
vn 0.000000 1.000000 0.000000
vn -0.000000 1.000000 -0.000000
vn -0.000000 1.000000 -0.000000
vn 0.000000 1.000000 0.000000
vn 0.000000 1.000000 0.000000
vn -0.000000 1.000000 -0.000000
vn -0.000000 1.000000 -0.000000
vn 0.000000 1.000000 0.000000
vn 0.000000 1.000000 0.000000
vn -0.000000 1.000000 -0.000000
vn 0.000000 1.000000 0.000000
vn -0.000000 1.000000 0.000000
vn 0.000000 1.000000 0.000000
vn -0.000000 1.000000 0.000000
vn -0.000000 1.000000 0.000000
vn -0.000000 1.000000 0.000000
vn 0.000000 1.000000 0.000000
vn 0.000000 1.000000 0.000000
vn -0.000000 1.000000 0.000000
vn -0.000000 1.000000 0.000000
vn 0.000000 1.000000 0.000000
vn 0.000000 1.000000 0.000000
vn -0.000000 1.000000 0.000000
vn -0.000000 1.000000 0.000000
vn 0.000000 1.000000 0.000000
vn 0.000000 1.000000 0.000000
vn 0.000000 1.000000 0.000000
vn 0.000000 1.000000 0.000000
vn -0.000000 1.000000 0.000000
vn -0.000000 1.000000 0.000000
vn -0.000000 1.000000 0.000000
vn -0.000000 1.000000 0.000000
vn 0.000000 1.000000 0.000000
vn -0.000000 1.000000 0.000000
vn -0.000000 1.000000 0.000000
vn 0.000000 1.000000 0.000000
vn 0.000000 1.000000 0.000000
vn 0.000000 1.000000 0.000000
vn -0.000000 1.000000 0.000000
vn -0.000000 1.000000 0.000000
vn -0.000000 1.000000 0.000000
vn 0.000000 1.000000 0.000000
vn 0.000000 1.000000 0.000000
vn 0.000000 1.000000 0.000000
vn 0.000000 1.000000 0.000000
vn -0.000000 1.000000 0.000000
vn 0.000000 1.000000 0.000000
vn -0.000000 1.000000 0.000000
vn -0.000000 1.000000 0.000000
vn -0.000000 1.000000 0.000000
vn 0.000000 1.000000 0.000000
vn 0.000000 1.000000 0.000000
vn 0.000000 1.000000 0.000000
vn 0.000000 1.000000 0.000000
vn -0.000000 1.000000 0.000000
vn -0.000000 1.000000 0.000000
vn -0.000000 1.000000 0.000000
vn 0.000000 1.000000 0.000000
vn 0.000000 1.000000 0.000000
vn -0.000000 1.000000 0.000000
vn -0.000000 1.000000 0.000000
vn 0.000000 1.000000 0.000000
vn -0.000000 1.000000 0.000000
vn 0.000000 1.000000 0.000000
vn 0.000000 1.000000 0.000000
vn 0.000000 1.000000 0.000000
vn 0.000000 1.000000 0.000000
vn -0.000000 1.000000 0.000000
vn -0.000000 1.000000 0.000000
vn -0.000000 1.000000 0.000000
vn 0.000000 1.000000 0.000000
vn 0.000000 1.000000 0.000000
vn -0.000000 1.000000 0.000000
vn -0.000000 1.000000 0.000000
vn 0.000000 1.000000 0.000000
vn -0.000000 1.000000 0.000000
vn -0.000000 1.000000 0.000000
vn 0.000000 1.000000 0.000000
vn 0.000000 1.000000 0.000000
vn 0.000000 1.000000 0.000000
vn 0.000000 1.000000 0.000000
vn 0.000000 1.000000 0.000000
vn 0.000000 1.000000 0.000000
vn 0.000000 1.000000 0.000000
vn 0.000000 1.000000 0.000000
vn 0.000000 1.000000 0.000000
vn -0.000000 1.000000 0.000000
vn 0.000000 1.000000 0.000000
vn -0.000000 1.000000 0.000000
vn 0.000000 1.000000 0.000000
vn 0.000000 1.000000 0.000000
vn 0.000000 1.000000 0.000000
vn 0.000000 1.000000 0.000000
vn 0.000000 1.000000 0.000000
vn 0.000000 1.000000 0.000000
vn 0.000000 1.000000 0.000000
vn 0.000000 1.000000 0.000000
vn 0.000000 1.000000 0.000000
vn 0.000000 1.000000 0.000000
vn 0.000000 1.000000 0.000000
vn 0.000000 1.000000 0.000000
vn 0.000000 1.000000 0.000000
vn 0.000000 1.000000 0.000000
vn 0.000000 1.000000 0.000000
vn 0.000000 1.000000 0.000000
vn 0.000000 1.000000 0.000000
vn 0.000000 1.000000 0.000000
vn -0.000000 1.000000 0.000000
vn 0.000000 1.000000 0.000000
vn 0.000000 1.000000 0.000000
vn 0.000000 1.000000 0.000000
vn 0.000000 1.000000 0.000000
vn 0.000000 1.000000 0.000000
vn 0.000000 1.000000 0.000000
vn 0.025017 -0.000000 0.999687
vn 0.074710 -0.000000 0.997205
vn 0.025017 0.000000 0.999687
vn 0.124401 -0.000000 0.992232
vn 0.074710 0.000000 0.997205
vn 0.173582 -0.000000 0.984819
vn 0.124401 0.000000 0.992232
vn 0.222583 -0.000000 0.974914
vn 0.173582 0.000000 0.984819
vn 0.270744 -0.000000 0.962651
vn 0.222583 0.000000 0.974914
vn 0.318538 -0.000000 0.947910
vn 0.270744 0.000000 0.962651
vn 0.365324 -0.000000 0.930880
vn 0.318538 -0.000000 0.947910
vn 0.411252 -0.000000 0.911522
vn 0.365324 0.000000 0.930880
vn 0.456291 -0.000000 0.889831
vn 0.411252 0.000000 0.911522
vn 0.500005 -0.000000 0.866023
vn 0.456291 0.000000 0.889831
vn 0.500005 -0.000000 0.866023
vn 0.542514 -0.000000 0.840047
vn 0.542514 -0.000000 0.840047
vn 0.583780 -0.000000 0.811912
vn 0.583780 -0.000000 0.811912
vn 0.623422 -0.000000 0.781886
vn 0.661728 -0.000000 0.749744
vn 0.623422 0.000000 0.781886
vn 0.661728 0.000000 0.749744
vn 0.698249 -0.000000 0.715855
vn 0.733049 -0.000000 0.680176
vn 0.698249 0.000000 0.715855
vn 0.766002 -0.000000 0.642838
vn 0.733049 0.000000 0.680176
vn 0.797133 -0.000000 0.603804
vn 0.766002 -0.000000 0.642838
vn 0.826245 -0.000000 0.563310
vn 0.797133 0.000000 0.603804
vn 0.853302 -0.000000 0.521416
vn 0.826245 0.000000 0.563310
vn 0.878212 -0.000000 0.478272
vn 0.853302 -0.000000 0.521416
vn 0.900968 -0.000000 0.433885
vn 0.878212 -0.000000 0.478272
vn 0.921485 -0.000000 0.388414
vn 0.900968 -0.000000 0.433885
vn 0.939693 -0.000000 0.342018
vn 0.921485 0.000000 0.388414
vn 0.955577 -0.000000 0.294741
vn 0.939693 0.000000 0.342018
vn 0.955577 0.000000 0.294741
vn 0.969072 -0.000000 0.246777
vn 0.969072 0.000000 0.246777
vn 0.980171 -0.000000 0.198155
vn 0.980171 0.000000 0.198155
vn 0.988832 -0.000000 0.149033
vn 0.988832 -0.000000 0.149033
vn 0.995031 -0.000000 0.099571
vn 0.995031 0.000000 0.099571
vn 0.998757 -0.000000 0.049839
vn 0.998757 0.000000 0.049839
vn 1.000000 0.000000 0.000000
vn 1.000000 0.000000 -0.000000
vn 0.998757 0.000000 -0.049848
vn 0.998757 0.000000 -0.049848
vn 0.995031 0.000000 -0.099571
vn 0.988832 0.000000 -0.149033
vn 0.995031 -0.000000 -0.099571
vn 0.980171 0.000000 -0.198155
vn 0.988832 0.000000 -0.149033
vn 0.980171 0.000000 -0.198155
vn 0.969083 0.000000 -0.246736
vn 0.969083 0.000000 -0.246736
vn 0.955562 0.000000 -0.294789
vn 0.955562 -0.000000 -0.294789
vn 0.939693 0.000000 -0.342018
vn 0.939693 0.000000 -0.342018
vn 0.921485 0.000000 -0.388414
vn 0.921485 -0.000000 -0.388414
vn 0.900968 0.000000 -0.433885
vn 0.900968 0.000000 -0.433885
vn 0.878212 0.000000 -0.478272
vn 0.878212 0.000000 -0.478272
vn 0.853302 0.000000 -0.521416
vn 0.853302 0.000000 -0.521416
vn 0.826245 0.000000 -0.563310
vn 0.826245 0.000000 -0.563310
vn 0.797133 0.000000 -0.603804
vn 0.797133 0.000000 -0.603804
vn 0.766002 0.000000 -0.642838
vn 0.766002 0.000000 -0.642838
vn 0.733049 0.000000 -0.680176
vn 0.733049 -0.000000 -0.680176
vn 0.698249 0.000000 -0.715855
vn 0.698249 -0.000000 -0.715855
vn 0.661728 0.000000 -0.749744
vn 0.661728 -0.000000 -0.749744
vn 0.623527 0.000000 -0.781802
vn 0.623527 -0.000000 -0.781802
vn 0.583667 0.000000 -0.811993
vn 0.583667 -0.000000 -0.811993
vn 0.542635 0.000000 -0.839969
vn 0.542635 -0.000000 -0.839969
vn 0.499876 0.000000 -0.866097
vn 0.499876 0.000000 -0.866097
vn 0.456291 0.000000 -0.889831
vn 0.411252 0.000000 -0.911522
vn 0.456291 -0.000000 -0.889831
vn 0.365324 0.000000 -0.930880
vn 0.411252 0.000000 -0.911522
vn 0.318538 0.000000 -0.947910
vn 0.365324 -0.000000 -0.930880
vn 0.270903 0.000000 -0.962607
vn 0.318538 0.000000 -0.947910
vn 0.222420 0.000000 -0.974951
vn 0.270903 -0.000000 -0.962607
vn 0.173748 0.000000 -0.984790
vn 0.222420 0.000000 -0.974951
vn 0.124232 0.000000 -0.992253
vn 0.173748 0.000000 -0.984790
vn 0.074710 0.000000 -0.997205
vn 0.124232 0.000000 -0.992253
vn 0.025017 0.000000 -0.999687
vn 0.074710 0.000000 -0.997205
vn 0.025017 0.000000 -0.999687
vn -0.025017 -0.000000 -0.999687
vn -0.025017 0.000000 -0.999687
vn -0.074710 -0.000000 -0.997205
vn -0.074710 0.000000 -0.997205
vn -0.124232 -0.000000 -0.992253
vn -0.173747 0.000000 -0.984790
vn -0.124232 -0.000000 -0.992253
vn -0.173747 0.000000 -0.984790
vn -0.222422 0.000000 -0.974950
vn -0.222422 -0.000000 -0.974950
vn -0.270903 0.000000 -0.962607
vn -0.270903 0.000000 -0.962607
vn -0.318537 -0.000000 -0.947910
vn -0.318537 -0.000000 -0.947910
vn -0.365326 -0.000000 -0.930880
vn -0.365326 0.000000 -0.930880
vn -0.411252 -0.000000 -0.911522
vn -0.411252 0.000000 -0.911522
vn -0.456289 -0.000000 -0.889832
vn -0.456289 0.000000 -0.889832
vn -0.542632 0.000000 -0.839970
vn -0.499876 -0.000000 -0.866097
vn -0.499876 -0.000000 -0.866097
vn -0.542632 0.000000 -0.839970
vn -0.583669 0.000000 -0.811992
vn -0.583669 -0.000000 -0.811992
vn -0.623524 -0.000000 -0.781804
vn -0.623524 -0.000000 -0.781804
vn -0.661728 0.000000 -0.749744
vn -0.661728 -0.000000 -0.749744
vn -0.698249 0.000000 -0.715855
vn -0.698249 -0.000000 -0.715855
vn -0.733049 0.000000 -0.680176
vn -0.733049 -0.000000 -0.680176
vn -0.766004 0.000000 -0.642835
vn -0.766004 -0.000000 -0.642835
vn -0.797133 0.000000 -0.603804
vn -0.797133 -0.000000 -0.603804
vn -0.826245 0.000000 -0.563310
vn -0.826245 -0.000000 -0.563310
vn -0.853302 -0.000000 -0.521416
vn -0.853302 -0.000000 -0.521416
vn -0.878212 -0.000000 -0.478272
vn -0.878212 -0.000000 -0.478272
vn -0.900968 -0.000000 -0.433885
vn -0.900968 -0.000000 -0.433885
vn -0.921485 -0.000000 -0.388414
vn -0.939693 0.000000 -0.342018
vn -0.921485 0.000000 -0.388414
vn -0.939693 0.000000 -0.342018
vn -0.955562 -0.000000 -0.294789
vn -0.955562 0.000000 -0.294789
vn -0.969083 -0.000000 -0.246736
vn -0.969083 0.000000 -0.246736
vn -0.980171 -0.000000 -0.198155
vn -0.988831 0.000000 -0.149038
vn -0.980171 0.000000 -0.198155
vn -0.988831 0.000000 -0.149038
vn -0.995031 -0.000000 -0.099565
vn -0.998757 0.000000 -0.049848
vn -0.995031 0.000000 -0.099565
vn -0.998757 0.000000 -0.049848
vn -1.000000 0.000000 0.000000
vn -1.000000 0.000000 -0.000000
vn -0.998757 0.000000 0.049839
vn -0.998757 0.000000 0.049839
vn -0.988831 0.000000 0.149038
vn -0.995031 -0.000000 0.099565
vn -0.995031 0.000000 0.099565
vn -0.988831 -0.000000 0.149038
vn -0.980171 0.000000 0.198155
vn -0.980171 0.000000 0.198155
vn -0.969072 -0.000000 0.246777
vn -0.969072 0.000000 0.246777
vn -0.939693 0.000000 0.342018
vn -0.955577 -0.000000 0.294741
vn -0.955577 0.000000 0.294741
vn -0.939693 0.000000 0.342018
vn -0.900968 0.000000 0.433885
vn -0.921485 -0.000000 0.388414
vn -0.921485 0.000000 0.388414
vn -0.900968 0.000000 0.433885
vn -0.878212 0.000000 0.478272
vn -0.878212 0.000000 0.478272
vn -0.853302 0.000000 0.521416
vn -0.853302 0.000000 0.521416
vn -0.826245 0.000000 0.563310
vn -0.826245 0.000000 0.563310
vn -0.766004 0.000000 0.642835
vn -0.797133 0.000000 0.603804
vn -0.797133 0.000000 0.603804
vn -0.766004 -0.000000 0.642835
vn -0.733049 -0.000000 0.680176
vn -0.733049 0.000000 0.680176
vn -0.698249 -0.000000 0.715855
vn -0.698249 0.000000 0.715855
vn -0.661728 -0.000000 0.749744
vn -0.661728 0.000000 0.749744
vn -0.623419 0.000000 0.781888
vn -0.623419 0.000000 0.781888
vn -0.583782 0.000000 0.811910
vn -0.583782 -0.000000 0.811910
vn -0.542511 0.000000 0.840048
vn -0.542511 0.000000 0.840048
vn -0.500005 0.000000 0.866023
vn -0.500005 0.000000 0.866023
vn -0.456289 -0.000000 0.889832
vn -0.456289 0.000000 0.889832
vn -0.411252 0.000000 0.911522
vn -0.411252 0.000000 0.911522
vn -0.365326 0.000000 0.930880
vn -0.365326 0.000000 0.930880
vn -0.270744 0.000000 0.962651
vn -0.318537 0.000000 0.947910
vn -0.318537 0.000000 0.947910
vn -0.222585 0.000000 0.974913
vn -0.270744 -0.000000 0.962651
vn -0.173581 0.000000 0.984820
vn -0.222585 0.000000 0.974913
vn -0.173581 0.000000 0.984820
vn -0.074710 0.000000 0.997205
vn -0.124401 -0.000000 0.992232
vn -0.124401 0.000000 0.992232
vn -0.074710 0.000000 0.997205
vn -0.025017 0.000000 0.999687
vn -0.025017 0.000000 0.999687
vn -0.000000 1.000000 -0.000000
vn -0.000000 1.000000 -0.000000
vn 0.000000 1.000000 0.000000
vn 0.000000 1.000000 0.000000
vn 0.000000 1.000000 0.000000
vn 0.000000 1.000000 0.000000
vn -0.000000 1.000000 -0.000000
vn 0.000000 1.000000 0.000000
vn 0.000000 1.000000 0.000000
vn -0.000000 1.000000 -0.000000
vn 0.000000 1.000000 0.000000
vn -0.000000 1.000000 -0.000000
vn 0.000000 1.000000 0.000000
vn 0.000000 1.000000 0.000000
vn -0.000000 1.000000 -0.000000
vn 0.000000 1.000000 0.000000
vn 0.000000 1.000000 0.000000
vn -0.000000 1.000000 -0.000000
vn -0.000000 1.000000 -0.000000
vn 0.000000 1.000000 0.000000
vn -0.000000 1.000000 0.000000
vn 0.000000 1.000000 0.000000
vn -0.000000 1.000000 0.000000
vn 0.000000 1.000000 0.000000
vn -0.000000 1.000000 0.000000
vn -0.000000 1.000000 0.000000
vn 0.000000 1.000000 0.000000
vn 0.000000 1.000000 0.000000
vn -0.000000 1.000000 0.000000
vn -0.000000 1.000000 0.000000
vn 0.000000 1.000000 0.000000
vn -0.000000 1.000000 0.000000
vn -0.000000 1.000000 0.000000
vn 0.000000 1.000000 0.000000
vn 0.000000 1.000000 0.000000
vn 0.000000 1.000000 0.000000
vn 0.000000 1.000000 0.000000
vn -0.000000 1.000000 0.000000
vn -0.000000 1.000000 0.000000
vn -0.000000 1.000000 0.000000
vn 0.000000 1.000000 0.000000
vn -0.000000 1.000000 0.000000
vn -0.000000 1.000000 0.000000
vn 0.000000 1.000000 0.000000
vn 0.000000 1.000000 0.000000
vn -0.000000 1.000000 0.000000
vn -0.000000 1.000000 0.000000
vn -0.000000 1.000000 0.000000
vn 0.000000 1.000000 0.000000
vn 0.000000 1.000000 0.000000
vn 0.000000 1.000000 0.000000
vn 0.000000 1.000000 0.000000
vn 0.000000 1.000000 0.000000
vn 0.000000 1.000000 0.000000
vn -0.000000 1.000000 0.000000
vn 0.000000 1.000000 0.000000
vn -0.000000 1.000000 0.000000
vn 0.000000 1.000000 0.000000
vn -0.000000 1.000000 0.000000
vn -0.000000 1.000000 0.000000
vn 0.000000 1.000000 0.000000
vn 0.000000 1.000000 0.000000
vn -0.000000 1.000000 0.000000
vn -0.000000 1.000000 0.000000
vn 0.000000 1.000000 0.000000
vn -0.000000 1.000000 0.000000
vn 0.000000 1.000000 0.000000
vn -0.000000 1.000000 0.000000
vn 0.000000 1.000000 0.000000
vn 0.000000 1.000000 0.000000
vn -0.000000 1.000000 0.000000
vn -0.000000 1.000000 0.000000
vn 0.000000 1.000000 0.000000
vn -0.000000 1.000000 0.000000
vn 0.000000 1.000000 0.000000
vn -0.000000 1.000000 0.000000
vn 0.000000 1.000000 0.000000
vn -0.000000 1.000000 0.000000
vn -0.000000 1.000000 0.000000
vn 0.000000 1.000000 0.000000
vn 0.000000 1.000000 0.000000
vn -0.000000 1.000000 0.000000
vn -0.000000 1.000000 0.000000
vn 0.000000 1.000000 0.000000
vn -0.000000 1.000000 0.000000
vn -0.000000 1.000000 0.000000
vn 0.000000 1.000000 0.000000
vn 0.000000 1.000000 0.000000
vn 0.000000 1.000000 0.000000
vn 0.000000 1.000000 0.000000
vn 0.000000 1.000000 0.000000
vn 0.000000 1.000000 0.000000
vn -0.000000 1.000000 0.000000
vn 0.000000 1.000000 0.000000
vn 0.000000 1.000000 0.000000
vn 0.000000 1.000000 0.000000
vn 0.000000 1.000000 0.000000
vn 0.000000 1.000000 0.000000
vn -0.000000 1.000000 0.000000
vn 0.000000 1.000000 0.000000
vn 0.000000 1.000000 0.000000
vn -0.000000 1.000000 0.000000
vn 0.000000 1.000000 0.000000
vn 0.000000 1.000000 0.000000
vn 0.000000 1.000000 0.000000
vn 0.000000 1.000000 0.000000
vn 0.000000 1.000000 0.000000
vn 0.000000 1.000000 0.000000
vn 0.000000 1.000000 0.000000
vn 0.000000 1.000000 0.000000
vn 0.000000 1.000000 0.000000
vn 0.000000 1.000000 0.000000
vn 0.000000 1.000000 0.000000
vn 0.000000 1.000000 0.000000
vn -0.000000 1.000000 0.000000
vn 0.000000 1.000000 0.000000
vn 0.000000 1.000000 0.000000
vn 0.000000 1.000000 0.000000
vn 0.000000 1.000000 0.000000
vn 0.000000 1.000000 0.000000
vn 0.000000 1.000000 0.000000
vn 0.000000 1.000000 0.000000
vn 0.000000 1.000000 0.000000
vn 0.000000 1.000000 0.000000
vn 0.025017 -0.000000 0.999687
vn 0.074710 -0.000000 0.997205
vn 0.025017 0.000000 0.999687
vn 0.124401 -0.000000 0.992232
vn 0.074710 0.000000 0.997205
vn 0.173581 -0.000000 0.984820
vn 0.124401 0.000000 0.992232
vn 0.222585 -0.000000 0.974913
vn 0.173581 -0.000000 0.984820
vn 0.270744 -0.000000 0.962651
vn 0.222585 -0.000000 0.974913
vn 0.318537 -0.000000 0.947910
vn 0.270744 0.000000 0.962651
vn 0.365326 -0.000000 0.930880
vn 0.318537 -0.000000 0.947910
vn 0.411252 -0.000000 0.911522
vn 0.365326 0.000000 0.930880
vn 0.456289 -0.000000 0.889832
vn 0.411252 0.000000 0.911522
vn 0.500005 -0.000000 0.866023
vn 0.456289 0.000000 0.889832
vn 0.500005 -0.000000 0.866023
vn 0.542511 -0.000000 0.840048
vn 0.542511 -0.000000 0.840048
vn 0.583782 -0.000000 0.811910
vn 0.583782 0.000000 0.811910
vn 0.623419 -0.000000 0.781888
vn 0.661728 -0.000000 0.749744
vn 0.623419 -0.000000 0.781888
vn 0.661728 0.000000 0.749744
vn 0.698249 -0.000000 0.715855
vn 0.733049 -0.000000 0.680176
vn 0.698249 0.000000 0.715855
vn 0.766004 -0.000000 0.642835
vn 0.733049 0.000000 0.680176
vn 0.797133 -0.000000 0.603804
vn 0.766004 0.000000 0.642835
vn 0.826245 -0.000000 0.563310
vn 0.797133 0.000000 0.603804
vn 0.853302 -0.000000 0.521416
vn 0.826245 0.000000 0.563310
vn 0.878212 -0.000000 0.478272
vn 0.853302 -0.000000 0.521416
vn 0.900968 -0.000000 0.433885
vn 0.878212 -0.000000 0.478272
vn 0.921485 -0.000000 0.388414
vn 0.900968 -0.000000 0.433885
vn 0.939693 -0.000000 0.342018
vn 0.921485 0.000000 0.388414
vn 0.955577 -0.000000 0.294741
vn 0.939693 0.000000 0.342018
vn 0.955577 0.000000 0.294741
vn 0.969072 -0.000000 0.246777
vn 0.969072 0.000000 0.246777
vn 0.980171 -0.000000 0.198155
vn 0.980171 0.000000 0.198155
vn 0.988831 -0.000000 0.149038
vn 0.988831 0.000000 0.149038
vn 0.995031 -0.000000 0.099565
vn 0.995031 0.000000 0.099565
vn 0.998757 -0.000000 0.049839
vn 0.998757 0.000000 0.049839
vn 1.000000 0.000000 0.000000
vn 1.000000 0.000000 -0.000000
vn 0.998757 0.000000 -0.049848
vn 0.998757 0.000000 -0.049848
vn 0.995031 0.000000 -0.099565
vn 0.988831 0.000000 -0.149038
vn 0.995031 -0.000000 -0.099565
vn 0.980171 0.000000 -0.198155
vn 0.988831 -0.000000 -0.149038
vn 0.980171 0.000000 -0.198155
vn 0.969083 0.000000 -0.246736
vn 0.969083 0.000000 -0.246736
vn 0.955562 0.000000 -0.294789
vn 0.955562 -0.000000 -0.294789
vn 0.939693 0.000000 -0.342018
vn 0.939693 0.000000 -0.342018
vn 0.921485 0.000000 -0.388414
vn 0.921485 -0.000000 -0.388414
vn 0.900968 0.000000 -0.433885
vn 0.900968 0.000000 -0.433885
vn 0.878212 0.000000 -0.478272
vn 0.878212 0.000000 -0.478272
vn 0.853302 0.000000 -0.521416
vn 0.853302 0.000000 -0.521416
vn 0.826245 0.000000 -0.563310
vn 0.826245 0.000000 -0.563310
vn 0.797133 0.000000 -0.603804
vn 0.797133 0.000000 -0.603804
vn 0.766004 0.000000 -0.642835
vn 0.766004 -0.000000 -0.642835
vn 0.733049 0.000000 -0.680176
vn 0.733049 -0.000000 -0.680176
vn 0.698249 0.000000 -0.715855
vn 0.698249 -0.000000 -0.715855
vn 0.661728 0.000000 -0.749744
vn 0.661728 -0.000000 -0.749744
vn 0.623524 0.000000 -0.781804
vn 0.623524 0.000000 -0.781804
vn 0.583669 0.000000 -0.811992
vn 0.583669 0.000000 -0.811992
vn 0.542632 0.000000 -0.839970
vn 0.542632 -0.000000 -0.839970
vn 0.499876 0.000000 -0.866097
vn 0.499876 0.000000 -0.866097
vn 0.456289 0.000000 -0.889832
vn 0.411252 0.000000 -0.911522
vn 0.456289 -0.000000 -0.889832
vn 0.365326 0.000000 -0.930880
vn 0.411252 0.000000 -0.911522
vn 0.318537 0.000000 -0.947910
vn 0.365326 0.000000 -0.930880
vn 0.270903 0.000000 -0.962607
vn 0.318537 0.000000 -0.947910
vn 0.222422 0.000000 -0.974950
vn 0.270903 -0.000000 -0.962607
vn 0.173747 0.000000 -0.984790
vn 0.222422 0.000000 -0.974950
vn 0.124232 0.000000 -0.992253
vn 0.173747 -0.000000 -0.984790
vn 0.074710 0.000000 -0.997205
vn 0.124232 0.000000 -0.992253
vn 0.025017 0.000000 -0.999687
vn 0.074710 0.000000 -0.997205
vn 0.025017 0.000000 -0.999687
vn -0.025017 -0.000000 -0.999687
vn -0.025017 0.000000 -0.999687
vn -0.074710 -0.000000 -0.997205
vn -0.074710 0.000000 -0.997205
vn -0.124232 -0.000000 -0.992253
vn -0.173748 0.000000 -0.984790
vn -0.124232 -0.000000 -0.992253
vn -0.173748 -0.000000 -0.984790
vn -0.222420 0.000000 -0.974951
vn -0.222420 -0.000000 -0.974951
vn -0.270903 0.000000 -0.962607
vn -0.270903 0.000000 -0.962607
vn -0.318538 -0.000000 -0.947910
vn -0.318538 -0.000000 -0.947910
vn -0.365324 -0.000000 -0.930880
vn -0.365324 0.000000 -0.930880
vn -0.411252 -0.000000 -0.911522
vn -0.411252 0.000000 -0.911522
vn -0.456291 -0.000000 -0.889831
vn -0.456291 0.000000 -0.889831
vn -0.542635 0.000000 -0.839969
vn -0.499876 -0.000000 -0.866097
vn -0.499876 -0.000000 -0.866097
vn -0.542635 0.000000 -0.839969
vn -0.583667 0.000000 -0.811993
vn -0.583667 0.000000 -0.811993
vn -0.623527 0.000000 -0.781802
vn -0.623527 -0.000000 -0.781802
vn -0.661728 0.000000 -0.749744
vn -0.661728 -0.000000 -0.749744
vn -0.698249 0.000000 -0.715855
vn -0.698249 -0.000000 -0.715855
vn -0.733049 0.000000 -0.680176
vn -0.733049 -0.000000 -0.680176
vn -0.766002 -0.000000 -0.642838
vn -0.766002 -0.000000 -0.642838
vn -0.797133 0.000000 -0.603804
vn -0.797133 -0.000000 -0.603804
vn -0.826245 0.000000 -0.563310
vn -0.826245 -0.000000 -0.563310
vn -0.853302 -0.000000 -0.521416
vn -0.853302 -0.000000 -0.521416
vn -0.878212 -0.000000 -0.478272
vn -0.878212 -0.000000 -0.478272
vn -0.900968 -0.000000 -0.433885
vn -0.900968 -0.000000 -0.433885
vn -0.921485 -0.000000 -0.388414
vn -0.939693 0.000000 -0.342018
vn -0.921485 0.000000 -0.388414
vn -0.939693 0.000000 -0.342018
vn -0.955562 -0.000000 -0.294789
vn -0.955562 0.000000 -0.294789
vn -0.969083 -0.000000 -0.246736
vn -0.969083 0.000000 -0.246736
vn -0.980171 -0.000000 -0.198155
vn -0.988832 0.000000 -0.149033
vn -0.980171 0.000000 -0.198155
vn -0.988832 -0.000000 -0.149033
vn -0.995031 -0.000000 -0.099571
vn -0.998757 0.000000 -0.049848
vn -0.995031 0.000000 -0.099571
vn -0.998757 0.000000 -0.049848
vn -1.000000 0.000000 0.000000
vn -1.000000 0.000000 -0.000000
vn -0.998757 0.000000 0.049839
vn -0.998757 0.000000 0.049839
vn -0.988832 0.000000 0.149033
vn -0.995031 -0.000000 0.099571
vn -0.995031 0.000000 0.099571
vn -0.988832 0.000000 0.149033
vn -0.980171 0.000000 0.198155
vn -0.980171 0.000000 0.198155
vn -0.969072 -0.000000 0.246777
vn -0.969072 0.000000 0.246777
vn -0.939693 0.000000 0.342018
vn -0.955577 -0.000000 0.294741
vn -0.955577 0.000000 0.294741
vn -0.939693 0.000000 0.342018
vn -0.900968 0.000000 0.433885
vn -0.921485 -0.000000 0.388414
vn -0.921485 0.000000 0.388414
vn -0.900968 0.000000 0.433885
vn -0.878212 0.000000 0.478272
vn -0.878212 0.000000 0.478272
vn -0.853302 0.000000 0.521416
vn -0.853302 0.000000 0.521416
vn -0.826245 0.000000 0.563310
vn -0.826245 0.000000 0.563310
vn -0.766002 0.000000 0.642838
vn -0.797133 0.000000 0.603804
vn -0.797133 0.000000 0.603804
vn -0.766002 0.000000 0.642838
vn -0.733049 -0.000000 0.680176
vn -0.733049 0.000000 0.680176
vn -0.698249 -0.000000 0.715855
vn -0.698249 0.000000 0.715855
vn -0.661728 -0.000000 0.749744
vn -0.661728 0.000000 0.749744
vn -0.623422 0.000000 0.781886
vn -0.623422 -0.000000 0.781886
vn -0.583780 0.000000 0.811912
vn -0.583780 0.000000 0.811912
vn -0.542514 0.000000 0.840047
vn -0.542514 0.000000 0.840047
vn -0.500005 0.000000 0.866023
vn -0.500005 0.000000 0.866023
vn -0.456291 -0.000000 0.889831
vn -0.456291 0.000000 0.889831
vn -0.411252 0.000000 0.911522
vn -0.411252 0.000000 0.911522
vn -0.365324 -0.000000 0.930880
vn -0.365324 0.000000 0.930880
vn -0.270744 0.000000 0.962651
vn -0.318538 0.000000 0.947910
vn -0.318538 0.000000 0.947910
vn -0.222583 0.000000 0.974914
vn -0.270744 -0.000000 0.962651
vn -0.173582 0.000000 0.984819
vn -0.222583 -0.000000 0.974914
vn -0.173582 -0.000000 0.984819
vn -0.074710 0.000000 0.997205
vn -0.124401 -0.000000 0.992232
vn -0.124401 0.000000 0.992232
vn -0.074710 0.000000 0.997205
vn -0.025017 0.000000 0.999687
vn -0.025017 0.000000 0.999687
vn -0.000000 1.000000 -0.000000
vn 0.000000 1.000000 0.000000
vn 0.000000 1.000000 0.000000
vn 0.000000 1.000000 0.000000
vn -0.000000 1.000000 -0.000000
vn -0.000000 1.000000 -0.000000
vn 0.000000 1.000000 0.000000
vn 0.000000 1.000000 0.000000
vn -0.000000 1.000000 -0.000000
vn -0.000000 1.000000 -0.000000
vn -0.000000 1.000000 -0.000000
vn -0.000000 1.000000 -0.000000
vn -0.000000 1.000000 -0.000000
vn 0.000000 1.000000 0.000000
vn -0.000000 1.000000 -0.000000
vn -0.000000 1.000000 -0.000000
vn 0.000000 1.000000 0.000000
vn 0.000000 1.000000 0.000000
vn 0.000000 1.000000 0.000000
vn -0.000000 1.000000 -0.000000
vn -0.000000 1.000000 -0.000000
vn 0.000000 1.000000 0.000000
vn -0.000000 1.000000 -0.000000
vn 0.000000 1.000000 0.000000
vn 0.000000 1.000000 0.000000
vn -0.000000 1.000000 0.000000
vn -0.000000 1.000000 0.000000
vn -0.000000 1.000000 0.000000
vn 0.000000 1.000000 0.000000
vn 0.000000 1.000000 0.000000
vn -0.000000 1.000000 0.000000
vn -0.000000 1.000000 0.000000
vn 0.000000 1.000000 0.000000
vn 0.000000 1.000000 0.000000
vn 0.000000 1.000000 0.000000
vn -0.000000 1.000000 0.000000
vn 0.000000 1.000000 0.000000
vn 0.000000 1.000000 0.000000
vn -0.000000 1.000000 0.000000
vn -0.000000 1.000000 0.000000
vn -0.000000 1.000000 0.000000
vn -0.000000 1.000000 0.000000
vn -0.000000 1.000000 0.000000
vn -0.000000 1.000000 0.000000
vn -0.000000 1.000000 0.000000
vn -0.000000 1.000000 0.000000
vn -0.000000 1.000000 0.000000
vn 0.000000 1.000000 0.000000
vn 0.000000 1.000000 0.000000
vn -0.000000 1.000000 0.000000
vn 0.000000 1.000000 0.000000
vn 0.000000 1.000000 0.000000
vn -0.000000 1.000000 0.000000
vn -0.000000 1.000000 0.000000
vn -0.000000 1.000000 0.000000
vn 0.000000 1.000000 0.000000
vn 0.000000 1.000000 0.000000
vn 0.000000 1.000000 0.000000
vn 0.000000 1.000000 0.000000
vn -0.000000 1.000000 0.000000
vn 0.000000 1.000000 0.000000
vn -0.000000 1.000000 0.000000
vn -0.000000 1.000000 0.000000
vn 0.000000 1.000000 0.000000
vn 0.000000 1.000000 0.000000
vn 0.000000 1.000000 0.000000
vn -0.000000 1.000000 0.000000
vn -0.000000 1.000000 0.000000
vn -0.000000 1.000000 0.000000
vn -0.000000 1.000000 0.000000
vn -0.000000 1.000000 0.000000
vn 0.000000 1.000000 0.000000
vn -0.000000 1.000000 0.000000
vn -0.000000 1.000000 0.000000
vn 0.000000 1.000000 0.000000
vn 0.000000 1.000000 0.000000
vn 0.000000 1.000000 0.000000
vn -0.000000 1.000000 0.000000
vn -0.000000 1.000000 0.000000
vn -0.000000 1.000000 0.000000
vn 0.000000 1.000000 0.000000
vn -0.000000 1.000000 0.000000
vn -0.000000 1.000000 0.000000
vn 0.000000 1.000000 0.000000
vn 0.000000 1.000000 0.000000
vn 0.000000 1.000000 0.000000
vn 0.000000 1.000000 0.000000
vn 0.000000 1.000000 -0.000000
vn 0.000000 1.000000 0.000000
vn 0.000000 1.000000 0.000000
vn 0.000000 1.000000 0.000000
vn 0.000000 1.000000 0.000000
vn 0.000000 1.000000 0.000000
vn -0.000000 1.000000 0.000000
vn -0.000000 1.000000 0.000000
vn 0.000000 1.000000 0.000000
vn 0.000000 1.000000 0.000000
vn 0.000000 1.000000 0.000000
vn 0.000000 1.000000 0.000000
vn 0.000000 1.000000 0.000000
vn 0.000000 1.000000 0.000000
vn 0.000000 1.000000 0.000000
vn 0.000000 1.000000 0.000000
vn 0.000000 1.000000 0.000000
vn 0.000000 1.000000 0.000000
vn 0.000000 1.000000 0.000000
vn 0.000000 1.000000 0.000000
vn 0.000000 1.000000 0.000000
vn 0.000000 1.000000 0.000000
vn 0.000000 1.000000 0.000000
vn 0.000000 1.000000 0.000000
vn 0.000000 1.000000 0.000000
vn 0.000000 1.000000 0.000000
vn 0.000000 1.000000 0.000000
vn 0.000000 1.000000 0.000000
vn 0.000000 1.000000 0.000000
vn 0.000000 1.000000 0.000000
vn 0.000000 1.000000 0.000000
vn 0.000000 1.000000 0.000000
vn 0.000000 1.000000 0.000000
vn 0.000000 1.000000 0.000000
vn 0.000000 1.000000 0.000000
vn 0.000000 1.000000 0.000000
vn 0.000000 1.000000 0.000000
vn 0.025017 -0.000000 0.999687
vn 0.074710 -0.000000 0.997205
vn 0.025017 0.000000 0.999687
vn 0.124401 -0.000000 0.992232
vn 0.074710 0.000000 0.997205
vn 0.173582 -0.000000 0.984819
vn 0.124401 0.000000 0.992232
vn 0.222583 -0.000000 0.974914
vn 0.173582 0.000000 0.984819
vn 0.270744 -0.000000 0.962651
vn 0.222583 0.000000 0.974914
vn 0.318538 -0.000000 0.947910
vn 0.270744 0.000000 0.962651
vn 0.365324 -0.000000 0.930880
vn 0.318538 -0.000000 0.947910
vn 0.411252 -0.000000 0.911522
vn 0.365324 0.000000 0.930880
vn 0.456291 -0.000000 0.889831
vn 0.411252 0.000000 0.911522
vn 0.500005 -0.000000 0.866023
vn 0.456291 0.000000 0.889831
vn 0.500005 -0.000000 0.866023
vn 0.542514 -0.000000 0.840047
vn 0.542514 -0.000000 0.840047
vn 0.583780 -0.000000 0.811912
vn 0.583780 -0.000000 0.811912
vn 0.623422 -0.000000 0.781886
vn 0.661728 -0.000000 0.749744
vn 0.623422 0.000000 0.781886
vn 0.661728 0.000000 0.749744
vn 0.698249 -0.000000 0.715855
vn 0.733049 -0.000000 0.680176
vn 0.698249 0.000000 0.715855
vn 0.766002 -0.000000 0.642838
vn 0.733049 0.000000 0.680176
vn 0.797133 -0.000000 0.603804
vn 0.766002 -0.000000 0.642838
vn 0.826245 -0.000000 0.563310
vn 0.797133 0.000000 0.603804
vn 0.853302 -0.000000 0.521416
vn 0.826245 0.000000 0.563310
vn 0.878212 -0.000000 0.478272
vn 0.853302 -0.000000 0.521416
vn 0.900968 -0.000000 0.433885
vn 0.878212 -0.000000 0.478272
vn 0.921485 -0.000000 0.388414
vn 0.900968 -0.000000 0.433885
vn 0.939693 -0.000000 0.342018
vn 0.921485 0.000000 0.388414
vn 0.955577 -0.000000 0.294741
vn 0.939693 0.000000 0.342018
vn 0.955577 0.000000 0.294741
vn 0.969072 -0.000000 0.246777
vn 0.969072 0.000000 0.246777
vn 0.980174 -0.000000 0.198138
vn 0.980174 -0.000000 0.198138
vn 0.988830 -0.000000 0.149045
vn 0.988830 -0.000000 0.149045
vn 0.995031 -0.000000 0.099571
vn 0.995031 0.000000 0.099571
vn 0.998757 -0.000000 0.049844
vn 0.998757 0.000000 0.049844
vn 1.000000 0.000000 0.000000
vn 1.000000 0.000000 -0.000000
vn 0.998757 0.000000 -0.049839
vn 0.998757 0.000000 -0.049839
vn 0.995030 0.000000 -0.099579
vn 0.988832 0.000000 -0.149033
vn 0.995030 0.000000 -0.099579
vn 0.980171 0.000000 -0.198155
vn 0.988832 0.000000 -0.149033
vn 0.980171 0.000000 -0.198155
vn 0.969077 0.000000 -0.246757
vn 0.969077 -0.000000 -0.246757
vn 0.955577 0.000000 -0.294741
vn 0.955577 -0.000000 -0.294741
vn 0.939693 0.000000 -0.342018
vn 0.939693 0.000000 -0.342018
vn 0.921472 0.000000 -0.388445
vn 0.921472 0.000000 -0.388445
vn 0.900968 0.000000 -0.433885
vn 0.900968 0.000000 -0.433885
vn 0.878212 0.000000 -0.478272
vn 0.878212 0.000000 -0.478272
vn 0.853302 0.000000 -0.521416
vn 0.853302 0.000000 -0.521416
vn 0.826245 0.000000 -0.563310
vn 0.826245 0.000000 -0.563310
vn 0.797133 0.000000 -0.603804
vn 0.797133 0.000000 -0.603804
vn 0.766037 0.000000 -0.642796
vn 0.766037 -0.000000 -0.642796
vn 0.733049 0.000000 -0.680176
vn 0.733049 -0.000000 -0.680176
vn 0.698249 0.000000 -0.715855
vn 0.698249 -0.000000 -0.715855
vn 0.661679 0.000000 -0.749787
vn 0.661679 -0.000000 -0.749787
vn 0.623474 0.000000 -0.781844
vn 0.623474 0.000000 -0.781844
vn 0.583723 0.000000 -0.811953
vn 0.583723 -0.000000 -0.811953
vn 0.542574 0.000000 -0.840008
vn 0.542574 0.000000 -0.840008
vn 0.500005 0.000000 -0.866023
vn 0.500005 0.000000 -0.866023
vn 0.456223 0.000000 -0.889865
vn 0.456223 -0.000000 -0.889865
vn 0.365324 0.000000 -0.930880
vn 0.411252 0.000000 -0.911522
vn 0.411252 0.000000 -0.911522
vn 0.318538 0.000000 -0.947910
vn 0.365324 -0.000000 -0.930880
vn 0.270823 0.000000 -0.962629
vn 0.318538 0.000000 -0.947910
vn 0.270823 -0.000000 -0.962629
vn 0.173665 0.000000 -0.984805
vn 0.222501 0.000000 -0.974932
vn 0.222501 0.000000 -0.974932
vn 0.173665 0.000000 -0.984805
vn 0.124317 0.000000 -0.992243
vn 0.124317 -0.000000 -0.992243
vn 0.074795 0.000000 -0.997199
vn 0.024932 0.000000 -0.999689
vn 0.074795 0.000000 -0.997199
vn 0.024932 0.000000 -0.999689
vn -0.024932 0.000000 -0.999689
vn -0.024932 0.000000 -0.999689
vn -0.074795 -0.000000 -0.997199
vn -0.074795 -0.000000 -0.997199
vn -0.124317 -0.000000 -0.992243
vn -0.124317 0.000000 -0.992243
vn -0.173664 -0.000000 -0.984805
vn -0.173664 -0.000000 -0.984805
vn -0.222504 -0.000000 -0.974932
vn -0.222504 0.000000 -0.974932
vn -0.270823 -0.000000 -0.962629
vn -0.318537 0.000000 -0.947910
vn -0.270823 0.000000 -0.962629
vn -0.318537 -0.000000 -0.947910
vn -0.365326 -0.000000 -0.930880
vn -0.365326 0.000000 -0.930880
vn -0.411252 -0.000000 -0.911522
vn -0.456221 0.000000 -0.889867
vn -0.411252 0.000000 -0.911522
vn -0.456221 -0.000000 -0.889867
vn -0.500005 0.000000 -0.866023
vn -0.500005 -0.000000 -0.866023
vn -0.542572 -0.000000 -0.840009
vn -0.542572 -0.000000 -0.840009
vn -0.623472 0.000000 -0.781846
vn -0.583726 -0.000000 -0.811951
vn -0.583726 -0.000000 -0.811951
vn -0.623472 0.000000 -0.781846
vn -0.698249 0.000000 -0.715855
vn -0.661679 0.000000 -0.749787
vn -0.661679 -0.000000 -0.749787
vn -0.698249 0.000000 -0.715855
vn -0.733049 0.000000 -0.680176
vn -0.733049 -0.000000 -0.680176
vn -0.797133 0.000000 -0.603804
vn -0.766040 -0.000000 -0.642793
vn -0.766040 -0.000000 -0.642793
vn -0.797133 0.000000 -0.603804
vn -0.826245 0.000000 -0.563310
vn -0.826245 -0.000000 -0.563310
vn -0.853302 -0.000000 -0.521416
vn -0.853302 -0.000000 -0.521416
vn -0.878212 -0.000000 -0.478272
vn -0.878212 -0.000000 -0.478272
vn -0.900968 -0.000000 -0.433885
vn -0.900968 -0.000000 -0.433885
vn -0.921472 -0.000000 -0.388445
vn -0.939693 0.000000 -0.342018
vn -0.921472 -0.000000 -0.388445
vn -0.939693 0.000000 -0.342018
vn -0.955577 -0.000000 -0.294741
vn -0.969077 0.000000 -0.246757
vn -0.955577 0.000000 -0.294741
vn -0.969077 0.000000 -0.246757
vn -0.980171 -0.000000 -0.198155
vn -0.988831 0.000000 -0.149038
vn -0.980171 0.000000 -0.198155
vn -0.988831 0.000000 -0.149038
vn -0.995030 -0.000000 -0.099574
vn -0.995030 0.000000 -0.099574
vn -0.998757 -0.000000 -0.049839
vn -0.998757 0.000000 -0.049839
vn -0.998757 0.000000 0.049844
vn -1.000000 0.000000 0.000000
vn -1.000000 -0.000000 -0.000000
vn -0.998757 -0.000000 0.049844
vn -0.988830 0.000000 0.149051
vn -0.995031 -0.000000 0.099565
vn -0.995031 0.000000 0.099565
vn -0.980174 0.000000 0.198138
vn -0.988830 0.000000 0.149051
vn -0.980174 0.000000 0.198138
vn -0.955577 0.000000 0.294741
vn -0.969072 -0.000000 0.246777
vn -0.969072 0.000000 0.246777
vn -0.955577 -0.000000 0.294741
vn -0.939693 0.000000 0.342018
vn -0.939693 0.000000 0.342018
vn -0.900968 0.000000 0.433885
vn -0.921485 -0.000000 0.388414
vn -0.921485 0.000000 0.388414
vn -0.900968 0.000000 0.433885
vn -0.853302 0.000000 0.521416
vn -0.878212 0.000000 0.478272
vn -0.878212 0.000000 0.478272
vn -0.853302 0.000000 0.521416
vn -0.797133 0.000000 0.603804
vn -0.826245 0.000000 0.563310
vn -0.826245 0.000000 0.563310
vn -0.766004 0.000000 0.642835
vn -0.797133 0.000000 0.603804
vn -0.766004 -0.000000 0.642835
vn -0.698249 0.000000 0.715855
vn -0.733049 -0.000000 0.680176
vn -0.733049 0.000000 0.680176
vn -0.661728 0.000000 0.749744
vn -0.698249 -0.000000 0.715855
vn -0.661728 -0.000000 0.749744
vn -0.623419 0.000000 0.781888
vn -0.623419 0.000000 0.781888
vn -0.583782 0.000000 0.811910
vn -0.583782 -0.000000 0.811910
vn -0.542511 0.000000 0.840048
vn -0.542511 0.000000 0.840048
vn -0.500005 0.000000 0.866023
vn -0.500005 0.000000 0.866023
vn -0.411252 0.000000 0.911522
vn -0.456289 -0.000000 0.889832
vn -0.456289 0.000000 0.889832
vn -0.365326 0.000000 0.930880
vn -0.411252 0.000000 0.911522
vn -0.365326 0.000000 0.930880
vn -0.318537 0.000000 0.947910
vn -0.318537 0.000000 0.947910
vn -0.222585 0.000000 0.974913
vn -0.270744 -0.000000 0.962651
vn -0.270744 0.000000 0.962651
vn -0.173581 0.000000 0.984820
vn -0.222585 0.000000 0.974913
vn -0.173581 0.000000 0.984820
vn -0.074710 0.000000 0.997205
vn -0.124401 -0.000000 0.992232
vn -0.124401 0.000000 0.992232
vn -0.074710 0.000000 0.997205
vn -0.025017 0.000000 0.999687
vn -0.025017 0.000000 0.999687
f 1//1 2//1 3//1
f 4//2 2//2 1//2
f 5//3 6//3 7//3
f 8//4 6//4 5//4
f 9//5 10//5 11//5
f 11//6 12//6 9//6
f 10//7 13//7 11//7
f 11//8 14//8 12//8
f 13//9 15//9 11//9
f 11//10 16//10 14//10
f 15//11 17//11 11//11
f 11//12 18//12 16//12
f 17//13 19//13 11//13
f 11//14 20//14 18//14
f 19//15 21//15 11//15
f 11//16 22//16 20//16
f 21//17 23//17 11//17
f 11//18 24//18 22//18
f 23//19 25//19 11//19
f 11//20 26//20 24//20
f 25//21 27//21 11//21
f 11//22 28//22 26//22
f 27//23 29//23 11//23
f 11//24 30//24 28//24
f 29//25 31//25 11//25
f 11//26 32//26 30//26
f 31//27 33//27 11//27
f 11//28 34//28 32//28
f 33//29 35//29 11//29
f 11//30 36//30 34//30
f 35//31 37//31 11//31
f 11//32 38//32 36//32
f 37//33 39//33 11//33
f 11//34 40//34 38//34
f 39//35 41//35 11//35
f 11//36 42//36 40//36
f 41//37 43//37 11//37
f 11//38 44//38 42//38
f 43//39 45//39 11//39
f 11//40 46//40 44//40
f 45//41 47//41 11//41
f 11//42 48//42 46//42
f 47//43 49//43 11//43
f 11//44 50//44 48//44
f 49//45 51//45 11//45
f 11//46 52//46 50//46
f 51//47 53//47 11//47
f 11//48 54//48 52//48
f 53//49 55//49 11//49
f 11//50 56//50 54//50
f 55//51 57//51 11//51
f 58//52 59//52 60//52
f 60//53 59//53 61//53
f 60//54 62//54 58//54
f 63//55 62//55 60//55
f 59//56 64//56 61//56
f 61//57 64//57 65//57
f 63//58 66//58 62//58
f 67//59 66//59 63//59
f 68//60 69//60 70//60
f 65//61 69//61 68//61
f 64//62 69//62 65//62
f 67//63 71//63 66//63
f 72//64 71//64 67//64
f 73//65 71//65 72//65
f 69//66 74//66 70//66
f 70//67 74//67 75//67
f 73//68 76//68 71//68
f 74//69 77//69 75//69
f 73//70 78//70 76//70
f 79//71 78//71 73//71
f 80//72 81//72 82//72
f 75//73 81//73 80//73
f 77//74 81//74 75//74
f 79//75 83//75 78//75
f 84//76 83//76 79//76
f 85//77 83//77 84//77
f 81//78 86//78 82//78
f 82//79 86//79 57//79
f 85//80 87//80 83//80
f 86//81 88//81 57//81
f 57//82 88//82 11//82
f 85//83 89//83 87//83
f 90//84 89//84 85//84
f 91//85 92//85 90//85
f 93//86 92//86 91//86
f 90//87 92//87 89//87
f 88//88 94//88 11//88
f 95//89 94//89 88//89
f 96//90 94//90 95//90
f 93//91 97//91 92//91
f 96//92 98//92 94//92
f 93//93 99//93 97//93
f 100//94 99//94 93//94
f 101//95 99//95 100//95
f 98//96 102//96 94//96
f 101//97 103//97 99//97
f 102//98 104//98 94//98
f 101//99 105//99 103//99
f 106//100 105//100 101//100
f 107//101 105//101 106//101
f 104//102 108//102 94//102
f 107//103 109//103 105//103
f 108//104 110//104 94//104
f 107//105 111//105 109//105
f 112//106 111//106 107//106
f 110//107 113//107 94//107
f 112//108 114//108 111//108
f 115//109 114//109 112//109
f 113//110 116//110 94//110
f 115//111 117//111 114//111
f 118//112 117//112 115//112
f 116//113 119//113 94//113
f 118//114 120//114 117//114
f 121//115 120//115 118//115
f 122//116 120//116 121//116
f 119//117 123//117 94//117
f 122//118 124//118 120//118
f 123//119 125//119 94//119
f 122//120 126//120 124//120
f 127//121 126//121 122//121
f 128//122 126//122 127//122
f 125//123 129//123 94//123
f 128//124 130//124 126//124
f 129//125 131//125 94//125
f 128//126 132//126 130//126
f 133//127 132//127 128//127
f 134//128 132//128 133//128
f 131//129 135//129 94//129
f 134//130 136//130 132//130
f 135//131 137//131 94//131
f 134//132 138//132 136//132
f 139//133 138//133 134//133
f 137//134 140//134 94//134
f 139//135 141//135 138//135
f 142//136 141//136 139//136
f 143//137 141//137 142//137
f 140//138 144//138 94//138
f 143//139 145//139 141//139
f 144//140 146//140 94//140
f 143//141 147//141 145//141
f 148//142 147//142 143//142
f 146//143 149//143 94//143
f 148//144 150//144 147//144
f 151//145 150//145 148//145
f 149//146 152//146 94//146
f 151//147 153//147 150//147
f 154//148 153//148 151//148
f 152//149 155//149 94//149
f 156//150 157//150 158//150
f 154//151 157//151 153//151
f 158//152 157//152 154//152
f 155//153 159//153 94//153
f 156//154 160//154 157//154
f 159//155 161//155 94//155
f 162//156 163//156 156//156
f 156//157 163//157 160//157
f 161//158 164//158 94//158
f 165//159 166//159 162//159
f 162//160 166//160 163//160
f 164//161 167//161 94//161
f 168//162 169//162 165//162
f 165//163 169//163 166//163
f 167//164 170//164 94//164
f 171//165 172//165 168//165
f 168//166 172//166 169//166
f 170//167 173//167 94//167
f 174//168 175//168 171//168
f 171//169 175//169 172//169
f 173//170 176//170 94//170
f 177//171 178//171 174//171
f 179//172 178//172 177//172
f 174//173 178//173 175//173
f 176//174 180//174 94//174
f 179//175 181//175 178//175
f 180//176 182//176 94//176
f 182//177 183//177 94//177
f 183//178 184//178 94//178
f 184//179 185//179 94//179
f 185//180 186//180 94//180
f 186//181 187//181 94//181
f 187//182 188//182 94//182
f 188//183 189//183 94//183
f 189//184 190//184 94//184
f 190//185 191//185 94//185
f 191//186 192//186 94//186
f 192//187 193//187 94//187
f 193//188 194//188 94//188
f 194//189 195//189 94//189
f 195//190 196//190 94//190
f 196//191 197//191 94//191
f 197//192 198//192 94//192
f 199//193 200//193 201//193
f 201//194 202//194 203//194
f 200//195 202//195 201//195
f 204//196 205//196 199//196
f 199//197 205//197 200//197
f 202//198 206//198 203//198
f 207//199 208//199 204//199
f 204//200 208//200 205//200
f 206//201 209//201 203//201
f 203//202 209//202 210//202
f 207//203 211//203 208//203
f 212//204 211//204 207//204
f 210//205 213//205 214//205
f 209//206 213//206 210//206
f 215//207 216//207 212//207
f 212//208 216//208 211//208
f 214//209 217//209 218//209
f 213//210 217//210 214//210
f 215//211 219//211 216//211
f 220//212 219//212 215//212
f 218//213 221//213 222//213
f 217//214 221//214 218//214
f 223//215 224//215 220//215
f 220//216 224//216 219//216
f 221//217 225//217 222//217
f 226//218 225//218 227//218
f 222//219 225//219 226//219
f 223//220 228//220 224//220
f 229//221 228//221 223//221
f 225//222 230//222 227//222
f 11//223 231//223 56//223
f 229//224 231//224 228//224
f 56//225 231//225 229//225
f 227//226 232//226 233//226
f 230//227 232//227 227//227
f 11//228 234//228 231//228
f 233//229 235//229 236//229
f 232//230 235//230 233//230
f 11//231 237//231 234//231
f 236//232 238//232 239//232
f 235//233 238//233 236//233
f 238//234 240//234 239//234
f 241//235 240//235 242//235
f 239//236 240//236 241//236
f 240//237 243//237 242//237
f 242//238 244//238 245//238
f 243//239 244//239 242//239
f 246//240 247//240 248//240
f 245//241 247//241 246//241
f 244//242 247//242 245//242
f 247//243 249//243 248//243
f 249//244 250//244 248//244
f 248//245 250//245 251//245
f 251//246 252//246 253//246
f 250//247 252//247 251//247
f 253//248 254//248 255//248
f 252//249 254//249 253//249
f 256//250 257//250 258//250
f 255//251 257//251 256//251
f 254//252 257//252 255//252
f 257//253 259//253 258//253
f 260//254 261//254 262//254
f 258//255 261//255 260//255
f 259//256 261//256 258//256
f 261//257 263//257 262//257
f 264//258 265//258 179//258
f 262//259 265//259 264//259
f 263//260 265//260 262//260
f 265//261 266//261 179//261
f 267//262 268//262 269//262
f 270//263 268//263 267//263
f 271//264 268//264 270//264
f 237//265 268//265 271//265
f 11//266 268//266 237//266
f 272//267 268//267 273//267
f 274//268 268//268 272//268
f 275//269 268//269 274//269
f 276//270 268//270 275//270
f 277//271 268//271 276//271
f 278//272 268//272 277//272
f 279//273 268//273 278//273
f 280//274 268//274 279//274
f 281//275 268//275 280//275
f 282//276 268//276 281//276
f 283//277 268//277 282//277
f 284//278 268//278 283//278
f 285//279 268//279 284//279
f 286//280 268//280 285//280
f 287//281 268//281 286//281
f 288//282 268//282 287//282
f 289//283 268//283 288//283
f 290//284 268//284 289//284
f 291//285 268//285 290//285
f 292//286 268//286 291//286
f 293//287 268//287 292//287
f 294//288 268//288 293//288
f 295//289 268//289 294//289
f 296//290 268//290 295//290
f 297//291 268//291 296//291
f 298//292 268//292 297//292
f 299//293 268//293 298//293
f 300//294 268//294 299//294
f 301//295 268//295 300//295
f 302//296 268//296 301//296
f 303//297 268//297 302//297
f 304//298 268//298 303//298
f 305//299 268//299 304//299
f 306//300 268//300 305//300
f 307//301 268//301 306//301
f 308//302 268//302 307//302
f 309//303 268//303 308//303
f 310//304 268//304 309//304
f 311//305 268//305 310//305
f 312//306 268//306 311//306
f 313//307 268//307 312//307
f 269//308 268//308 313//308
f 314//309 315//309 316//309
f 317//310 315//310 314//310
f 315//311 318//311 316//311
f 317//312 319//312 315//312
f 320//313 321//313 322//313
f 316//314 321//314 320//314
f 318//315 321//315 316//315
f 317//316 323//316 319//316
f 324//317 323//317 317//317
f 321//318 325//318 322//318
f 326//319 327//319 324//319
f 324//320 327//320 323//320
f 322//321 328//321 329//321
f 325//322 328//322 322//322
f 330//323 331//323 326//323
f 332//324 331//324 330//324
f 326//325 331//325 327//325
f 333//326 334//326 335//326
f 329//327 334//327 333//327
f 328//328 334//328 329//328
f 332//329 336//329 331//329
f 334//330 337//330 335//330
f 338//331 339//331 332//331
f 332//332 339//332 336//332
f 335//333 340//333 266//333
f 337//334 340//334 335//334
f 179//335 340//335 181//335
f 266//336 340//336 179//336
f 341//337 342//337 338//337
f 343//338 342//338 341//338
f 338//339 342//339 339//339
f 181//340 344//340 345//340
f 340//341 344//341 181//341
f 343//342 346//342 342//342
f 344//343 347//343 345//343
f 348//344 347//344 349//344
f 345//345 347//345 348//345
f 350//346 351//346 343//346
f 343//347 351//347 346//347
f 347//348 352//348 349//348
f 353//349 354//349 350//349
f 355//350 354//350 353//350
f 350//351 354//351 351//351
f 352//352 356//352 349//352
f 349//353 356//353 357//353
f 358//354 359//354 355//354
f 355//355 359//355 354//355
f 356//356 360//356 357//356
f 357//357 360//357 361//357
f 362//358 363//358 358//358
f 358//359 363//359 359//359
f 360//360 364//360 361//360
f 361//361 364//361 365//361
f 362//362 366//362 363//362
f 367//363 366//363 362//363
f 364//364 368//364 365//364
f 365//365 368//365 369//365
f 367//366 370//366 366//366
f 368//367 371//367 369//367
f 372//368 371//368 373//368
f 369//369 371//369 372//369
f 367//370 374//370 370//370
f 375//371 374//371 367//371
f 371//372 376//372 373//372
f 375//373 377//373 374//373
f 378//374 377//374 375//374
f 376//375 379//375 373//375
f 373//376 379//376 380//376
f 381//377 382//377 378//377
f 383//378 382//378 381//378
f 378//379 382//379 377//379
f 379//380 384//380 380//380
f 380//381 384//381 385//381
f 383//382 386//382 382//382
f 384//383 387//383 385//383
f 385//384 387//384 388//384
f 389//385 390//385 383//385
f 391//386 390//386 389//386
f 383//387 390//387 386//387
f 387//388 392//388 388//388
f 388//389 392//389 393//389
f 394//390 395//390 391//390
f 391//391 395//391 390//391
f 392//392 396//392 393//392
f 393//393 396//393 397//393
f 394//394 398//394 395//394
f 396//395 399//395 397//395
f 400//396 399//396 401//396
f 397//397 399//397 400//397
f 394//398 402//398 398//398
f 403//399 402//399 394//399
f 404//400 402//400 403//400
f 399//401 405//401 401//401
f 404//402 406//402 402//402
f 401//403 407//403 408//403
f 405//404 407//404 401//404
f 409//405 410//405 404//405
f 404//406 410//406 406//406
f 407//407 411//407 408//407
f 408//408 411//408 412//408
f 409//409 413//409 410//409
f 414//410 413//410 409//410
f 415//411 413//411 414//411
f 411//412 416//412 412//412
f 412//413 416//413 417//413
f 415//414 418//414 413//414
f 416//415 419//415 417//415
f 417//416 419//416 420//416
f 421//417 422//417 415//417
f 415//418 422//418 418//418
f 419//419 423//419 420//419
f 424//420 423//420 425//420
f 420//421 423//421 424//421
f 426//422 427//422 421//422
f 428//423 427//423 426//423
f 421//424 427//424 422//424
f 423//425 429//425 425//425
f 428//426 430//426 427//426
f 429//427 431//427 425//427
f 425//428 431//428 432//428
f 428//429 433//429 430//429
f 434//430 433//430 428//430
f 435//431 436//431 437//431
f 432//432 436//432 435//432
f 431//433 436//433 432//433
f 438//434 439//434 434//434
f 440//435 439//435 438//435
f 434//436 439//436 433//436
f 436//437 441//437 437//437
f 440//438 442//438 439//438
f 437//439 443//439 444//439
f 441//440 443//440 437//440
f 445//441 446//441 440//441
f 440//442 446//442 442//442
f 443//443 447//443 444//443
f 444//444 447//444 448//444
f 449//445 450//445 445//445
f 445//446 450//446 446//446
f 447//447 451//447 448//447
f 448//448 451//448 452//448
f 453//449 454//449 449//449
f 449//450 454//450 450//450
f 452//451 455//451 456//451
f 451//452 455//452 452//452
f 457//453 458//453 453//453
f 453//454 458//454 454//454
f 456//455 459//455 460//455
f 455//456 459//456 456//456
f 461//457 462//457 457//457
f 457//458 462//458 458//458
f 459//459 463//459 460//459
f 460//460 463//460 464//460
f 273//461 465//461 461//461
f 461//462 465//462 462//462
f 464//463 466//463 467//463
f 463//464 466//464 464//464
f 467//465 468//465 198//465
f 198//466 468//466 94//466
f 466//467 468//467 467//467
f 468//468 469//468 94//468
f 469//469 470//469 94//469
f 471//470 472//470 470//470
f 473//471 472//471 471//471
f 474//472 472//472 473//472
f 475//473 472//473 474//473
f 476//474 472//474 475//474
f 477//475 472//475 476//475
f 478//476 472//476 477//476
f 479//477 472//477 478//477
f 480//478 472//478 479//478
f 273//479 472//479 465//479
f 481//480 472//480 480//480
f 482//481 472//481 481//481
f 483//482 472//482 482//482
f 470//483 472//483 94//483
f 484//484 472//484 483//484
f 485//485 472//485 484//485
f 486//486 472//486 485//486
f 487//487 472//487 486//487
f 488//488 472//488 487//488
f 489//489 472//489 488//489
f 490//490 472//490 489//490
f 491//491 472//491 490//491
f 492//492 472//492 491//492
f 493//493 472//493 492//493
f 494//494 472//494 493//494
f 495//495 472//495 494//495
f 496//496 472//496 495//496
f 497//497 472//497 496//497
f 498//498 472//498 497//498
f 499//499 472//499 498//499
f 500//500 472//500 499//500
f 501//501 472//501 500//501
f 502//502 472//502 501//502
f 503//503 472//503 502//503
f 504//504 472//504 503//504
f 505//505 472//505 504//505
f 506//506 472//506 505//506
f 507//507 472//507 506//507
f 508//508 472//508 507//508
f 509//509 472//509 508//509
f 510//510 472//510 509//510
f 511//511 472//511 510//511
f 512//512 472//512 511//512
f 513//513 472//513 512//513
f 514//514 472//514 513//514
f 515//515 472//515 514//515
f 516//516 472//516 515//516
f 465//517 472//517 516//517
f 268//518 472//518 273//518
f 517//519 518//519 94//519
f 519//520 517//520 94//520
f 11//521 518//521 520//521
f 11//522 94//522 518//522
f 521//523 522//523 11//523
f 521//524 11//524 520//524
f 517//525 523//525 524//525
f 517//526 524//526 518//526
f 525//527 521//527 526//527
f 526//528 521//528 520//528
f 524//529 526//529 520//529
f 524//530 520//530 518//530
f 94//531 472//531 519//531
f 472//532 527//532 519//532
f 527//533 528//533 529//533
f 529//534 530//534 527//534
f 527//535 531//535 528//535
f 530//536 532//536 527//536
f 527//537 533//537 531//537
f 532//538 534//538 527//538
f 527//539 535//539 533//539
f 534//540 536//540 527//540
f 527//541 537//541 535//541
f 536//542 538//542 527//542
f 527//543 539//543 537//543
f 538//544 540//544 527//544
f 527//545 541//545 539//545
f 540//546 542//546 527//546
f 527//547 543//547 541//547
f 542//548 544//548 527//548
f 527//549 545//549 543//549
f 544//550 546//550 527//550
f 527//551 547//551 545//551
f 546//552 548//552 527//552
f 527//553 549//553 547//553
f 548//554 550//554 527//554
f 527//555 551//555 549//555
f 550//556 552//556 527//556
f 527//557 553//557 551//557
f 552//558 554//558 527//558
f 527//559 555//559 553//559
f 554//560 556//560 527//560
f 527//561 557//561 555//561
f 556//562 558//562 527//562
f 558//563 559//563 527//563
f 559//564 560//564 527//564
f 560//565 523//565 527//565
f 523//566 519//566 527//566
f 523//567 517//567 519//567
f 527//568 561//568 562//568
f 527//569 562//569 557//569
f 268//570 11//570 522//570
f 563//571 268//571 522//571
f 525//572 522//572 521//572
f 563//573 564//573 565//573
f 563//574 566//574 564//574
f 563//575 567//575 566//575
f 563//576 568//576 567//576
f 563//577 569//577 568//577
f 563//578 570//578 569//578
f 563//579 571//579 570//579
f 563//580 572//580 571//580
f 563//581 573//581 572//581
f 563//582 574//582 573//582
f 563//583 575//583 574//583
f 563//584 576//584 575//584
f 563//585 577//585 576//585
f 563//586 578//586 577//586
f 563//587 579//587 578//587
f 563//588 580//588 579//588
f 563//589 581//589 580//589
f 563//590 582//590 581//590
f 563//591 583//591 582//591
f 563//592 584//592 583//592
f 563//593 585//593 584//593
f 563//594 586//594 585//594
f 563//595 587//595 586//595
f 563//596 588//596 587//596
f 563//597 589//597 588//597
f 563//598 590//598 589//598
f 563//599 591//599 590//599
f 563//600 592//600 591//600
f 563//601 593//601 592//601
f 563//602 594//602 593//602
f 563//603 595//603 594//603
f 563//604 596//604 595//604
f 563//605 525//605 596//605
f 597//606 563//606 598//606
f 598//607 563//607 565//607
f 563//608 522//608 525//608
f 599//609 597//609 600//609
f 601//610 602//610 603//610
f 600//611 602//611 601//611
f 561//612 604//612 602//612
f 601//613 599//613 600//613
f 604//614 603//614 602//614
f 7//615 1//615 5//615
f 5//616 1//616 3//616
f 563//617 472//617 268//617
f 563//618 527//618 472//618
f 605//619 2//619 4//619
f 605//620 606//620 2//620
f 8//621 2//621 606//621
f 607//622 8//622 606//622
f 6//623 8//623 607//623
f 608//624 6//624 607//624
f 608//625 605//625 4//625
f 608//626 4//626 6//626
f 609//627 606//627 610//627
f 611//628 610//628 606//628
f 612//629 606//629 609//629
f 613//630 611//630 606//630
f 614//631 606//631 612//631
f 615//632 613//632 606//632
f 616//633 606//633 614//633
f 617//634 615//634 606//634
f 618//635 606//635 616//635
f 619//636 617//636 606//636
f 620//637 606//637 618//637
f 621//638 619//638 606//638
f 622//639 606//639 620//639
f 623//640 621//640 606//640
f 624//641 606//641 622//641
f 625//642 623//642 606//642
f 626//643 606//643 624//643
f 627//644 625//644 606//644
f 628//645 606//645 626//645
f 629//646 627//646 606//646
f 630//647 606//647 628//647
f 631//648 629//648 606//648
f 632//649 606//649 630//649
f 633//650 631//650 606//650
f 634//651 606//651 632//651
f 635//652 633//652 606//652
f 636//653 606//653 634//653
f 637//654 635//654 606//654
f 638//655 606//655 636//655
f 639//656 637//656 606//656
f 640//657 606//657 638//657
f 641//658 606//658 601//658
f 641//659 639//659 606//659
f 642//660 606//660 640//660
f 643//661 641//661 601//661
f 644//662 606//662 642//662
f 645//663 643//663 601//663
f 646//664 606//664 644//664
f 647//665 645//665 601//665
f 648//666 606//666 646//666
f 649//667 647//667 601//667
f 650//668 649//668 601//668
f 651//669 650//669 601//669
f 652//670 651//670 601//670
f 653//671 652//671 601//671
f 654//672 653//672 601//672
f 655//673 654//673 601//673
f 656//674 655//674 601//674
f 657//675 656//675 601//675
f 658//676 657//676 601//676
f 659//677 658//677 601//677
f 660//678 659//678 601//678
f 661//679 660//679 601//679
f 662//680 661//680 601//680
f 663//681 662//681 601//681
f 664//682 663//682 601//682
f 665//683 664//683 601//683
f 666//684 665//684 601//684
f 667//685 666//685 601//685
f 668//686 667//686 601//686
f 669//687 668//687 601//687
f 670//688 669//688 601//688
f 671//689 670//689 601//689
f 672//690 671//690 601//690
f 673//691 672//691 601//691
f 674//692 673//692 601//692
f 675//693 674//693 601//693
f 676//694 675//694 601//694
f 677//695 676//695 601//695
f 678//696 677//696 601//696
f 679//697 678//697 601//697
f 680//698 679//698 601//698
f 681//699 682//699 683//699
f 684//700 682//700 681//700
f 685//701 683//701 686//701
f 685//702 681//702 683//702
f 687//703 688//703 682//703
f 687//704 682//704 684//704
f 689//705 686//705 690//705
f 689//706 685//706 686//706
f 691//707 688//707 687//707
f 691//708 692//708 693//708
f 691//709 693//709 688//709
f 694//710 689//710 690//710
f 694//711 690//711 695//711
f 696//712 692//712 691//712
f 697//713 695//713 698//713
f 697//714 694//714 695//714
f 699//715 700//715 701//715
f 699//716 692//716 696//716
f 699//717 701//717 692//717
f 702//718 698//718 703//718
f 702//719 697//719 698//719
f 704//720 700//720 699//720
f 705//721 703//721 706//721
f 705//722 702//722 703//722
f 707//723 708//723 700//723
f 707//724 700//724 704//724
f 709//725 706//725 710//725
f 709//726 705//726 706//726
f 711//727 712//727 708//727
f 711//728 708//728 707//728
f 713//729 710//729 714//729
f 713//730 709//730 710//730
f 715//731 716//731 712//731
f 715//732 712//732 711//732
f 717//733 714//733 718//733
f 717//734 713//734 714//734
f 719//735 720//735 716//735
f 719//736 716//736 715//736
f 721//737 718//737 722//737
f 721//738 717//738 718//738
f 723//739 724//739 720//739
f 723//740 720//740 719//740
f 725//741 721//741 722//741
f 725//742 722//742 726//742
f 727//743 648//743 724//743
f 727//744 724//744 723//744
f 728//745 726//745 729//745
f 728//746 725//746 726//746
f 730//747 729//747 731//747
f 730//748 728//748 729//748
f 732//749 731//749 733//749
f 732//750 730//750 731//750
f 734//751 733//751 735//751
f 734//752 735//752 736//752
f 734//753 732//753 733//753
f 737//754 734//754 736//754
f 738//755 736//755 739//755
f 738//756 737//756 736//756
f 740//757 739//757 741//757
f 740//758 738//758 739//758
f 742//759 741//759 743//759
f 742//760 740//760 741//760
f 744//761 743//761 745//761
f 744//762 745//762 746//762
f 744//763 742//763 743//763
f 747//764 744//764 746//764
f 748//765 746//765 749//765
f 748//766 747//766 746//766
f 750//767 749//767 751//767
f 750//768 748//768 749//768
f 752//769 750//769 751//769
f 752//770 751//770 753//770
f 752//771 753//771 754//771
f 755//772 754//772 756//772
f 755//773 752//773 754//773
f 757//774 755//774 756//774
f 758//775 756//775 759//775
f 758//776 759//776 760//776
f 758//777 757//777 756//777
f 761//778 758//778 760//778
f 762//779 761//779 760//779
f 762//780 760//780 763//780
f 764//781 762//781 763//781
f 764//782 763//782 765//782
f 766//783 764//783 765//783
f 766//784 765//784 767//784
f 766//785 767//785 768//785
f 769//786 766//786 768//786
f 770//787 769//787 768//787
f 770//788 768//788 771//788
f 772//789 771//789 773//789
f 772//790 770//790 771//790
f 774//791 772//791 773//791
f 774//792 773//792 775//792
f 776//793 774//793 775//793
f 776//794 775//794 777//794
f 776//795 777//795 778//795
f 779//796 776//796 778//796
f 780//797 779//797 778//797
f 780//798 778//798 781//798
f 782//799 780//799 781//799
f 782//800 781//800 783//800
f 784//801 783//801 785//801
f 784//802 782//802 783//802
f 786//803 785//803 787//803
f 786//804 784//804 785//804
f 788//805 787//805 789//805
f 788//806 786//806 787//806
f 790//807 788//807 789//807
f 790//808 789//808 680//808
f 607//809 791//809 792//809
f 607//810 792//810 793//810
f 607//811 793//811 794//811
f 607//812 794//812 795//812
f 607//813 795//813 796//813
f 607//814 796//814 797//814
f 607//815 797//815 798//815
f 607//816 798//816 799//816
f 607//817 606//817 648//817
f 607//818 799//818 800//818
f 607//819 800//819 801//819
f 607//820 801//820 802//820
f 607//821 802//821 803//821
f 607//822 803//822 804//822
f 607//823 804//823 805//823
f 607//824 805//824 806//824
f 607//825 806//825 807//825
f 607//826 807//826 808//826
f 607//827 808//827 809//827
f 607//828 809//828 810//828
f 607//829 810//829 811//829
f 607//830 811//830 812//830
f 607//831 727//831 813//831
f 607//832 812//832 814//832
f 607//833 813//833 815//833
f 607//834 814//834 816//834
f 607//835 815//835 817//835
f 607//836 816//836 818//836
f 607//837 817//837 791//837
f 607//838 818//838 819//838
f 607//839 648//839 727//839
f 607//840 819//840 820//840
f 607//841 820//841 821//841
f 607//842 821//842 822//842
f 607//843 822//843 823//843
f 607//844 823//844 824//844
f 607//845 824//845 825//845
f 607//846 825//846 826//846
f 603//847 826//847 827//847
f 603//848 827//848 828//848
f 603//849 680//849 601//849
f 603//850 828//850 829//850
f 603//851 829//851 830//851
f 603//852 830//852 831//852
f 603//853 831//853 832//853
f 603//854 832//854 833//854
f 603//855 833//855 834//855
f 603//856 834//856 835//856
f 603//857 835//857 836//857
f 603//858 836//858 837//858
f 603//859 837//859 838//859
f 603//860 838//860 839//860
f 603//861 839//861 840//861
f 603//862 840//862 841//862
f 603//863 841//863 842//863
f 603//864 842//864 843//864
f 603//865 843//865 844//865
f 603//866 844//866 845//866
f 603//867 845//867 846//867
f 603//868 846//868 847//868
f 603//869 847//869 848//869
f 603//870 790//870 680//870
f 603//871 848//871 849//871
f 603//872 849//872 850//872
f 603//873 850//873 851//873
f 603//874 851//874 852//874
f 603//875 607//875 826//875
f 603//876 852//876 853//876
f 603//877 853//877 854//877
f 603//878 854//878 855//878
f 603//879 855//879 856//879
f 603//880 856//880 857//880
f 603//881 857//881 858//881
f 603//882 858//882 859//882
f 603//883 859//883 860//883
f 603//884 860//884 790//884
f 605//885 597//885 599//885
f 605//886 861//886 862//886
f 862//887 863//887 605//887
f 605//888 864//888 861//888
f 863//889 865//889 605//889
f 605//890 866//890 864//890
f 865//891 867//891 605//891
f 605//892 868//892 866//892
f 867//893 869//893 605//893
f 605//894 870//894 868//894
f 869//895 871//895 605//895
f 605//896 872//896 870//896
f 871//897 873//897 605//897
f 605//898 874//898 872//898
f 873//899 875//899 605//899
f 605//900 876//900 874//900
f 875//901 877//901 605//901
f 605//902 878//902 876//902
f 877//903 879//903 605//903
f 605//904 880//904 878//904
f 879//905 881//905 605//905
f 605//906 882//906 880//906
f 881//907 883//907 605//907
f 605//908 884//908 882//908
f 883//909 885//909 605//909
f 605//910 886//910 884//910
f 885//911 887//911 605//911
f 605//912 888//912 886//912
f 887//913 889//913 605//913
f 605//914 890//914 888//914
f 889//915 891//915 605//915
f 605//916 891//916 597//916
f 605//917 892//917 890//917
f 891//918 893//918 597//918
f 605//919 894//919 892//919
f 893//920 895//920 597//920
f 605//921 896//921 894//921
f 895//922 897//922 597//922
f 605//923 898//923 896//923
f 897//924 899//924 597//924
f 605//925 900//925 898//925
f 899//926 901//926 597//926
f 902//927 563//927 901//927
f 903//928 563//928 902//928
f 904//929 563//929 903//929
f 905//930 563//930 906//930
f 907//931 563//931 904//931
f 908//932 563//932 905//932
f 909//933 563//933 907//933
f 910//934 563//934 908//934
f 911//935 563//935 909//935
f 912//936 563//936 910//936
f 913//937 563//937 911//937
f 914//938 563//938 912//938
f 915//939 563//939 913//939
f 916//940 563//940 914//940
f 917//941 563//941 915//941
f 918//942 563//942 916//942
f 919//943 563//943 917//943
f 920//944 563//944 918//944
f 921//945 563//945 919//945
f 922//946 563//946 921//946
f 923//947 563//947 922//947
f 924//948 563//948 923//948
f 925//949 563//949 924//949
f 926//950 563//950 925//950
f 927//951 563//951 926//951
f 901//952 563//952 597//952
f 928//953 563//953 927//953
f 929//954 563//954 928//954
f 930//955 563//955 929//955
f 931//956 563//956 930//956
f 932//957 563//957 931//957
f 933//958 563//958 932//958
f 934//959 563//959 933//959
f 935//960 563//960 934//960
f 936//961 563//961 935//961
f 906//962 563//962 936//962
f 937//963 938//963 939//963
f 940//964 938//964 937//964
f 939//965 941//965 937//965
f 937//966 941//966 942//966
f 940//967 943//967 938//967
f 944//968 943//968 940//968
f 945//969 943//969 944//969
f 941//970 946//970 942//970
f 942//971 946//971 947//971
f 945//972 948//972 943//972
f 946//973 949//973 947//973
f 947//974 949//974 950//974
f 945//975 951//975 948//975
f 952//976 951//976 945//976
f 949//977 953//977 950//977
f 950//978 953//978 954//978
f 952//979 955//979 951//979
f 956//980 955//980 952//980
f 953//981 957//981 954//981
f 958//982 957//982 959//982
f 954//983 957//983 958//983
f 956//984 960//984 955//984
f 961//985 960//985 956//985
f 957//986 962//986 959//986
f 961//987 963//987 960//987
f 964//988 963//988 961//988
f 965//989 963//989 964//989
f 962//990 966//990 959//990
f 959//991 966//991 967//991
f 965//992 968//992 963//992
f 966//993 969//993 967//993
f 967//994 969//994 970//994
f 965//995 971//995 968//995
f 972//996 971//996 965//996
f 973//997 971//997 972//997
f 969//998 974//998 970//998
f 970//999 974//999 975//999
f 973//1000 976//1000 971//1000
f 974//1001 977//1001 975//1001
f 975//1002 977//1002 978//1002
f 973//1003 979//1003 976//1003
f 980//1004 979//1004 973//1004
f 977//1005 981//1005 978//1005
f 982//1006 981//1006 983//1006
f 978//1007 981//1007 982//1007
f 980//1008 984//1008 979//1008
f 900//1009 984//1009 980//1009
f 981//1010 985//1010 983//1010
f 983//1011 985//1011 986//1011
f 985//1012 987//1012 986//1012
f 988//1013 989//1013 990//1013
f 986//1014 989//1014 988//1014
f 987//1015 989//1015 986//1015
f 989//1016 991//1016 990//1016
f 990//1017 991//1017 992//1017
f 991//1018 993//1018 992//1018
f 992//1019 993//1019 994//1019
f 993//1020 995//1020 994//1020
f 994//1021 996//1021 997//1021
f 995//1022 996//1022 994//1022
f 997//1023 998//1023 999//1023
f 996//1024 998//1024 997//1024
f 998//1025 1000//1025 999//1025
f 999//1026 1000//1026 1001//1026
f 1000//1027 1002//1027 1001//1027
f 1001//1028 1002//1028 1003//1028
f 1002//1029 1004//1029 1003//1029
f 1003//1030 1004//1030 1005//1030
f 1005//1031 1006//1031 1007//1031
f 1004//1032 1006//1032 1005//1032
f 1006//1033 1008//1033 1007//1033
f 1009//1034 1008//1034 1010//1034
f 1007//1035 1008//1035 1009//1035
f 1008//1036 1011//1036 1010//1036
f 1010//1037 1012//1037 1013//1037
f 1011//1038 1012//1038 1010//1038
f 1012//1039 1014//1039 1013//1039
f 1013//1040 1014//1040 1015//1040
f 1014//1041 1016//1041 1015//1041
f 1015//1042 1016//1042 1017//1042
f 1017//1043 1018//1043 1019//1043
f 1016//1044 1018//1044 1017//1044
f 1019//1045 1020//1045 1021//1045
f 1018//1046 1020//1046 1019//1046
f 1022//1047 1023//1047 1024//1047
f 1021//1048 1023//1048 1022//1048
f 1020//1049 1023//1049 1021//1049
f 1023//1050 1025//1050 1024//1050
f 1025//1051 1026//1051 1024//1051
f 1024//1052 1026//1052 1027//1052
f 1027//1053 1028//1053 1029//1053
f 1026//1054 1028//1054 1027//1054
f 1030//1055 1031//1055 1032//1055
f 1029//1056 1031//1056 1030//1056
f 1028//1057 1031//1057 1029//1057
f 1031//1058 1033//1058 1032//1058
f 1034//1059 1035//1059 1036//1059
f 1032//1060 1035//1060 1034//1060
f 1033//1061 1035//1061 1032//1061
f 1035//1062 1037//1062 1036//1062
f 1036//1063 1038//1063 920//1063
f 1037//1064 1038//1064 1036//1064
f 1039//1065 608//1065 1040//1065
f 1041//1066 608//1066 1039//1066
f 605//1067 608//1067 900//1067
f 1042//1068 608//1068 1041//1068
f 1043//1069 608//1069 1042//1069
f 1044//1070 608//1070 1043//1070
f 1045//1071 608//1071 1044//1071
f 1046//1072 608//1072 1045//1072
f 1047//1073 608//1073 1046//1073
f 1048//1074 608//1074 1047//1074
f 1049//1075 608//1075 1048//1075
f 1050//1076 608//1076 1049//1076
f 1051//1077 608//1077 1050//1077
f 1052//1078 608//1078 1051//1078
f 1053//1079 608//1079 1052//1079
f 1054//1080 608//1080 1053//1080
f 1055//1081 608//1081 1054//1081
f 1056//1082 608//1082 1055//1082
f 1057//1083 608//1083 1056//1083
f 1058//1084 608//1084 1057//1084
f 1059//1085 608//1085 1058//1085
f 1060//1086 608//1086 1059//1086
f 1061//1087 608//1087 1060//1087
f 1062//1088 608//1088 1061//1088
f 1063//1089 608//1089 1062//1089
f 1064//1090 608//1090 1063//1090
f 900//1091 608//1091 984//1091
f 1065//1092 608//1092 1064//1092
f 1066//1093 608//1093 1065//1093
f 1067//1094 608//1094 1066//1094
f 1068//1095 608//1095 1067//1095
f 1069//1096 608//1096 1068//1096
f 1070//1097 608//1097 1069//1097
f 1071//1098 608//1098 1070//1098
f 1072//1099 608//1099 1071//1099
f 1073//1100 608//1100 1072//1100
f 984//1101 608//1101 1073//1101
f 1074//1102 527//1102 1075//1102
f 1076//1103 527//1103 1074//1103
f 1077//1104 527//1104 1076//1104
f 1078//1105 527//1105 1077//1105
f 1079//1106 527//1106 1078//1106
f 1080//1107 527//1107 1079//1107
f 1081//1108 527//1108 1080//1108
f 1082//1109 527//1109 1081//1109
f 1083//1110 527//1110 1082//1110
f 1084//1111 527//1111 1083//1111
f 1085//1112 527//1112 1084//1112
f 1086//1113 527//1113 1085//1113
f 1087//1114 527//1114 1086//1114
f 920//1115 527//1115 563//1115
f 1088//1116 527//1116 1087//1116
f 1089//1117 527//1117 1088//1117
f 1090//1118 527//1118 1089//1118
f 1091//1119 527//1119 1090//1119
f 1092//1120 527//1120 1038//1120
f 1093//1121 527//1121 1091//1121
f 1094//1122 527//1122 1092//1122
f 1095//1123 527//1123 1093//1123
f 1096//1124 527//1124 1094//1124
f 1097//1125 527//1125 1095//1125
f 1098//1126 527//1126 1096//1126
f 1099//1127 527//1127 1097//1127
f 1100//1128 527//1128 1098//1128
f 1101//1129 527//1129 1099//1129
f 1102//1130 527//1130 1100//1130
f 1103//1131 527//1131 1101//1131
f 1104//1132 527//1132 1102//1132
f 1105//1133 527//1133 1103//1133
f 1075//1134 527//1134 1104//1134
f 1106//1135 527//1135 1105//1135
f 1107//1136 527//1136 1106//1136
f 1108//1137 527//1137 1107//1137
f 1038//1138 527//1138 920//1138
f 1109//1139 561//1139 1108//1139
f 1110//1140 561//1140 1109//1140
f 1111//1141 561//1141 1110//1141
f 1112//1142 561//1142 1111//1142
f 1040//1143 561//1143 1112//1143
f 608//1144 561//1144 1040//1144
f 1108//1145 561//1145 527//1145
f 608//1146 604//1146 561//1146
f 606//1147 599//1147 601//1147
f 606//1148 605//1148 599//1148
f 604//1149 607//1149 603//1149
f 608//1150 607//1150 604//1150
f 1113//1151 4//1151 1114//1151
f 1115//1152 1114//1152 4//1152
f 1116//1153 4//1153 1113//1153
f 1117//1154 1115//1154 4//1154
f 1118//1155 4//1155 1116//1155
f 1119//1156 1117//1156 4//1156
f 1120//1157 4//1157 1118//1157
f 1121//1158 1119//1158 4//1158
f 1122//1159 4//1159 1120//1159
f 1123//1160 1121//1160 4//1160
f 1124//1161 4//1161 1122//1161
f 1125//1162 1123//1162 4//1162
f 1126//1163 4//1163 1124//1163
f 1127//1164 1125//1164 4//1164
f 1128//1165 4//1165 1126//1165
f 1129//1166 1127//1166 4//1166
f 1130//1167 4//1167 1128//1167
f 1131//1168 1129//1168 4//1168
f 1132//1169 4//1169 1130//1169
f 1133//1170 1131//1170 4//1170
f 1134//1171 4//1171 1132//1171
f 1135//1172 4//1172 1//1172
f 1135//1173 1133//1173 4//1173
f 1136//1174 4//1174 1134//1174
f 1137//1175 1135//1175 1//1175
f 1138//1176 4//1176 1136//1176
f 1139//1177 1137//1177 1//1177
f 1140//1178 4//1178 1138//1178
f 1141//1179 1139//1179 1//1179
f 1142//1180 4//1180 1140//1180
f 1143//1181 1141//1181 1//1181
f 1144//1182 4//1182 1142//1182
f 1145//1183 1143//1183 1//1183
f 1146//1184 4//1184 1144//1184
f 1147//1185 1145//1185 1//1185
f 1148//1186 4//1186 1146//1186
f 1149//1187 1147//1187 1//1187
f 1150//1188 4//1188 1148//1188
f 1151//1189 1149//1189 1//1189
f 1152//1190 4//1190 1150//1190
f 1153//1191 1151//1191 1//1191
f 1154//1192 4//1192 1152//1192
f 1155//1193 1153//1193 1//1193
f 1156//1194 4//1194 1154//1194
f 1157//1195 1155//1195 1//1195
f 1158//1196 1157//1196 1//1196
f 1159//1197 1158//1197 1//1197
f 1160//1198 1159//1198 1//1198
f 1161//1199 1160//1199 1//1199
f 1162//1200 1161//1200 1//1200
f 1163//1201 1162//1201 1//1201
f 1164//1202 1163//1202 1//1202
f 1165//1203 1164//1203 1//1203
f 1166//1204 1165//1204 1//1204
f 1167//1205 1166//1205 1//1205
f 1168//1206 1167//1206 1//1206
f 1169//1207 1168//1207 1//1207
f 1170//1208 1169//1208 1//1208
f 1171//1209 1170//1209 1//1209
f 1172//1210 1171//1210 1//1210
f 1173//1211 1172//1211 1//1211
f 1174//1212 1173//1212 1//1212
f 1175//1213 1174//1213 1//1213
f 1176//1214 1175//1214 1//1214
f 1177//1215 1176//1215 1//1215
f 1178//1216 1177//1216 1//1216
f 1179//1217 1178//1217 1//1217
f 1180//1218 1179//1218 1//1218
f 1181//1219 1180//1219 1//1219
f 1182//1220 1181//1220 1//1220
f 1183//1221 1182//1221 1//1221
f 1184//1222 1183//1222 1//1222
f 1185//1223 1184//1223 1//1223
f 1186//1224 1185//1224 1//1224
f 1187//1225 1188//1225 1189//1225
f 1187//1226 1190//1226 1188//1226
f 1187//1227 1191//1227 1190//1227
f 1192//1228 1189//1228 1188//1228
f 1192//1229 1188//1229 1193//1229
f 1194//1230 1191//1230 1187//1230
f 1195//1231 1192//1231 1193//1231
f 1195//1232 1193//1232 1196//1232
f 1197//1233 1191//1233 1194//1233
f 1197//1234 1198//1234 1191//1234
f 1199//1235 1195//1235 1196//1235
f 1199//1236 1196//1236 1200//1236
f 1201//1237 1198//1237 1197//1237
f 1201//1238 1202//1238 1198//1238
f 1203//1239 1204//1239 1205//1239
f 1203//1240 1200//1240 1204//1240
f 1203//1241 1199//1241 1200//1241
f 1206//1242 1202//1242 1201//1242
f 1206//1243 1207//1243 1202//1243
f 1208//1244 1203//1244 1205//1244
f 1209//1245 1207//1245 1206//1245
f 1209//1246 1210//1246 1207//1246
f 1209//1247 1211//1247 1210//1247
f 1212//1248 1208//1248 1205//1248
f 1212//1249 1213//1249 1214//1249
f 1212//1250 1205//1250 1213//1250
f 1215//1251 1211//1251 1209//1251
f 1215//1252 1216//1252 1211//1252
f 1217//1253 1212//1253 1214//1253
f 1218//1254 1216//1254 1215//1254
f 1218//1255 1219//1255 1216//1255
f 1220//1256 1217//1256 1214//1256
f 1220//1257 1221//1257 1222//1257
f 1220//1258 1214//1258 1221//1258
f 1223//1259 1219//1259 1218//1259
f 1224//1260 1220//1260 1222//1260
f 1225//1261 1219//1261 1223//1261
f 1225//1262 1156//1262 1219//1262
f 1226//1263 1224//1263 1222//1263
f 1226//1264 1222//1264 1227//1264
f 1228//1265 1226//1265 1227//1265
f 1228//1266 1229//1266 1230//1266
f 1228//1267 1227//1267 1229//1267
f 1231//1268 1228//1268 1230//1268
f 1232//1269 1231//1269 1230//1269
f 1232//1270 1233//1270 1234//1270
f 1232//1271 1230//1271 1233//1271
f 1235//1272 1232//1272 1234//1272
f 1236//1273 1237//1273 1238//1273
f 1236//1274 1234//1274 1237//1274
f 1236//1275 1235//1275 1234//1275
f 1239//1276 1236//1276 1238//1276
f 1240//1277 1239//1277 1238//1277
f 1240//1278 1241//1278 1242//1278
f 1240//1279 1238//1279 1241//1279
f 1243//1280 1240//1280 1242//1280
f 1244//1281 1243//1281 1242//1281
f 1244//1282 1242//1282 1245//1282
f 1246//1283 1247//1283 1248//1283
f 1246//1284 1245//1284 1247//1284
f 1246//1285 1244//1285 1245//1285
f 1249//1286 1246//1286 1248//1286
f 1250//1287 1249//1287 1248//1287
f 1250//1288 1251//1288 1252//1288
f 1250//1289 1248//1289 1251//1289
f 1253//1290 1252//1290 1254//1290
f 1253//1291 1250//1291 1252//1291
f 1255//1292 1253//1292 1254//1292
f 1256//1293 1255//1293 1254//1293
f 1256//1294 1257//1294 1258//1294
f 1256//1295 1254//1295 1257//1295
f 1259//1296 1256//1296 1258//1296
f 1260//1297 1259//1297 1258//1297
f 1260//1298 1261//1298 1262//1298
f 1260//1299 1258//1299 1261//1299
f 1263//1300 1260//1300 1262//1300
f 1263//1301 1262//1301 1264//1301
f 1265//1302 1263//1302 1264//1302
f 1266//1303 1264//1303 1267//1303
f 1266//1304 1265//1304 1264//1304
f 1268//1305 1266//1305 1267//1305
f 1268//1306 1267//1306 1269//1306
f 1270//1307 1271//1307 1272//1307
f 1270//1308 1269//1308 1271//1308
f 1270//1309 1268//1309 1269//1309
f 1273//1310 1272//1310 1274//1310
f 1273//1311 1270//1311 1272//1311
f 1275//1312 1273//1312 1274//1312
f 1276//1313 1275//1313 1274//1313
f 1276//1314 1277//1314 1278//1314
f 1276//1315 1274//1315 1277//1315
f 1279//1316 1276//1316 1278//1316
f 1280//1317 1278//1317 1281//1317
f 1280//1318 1279//1318 1278//1318
f 1282//1319 1281//1319 1283//1319
f 1282//1320 1280//1320 1281//1320
f 1284//1321 1283//1321 1285//1321
f 1284//1322 1282//1322 1283//1322
f 1286//1323 1285//1323 1287//1323
f 1286//1324 1284//1324 1285//1324
f 1288//1325 1287//1325 1289//1325
f 1288//1326 1286//1326 1287//1326
f 1290//1327 1289//1327 1291//1327
f 1290//1328 1288//1328 1289//1328
f 1292//1329 1291//1329 1186//1329
f 1292//1330 1186//1330 1//1330
f 1292//1331 1290//1331 1291//1331
f 6//1332 4//1332 1156//1332
f 6//1333 1156//1333 1225//1333
f 6//1334 1293//1334 1294//1334
f 6//1335 1295//1335 1293//1335
f 6//1336 1296//1336 1295//1336
f 6//1337 1297//1337 1296//1337
f 6//1338 1298//1338 1297//1338
f 6//1339 1299//1339 1298//1339
f 6//1340 1300//1340 1299//1340
f 6//1341 1301//1341 1300//1341
f 6//1342 1302//1342 1301//1342
f 6//1343 1303//1343 1302//1343
f 6//1344 1304//1344 1303//1344
f 6//1345 1305//1345 1304//1345
f 6//1346 1306//1346 1305//1346
f 6//1347 1307//1347 1306//1347
f 6//1348 1308//1348 1307//1348
f 6//1349 1309//1349 1308//1349
f 6//1350 1310//1350 1309//1350
f 6//1351 1311//1351 1310//1351
f 6//1352 1312//1352 1311//1352
f 6//1353 1313//1353 1312//1353
f 6//1354 1314//1354 1313//1354
f 6//1355 1315//1355 1314//1355
f 6//1356 1316//1356 1315//1356
f 6//1357 1317//1357 1316//1357
f 6//1358 1318//1358 1317//1358
f 6//1359 1319//1359 1318//1359
f 6//1360 1320//1360 1319//1360
f 6//1361 1321//1361 1320//1361
f 6//1362 1322//1362 1321//1362
f 6//1363 1323//1363 1322//1363
f 6//1364 1324//1364 1323//1364
f 6//1365 1325//1365 1324//1365
f 6//1366 1225//1366 1325//1366
f 7//1367 1326//1367 1327//1367
f 7//1368 1328//1368 1326//1368
f 7//1369 1329//1369 1328//1369
f 7//1370 1330//1370 1329//1370
f 7//1371 1331//1371 1330//1371
f 7//1372 1332//1372 1331//1372
f 7//1373 1333//1373 1332//1373
f 7//1374 1334//1374 1333//1374
f 7//1375 1335//1375 1334//1375
f 7//1376 1336//1376 1335//1376
f 7//1377 1337//1377 1336//1377
f 7//1378 1338//1378 1337//1378
f 7//1379 1339//1379 1338//1379
f 7//1380 1340//1380 1339//1380
f 7//1381 1341//1381 1340//1381
f 7//1382 1342//1382 1341//1382
f 7//1383 1343//1383 1342//1383
f 7//1384 1344//1384 1343//1384
f 7//1385 1345//1385 1344//1385
f 7//1386 1346//1386 1345//1386
f 7//1387 1347//1387 1346//1387
f 7//1388 1348//1388 1292//1388
f 7//1389 1349//1389 1347//1389
f 7//1390 1350//1390 1348//1390
f 7//1391 1351//1391 1349//1391
f 7//1392 1352//1392 1350//1392
f 7//1393 1353//1393 1351//1393
f 7//1394 1327//1394 1352//1394
f 7//1395 1354//1395 1353//1395
f 7//1396 1355//1396 1354//1396
f 7//1397 1356//1397 1355//1397
f 7//1398 1357//1398 1356//1398
f 7//1399 1358//1399 1357//1399
f 7//1400 1359//1400 1358//1400
f 7//1401 1360//1401 1359//1401
f 7//1402 1361//1402 1360//1402
f 7//1403 1362//1403 1361//1403
f 7//1404 1363//1404 1362//1404
f 7//1405 1364//1405 1363//1405
f 7//1406 1294//1406 1364//1406
f 7//1407 1292//1407 1//1407
f 7//1408 6//1408 1294//1408
f 1365//1409 1366//1409 3//1409
f 3//1410 1367//1410 1365//1410
f 1366//1411 1368//1411 3//1411
f 3//1412 1369//1412 1367//1412
f 1368//1413 1370//1413 3//1413
f 3//1414 1371//1414 1369//1414
f 1370//1415 1372//1415 3//1415
f 3//1416 1373//1416 1371//1416
f 1372//1417 1374//1417 3//1417
f 3//1418 1375//1418 1373//1418
f 1374//1419 1376//1419 3//1419
f 3//1420 1377//1420 1375//1420
f 1376//1421 1378//1421 3//1421
f 3//1422 1379//1422 1377//1422
f 1378//1423 1380//1423 3//1423
f 3//1424 1381//1424 1379//1424
f 1380//1425 1382//1425 3//1425
f 3//1426 1383//1426 1381//1426
f 1382//1427 1384//1427 3//1427
f 3//1428 1385//1428 1383//1428
f 1384//1429 1386//1429 3//1429
f 3//1430 1387//1430 1385//1430
f 1386//1431 1388//1431 3//1431
f 3//1432 1389//1432 1387//1432
f 1388//1433 1390//1433 3//1433
f 3//1434 1391//1434 1389//1434
f 1390//1435 1392//1435 3//1435
f 3//1436 1393//1436 1391//1436
f 1392//1437 1394//1437 3//1437
f 3//1438 1395//1438 1393//1438
f 1394//1439 1396//1439 3//1439
f 3//1440 1397//1440 1395//1440
f 1396//1441 1398//1441 3//1441
f 3//1442 1399//1442 1397//1442
f 1398//1443 1400//1443 3//1443
f 3//1444 1401//1444 1399//1444
f 1400//1445 1402//1445 3//1445
f 3//1446 1403//1446 1401//1446
f 1402//1447 1404//1447 3//1447
f 2//1448 1405//1448 3//1448
f 3//1449 1405//1449 1403//1449
f 2//1450 1406//1450 1405//1450
f 2//1451 1407//1451 1406//1451
f 2//1452 1408//1452 1407//1452
f 2//1453 1409//1453 1408//1453
f 2//1454 1410//1454 1409//1454
f 2//1455 1411//1455 1410//1455
f 2//1456 1412//1456 1411//1456
f 2//1457 1413//1457 1412//1457
f 2//1458 1414//1458 1413//1458
f 2//1459 1415//1459 1414//1459
f 2//1460 1416//1460 1415//1460
f 2//1461 1417//1461 1416//1461
f 2//1462 1418//1462 1417//1462
f 2//1463 1419//1463 1418//1463
f 2//1464 1420//1464 1419//1464
f 2//1465 1421//1465 1420//1465
f 2//1466 1422//1466 1421//1466
f 2//1467 1423//1467 1422//1467
f 2//1468 1424//1468 1423//1468
f 2//1469 1425//1469 1424//1469
f 2//1470 1426//1470 1425//1470
f 2//1471 1427//1471 1426//1471
f 2//1472 1428//1472 1427//1472
f 2//1473 1429//1473 1428//1473
f 2//1474 1430//1474 1429//1474
f 2//1475 1431//1475 1430//1475
f 2//1476 1432//1476 1431//1476
f 2//1477 1433//1477 1432//1477
f 2//1478 1434//1478 1433//1478
f 2//1479 1435//1479 1434//1479
f 2//1480 1436//1480 1435//1480
f 2//1481 1437//1481 1436//1481
f 2//1482 1438//1482 1437//1482
f 1439//1483 1440//1483 1441//1483
f 1442//1484 1440//1484 1439//1484
f 1443//1485 1444//1485 1445//1485
f 1445//1486 1444//1486 1439//1486
f 1439//1487 1444//1487 1442//1487
f 1440//1488 1446//1488 1441//1488
f 1441//1489 1446//1489 1447//1489
f 1443//1490 1448//1490 1444//1490
f 1446//1491 1449//1491 1447//1491
f 1447//1492 1449//1492 1450//1492
f 1450//1493 1449//1493 1451//1493
f 1443//1494 1452//1494 1448//1494
f 1453//1495 1452//1495 1454//1495
f 1454//1496 1452//1496 1443//1496
f 1449//1497 1455//1497 1451//1497
f 1453//1498 1456//1498 1452//1498
f 1455//1499 1457//1499 1451//1499
f 1451//1500 1457//1500 1458//1500
f 1459//1501 1460//1501 1453//1501
f 1453//1502 1460//1502 1456//1502
f 1457//1503 1461//1503 1458//1503
f 1458//1504 1461//1504 1462//1504
f 1459//1505 1463//1505 1460//1505
f 1464//1506 1463//1506 1459//1506
f 1461//1507 1465//1507 1462//1507
f 1462//1508 1465//1508 1466//1508
f 1464//1509 1467//1509 1463//1509
f 1468//1510 1467//1510 1464//1510
f 1465//1511 1469//1511 1466//1511
f 1466//1512 1469//1512 1470//1512
f 1468//1513 1471//1513 1467//1513
f 1472//1514 1471//1514 1473//1514
f 1473//1515 1471//1515 1468//1515
f 1469//1516 1474//1516 1470//1516
f 1470//1517 1474//1517 1475//1517
f 1472//1518 1476//1518 1471//1518
f 1474//1519 1477//1519 1475//1519
f 1475//1520 1477//1520 1478//1520
f 1472//1521 1479//1521 1476//1521
f 1480//1522 1479//1522 1472//1522
f 1477//1523 1481//1523 1478//1523
f 1478//1524 1481//1524 1482//1524
f 1483//1525 1484//1525 1485//1525
f 1485//1526 1484//1526 1480//1526
f 1480//1527 1484//1527 1479//1527
f 1481//1528 1486//1528 1482//1528
f 1482//1529 1486//1529 1404//1529
f 1483//1530 1487//1530 1484//1530
f 1488//1531 1487//1531 1483//1531
f 1488//1532 1489//1532 1487//1532
f 1490//1533 1491//1533 1492//1533
f 1492//1534 1491//1534 1488//1534
f 1488//1535 1491//1535 1489//1535
f 1490//1536 1493//1536 1491//1536
f 1490//1537 1494//1537 1493//1537
f 1495//1538 1494//1538 1490//1538
f 1495//1539 1496//1539 1494//1539
f 1497//1540 1496//1540 1498//1540
f 1498//1541 1496//1541 1495//1541
f 1497//1542 1499//1542 1496//1542
f 1497//1543 1500//1543 1499//1543
f 1501//1544 1500//1544 1497//1544
f 1502//1545 1503//1545 1501//1545
f 1501//1546 1503//1546 1500//1546
f 1504//1547 1505//1547 1506//1547
f 1506//1548 1505//1548 1502//1548
f 1502//1549 1505//1549 1503//1549
f 1504//1550 1507//1550 1505//1550
f 1508//1551 1509//1551 1504//1551
f 1504//1552 1509//1552 1507//1552
f 1510//1553 1511//1553 1508//1553
f 1508//1554 1511//1554 1509//1554
f 1512//1555 1513//1555 1510//1555
f 1510//1556 1513//1556 1511//1556
f 1514//1557 1515//1557 1512//1557
f 1512//1558 1515//1558 1513//1558
f 1516//1559 1517//1559 1514//1559
f 1514//1560 1517//1560 1515//1560
f 1516//1561 1518//1561 1517//1561
f 1519//1562 1518//1562 1516//1562
f 1520//1563 1521//1563 1519//1563
f 1519//1564 1521//1564 1518//1564
f 1522//1565 1523//1565 1520//1565
f 1520//1566 1523//1566 1521//1566
f 1524//1567 1525//1567 1522//1567
f 1522//1568 1525//1568 1523//1568
f 1526//1569 1527//1569 1524//1569
f 1524//1570 1527//1570 1525//1570
f 1528//1571 1529//1571 1530//1571
f 1530//1572 1529//1572 1526//1572
f 1526//1573 1529//1573 1527//1573
f 1531//1574 1532//1574 1528//1574
f 1528//1575 1532//1575 1529//1575
f 1531//1576 1533//1576 1532//1576
f 1534//1577 1535//1577 1531//1577
f 1531//1578 1535//1578 1533//1578
f 1536//1579 1537//1579 1538//1579
f 1538//1580 1537//1580 1534//1580
f 1534//1581 1537//1581 1535//1581
f 1539//1582 1540//1582 1536//1582
f 1536//1583 1540//1583 1537//1583
f 1539//1584 1541//1584 1540//1584
f 1438//1585 1542//1585 1543//1585
f 1543//1586 1542//1586 1539//1586
f 1539//1587 1542//1587 1541//1587
f 1438//1588 1544//1588 1542//1588
f 2//1589 1544//1589 1438//1589
f 1404//1590 5//1590 3//1590
f 1545//1591 5//1591 1546//1591
f 1546//1592 5//1592 1547//1592
f 1547//1593 5//1593 1548//1593
f 1548//1594 5//1594 1549//1594
f 1549//1595 5//1595 1550//1595
f 1550//1596 5//1596 1551//1596
f 1551//1597 5//1597 1552//1597
f 1552//1598 5//1598 1553//1598
f 1553//1599 5//1599 1554//1599
f 1554//1600 5//1600 1555//1600
f 1555//1601 5//1601 1556//1601
f 1556//1602 5//1602 1557//1602
f 1557//1603 5//1603 1558//1603
f 1558//1604 5//1604 1559//1604
f 1559//1605 5//1605 1560//1605
f 1560//1606 5//1606 1561//1606
f 1561//1607 5//1607 1562//1607
f 1486//1608 5//1608 1404//1608
f 1562//1609 5//1609 1563//1609
f 1563//1610 5//1610 1564//1610
f 1564//1611 5//1611 1565//1611
f 1565//1612 5//1612 1566//1612
f 1566//1613 5//1613 1567//1613
f 1567//1614 5//1614 1568//1614
f 1568//1615 5//1615 1569//1615
f 1569//1616 5//1616 1570//1616
f 1570//1617 5//1617 1571//1617
f 1571//1618 5//1618 1572//1618
f 1572//1619 5//1619 1573//1619
f 1573//1620 5//1620 1574//1620
f 1574//1621 5//1621 1575//1621
f 1575//1622 5//1622 1576//1622
f 1576//1623 5//1623 1577//1623
f 1577//1624 5//1624 1578//1624
f 1578//1625 5//1625 1579//1625
f 1579//1626 5//1626 1580//1626
f 1580//1627 5//1627 1581//1627
f 1581//1628 5//1628 1582//1628
f 1582//1629 5//1629 1583//1629
f 1583//1630 5//1630 1584//1630
f 1584//1631 5//1631 1486//1631
f 1545//1632 8//1632 5//1632
f 1585//1633 8//1633 1586//1633
f 1586//1634 8//1634 1587//1634
f 1587//1635 8//1635 1588//1635
f 1588//1636 8//1636 1589//1636
f 1589//1637 8//1637 1590//1637
f 1590//1638 8//1638 1591//1638
f 1591//1639 8//1639 1592//1639
f 1592//1640 8//1640 1593//1640
f 1593//1641 8//1641 1594//1641
f 1594//1642 8//1642 1595//1642
f 1595//1643 8//1643 1596//1643
f 1596//1644 8//1644 1597//1644
f 1597//1645 8//1645 1598//1645
f 1598//1646 8//1646 1599//1646
f 1599//1647 8//1647 1600//1647
f 1600//1648 8//1648 1601//1648
f 1601//1649 8//1649 1602//1649
f 1602//1650 8//1650 1603//1650
f 1603//1651 8//1651 1604//1651
f 1544//1652 8//1652 1605//1652
f 1604//1653 8//1653 1606//1653
f 1605//1654 8//1654 1607//1654
f 1606//1655 8//1655 1608//1655
f 1607//1656 8//1656 1609//1656
f 1608//1657 8//1657 1610//1657
f 1609//1658 8//1658 1611//1658
f 1610//1659 8//1659 1612//1659
f 1611//1660 8//1660 1613//1660
f 1612//1661 8//1661 1614//1661
f 1613//1662 8//1662 1585//1662
f 1614//1663 8//1663 1615//1663
f 2//1664 8//1664 1544//1664
f 1615//1665 8//1665 1616//1665
f 1616//1666 8//1666 1545//1666
f 1585//1667 1586//1667 1617//1667
f 1617//1668 1586//1668 1618//1668
f 1618//1669 1587//1669 1619//1669
f 1586//1670 1587//1670 1618//1670
f 1619//1671 1588//1671 1620//1671
f 1587//1672 1588//1672 1619//1672
f 1620//1673 1589//1673 1621//1673
f 1588//1674 1589//1674 1620//1674
f 1621//1675 1590//1675 1622//1675
f 1589//1676 1590//1676 1621//1676
f 1622//1677 1591//1677 1623//1677
f 1590//1678 1591//1678 1622//1678
f 1623//1679 1592//1679 1624//1679
f 1591//1680 1592//1680 1623//1680
f 1624//1681 1593//1681 1625//1681
f 1592//1682 1593//1682 1624//1682
f 1625//1683 1594//1683 1626//1683
f 1593//1684 1594//1684 1625//1684
f 1626//1685 1595//1685 1627//1685
f 1594//1686 1595//1686 1626//1686
f 1595//1687 1596//1687 1627//1687
f 1627//1688 1596//1688 1628//1688
f 1628//1689 1596//1689 1629//1689
f 1596//1690 1597//1690 1629//1690
f 1597//1691 1598//1691 1629//1691
f 1629//1692 1598//1692 1630//1692
f 1598//1693 1599//1693 1630//1693
f 1630//1694 1599//1694 1631//1694
f 1631//1695 1599//1695 1632//1695
f 1599//1696 1600//1696 1632//1696
f 1600//1697 1601//1697 1632//1697
f 1632//1698 1601//1698 1633//1698
f 1601//1699 1602//1699 1633//1699
f 1633//1700 1602//1700 1634//1700
f 1602//1701 1603//1701 1634//1701
f 1634//1702 1603//1702 1635//1702
f 1635//1703 1603//1703 1636//1703
f 1603//1704 1604//1704 1636//1704
f 1604//1705 1606//1705 1636//1705
f 1636//1706 1606//1706 1637//1706
f 1606//1707 1608//1707 1637//1707
f 1637//1708 1608//1708 1638//1708
f 1638//1709 1608//1709 1639//1709
f 1608//1710 1610//1710 1639//1710
f 1639//1711 1612//1711 1640//1711
f 1610//1712 1612//1712 1639//1712
f 1640//1713 1614//1713 1641//1713
f 1612//1714 1614//1714 1640//1714
f 1641//1715 1615//1715 1642//1715
f 1642//1716 1615//1716 1643//1716
f 1614//1717 1615//1717 1641//1717
f 1615//1718 1616//1718 1643//1718
f 1643//1719 1545//1719 1644//1719
f 1644//1720 1545//1720 1645//1720
f 1616//1721 1545//1721 1643//1721
f 1645//1722 1546//1722 1646//1722
f 1545//1723 1546//1723 1645//1723
f 1646//1724 1547//1724 1647//1724
f 1546//1725 1547//1725 1646//1725
f 1647//1726 1548//1726 1648//1726
f 1547//1727 1548//1727 1647//1727
f 1648//1728 1549//1728 1649//1728
f 1548//1729 1549//1729 1648//1729
f 1649//1730 1550//1730 1650//1730
f 1549//1731 1550//1731 1649//1731
f 1650//1732 1551//1732 1651//1732
f 1550//1733 1551//1733 1650//1733
f 1551//1734 1552//1734 1651//1734
f 1651//1735 1553//1735 1652//1735
f 1652//1736 1553//1736 1653//1736
f 1552//1737 1553//1737 1651//1737
f 1553//1738 1554//1738 1653//1738
f 1554//1739 1555//1739 1653//1739
f 1653//1740 1555//1740 1654//1740
f 1555//1741 1556//1741 1654//1741
f 1654//1742 1556//1742 1655//1742
f 1655//1743 1556//1743 1656//1743
f 1556//1744 1557//1744 1656//1744
f 1656//1745 1557//1745 1657//1745
f 1557//1746 1558//1746 1657//1746
f 1657//1747 1558//1747 1658//1747
f 1558//1748 1559//1748 1658//1748
f 1559//1749 1560//1749 1658//1749
f 1658//1750 1560//1750 1659//1750
f 1560//1751 1561//1751 1659//1751
f 1659//1752 1561//1752 1660//1752
f 1561//1753 1562//1753 1660//1753
f 1660//1754 1562//1754 1661//1754
f 1562//1755 1563//1755 1661//1755
f 1661//1756 1563//1756 1662//1756
f 1563//1757 1564//1757 1662//1757
f 1662//1758 1564//1758 1663//1758
f 1564//1759 1565//1759 1663//1759
f 1663//1760 1565//1760 1664//1760
f 1565//1761 1566//1761 1664//1761
f 1664//1762 1566//1762 1665//1762
f 1566//1763 1567//1763 1665//1763
f 1665//1764 1567//1764 1666//1764
f 1567//1765 1568//1765 1666//1765
f 1666//1766 1568//1766 1667//1766
f 1667//1767 1568//1767 1668//1767
f 1568//1768 1569//1768 1668//1768
f 1569//1769 1570//1769 1668//1769
f 1668//1770 1570//1770 1669//1770
f 1570//1771 1571//1771 1669//1771
f 1669//1772 1571//1772 1670//1772
f 1571//1773 1572//1773 1670//1773
f 1670//1774 1572//1774 1671//1774
f 1572//1775 1573//1775 1671//1775
f 1671//1776 1573//1776 1672//1776
f 1672//1777 1573//1777 1673//1777
f 1573//1778 1574//1778 1673//1778
f 1574//1779 1575//1779 1673//1779
f 1673//1780 1575//1780 1674//1780
f 1674//1781 1575//1781 1675//1781
f 1575//1782 1576//1782 1675//1782
f 1675//1783 1577//1783 1676//1783
f 1576//1784 1577//1784 1675//1784
f 1676//1785 1578//1785 1677//1785
f 1677//1786 1578//1786 1678//1786
f 1577//1787 1578//1787 1676//1787
f 1578//1788 1579//1788 1678//1788
f 1579//1789 1580//1789 1678//1789
f 1678//1790 1580//1790 1679//1790
f 1580//1791 1581//1791 1679//1791
f 1679//1792 1581//1792 1680//1792
f 1581//1793 1582//1793 1680//1793
f 1680//1794 1582//1794 1681//1794
f 1582//1795 1583//1795 1681//1795
f 1681//1796 1583//1796 1682//1796
f 1583//1797 1584//1797 1682//1797
f 1682//1798 1584//1798 1683//1798
f 1584//1799 1486//1799 1683//1799
f 1683//1800 1486//1800 1684//1800
f 1486//1801 1481//1801 1684//1801
f 1684//1802 1481//1802 1685//1802
f 1481//1803 1477//1803 1685//1803
f 1685//1804 1477//1804 1686//1804
f 1477//1805 1474//1805 1686//1805
f 1686//1806 1474//1806 1687//1806
f 1687//1807 1474//1807 1688//1807
f 1474//1808 1469//1808 1688//1808
f 1469//1809 1465//1809 1688//1809
f 1688//1810 1465//1810 1689//1810
f 1689//1811 1465//1811 1690//1811
f 1465//1812 1461//1812 1690//1812
f 1691//1813 1457//1813 1692//1813
f 1461//1814 1457//1814 1690//1814
f 1690//1815 1457//1815 1691//1815
f 1457//1816 1455//1816 1692//1816
f 1692//1817 1449//1817 1693//1817
f 1693//1818 1449//1818 1694//1818
f 1455//1819 1449//1819 1692//1819
f 1449//1820 1446//1820 1694//1820
f 1694//1821 1440//1821 1695//1821
f 1695//1822 1440//1822 1696//1822
f 1446//1823 1440//1823 1694//1823
f 1440//1824 1442//1824 1696//1824
f 1696//1825 1444//1825 1697//1825
f 1697//1826 1444//1826 1698//1826
f 1442//1827 1444//1827 1696//1827
f 1444//1828 1448//1828 1698//1828
f 1698//1829 1452//1829 1699//1829
f 1448//1830 1452//1830 1698//1830
f 1699//1831 1456//1831 1700//1831
f 1452//1832 1456//1832 1699//1832
f 1700//1833 1460//1833 1701//1833
f 1456//1834 1460//1834 1700//1834
f 1701//1835 1463//1835 1702//1835
f 1460//1836 1463//1836 1701//1836
f 1702//1837 1467//1837 1703//1837
f 1463//1838 1467//1838 1702//1838
f 1703//1839 1471//1839 1704//1839
f 1467//1840 1471//1840 1703//1840
f 1471//1841 1476//1841 1704//1841
f 1704//1842 1476//1842 1705//1842
f 1705//1843 1476//1843 1706//1843
f 1476//1844 1479//1844 1706//1844
f 1706//1845 1479//1845 1707//1845
f 1707//1846 1484//1846 1708//1846
f 1479//1847 1484//1847 1707//1847
f 1484//1848 1487//1848 1708//1848
f 1708//1849 1487//1849 1709//1849
f 1487//1850 1489//1850 1709//1850
f 1709//1851 1491//1851 1710//1851
f 1489//1852 1491//1852 1709//1852
f 1710//1853 1493//1853 1711//1853
f 1491//1854 1493//1854 1710//1854
f 1711//1855 1494//1855 1712//1855
f 1493//1856 1494//1856 1711//1856
f 1712//1857 1496//1857 1713//1857
f 1494//1858 1496//1858 1712//1858
f 1713//1859 1499//1859 1714//1859
f 1496//1860 1499//1860 1713//1860
f 1714//1861 1500//1861 1715//1861
f 1499//1862 1500//1862 1714//1862
f 1715//1863 1503//1863 1716//1863
f 1500//1864 1503//1864 1715//1864
f 1716//1865 1505//1865 1717//1865
f 1717//1866 1505//1866 1718//1866
f 1503//1867 1505//1867 1716//1867
f 1505//1868 1507//1868 1718//1868
f 1718//1869 1509//1869 1719//1869
f 1719//1870 1509//1870 1720//1870
f 1507//1871 1509//1871 1718//1871
f 1509//1872 1511//1872 1720//1872
f 1720//1873 1513//1873 1721//1873
f 1511//1874 1513//1874 1720//1874
f 1721//1875 1515//1875 1722//1875
f 1722//1876 1515//1876 1723//1876
f 1513//1877 1515//1877 1721//1877
f 1515//1878 1517//1878 1723//1878
f 1723//1879 1518//1879 1724//1879
f 1517//1880 1518//1880 1723//1880
f 1724//1881 1521//1881 1725//1881
f 1725//1882 1521//1882 1726//1882
f 1518//1883 1521//1883 1724//1883
f 1726//1884 1523//1884 1727//1884
f 1521//1885 1523//1885 1726//1885
f 1523//1886 1525//1886 1727//1886
f 1727//1887 1527//1887 1728//1887
f 1525//1888 1527//1888 1727//1888
f 1527//1889 1529//1889 1728//1889
f 1728//1890 1529//1890 1729//1890
f 1529//1891 1532//1891 1729//1891
f 1729//1892 1532//1892 1730//1892
f 1730//1893 1532//1893 1731//1893
f 1532//1894 1533//1894 1731//1894
f 1533//1895 1535//1895 1731//1895
f 1731//1896 1535//1896 1732//1896
f 1732//1897 1535//1897 1733//1897
f 1535//1898 1537//1898 1733//1898
f 1537//1899 1540//1899 1733//1899
f 1733//1900 1540//1900 1734//1900
f 1540//1901 1541//1901 1734//1901
f 1734//1902 1541//1902 1735//1902
f 1735//1903 1541//1903 1736//1903
f 1541//1904 1542//1904 1736//1904
f 1542//1905 1544//1905 1736//1905
f 1736//1906 1544//1906 1737//1906
f 1737//1907 1544//1907 1738//1907
f 1544//1908 1605//1908 1738//1908
f 1605//1909 1607//1909 1738//1909
f 1738//1910 1607//1910 1739//1910
f 1607//1911 1609//1911 1739//1911
f 1739//1912 1609//1912 1740//1912
f 1740//1913 1611//1913 1741//1913
f 1741//1914 1611//1914 1742//1914
f 1609//1915 1611//1915 1740//1915
f 1742//1916 1613//1916 1617//1916
f 1611//1917 1613//1917 1742//1917
f 1613//1918 1585//1918 1617//1918
f 1743//1919 1744//1919 1728//1919
f 1745//1920 1746//1920 1747//1920
f 1748//1921 1746//1921 1745//1921
f 707//1922 1749//1922 711//1922
f 711//1923 1749//1923 715//1923
f 1750//1924 1749//1924 1751//1924
f 715//1925 1749//1925 1750//1925
f 1751//1926 1749//1926 1752//1926
f 1617//1927 1753//1927 1742//1927
f 1725//1928 1754//1928 1724//1928
f 1726//1929 1754//1929 1725//1929
f 1744//1930 1754//1930 1726//1930
f 1746//1931 1755//1931 1747//1931
f 1747//1932 1755//1932 1743//1932
f 1749//1933 1756//1933 1752//1933
f 699//1934 1756//1934 704//1934
f 704//1935 1756//1935 707//1935
f 707//1936 1756//1936 1749//1936
f 1752//1937 1756//1937 1748//1937
f 1723//1938 1757//1938 1722//1938
f 1724//1939 1757//1939 1723//1939
f 1754//1940 1757//1940 1724//1940
f 1755//1941 1758//1941 1743//1941
f 1743//1942 1758//1942 1744//1942
f 691//1943 1759//1943 696//1943
f 696//1944 1759//1944 699//1944
f 1748//1945 1759//1945 1746//1945
f 1756//1946 1759//1946 1748//1946
f 699//1947 1759//1947 1756//1947
f 1721//1948 1760//1948 1720//1948
f 1722//1949 1760//1949 1721//1949
f 791//1950 817//1950 1761//1950
f 1757//1951 1760//1951 1722//1951
f 1758//1952 1762//1952 1744//1952
f 1744//1953 1762//1953 1754//1953
f 1754//1954 1762//1954 1757//1954
f 1759//1955 1763//1955 1746//1955
f 1746//1956 1763//1956 1755//1956
f 691//1957 1763//1957 1759//1957
f 684//1958 1763//1958 687//1958
f 687//1959 1763//1959 691//1959
f 1755//1960 1763//1960 1758//1960
f 1719//1961 1764//1961 1718//1961
f 1720//1962 1764//1962 1719//1962
f 1760//1963 1764//1963 1720//1963
f 1762//1964 1765//1964 1757//1964
f 1763//1965 1766//1965 1758//1965
f 685//1966 1766//1966 681//1966
f 681//1967 1766//1967 684//1967
f 684//1968 1766//1968 1763//1968
f 1718//1969 1767//1969 1717//1969
f 1764//1970 1767//1970 1718//1970
f 1717//1971 1767//1971 1716//1971
f 1757//1972 1768//1972 1760//1972
f 1765//1973 1768//1973 1757//1973
f 1758//1974 1769//1974 1762//1974
f 694//1975 1769//1975 689//1975
f 689//1976 1769//1976 685//1976
f 1766//1977 1769//1977 1758//1977
f 685//1978 1769//1978 1766//1978
f 1767//1979 1770//1979 1716//1979
f 1715//1980 1770//1980 1714//1980
f 1716//1981 1770//1981 1715//1981
f 1768//1982 1771//1982 1760//1982
f 1760//1983 1771//1983 1764//1983
f 702//1984 1772//1984 697//1984
f 697//1985 1772//1985 694//1985
f 1769//1986 1772//1986 1762//1986
f 694//1987 1772//1987 1769//1987
f 1762//1988 1772//1988 1765//1988
f 1770//1989 1773//1989 1714//1989
f 1713//1990 1773//1990 1712//1990
f 1714//1991 1773//1991 1713//1991
f 1764//1992 1774//1992 1767//1992
f 1771//1993 1774//1993 1764//1993
f 1765//1994 1775//1994 1768//1994
f 1772//1995 1775//1995 1765//1995
f 702//1996 1775//1996 1772//1996
f 709//1997 1775//1997 705//1997
f 705//1998 1775//1998 702//1998
f 1773//1999 1776//1999 1712//1999
f 1711//2000 1776//2000 1710//2000
f 1712//2001 1776//2001 1711//2001
f 1767//2002 1777//2002 1770//2002
f 1770//2003 1777//2003 1773//2003
f 1774//2004 1777//2004 1767//2004
f 717//2005 1778//2005 713//2005
f 713//2006 1778//2006 709//2006
f 1771//2007 1778//2007 1774//2007
f 1775//2008 1778//2008 1768//2008
f 709//2009 1778//2009 1775//2009
f 1768//2010 1778//2010 1771//2010
f 1776//2011 1779//2011 1710//2011
f 1709//2012 1779//2012 1708//2012
f 1710//2013 1779//2013 1709//2013
f 1777//2014 1780//2014 1773//2014
f 1773//2015 1780//2015 1776//2015
f 725//2016 1781//2016 721//2016
f 721//2017 1781//2017 717//2017
f 1774//2018 1781//2018 1777//2018
f 717//2019 1781//2019 1778//2019
f 1778//2020 1781//2020 1774//2020
f 1779//2021 1782//2021 1708//2021
f 1707//2022 1782//2022 1706//2022
f 1708//2023 1782//2023 1707//2023
f 1780//2024 1783//2024 1776//2024
f 725//2025 1784//2025 1781//2025
f 730//2026 1784//2026 728//2026
f 728//2027 1784//2027 725//2027
f 1781//2028 1784//2028 1777//2028
f 1782//2029 1785//2029 1706//2029
f 1705//2030 1785//2030 1704//2030
f 1706//2031 1785//2031 1705//2031
f 1776//2032 1786//2032 1779//2032
f 1783//2033 1786//2033 1776//2033
f 734//2034 1787//2034 732//2034
f 732//2035 1787//2035 730//2035
f 1784//2036 1787//2036 1777//2036
f 730//2037 1787//2037 1784//2037
f 1777//2038 1787//2038 1780//2038
f 1703//2039 1788//2039 1702//2039
f 1704//2040 1788//2040 1703//2040
f 1785//2041 1788//2041 1704//2041
f 1786//2042 1789//2042 1779//2042
f 1779//2043 1789//2043 1782//2043
f 734//2044 1790//2044 1787//2044
f 738//2045 1790//2045 737//2045
f 737//2046 1790//2046 734//2046
f 1787//2047 1790//2047 1780//2047
f 1783//2048 1790//2048 1786//2048
f 1780//2049 1790//2049 1783//2049
f 1788//2050 1791//2050 1702//2050
f 1701//2051 1791//2051 1700//2051
f 1702//2052 1791//2052 1701//2052
f 1782//2053 1792//2053 1785//2053
f 1789//2054 1792//2054 1782//2054
f 742//2055 1793//2055 740//2055
f 740//2056 1793//2056 738//2056
f 1790//2057 1793//2057 1786//2057
f 738//2058 1793//2058 1790//2058
f 1699//2059 1794//2059 1698//2059
f 1700//2060 1794//2060 1699//2060
f 1791//2061 1794//2061 1700//2061
f 1785//2062 1795//2062 1788//2062
f 1792//2063 1795//2063 1785//2063
f 747//2064 1796//2064 744//2064
f 744//2065 1796//2065 742//2065
f 742//2066 1796//2066 1793//2066
f 1786//2067 1796//2067 1789//2067
f 1793//2068 1796//2068 1786//2068
f 1697//2069 1797//2069 1696//2069
f 1698//2070 1797//2070 1697//2070
f 1794//2071 1797//2071 1698//2071
f 1795//2072 1798//2072 1788//2072
f 1788//2073 1798//2073 1791//2073
f 750//2074 1799//2074 748//2074
f 748//2075 1799//2075 747//2075
f 1796//2076 1799//2076 1789//2076
f 1789//2077 1799//2077 1792//2077
f 747//2078 1799//2078 1796//2078
f 1797//2079 1800//2079 1696//2079
f 1695//2080 1800//2080 1694//2080
f 1696//2081 1800//2081 1695//2081
f 1791//2082 1801//2082 1794//2082
f 1798//2083 1801//2083 1791//2083
f 1792//2084 1802//2084 1795//2084
f 755//2085 1802//2085 752//2085
f 752//2086 1802//2086 750//2086
f 1799//2087 1802//2087 1792//2087
f 750//2088 1802//2088 1799//2088
f 1800//2089 1803//2089 1694//2089
f 1693//2090 1803//2090 1692//2090
f 1694//2091 1803//2091 1693//2091
f 1801//2092 1804//2092 1794//2092
f 1794//2093 1804//2093 1797//2093
f 758//2094 1805//2094 757//2094
f 757//2095 1805//2095 755//2095
f 1802//2096 1805//2096 1795//2096
f 1795//2097 1805//2097 1798//2097
f 755//2098 1805//2098 1802//2098
f 1803//2099 1806//2099 1692//2099
f 1691//2100 1806//2100 1690//2100
f 1692//2101 1806//2101 1691//2101
f 1804//2102 1807//2102 1797//2102
f 1797//2103 1807//2103 1800//2103
f 762//2104 1808//2104 761//2104
f 761//2105 1808//2105 758//2105
f 1805//2106 1808//2106 1798//2106
f 1798//2107 1808//2107 1801//2107
f 758//2108 1808//2108 1805//2108
f 1806//2109 1809//2109 1690//2109
f 1689//2110 1809//2110 1688//2110
f 1690//2111 1809//2111 1689//2111
f 1807//2112 1810//2112 1800//2112
f 1803//2113 1810//2113 1806//2113
f 1800//2114 1810//2114 1803//2114
f 1804//2115 1811//2115 1807//2115
f 766//2116 1811//2116 764//2116
f 764//2117 1811//2117 762//2117
f 1808//2118 1811//2118 1801//2118
f 762//2119 1811//2119 1808//2119
f 1801//2120 1811//2120 1804//2120
f 1809//2121 1812//2121 1688//2121
f 1687//2122 1812//2122 1686//2122
f 1688//2123 1812//2123 1687//2123
f 1810//2124 1813//2124 1806//2124
f 770//2125 1814//2125 769//2125
f 769//2126 1814//2126 766//2126
f 1811//2127 1814//2127 1807//2127
f 766//2128 1814//2128 1811//2128
f 1685//2129 1815//2129 1684//2129
f 1686//2130 1815//2130 1685//2130
f 1812//2131 1815//2131 1686//2131
f 1806//2132 1816//2132 1809//2132
f 1813//2133 1816//2133 1806//2133
f 774//2134 1817//2134 772//2134
f 772//2135 1817//2135 770//2135
f 1807//2136 1817//2136 1810//2136
f 770//2137 1817//2137 1814//2137
f 1814//2138 1817//2138 1807//2138
f 1683//2139 1818//2139 1682//2139
f 1684//2140 1818//2140 1683//2140
f 1815//2141 1818//2141 1684//2141
f 1809//2142 1819//2142 1812//2142
f 1812//2143 1819//2143 1815//2143
f 1816//2144 1819//2144 1809//2144
f 1817//2145 1820//2145 1810//2145
f 779//2146 1820//2146 776//2146
f 776//2147 1820//2147 774//2147
f 774//2148 1820//2148 1817//2148
f 1810//2149 1820//2149 1813//2149
f 1813//2150 1820//2150 1816//2150
f 1818//2151 1821//2151 1682//2151
f 1681//2152 1821//2152 1680//2152
f 1682//2153 1821//2153 1681//2153
f 1819//2154 1822//2154 1815//2154
f 782//2155 1823//2155 780//2155
f 780//2156 1823//2156 779//2156
f 1820//2157 1823//2157 1816//2157
f 779//2158 1823//2158 1820//2158
f 1821//2159 1824//2159 1680//2159
f 1679//2160 1824//2160 1678//2160
f 1680//2161 1824//2161 1679//2161
f 1815//2162 1825//2162 1818//2162
f 1822//2163 1825//2163 1815//2163
f 1818//2164 1825//2164 1821//2164
f 782//2165 1826//2165 1823//2165
f 1816//2166 1826//2166 1819//2166
f 1823//2167 1826//2167 1816//2167
f 786//2168 1826//2168 784//2168
f 784//2169 1826//2169 782//2169
f 1824//2170 1827//2170 1678//2170
f 1677//2171 1827//2171 1676//2171
f 1678//2172 1827//2172 1677//2172
f 1821//2173 1828//2173 1824//2173
f 1825//2174 1828//2174 1821//2174
f 1819//2175 1829//2175 1822//2175
f 786//2176 1829//2176 1826//2176
f 790//2177 1829//2177 788//2177
f 788//2178 1829//2178 786//2178
f 1826//2179 1829//2179 1819//2179
f 1827//2180 1830//2180 1676//2180
f 1675//2181 1830//2181 1674//2181
f 1676//2182 1830//2182 1675//2182
f 1828//2183 1831//2183 1824//2183
f 1829//2184 1832//2184 1822//2184
f 1822//2185 1832//2185 1825//2185
f 1825//2186 1832//2186 1828//2186
f 790//2187 1832//2187 1829//2187
f 859//2188 1832//2188 860//2188
f 860//2189 1832//2189 790//2189
f 1830//2190 1833//2190 1674//2190
f 1673//2191 1833//2191 1672//2191
f 1674//2192 1833//2192 1673//2192
f 1824//2193 1834//2193 1827//2193
f 1831//2194 1834//2194 1824//2194
f 1832//2195 1835//2195 1828//2195
f 857//2196 1835//2196 858//2196
f 858//2197 1835//2197 859//2197
f 859//2198 1835//2198 1832//2198
f 1833//2199 1836//2199 1672//2199
f 1671//2200 1836//2200 1670//2200
f 1672//2201 1836//2201 1671//2201
f 1834//2202 1837//2202 1827//2202
f 1827//2203 1837//2203 1830//2203
f 857//2204 1838//2204 1835//2204
f 1835//2205 1838//2205 1828//2205
f 1828//2206 1838//2206 1831//2206
f 855//2207 1838//2207 856//2207
f 856//2208 1838//2208 857//2208
f 1669//2209 1839//2209 1668//2209
f 1670//2210 1839//2210 1669//2210
f 1836//2211 1839//2211 1670//2211
f 1830//2212 1840//2212 1833//2212
f 1837//2213 1840//2213 1830//2213
f 1831//2214 1841//2214 1834//2214
f 855//2215 1841//2215 1838//2215
f 1838//2216 1841//2216 1831//2216
f 853//2217 1841//2217 854//2217
f 854//2218 1841//2218 855//2218
f 1839//2219 1842//2219 1668//2219
f 1667//2220 1842//2220 1666//2220
f 1668//2221 1842//2221 1667//2221
f 1833//2222 1843//2222 1836//2222
f 1840//2223 1843//2223 1833//2223
f 1834//2224 1844//2224 1837//2224
f 1841//2225 1844//2225 1834//2225
f 853//2226 1844//2226 1841//2226
f 851//2227 1844//2227 852//2227
f 852//2228 1844//2228 853//2228
f 1665//2229 1845//2229 1664//2229
f 1666//2230 1845//2230 1665//2230
f 1842//2231 1845//2231 1666//2231
f 1836//2232 1846//2232 1839//2232
f 1843//2233 1846//2233 1836//2233
f 1844//2234 1847//2234 1837//2234
f 1840//2235 1847//2235 1843//2235
f 1837//2236 1847//2236 1840//2236
f 851//2237 1847//2237 1844//2237
f 849//2238 1847//2238 850//2238
f 850//2239 1847//2239 851//2239
f 1845//2240 1848//2240 1664//2240
f 1663//2241 1848//2241 1662//2241
f 1664//2242 1848//2242 1663//2242
f 1839//2243 1849//2243 1842//2243
f 1846//2244 1849//2244 1839//2244
f 1847//2245 1850//2245 1843//2245
f 849//2246 1850//2246 1847//2246
f 847//2247 1850//2247 848//2247
f 848//2248 1850//2248 849//2248
f 1848//2249 1851//2249 1662//2249
f 1661//2250 1851//2250 1660//2250
f 1662//2251 1851//2251 1661//2251
f 1842//2252 1852//2252 1845//2252
f 1849//2253 1852//2253 1842//2253
f 1843//2254 1853//2254 1846//2254
f 1850//2255 1853//2255 1843//2255
f 847//2256 1853//2256 1850//2256
f 845//2257 1853//2257 846//2257
f 846//2258 1853//2258 847//2258
f 1851//2259 1854//2259 1660//2259
f 1659//2260 1854//2260 1658//2260
f 1660//2261 1854//2261 1659//2261
f 1845//2262 1855//2262 1848//2262
f 1852//2263 1855//2263 1845//2263
f 1846//2264 1856//2264 1849//2264
f 1853//2265 1856//2265 1846//2265
f 845//2266 1856//2266 1853//2266
f 843//2267 1856//2267 844//2267
f 844//2268 1856//2268 845//2268
f 1657//2269 1857//2269 1656//2269
f 1658//2270 1857//2270 1657//2270
f 1854//2271 1857//2271 1658//2271
f 1848//2272 1858//2272 1851//2272
f 1855//2273 1858//2273 1848//2273
f 1849//2274 1859//2274 1852//2274
f 1852//2275 1859//2275 1855//2275
f 1856//2276 1859//2276 1849//2276
f 843//2277 1859//2277 1856//2277
f 841//2278 1859//2278 842//2278
f 842//2279 1859//2279 843//2279
f 1655//2280 1860//2280 1654//2280
f 1656//2281 1860//2281 1655//2281
f 1857//2282 1860//2282 1656//2282
f 1851//2283 1861//2283 1854//2283
f 1854//2284 1861//2284 1857//2284
f 1858//2285 1861//2285 1851//2285
f 1859//2286 1862//2286 1855//2286
f 839//2287 1862//2287 840//2287
f 840//2288 1862//2288 841//2288
f 841//2289 1862//2289 1859//2289
f 1860//2290 1863//2290 1654//2290
f 1653//2291 1863//2291 1652//2291
f 1654//2292 1863//2292 1653//2292
f 1861//2293 1864//2293 1857//2293
f 1855//2294 1865//2294 1858//2294
f 1862//2295 1865//2295 1855//2295
f 837//2296 1865//2296 838//2296
f 838//2297 1865//2297 839//2297
f 839//2298 1865//2298 1862//2298
f 1863//2299 1866//2299 1652//2299
f 1651//2300 1866//2300 1650//2300
f 1652//2301 1866//2301 1651//2301
f 1857//2302 1867//2302 1860//2302
f 1864//2303 1867//2303 1857//2303
f 1865//2304 1868//2304 1858//2304
f 835//2305 1868//2305 836//2305
f 836//2306 1868//2306 837//2306
f 1858//2307 1868//2307 1861//2307
f 837//2308 1868//2308 1865//2308
f 1649//2309 1869//2309 1648//2309
f 1650//2310 1869//2310 1649//2310
f 1866//2311 1869//2311 1650//2311
f 1860//2312 1870//2312 1863//2312
f 1867//2313 1870//2313 1860//2313
f 1868//2314 1871//2314 1861//2314
f 833//2315 1871//2315 834//2315
f 834//2316 1871//2316 835//2316
f 1861//2317 1871//2317 1864//2317
f 835//2318 1871//2318 1868//2318
f 1647//2319 1872//2319 1646//2319
f 1648//2320 1872//2320 1647//2320
f 1869//2321 1872//2321 1648//2321
f 1863//2322 1873//2322 1866//2322
f 1870//2323 1873//2323 1863//2323
f 1871//2324 1874//2324 1864//2324
f 1867//2325 1874//2325 1870//2325
f 833//2326 1874//2326 1871//2326
f 1864//2327 1874//2327 1867//2327
f 831//2328 1874//2328 832//2328
f 832//2329 1874//2329 833//2329
f 1645//2330 1875//2330 1644//2330
f 1646//2331 1875//2331 1645//2331
f 1872//2332 1875//2332 1646//2332
f 1866//2333 1876//2333 1869//2333
f 1873//2334 1876//2334 1866//2334
f 831//2335 1877//2335 1874//2335
f 829//2336 1877//2336 830//2336
f 830//2337 1877//2337 831//2337
f 1870//2338 1877//2338 1873//2338
f 1874//2339 1877//2339 1870//2339
f 1875//2340 1878//2340 1644//2340
f 1643//2341 1878//2341 1642//2341
f 1644//2342 1878//2342 1643//2342
f 1876//2343 1879//2343 1869//2343
f 1869//2344 1879//2344 1872//2344
f 1877//2345 1880//2345 1873//2345
f 829//2346 1880//2346 1877//2346
f 827//2347 1880//2347 828//2347
f 828//2348 1880//2348 829//2348
f 1878//2349 1881//2349 1642//2349
f 1641//2350 1881//2350 1640//2350
f 1642//2351 1881//2351 1641//2351
f 1875//2352 1882//2352 1878//2352
f 1872//2353 1882//2353 1875//2353
f 1879//2354 1882//2354 1872//2354
f 1880//2355 1883//2355 1873//2355
f 1873//2356 1883//2356 1876//2356
f 1876//2357 1883//2357 1879//2357
f 827//2358 1883//2358 1880//2358
f 825//2359 1883//2359 826//2359
f 826//2360 1883//2360 827//2360
f 1881//2361 1884//2361 1640//2361
f 1639//2362 1884//2362 1638//2362
f 1640//2363 1884//2363 1639//2363
f 1882//2364 1885//2364 1878//2364
f 1883//2365 1886//2365 1879//2365
f 825//2366 1886//2366 1883//2366
f 823//2367 1886//2367 824//2367
f 824//2368 1886//2368 825//2368
f 1884//2369 1887//2369 1638//2369
f 1637//2370 1887//2370 1636//2370
f 1638//2371 1887//2371 1637//2371
f 1885//2372 1888//2372 1878//2372
f 1878//2373 1888//2373 1881//2373
f 1879//2374 1889//2374 1882//2374
f 1886//2375 1889//2375 1879//2375
f 823//2376 1889//2376 1886//2376
f 821//2377 1889//2377 822//2377
f 822//2378 1889//2378 823//2378
f 1635//2379 1890//2379 1634//2379
f 1636//2380 1890//2380 1635//2380
f 1887//2381 1890//2381 1636//2381
f 1888//2382 1891//2382 1881//2382
f 1881//2383 1891//2383 1884//2383
f 1885//2384 1892//2384 1888//2384
f 1889//2385 1892//2385 1882//2385
f 819//2386 1892//2386 820//2386
f 820//2387 1892//2387 821//2387
f 821//2388 1892//2388 1889//2388
f 1882//2389 1892//2389 1885//2389
f 1633//2390 1893//2390 1632//2390
f 1634//2391 1893//2391 1633//2391
f 1890//2392 1893//2392 1634//2392
f 1884//2393 1894//2393 1887//2393
f 1891//2394 1894//2394 1884//2394
f 816//2395 1895//2395 818//2395
f 1892//2396 1895//2396 1888//2396
f 818//2397 1895//2397 819//2397
f 819//2398 1895//2398 1892//2398
f 1631//2399 1896//2399 1630//2399
f 1632//2400 1896//2400 1631//2400
f 1893//2401 1896//2401 1632//2401
f 1894//2402 1897//2402 1887//2402
f 1887//2403 1897//2403 1890//2403
f 816//2404 1898//2404 1895//2404
f 812//2405 1898//2405 814//2405
f 814//2406 1898//2406 816//2406
f 1888//2407 1898//2407 1891//2407
f 1895//2408 1898//2408 1888//2408
f 1629//2409 1899//2409 1628//2409
f 1630//2410 1899//2410 1629//2410
f 1896//2411 1899//2411 1630//2411
f 1890//2412 1900//2412 1893//2412
f 1897//2413 1900//2413 1890//2413
f 810//2414 1901//2414 811//2414
f 811//2415 1901//2415 812//2415
f 1891//2416 1901//2416 1894//2416
f 1898//2417 1901//2417 1891//2417
f 812//2418 1901//2418 1898//2418
f 1627//2419 1902//2419 1626//2419
f 1628//2420 1902//2420 1627//2420
f 1899//2421 1902//2421 1628//2421
f 1893//2422 1903//2422 1896//2422
f 1900//2423 1903//2423 1893//2423
f 808//2424 1904//2424 809//2424
f 809//2425 1904//2425 810//2425
f 810//2426 1904//2426 1901//2426
f 1894//2427 1904//2427 1897//2427
f 1901//2428 1904//2428 1894//2428
f 1897//2429 1904//2429 1900//2429
f 1625//2430 1905//2430 1624//2430
f 1626//2431 1905//2431 1625//2431
f 1902//2432 1905//2432 1626//2432
f 1896//2433 1906//2433 1899//2433
f 1899//2434 1906//2434 1902//2434
f 1903//2435 1906//2435 1896//2435
f 1904//2436 1907//2436 1900//2436
f 806//2437 1907//2437 807//2437
f 807//2438 1907//2438 808//2438
f 808//2439 1907//2439 1904//2439
f 1623//2440 1908//2440 1622//2440
f 1624//2441 1908//2441 1623//2441
f 1905//2442 1908//2442 1624//2442
f 1906//2443 1909//2443 1902//2443
f 1900//2444 1910//2444 1903//2444
f 806//2445 1910//2445 1907//2445
f 804//2446 1910//2446 805//2446
f 805//2447 1910//2447 806//2447
f 1907//2448 1910//2448 1900//2448
f 1908//2449 1911//2449 1622//2449
f 1621//2450 1911//2450 1620//2450
f 1622//2451 1911//2451 1621//2451
f 1902//2452 1912//2452 1905//2452
f 1909//2453 1912//2453 1902//2453
f 1903//2454 1913//2454 1906//2454
f 804//2455 1913//2455 1910//2455
f 802//2456 1913//2456 803//2456
f 803//2457 1913//2457 804//2457
f 1910//2458 1913//2458 1903//2458
f 1619//2459 1914//2459 1618//2459
f 1620//2460 1914//2460 1619//2460
f 1911//2461 1914//2461 1620//2461
f 1753//2462 1914//2462 1915//2462
f 1618//2463 1914//2463 1753//2463
f 1905//2464 1916//2464 1908//2464
f 1912//2465 1916//2465 1905//2465
f 1913//2466 1917//2466 1906//2466
f 1906//2467 1917//2467 1909//2467
f 802//2468 1917//2468 1913//2468
f 800//2469 1917//2469 801//2469
f 801//2470 1917//2470 802//2470
f 1908//2471 1918//2471 1911//2471
f 1916//2472 1918//2472 1908//2472
f 1911//2473 1918//2473 1914//2473
f 1917//2474 1919//2474 1909//2474
f 1909//2475 1919//2475 1912//2475
f 798//2476 1919//2476 799//2476
f 799//2477 1919//2477 800//2477
f 800//2478 1919//2478 1917//2478
f 1914//2479 1920//2479 1915//2479
f 1918//2480 1920//2480 1914//2480
f 1912//2481 1921//2481 1916//2481
f 1919//2482 1921//2482 1912//2482
f 796//2483 1921//2483 797//2483
f 797//2484 1921//2484 798//2484
f 798//2485 1921//2485 1919//2485
f 796//2486 1922//2486 1921//2486
f 794//2487 1922//2487 795//2487
f 795//2488 1922//2488 796//2488
f 1916//2489 1922//2489 1918//2489
f 1921//2490 1922//2490 1916//2490
f 1915//2491 1923//2491 1761//2491
f 792//2492 1923//2492 793//2492
f 793//2493 1923//2493 794//2493
f 1920//2494 1923//2494 1915//2494
f 1918//2495 1923//2495 1920//2495
f 794//2496 1923//2496 1922//2496
f 1922//2497 1923//2497 1918//2497
f 1761//2498 1923//2498 792//2498
f 1618//2499 1753//2499 1617//2499
f 792//2500 791//2500 1761//2500
f 1741//2501 1924//2501 1740//2501
f 1742//2502 1924//2502 1741//2502
f 1753//2503 1924//2503 1742//2503
f 1739//2504 1925//2504 1738//2504
f 1740//2505 1925//2505 1739//2505
f 1924//2506 1925//2506 1740//2506
f 1737//2507 1926//2507 1736//2507
f 1738//2508 1926//2508 1737//2508
f 1925//2509 1926//2509 1738//2509
f 1915//2510 1927//2510 1753//2510
f 1753//2511 1927//2511 1924//2511
f 1735//2512 1928//2512 1734//2512
f 1736//2513 1928//2513 1735//2513
f 1926//2514 1928//2514 1736//2514
f 1924//2515 1929//2515 1925//2515
f 1927//2516 1929//2516 1924//2516
f 1733//2517 1745//2517 1732//2517
f 1734//2518 1745//2518 1733//2518
f 1928//2519 1745//2519 1734//2519
f 1925//2520 1751//2520 1926//2520
f 1929//2521 1751//2521 1925//2521
f 817//2522 1930//2522 1761//2522
f 813//2523 1930//2523 815//2523
f 815//2524 1930//2524 817//2524
f 1761//2525 1930//2525 1915//2525
f 1915//2526 1930//2526 1927//2526
f 1731//2527 1747//2527 1730//2527
f 1732//2528 1747//2528 1731//2528
f 1745//2529 1747//2529 1732//2529
f 1926//2530 1752//2530 1928//2530
f 1751//2531 1752//2531 1926//2531
f 1930//2532 1931//2532 1927//2532
f 813//2533 1931//2533 1930//2533
f 723//2534 1931//2534 727//2534
f 727//2535 1931//2535 813//2535
f 1927//2536 1931//2536 1929//2536
f 1729//2537 1743//2537 1728//2537
f 1730//2538 1743//2538 1729//2538
f 1747//2539 1743//2539 1730//2539
f 1928//2540 1748//2540 1745//2540
f 1752//2541 1748//2541 1928//2541
f 1931//2542 1750//2542 1929//2542
f 715//2543 1750//2543 719//2543
f 719//2544 1750//2544 723//2544
f 723//2545 1750//2545 1931//2545
f 1929//2546 1750//2546 1751//2546
f 1727//2547 1744//2547 1726//2547
f 1728//2548 1744//2548 1727//2548
f 1432//2549 1433//2549 1932//2549
f 1932//2550 1433//2550 1933//2550
f 1933//2551 1434//2551 1934//2551
f 1433//2552 1434//2552 1933//2552
f 1934//2553 1435//2553 1935//2553
f 1434//2554 1435//2554 1934//2554
f 1935//2555 1436//2555 1936//2555
f 1435//2556 1436//2556 1935//2556
f 1936//2557 1437//2557 1937//2557
f 1436//2558 1437//2558 1936//2558
f 1937//2559 1438//2559 1938//2559
f 1437//2560 1438//2560 1937//2560
f 1938//2561 1543//2561 1939//2561
f 1438//2562 1543//2562 1938//2562
f 1939//2563 1539//2563 1940//2563
f 1543//2564 1539//2564 1939//2564
f 1940//2565 1536//2565 1941//2565
f 1539//2566 1536//2566 1940//2566
f 1941//2567 1538//2567 1942//2567
f 1536//2568 1538//2568 1941//2568
f 1538//2569 1534//2569 1942//2569
f 1942//2570 1534//2570 1943//2570
f 1943//2571 1534//2571 1944//2571
f 1534//2572 1531//2572 1944//2572
f 1531//2573 1528//2573 1944//2573
f 1944//2574 1528//2574 1945//2574
f 1528//2575 1530//2575 1945//2575
f 1945//2576 1530//2576 1946//2576
f 1946//2577 1530//2577 1947//2577
f 1530//2578 1526//2578 1947//2578
f 1526//2579 1524//2579 1947//2579
f 1947//2580 1524//2580 1948//2580
f 1524//2581 1522//2581 1948//2581
f 1948//2582 1522//2582 1949//2582
f 1522//2583 1520//2583 1949//2583
f 1949//2584 1520//2584 1950//2584
f 1950//2585 1520//2585 1951//2585
f 1520//2586 1519//2586 1951//2586
f 1519//2587 1516//2587 1951//2587
f 1951//2588 1516//2588 1952//2588
f 1516//2589 1514//2589 1952//2589
f 1952//2590 1514//2590 1953//2590
f 1953//2591 1514//2591 1954//2591
f 1514//2592 1512//2592 1954//2592
f 1954//2593 1510//2593 1955//2593
f 1512//2594 1510//2594 1954//2594
f 1955//2595 1508//2595 1956//2595
f 1510//2596 1508//2596 1955//2596
f 1956//2597 1504//2597 1957//2597
f 1957//2598 1504//2598 1958//2598
f 1508//2599 1504//2599 1956//2599
f 1504//2600 1506//2600 1958//2600
f 1958//2601 1502//2601 1959//2601
f 1959//2602 1502//2602 1960//2602
f 1506//2603 1502//2603 1958//2603
f 1960//2604 1501//2604 1961//2604
f 1502//2605 1501//2605 1960//2605
f 1961//2606 1497//2606 1962//2606
f 1501//2607 1497//2607 1961//2607
f 1962//2608 1498//2608 1963//2608
f 1497//2609 1498//2609 1962//2609
f 1963//2610 1495//2610 1964//2610
f 1498//2611 1495//2611 1963//2611
f 1964//2612 1490//2612 1965//2612
f 1495//2613 1490//2613 1964//2613
f 1965//2614 1492//2614 1966//2614
f 1490//2615 1492//2615 1965//2615
f 1492//2616 1488//2616 1966//2616
f 1966//2617 1483//2617 1967//2617
f 1967//2618 1483//2618 1968//2618
f 1488//2619 1483//2619 1966//2619
f 1483//2620 1485//2620 1968//2620
f 1485//2621 1480//2621 1968//2621
f 1968//2622 1480//2622 1969//2622
f 1480//2623 1472//2623 1969//2623
f 1969//2624 1472//2624 1970//2624
f 1970//2625 1472//2625 1971//2625
f 1472//2626 1473//2626 1971//2626
f 1971//2627 1473//2627 1972//2627
f 1473//2628 1468//2628 1972//2628
f 1972//2629 1468//2629 1973//2629
f 1468//2630 1464//2630 1973//2630
f 1464//2631 1459//2631 1973//2631
f 1973//2632 1459//2632 1974//2632
f 1459//2633 1453//2633 1974//2633
f 1974//2634 1453//2634 1975//2634
f 1453//2635 1454//2635 1975//2635
f 1975//2636 1454//2636 1976//2636
f 1454//2637 1443//2637 1976//2637
f 1976//2638 1443//2638 1977//2638
f 1443//2639 1445//2639 1977//2639
f 1977//2640 1445//2640 1978//2640
f 1445//2641 1439//2641 1978//2641
f 1978//2642 1439//2642 1979//2642
f 1439//2643 1441//2643 1979//2643
f 1979//2644 1441//2644 1980//2644
f 1441//2645 1447//2645 1980//2645
f 1980//2646 1447//2646 1981//2646
f 1447//2647 1450//2647 1981//2647
f 1981//2648 1450//2648 1982//2648
f 1982//2649 1450//2649 1983//2649
f 1450//2650 1451//2650 1983//2650
f 1451//2651 1458//2651 1983//2651
f 1983//2652 1458//2652 1984//2652
f 1458//2653 1462//2653 1984//2653
f 1984//2654 1462//2654 1985//2654
f 1462//2655 1466//2655 1985//2655
f 1985//2656 1466//2656 1986//2656
f 1466//2657 1470//2657 1986//2657
f 1986//2658 1470//2658 1987//2658
f 1987//2659 1470//2659 1988//2659
f 1470//2660 1475//2660 1988//2660
f 1475//2661 1478//2661 1988//2661
f 1988//2662 1478//2662 1989//2662
f 1989//2663 1478//2663 1990//2663
f 1478//2664 1482//2664 1990//2664
f 1990//2665 1404//2665 1991//2665
f 1482//2666 1404//2666 1990//2666
f 1991//2667 1402//2667 1992//2667
f 1992//2668 1402//2668 1993//2668
f 1404//2669 1402//2669 1991//2669
f 1402//2670 1400//2670 1993//2670
f 1400//2671 1398//2671 1993//2671
f 1993//2672 1398//2672 1994//2672
f 1398//2673 1396//2673 1994//2673
f 1994//2674 1396//2674 1995//2674
f 1396//2675 1394//2675 1995//2675
f 1995//2676 1394//2676 1996//2676
f 1394//2677 1392//2677 1996//2677
f 1996//2678 1392//2678 1997//2678
f 1392//2679 1390//2679 1997//2679
f 1997//2680 1390//2680 1998//2680
f 1390//2681 1388//2681 1998//2681
f 1998//2682 1388//2682 1999//2682
f 1388//2683 1386//2683 1999//2683
f 1999//2684 1386//2684 2000//2684
f 1386//2685 1384//2685 2000//2685
f 2000//2686 1384//2686 2001//2686
f 1384//2687 1382//2687 2001//2687
f 2001//2688 1382//2688 2002//2688
f 2002//2689 1382//2689 2003//2689
f 1382//2690 1380//2690 2003//2690
f 1380//2691 1378//2691 2003//2691
f 2003//2692 1378//2692 2004//2692
f 2004//2693 1378//2693 2005//2693
f 1378//2694 1376//2694 2005//2694
f 2006//2695 1374//2695 2007//2695
f 1376//2696 1374//2696 2005//2696
f 2005//2697 1374//2697 2006//2697
f 1374//2698 1372//2698 2007//2698
f 2007//2699 1370//2699 2008//2699
f 2008//2700 1370//2700 2009//2700
f 1372//2701 1370//2701 2007//2701
f 1370//2702 1368//2702 2009//2702
f 2009//2703 1366//2703 2010//2703
f 2010//2704 1366//2704 2011//2704
f 1368//2705 1366//2705 2009//2705
f 1366//2706 1365//2706 2011//2706
f 2011//2707 1367//2707 2012//2707
f 2012//2708 1367//2708 2013//2708
f 1365//2709 1367//2709 2011//2709
f 1367//2710 1369//2710 2013//2710
f 2013//2711 1371//2711 2014//2711
f 1369//2712 1371//2712 2013//2712
f 2014//2713 1373//2713 2015//2713
f 1371//2714 1373//2714 2014//2714
f 2015//2715 1375//2715 2016//2715
f 1373//2716 1375//2716 2015//2716
f 2016//2717 1377//2717 2017//2717
f 1375//2718 1377//2718 2016//2718
f 2017//2719 1379//2719 2018//2719
f 1377//2720 1379//2720 2017//2720
f 2018//2721 1381//2721 2019//2721
f 1379//2722 1381//2722 2018//2722
f 1381//2723 1383//2723 2019//2723
f 2019//2724 1383//2724 2020//2724
f 2020//2725 1383//2725 2021//2725
f 1383//2726 1385//2726 2021//2726
f 2021//2727 1385//2727 2022//2727
f 2022//2728 1387//2728 2023//2728
f 1385//2729 1387//2729 2022//2729
f 1387//2730 1389//2730 2023//2730
f 2023//2731 1389//2731 2024//2731
f 1389//2732 1391//2732 2024//2732
f 2024//2733 1393//2733 2025//2733
f 1391//2734 1393//2734 2024//2734
f 2025//2735 1395//2735 2026//2735
f 1393//2736 1395//2736 2025//2736
f 2026//2737 1397//2737 2027//2737
f 1395//2738 1397//2738 2026//2738
f 2027//2739 1399//2739 2028//2739
f 1397//2740 1399//2740 2027//2740
f 2028//2741 1401//2741 2029//2741
f 1399//2742 1401//2742 2028//2742
f 2029//2743 1403//2743 2030//2743
f 1401//2744 1403//2744 2029//2744
f 2030//2745 1405//2745 2031//2745
f 1403//2746 1405//2746 2030//2746
f 2031//2747 1406//2747 2032//2747
f 2032//2748 1406//2748 2033//2748
f 1405//2749 1406//2749 2031//2749
f 1406//2750 1407//2750 2033//2750
f 2033//2751 1408//2751 2034//2751
f 2034//2752 1408//2752 2035//2752
f 1407//2753 1408//2753 2033//2753
f 1408//2754 1409//2754 2035//2754
f 2035//2755 1410//2755 2036//2755
f 1409//2756 1410//2756 2035//2756
f 2036//2757 1411//2757 2037//2757
f 2037//2758 1411//2758 2038//2758
f 1410//2759 1411//2759 2036//2759
f 1411//2760 1412//2760 2038//2760
f 2038//2761 1413//2761 2039//2761
f 1412//2762 1413//2762 2038//2762
f 2039//2763 1414//2763 2040//2763
f 2040//2764 1414//2764 2041//2764
f 1413//2765 1414//2765 2039//2765
f 2041//2766 1415//2766 2042//2766
f 1414//2767 1415//2767 2041//2767
f 1415//2768 1416//2768 2042//2768
f 2042//2769 1417//2769 2043//2769
f 1416//2770 1417//2770 2042//2770
f 1417//2771 1418//2771 2043//2771
f 2043//2772 1418//2772 2044//2772
f 1418//2773 1419//2773 2044//2773
f 2044//2774 1419//2774 2045//2774
f 2045//2775 1419//2775 2046//2775
f 1419//2776 1420//2776 2046//2776
f 1420//2777 1421//2777 2046//2777
f 2046//2778 1421//2778 2047//2778
f 2047//2779 1421//2779 2048//2779
f 1421//2780 1422//2780 2048//2780
f 1422//2781 1423//2781 2048//2781
f 2048//2782 1423//2782 2049//2782
f 1423//2783 1424//2783 2049//2783
f 2049//2784 1424//2784 2050//2784
f 2050//2785 1424//2785 2051//2785
f 1424//2786 1425//2786 2051//2786
f 1425//2787 1426//2787 2051//2787
f 2051//2788 1426//2788 2052//2788
f 2052//2789 1426//2789 2053//2789
f 1426//2790 1427//2790 2053//2790
f 1427//2791 1428//2791 2053//2791
f 2053//2792 1428//2792 2054//2792
f 1428//2793 1429//2793 2054//2793
f 2054//2794 1429//2794 2055//2794
f 2055//2795 1430//2795 2056//2795
f 2056//2796 1430//2796 2057//2796
f 1429//2797 1430//2797 2055//2797
f 2057//2798 1431//2798 1932//2798
f 1430//2799 1431//2799 2057//2799
f 1431//2800 1432//2800 1932//2800
f 2058//2801 2059//2801 2043//2801
f 2060//2802 2061//2802 2062//2802
f 2063//2803 2061//2803 2060//2803
f 622//2804 2064//2804 624//2804
f 624//2805 2064//2805 626//2805
f 2065//2806 2064//2806 2066//2806
f 626//2807 2064//2807 2065//2807
f 1932//2808 2067//2808 2057//2808
f 2066//2809 2064//2809 2068//2809
f 2040//2810 2069//2810 2039//2810
f 2041//2811 2069//2811 2040//2811
f 2059//2812 2069//2812 2041//2812
f 2062//2813 2070//2813 2058//2813
f 2058//2814 2070//2814 2059//2814
f 2061//2815 2070//2815 2062//2815
f 2064//2816 2071//2816 2068//2816
f 618//2817 2071//2817 620//2817
f 620//2818 2071//2818 622//2818
f 622//2819 2071//2819 2064//2819
f 2068//2820 2071//2820 2063//2820
f 2038//2821 2072//2821 2037//2821
f 2039//2822 2072//2822 2038//2822
f 2069//2823 2072//2823 2039//2823
f 2070//2824 2073//2824 2059//2824
f 614//2825 2074//2825 616//2825
f 616//2826 2074//2826 618//2826
f 2063//2827 2074//2827 2061//2827
f 2071//2828 2074//2828 2063//2828
f 618//2829 2074//2829 2071//2829
f 640//2830 638//2830 2075//2830
f 2036//2831 2076//2831 2035//2831
f 2037//2832 2076//2832 2036//2832
f 2072//2833 2076//2833 2037//2833
f 2073//2834 2077//2834 2059//2834
f 2059//2835 2077//2835 2069//2835
f 614//2836 2078//2836 2074//2836
f 2061//2837 2078//2837 2070//2837
f 609//2838 2078//2838 612//2838
f 612//2839 2078//2839 614//2839
f 2074//2840 2078//2840 2061//2840
f 2034//2841 2079//2841 2033//2841
f 2035//2842 2079//2842 2034//2842
f 2076//2843 2079//2843 2035//2843
f 2077//2844 2080//2844 2069//2844
f 2069//2845 2080//2845 2072//2845
f 611//2846 2081//2846 610//2846
f 610//2847 2081//2847 609//2847
f 609//2848 2081//2848 2078//2848
f 2078//2849 2081//2849 2070//2849
f 2070//2850 2081//2850 2073//2850
f 2033//2851 2082//2851 2032//2851
f 2079//2852 2082//2852 2033//2852
f 2032//2853 2082//2853 2031//2853
f 2072//2854 2083//2854 2076//2854
f 2080//2855 2083//2855 2072//2855
f 2081//2856 2084//2856 2073//2856
f 615//2857 2084//2857 613//2857
f 613//2858 2084//2858 611//2858
f 2077//2859 2084//2859 2080//2859
f 2073//2860 2084//2860 2077//2860
f 611//2861 2084//2861 2081//2861
f 2082//2862 2085//2862 2031//2862
f 2030//2863 2085//2863 2029//2863
f 2031//2864 2085//2864 2030//2864
f 2076//2865 2086//2865 2079//2865
f 2083//2866 2086//2866 2076//2866
f 619//2867 2087//2867 617//2867
f 617//2868 2087//2868 615//2868
f 615//2869 2087//2869 2084//2869
f 2084//2870 2087//2870 2080//2870
f 2085//2871 2088//2871 2029//2871
f 2028//2872 2088//2872 2027//2872
f 2029//2873 2088//2873 2028//2873
f 2079//2874 2089//2874 2082//2874
f 2086//2875 2089//2875 2079//2875
f 2083//2876 2090//2876 2086//2876
f 619//2877 2090//2877 2087//2877
f 2087//2878 2090//2878 2080//2878
f 623//2879 2090//2879 621//2879
f 621//2880 2090//2880 619//2880
f 2080//2881 2090//2881 2083//2881
f 2088//2882 2091//2882 2027//2882
f 2026//2883 2091//2883 2025//2883
f 2027//2884 2091//2884 2026//2884
f 2089//2885 2092//2885 2082//2885
f 2082//2886 2092//2886 2085//2886
f 627//2887 2093//2887 625//2887
f 625//2888 2093//2888 623//2888
f 2090//2889 2093//2889 2086//2889
f 623//2890 2093//2890 2090//2890
f 2091//2891 2094//2891 2025//2891
f 2024//2892 2094//2892 2023//2892
f 2025//2893 2094//2893 2024//2893
f 2085//2894 2095//2894 2088//2894
f 2092//2895 2095//2895 2085//2895
f 631//2896 2096//2896 629//2896
f 629//2897 2096//2897 627//2897
f 2086//2898 2096//2898 2089//2898
f 627//2899 2096//2899 2093//2899
f 2093//2900 2096//2900 2086//2900
f 2094//2901 2097//2901 2023//2901
f 2022//2902 2097//2902 2021//2902
f 2023//2903 2097//2903 2022//2903
f 2088//2904 2098//2904 2091//2904
f 2095//2905 2098//2905 2088//2905
f 2096//2906 2099//2906 2089//2906
f 631//2907 2099//2907 2096//2907
f 635//2908 2099//2908 633//2908
f 633//2909 2099//2909 631//2909
f 2089//2910 2099//2910 2092//2910
f 2097//2911 2100//2911 2021//2911
f 2020//2912 2100//2912 2019//2912
f 2021//2913 2100//2913 2020//2913
f 2091//2914 2101//2914 2094//2914
f 2098//2915 2101//2915 2091//2915
f 639//2916 2102//2916 637//2916
f 637//2917 2102//2917 635//2917
f 2095//2918 2102//2918 2098//2918
f 635//2919 2102//2919 2099//2919
f 2099//2920 2102//2920 2092//2920
f 2092//2921 2102//2921 2095//2921
f 2100//2922 2103//2922 2019//2922
f 2018//2923 2103//2923 2017//2923
f 2019//2924 2103//2924 2018//2924
f 2101//2925 2104//2925 2094//2925
f 2094//2926 2104//2926 2097//2926
f 639//2927 2105//2927 2102//2927
f 643//2928 2105//2928 641//2928
f 641//2929 2105//2929 639//2929
f 2102//2930 2105//2930 2098//2930
f 2103//2931 2106//2931 2017//2931
f 2016//2932 2106//2932 2015//2932
f 2017//2933 2106//2933 2016//2933
f 2097//2934 2107//2934 2100//2934
f 2104//2935 2107//2935 2097//2935
f 2098//2936 2108//2936 2101//2936
f 647//2937 2108//2937 645//2937
f 645//2938 2108//2938 643//2938
f 2105//2939 2108//2939 2098//2939
f 643//2940 2108//2940 2105//2940
f 2106//2941 2109//2941 2015//2941
f 2014//2942 2109//2942 2013//2942
f 2015//2943 2109//2943 2014//2943
f 2107//2944 2110//2944 2100//2944
f 2100//2945 2110//2945 2103//2945
f 647//2946 2111//2946 2108//2946
f 650//2947 2111//2947 649//2947
f 649//2948 2111//2948 647//2948
f 2101//2949 2111//2949 2104//2949
f 2108//2950 2111//2950 2101//2950
f 2109//2951 2112//2951 2013//2951
f 2012//2952 2112//2952 2011//2952
f 2013//2953 2112//2953 2012//2953
f 2103//2954 2113//2954 2106//2954
f 2110//2955 2113//2955 2103//2955
f 652//2956 2114//2956 651//2956
f 651//2957 2114//2957 650//2957
f 2104//2958 2114//2958 2107//2958
f 650//2959 2114//2959 2111//2959
f 2111//2960 2114//2960 2104//2960
f 2112//2961 2115//2961 2011//2961
f 2010//2962 2115//2962 2009//2962
f 2011//2963 2115//2963 2010//2963
f 2113//2964 2116//2964 2106//2964
f 2106//2965 2116//2965 2109//2965
f 2114//2966 2117//2966 2107//2966
f 2107//2967 2117//2967 2110//2967
f 654//2968 2117//2968 653//2968
f 653//2969 2117//2969 652//2969
f 652//2970 2117//2970 2114//2970
f 2115//2971 2118//2971 2009//2971
f 2008//2972 2118//2972 2007//2972
f 2009//2973 2118//2973 2008//2973
f 2109//2974 2119//2974 2112//2974
f 2116//2975 2119//2975 2109//2975
f 656//2976 2120//2976 655//2976
f 655//2977 2120//2977 654//2977
f 2117//2978 2120//2978 2110//2978
f 2110//2979 2120//2979 2113//2979
f 2113//2980 2120//2980 2116//2980
f 654//2981 2120//2981 2117//2981
f 2118//2982 2121//2982 2007//2982
f 2006//2983 2121//2983 2005//2983
f 2007//2984 2121//2984 2006//2984
f 2119//2985 2122//2985 2112//2985
f 2115//2986 2122//2986 2118//2986
f 2112//2987 2122//2987 2115//2987
f 658//2988 2123//2988 657//2988
f 657//2989 2123//2989 656//2989
f 2120//2990 2123//2990 2116//2990
f 656//2991 2123//2991 2120//2991
f 2121//2992 2124//2992 2005//2992
f 2004//2993 2124//2993 2003//2993
f 2005//2994 2124//2994 2004//2994
f 2122//2995 2125//2995 2118//2995
f 660//2996 2126//2996 659//2996
f 659//2997 2126//2997 658//2997
f 2123//2998 2126//2998 2116//2998
f 2116//2999 2126//2999 2119//2999
f 658//3000 2126//3000 2123//3000
f 2002//3001 2127//3001 2001//3001
f 2003//3002 2127//3002 2002//3002
f 2124//3003 2127//3003 2003//3003
f 2121//3004 2128//3004 2124//3004
f 2118//3005 2128//3005 2121//3005
f 2125//3006 2128//3006 2118//3006
f 662//3007 2129//3007 661//3007
f 661//3008 2129//3008 660//3008
f 660//3009 2129//3009 2126//3009
f 2119//3010 2129//3010 2122//3010
f 2126//3011 2129//3011 2119//3011
f 2127//3012 2130//3012 2001//3012
f 2000//3013 2130//3013 1999//3013
f 2001//3014 2130//3014 2000//3014
f 2128//3015 2131//3015 2124//3015
f 662//3016 2132//3016 2129//3016
f 664//3017 2132//3017 663//3017
f 663//3018 2132//3018 662//3018
f 2129//3019 2132//3019 2122//3019
f 2125//3020 2132//3020 2128//3020
f 2122//3021 2132//3021 2125//3021
f 2130//3022 2133//3022 1999//3022
f 1998//3023 2133//3023 1997//3023
f 1999//3024 2133//3024 1998//3024
f 2131//3025 2134//3025 2124//3025
f 2127//3026 2134//3026 2130//3026
f 2124//3027 2134//3027 2127//3027
f 666//3028 2135//3028 665//3028
f 665//3029 2135//3029 664//3029
f 664//3030 2135//3030 2132//3030
f 2132//3031 2135//3031 2128//3031
f 2133//3032 2136//3032 1997//3032
f 1996//3033 2136//3033 1995//3033
f 1997//3034 2136//3034 1996//3034
f 2134//3035 2137//3035 2130//3035
f 668//3036 2138//3036 667//3036
f 667//3037 2138//3037 666//3037
f 2135//3038 2138//3038 2128//3038
f 666//3039 2138//3039 2135//3039
f 2128//3040 2138//3040 2131//3040
f 2131//3041 2138//3041 2134//3041
f 1994//3042 2139//3042 1993//3042
f 1995//3043 2139//3043 1994//3043
f 2136//3044 2139//3044 1995//3044
f 2137//3045 2140//3045 2130//3045
f 2130//3046 2140//3046 2133//3046
f 668//3047 2141//3047 2138//3047
f 2138//3048 2141//3048 2134//3048
f 670//3049 2141//3049 669//3049
f 669//3050 2141//3050 668//3050
f 2139//3051 2142//3051 1993//3051
f 1992//3052 2142//3052 1991//3052
f 1993//3053 2142//3053 1992//3053
f 2133//3054 2143//3054 2136//3054
f 2140//3055 2143//3055 2133//3055
f 2141//3056 2144//3056 2134//3056
f 2134//3057 2144//3057 2137//3057
f 670//3058 2144//3058 2141//3058
f 672//3059 2144//3059 671//3059
f 671//3060 2144//3060 670//3060
f 2142//3061 2145//3061 1991//3061
f 1990//3062 2145//3062 1989//3062
f 1991//3063 2145//3063 1990//3063
f 2136//3064 2146//3064 2139//3064
f 2143//3065 2146//3065 2136//3065
f 2137//3066 2147//3066 2140//3066
f 2144//3067 2147//3067 2137//3067
f 672//3068 2147//3068 2144//3068
f 674//3069 2147//3069 673//3069
f 673//3070 2147//3070 672//3070
f 1988//3071 2148//3071 1987//3071
f 1989//3072 2148//3072 1988//3072
f 2145//3073 2148//3073 1989//3073
f 2139//3074 2149//3074 2142//3074
f 2146//3075 2149//3075 2139//3075
f 2147//3076 2150//3076 2140//3076
f 2140//3077 2150//3077 2143//3077
f 676//3078 2150//3078 675//3078
f 675//3079 2150//3079 674//3079
f 674//3080 2150//3080 2147//3080
f 1986//3081 2151//3081 1985//3081
f 1987//3082 2151//3082 1986//3082
f 2148//3083 2151//3083 1987//3083
f 2149//3084 2152//3084 2142//3084
f 2142//3085 2152//3085 2145//3085
f 2146//3086 2153//3086 2149//3086
f 676//3087 2153//3087 2150//3087
f 2150//3088 2153//3088 2143//3088
f 678//3089 2153//3089 677//3089
f 2143//3090 2153//3090 2146//3090
f 677//3091 2153//3091 676//3091
f 1984//3092 2154//3092 1983//3092
f 1985//3093 2154//3093 1984//3093
f 2151//3094 2154//3094 1985//3094
f 2148//3095 2155//3095 2151//3095
f 2152//3096 2155//3096 2145//3096
f 2145//3097 2155//3097 2148//3097
f 678//3098 2156//3098 2153//3098
f 680//3099 2156//3099 679//3099
f 679//3100 2156//3100 678//3100
f 2153//3101 2156//3101 2149//3101
f 1982//3102 2157//3102 1981//3102
f 1983//3103 2157//3103 1982//3103
f 2154//3104 2157//3104 1983//3104
f 2155//3105 2158//3105 2151//3105
f 680//3106 2159//3106 2156//3106
f 2149//3107 2159//3107 2152//3107
f 2156//3108 2159//3108 2149//3108
f 787//3109 2159//3109 789//3109
f 789//3110 2159//3110 680//3110
f 2157//3111 2160//3111 1981//3111
f 1980//3112 2160//3112 1979//3112
f 1981//3113 2160//3113 1980//3113
f 2151//3114 2161//3114 2154//3114
f 2158//3115 2161//3115 2151//3115
f 2159//3116 2162//3116 2152//3116
f 2152//3117 2162//3117 2155//3117
f 787//3118 2162//3118 2159//3118
f 783//3119 2162//3119 785//3119
f 785//3120 2162//3120 787//3120
f 2160//3121 2163//3121 1979//3121
f 1978//3122 2163//3122 1977//3122
f 1979//3123 2163//3123 1978//3123
f 2154//3124 2164//3124 2157//3124
f 2161//3125 2164//3125 2154//3125
f 2155//3126 2165//3126 2158//3126
f 2162//3127 2165//3127 2155//3127
f 783//3128 2165//3128 2162//3128
f 778//3129 2165//3129 781//3129
f 781//3130 2165//3130 783//3130
f 2163//3131 2166//3131 1977//3131
f 1976//3132 2166//3132 1975//3132
f 1977//3133 2166//3133 1976//3133
f 2164//3134 2167//3134 2157//3134
f 2157//3135 2167//3135 2160//3135
f 2165//3136 2168//3136 2158//3136
f 2158//3137 2168//3137 2161//3137
f 778//3138 2168//3138 2165//3138
f 775//3139 2168//3139 777//3139
f 777//3140 2168//3140 778//3140
f 1974//3141 2169//3141 1973//3141
f 1975//3142 2169//3142 1974//3142
f 2166//3143 2169//3143 1975//3143
f 2160//3144 2170//3144 2163//3144
f 2167//3145 2170//3145 2160//3145
f 2161//3146 2171//3146 2164//3146
f 2168//3147 2171//3147 2161//3147
f 775//3148 2171//3148 2168//3148
f 771//3149 2171//3149 773//3149
f 773//3150 2171//3150 775//3150
f 1972//3151 2172//3151 1971//3151
f 1973//3152 2172//3152 1972//3152
f 2169//3153 2172//3153 1973//3153
f 2163//3154 2173//3154 2166//3154
f 2170//3155 2173//3155 2163//3155
f 2171//3156 2174//3156 2164//3156
f 2164//3157 2174//3157 2167//3157
f 771//3158 2174//3158 2171//3158
f 767//3159 2174//3159 768//3159
f 768//3160 2174//3160 771//3160
f 1970//3161 2175//3161 1969//3161
f 1971//3162 2175//3162 1970//3162
f 2172//3163 2175//3163 1971//3163
f 2166//3164 2176//3164 2169//3164
f 2173//3165 2176//3165 2166//3165
f 2167//3166 2177//3166 2170//3166
f 2170//3167 2177//3167 2173//3167
f 2174//3168 2177//3168 2167//3168
f 763//3169 2177//3169 765//3169
f 765//3170 2177//3170 767//3170
f 767//3171 2177//3171 2174//3171
f 1968//3172 2178//3172 1967//3172
f 1969//3173 2178//3173 1968//3173
f 2175//3174 2178//3174 1969//3174
f 2169//3175 2179//3175 2172//3175
f 2176//3176 2179//3176 2169//3176
f 759//3177 2180//3177 760//3177
f 760//3178 2180//3178 763//3178
f 2177//3179 2180//3179 2173//3179
f 763//3180 2180//3180 2177//3180
f 1966//3181 2181//3181 1965//3181
f 1967//3182 2181//3182 1966//3182
f 2178//3183 2181//3183 1967//3183
f 2172//3184 2182//3184 2175//3184
f 2179//3185 2182//3185 2172//3185
f 759//3186 2183//3186 2180//3186
f 754//3187 2183//3187 756//3187
f 756//3188 2183//3188 759//3188
f 2173//3189 2183//3189 2176//3189
f 2180//3190 2183//3190 2173//3190
f 2181//3191 2184//3191 1965//3191
f 1964//3192 2184//3192 1963//3192
f 1965//3193 2184//3193 1964//3193
f 2182//3194 2185//3194 2175//3194
f 2175//3195 2185//3195 2178//3195
f 2178//3196 2185//3196 2181//3196
f 2176//3197 2186//3197 2179//3197
f 751//3198 2186//3198 753//3198
f 753//3199 2186//3199 754//3199
f 754//3200 2186//3200 2183//3200
f 2183//3201 2186//3201 2176//3201
f 2184//3202 2187//3202 1963//3202
f 1962//3203 2187//3203 1961//3203
f 1963//3204 2187//3204 1962//3204
f 2185//3205 2188//3205 2181//3205
f 2179//3206 2189//3206 2182//3206
f 751//3207 2189//3207 2186//3207
f 2186//3208 2189//3208 2179//3208
f 746//3209 2189//3209 749//3209
f 749//3210 2189//3210 751//3210
f 1960//3211 2190//3211 1959//3211
f 1961//3212 2190//3212 1960//3212
f 2187//3213 2190//3213 1961//3213
f 2188//3214 2191//3214 2181//3214
f 2181//3215 2191//3215 2184//3215
f 2184//3216 2191//3216 2187//3216
f 2182//3217 2192//3217 2185//3217
f 2185//3218 2192//3218 2188//3218
f 746//3219 2192//3219 2189//3219
f 743//3220 2192//3220 745//3220
f 745//3221 2192//3221 746//3221
f 2189//3222 2192//3222 2182//3222
f 2190//3223 2193//3223 1959//3223
f 1958//3224 2193//3224 1957//3224
f 1959//3225 2193//3225 1958//3225
f 2191//3226 2194//3226 2187//3226
f 2192//3227 2195//3227 2188//3227
f 743//3228 2195//3228 2192//3228
f 739//3229 2195//3229 741//3229
f 741//3230 2195//3230 743//3230
f 1956//3231 2196//3231 1955//3231
f 1957//3232 2196//3232 1956//3232
f 2193//3233 2196//3233 1957//3233
f 2187//3234 2197//3234 2190//3234
f 2194//3235 2197//3235 2187//3235
f 2188//3236 2198//3236 2191//3236
f 2195//3237 2198//3237 2188//3237
f 2191//3238 2198//3238 2194//3238
f 739//3239 2198//3239 2195//3239
f 735//3240 2198//3240 736//3240
f 736//3241 2198//3241 739//3241
f 2196//3242 2199//3242 1955//3242
f 1954//3243 2199//3243 1953//3243
f 1955//3244 2199//3244 1954//3244
f 2190//3245 2200//3245 2193//3245
f 2197//3246 2200//3246 2190//3246
f 2193//3247 2200//3247 2196//3247
f 2198//3248 2201//3248 2194//3248
f 735//3249 2201//3249 2198//3249
f 731//3250 2201//3250 733//3250
f 733//3251 2201//3251 735//3251
f 2199//3252 2202//3252 1953//3252
f 1952//3253 2202//3253 1951//3253
f 1953//3254 2202//3254 1952//3254
f 2200//3255 2203//3255 2196//3255
f 2201//3256 2204//3256 2194//3256
f 731//3257 2204//3257 2201//3257
f 726//3258 2204//3258 729//3258
f 729//3259 2204//3259 731//3259
f 2194//3260 2204//3260 2197//3260
f 1950//3261 2205//3261 1949//3261
f 1951//3262 2205//3262 1950//3262
f 2202//3263 2205//3263 1951//3263
f 2203//3264 2206//3264 2196//3264
f 2196//3265 2206//3265 2199//3265
f 2200//3266 2207//3266 2203//3266
f 2197//3267 2207//3267 2200//3267
f 2204//3268 2207//3268 2197//3268
f 718//3269 2207//3269 722//3269
f 722//3270 2207//3270 726//3270
f 726//3271 2207//3271 2204//3271
f 1948//3272 2208//3272 1947//3272
f 1949//3273 2208//3273 1948//3273
f 2205//3274 2208//3274 1949//3274
f 2206//3275 2209//3275 2199//3275
f 2202//3276 2209//3276 2205//3276
f 2199//3277 2209//3277 2202//3277
f 710//3278 2210//3278 714//3278
f 714//3279 2210//3279 718//3279
f 2207//3280 2210//3280 2203//3280
f 2203//3281 2210//3281 2206//3281
f 718//3282 2210//3282 2207//3282
f 1946//3283 2211//3283 1945//3283
f 1947//3284 2211//3284 1946//3284
f 2208//3285 2211//3285 1947//3285
f 2209//3286 2212//3286 2205//3286
f 710//3287 2213//3287 2210//3287
f 2206//3288 2213//3288 2209//3288
f 2210//3289 2213//3289 2206//3289
f 703//3290 2213//3290 706//3290
f 706//3291 2213//3291 710//3291
f 1944//3292 2214//3292 1943//3292
f 1945//3293 2214//3293 1944//3293
f 2211//3294 2214//3294 1945//3294
f 2205//3295 2215//3295 2208//3295
f 2208//3296 2215//3296 2211//3296
f 2212//3297 2215//3297 2205//3297
f 2213//3298 2216//3298 2209//3298
f 695//3299 2216//3299 698//3299
f 698//3300 2216//3300 703//3300
f 703//3301 2216//3301 2213//3301
f 1942//3302 2217//3302 1941//3302
f 1943//3303 2217//3303 1942//3303
f 2214//3304 2217//3304 1943//3304
f 2215//3305 2218//3305 2211//3305
f 686//3306 2219//3306 690//3306
f 690//3307 2219//3307 695//3307
f 695//3308 2219//3308 2216//3308
f 2216//3309 2219//3309 2209//3309
f 2209//3310 2219//3310 2212//3310
f 1940//3311 2220//3311 1939//3311
f 1941//3312 2220//3312 1940//3312
f 2217//3313 2220//3313 1941//3313
f 2218//3314 2221//3314 2211//3314
f 2211//3315 2221//3315 2214//3315
f 2219//3316 2222//3316 2212//3316
f 682//3317 2222//3317 683//3317
f 683//3318 2222//3318 686//3318
f 2215//3319 2222//3319 2218//3319
f 2212//3320 2222//3320 2215//3320
f 686//3321 2222//3321 2219//3321
f 1938//3322 2223//3322 1937//3322
f 1939//3323 2223//3323 1938//3323
f 2220//3324 2223//3324 1939//3324
f 2214//3325 2224//3325 2217//3325
f 2221//3326 2224//3326 2214//3326
f 2217//3327 2224//3327 2220//3327
f 682//3328 2225//3328 2222//3328
f 2222//3329 2225//3329 2218//3329
f 693//3330 2225//3330 688//3330
f 688//3331 2225//3331 682//3331
f 1936//3332 2226//3332 1935//3332
f 1937//3333 2226//3333 1936//3333
f 2223//3334 2226//3334 1937//3334
f 2220//3335 2227//3335 2223//3335
f 2224//3336 2227//3336 2220//3336
f 693//3337 2228//3337 2225//3337
f 701//3338 2228//3338 692//3338
f 692//3339 2228//3339 693//3339
f 2225//3340 2228//3340 2218//3340
f 2218//3341 2228//3341 2221//3341
f 1934//3342 2229//3342 1933//3342
f 1935//3343 2229//3343 1934//3343
f 2226//3344 2229//3344 1935//3344
f 1933//3345 2229//3345 2067//3345
f 2227//3346 2230//3346 2223//3346
f 701//3347 2231//3347 2228//3347
f 2228//3348 2231//3348 2221//3348
f 708//3349 2231//3349 700//3349
f 700//3350 2231//3350 701//3350
f 2221//3351 2231//3351 2224//3351
f 2230//3352 2232//3352 2223//3352
f 2223//3353 2232//3353 2226//3353
f 708//3354 2233//3354 2231//3354
f 716//3355 2233//3355 712//3355
f 712//3356 2233//3356 708//3356
f 2231//3357 2233//3357 2224//3357
f 2224//3358 2233//3358 2227//3358
f 2067//3359 2234//3359 2235//3359
f 2226//3360 2234//3360 2229//3360
f 2229//3361 2234//3361 2067//3361
f 2232//3362 2234//3362 2226//3362
f 724//3363 2236//3363 720//3363
f 720//3364 2236//3364 716//3364
f 716//3365 2236//3365 2233//3365
f 2233//3366 2236//3366 2227//3366
f 2227//3367 2236//3367 2230//3367
f 2230//3368 2237//3368 2232//3368
f 646//3369 2237//3369 648//3369
f 648//3370 2237//3370 724//3370
f 2236//3371 2237//3371 2230//3371
f 724//3372 2237//3372 2236//3372
f 2232//3373 2237//3373 2234//3373
f 2235//3374 2238//3374 2075//3374
f 642//3375 2238//3375 644//3375
f 644//3376 2238//3376 646//3376
f 646//3377 2238//3377 2237//3377
f 2234//3378 2238//3378 2235//3378
f 2237//3379 2238//3379 2234//3379
f 2075//3380 2238//3380 642//3380
f 1933//3381 2067//3381 1932//3381
f 642//3382 640//3382 2075//3382
f 2056//3383 2239//3383 2055//3383
f 2057//3384 2239//3384 2056//3384
f 2067//3385 2239//3385 2057//3385
f 2054//3386 2240//3386 2053//3386
f 2055//3387 2240//3387 2054//3387
f 2239//3388 2240//3388 2055//3388
f 2052//3389 2241//3389 2051//3389
f 2053//3390 2241//3390 2052//3390
f 2240//3391 2241//3391 2053//3391
f 2235//3392 2242//3392 2067//3392
f 2067//3393 2242//3393 2239//3393
f 2050//3394 2243//3394 2049//3394
f 2051//3395 2243//3395 2050//3395
f 2241//3396 2243//3396 2051//3396
f 2239//3397 2244//3397 2240//3397
f 2242//3398 2244//3398 2239//3398
f 2048//3399 2060//3399 2047//3399
f 2049//3400 2060//3400 2048//3400
f 2243//3401 2060//3401 2049//3401
f 2240//3402 2066//3402 2241//3402
f 2244//3403 2066//3403 2240//3403
f 638//3404 2245//3404 2075//3404
f 634//3405 2245//3405 636//3405
f 636//3406 2245//3406 638//3406
f 2075//3407 2245//3407 2235//3407
f 2235//3408 2245//3408 2242//3408
f 2046//3409 2062//3409 2045//3409
f 2047//3410 2062//3410 2046//3410
f 2060//3411 2062//3411 2047//3411
f 2241//3412 2068//3412 2243//3412
f 2066//3413 2068//3413 2241//3413
f 2245//3414 2246//3414 2242//3414
f 634//3415 2246//3415 2245//3415
f 630//3416 2246//3416 632//3416
f 632//3417 2246//3417 634//3417
f 2242//3418 2246//3418 2244//3418
f 2044//3419 2058//3419 2043//3419
f 2045//3420 2058//3420 2044//3420
f 2062//3421 2058//3421 2045//3421
f 2243//3422 2063//3422 2060//3422
f 2068//3423 2063//3423 2243//3423
f 626//3424 2065//3424 628//3424
f 628//3425 2065//3425 630//3425
f 2246//3426 2065//3426 2244//3426
f 630//3427 2065//3427 2246//3427
f 2244//3428 2065//3428 2066//3428
f 2042//3429 2059//3429 2041//3429
f 2043//3430 2059//3430 2042//3430
f 1182//3431 1183//3431 2247//3431
f 2247//3432 1183//3432 2248//3432
f 2248//3433 1184//3433 2249//3433
f 1183//3434 1184//3434 2248//3434
f 2249//3435 1185//3435 2250//3435
f 1184//3436 1185//3436 2249//3436
f 2250//3437 1186//3437 2251//3437
f 1185//3438 1186//3438 2250//3438
f 2251//3439 1291//3439 2252//3439
f 1186//3440 1291//3440 2251//3440
f 2252//3441 1289//3441 2253//3441
f 1291//3442 1289//3442 2252//3442
f 2253//3443 1287//3443 2254//3443
f 1289//3444 1287//3444 2253//3444
f 2254//3445 1285//3445 2255//3445
f 1287//3446 1285//3446 2254//3446
f 2255//3447 1283//3447 2256//3447
f 2256//3448 1283//3448 2257//3448
f 1285//3449 1283//3449 2255//3449
f 2257//3450 1281//3450 2258//3450
f 1283//3451 1281//3451 2257//3451
f 1281//3452 1278//3452 2258//3452
f 1278//3453 1277//3453 2258//3453
f 2258//3454 1277//3454 2259//3454
f 1277//3455 1274//3455 2259//3455
f 2259//3456 1274//3456 2260//3456
f 1274//3457 1272//3457 2260//3457
f 2260//3458 1272//3458 2261//3458
f 1272//3459 1271//3459 2261//3459
f 2261//3460 1271//3460 2262//3460
f 1271//3461 1269//3461 2262//3461
f 2262//3462 1269//3462 2263//3462
f 1269//3463 1267//3463 2263//3463
f 2263//3464 1267//3464 2264//3464
f 1267//3465 1264//3465 2264//3465
f 2264//3466 1264//3466 2265//3466
f 1264//3467 1262//3467 2265//3467
f 2265//3468 1262//3468 2266//3468
f 1262//3469 1261//3469 2266//3469
f 2266//3470 1261//3470 2267//3470
f 2267//3471 1261//3471 2268//3471
f 1261//3472 1258//3472 2268//3472
f 2268//3473 1258//3473 2269//3473
f 1258//3474 1257//3474 2269//3474
f 2269//3475 1254//3475 2270//3475
f 1257//3476 1254//3476 2269//3476
f 2270//3477 1252//3477 2271//3477
f 1254//3478 1252//3478 2270//3478
f 2271//3479 1251//3479 2272//3479
f 2272//3480 1251//3480 2273//3480
f 1252//3481 1251//3481 2271//3481
f 1251//3482 1248//3482 2273//3482
f 2273//3483 1247//3483 2274//3483
f 1248//3484 1247//3484 2273//3484
f 2274//3485 1245//3485 2275//3485
f 1247//3486 1245//3486 2274//3486
f 2275//3487 1242//3487 2276//3487
f 1245//3488 1242//3488 2275//3488
f 2276//3489 1241//3489 2277//3489
f 2277//3490 1241//3490 2278//3490
f 1242//3491 1241//3491 2276//3491
f 1241//3492 1238//3492 2278//3492
f 2278//3493 1237//3493 2279//3493
f 1238//3494 1237//3494 2278//3494
f 2279//3495 1234//3495 2280//3495
f 2280//3496 1234//3496 2281//3496
f 1237//3497 1234//3497 2279//3497
f 1234//3498 1233//3498 2281//3498
f 2281//3499 1230//3499 2282//3499
f 1233//3500 1230//3500 2281//3500
f 2282//3501 1229//3501 2283//3501
f 1230//3502 1229//3502 2282//3502
f 1229//3503 1227//3503 2283//3503
f 2283//3504 1227//3504 2284//3504
f 2284//3505 1227//3505 2285//3505
f 1227//3506 1222//3506 2285//3506
f 1222//3507 1221//3507 2285//3507
f 2285//3508 1221//3508 2286//3508
f 1221//3509 1214//3509 2286//3509
f 2286//3510 1214//3510 2287//3510
f 1214//3511 1213//3511 2287//3511
f 2287//3512 1213//3512 2288//3512
f 1213//3513 1205//3513 2288//3513
f 2288//3514 1205//3514 2289//3514
f 1205//3515 1204//3515 2289//3515
f 2289//3516 1204//3516 2290//3516
f 2290//3517 1204//3517 2291//3517
f 1204//3518 1200//3518 2291//3518
f 2291//3519 1200//3519 2292//3519
f 1200//3520 1196//3520 2292//3520
f 1196//3521 1193//3521 2292//3521
f 2292//3522 1193//3522 2293//3522
f 1193//3523 1188//3523 2293//3523
f 2293//3524 1188//3524 2294//3524
f 1188//3525 1190//3525 2294//3525
f 2294//3526 1190//3526 2295//3526
f 1190//3527 1191//3527 2295//3527
f 2295//3528 1191//3528 2296//3528
f 1191//3529 1198//3529 2296//3529
f 2296//3530 1198//3530 2297//3530
f 2297//3531 1198//3531 2298//3531
f 1198//3532 1202//3532 2298//3532
f 2298//3533 1202//3533 2299//3533
f 1202//3534 1207//3534 2299//3534
f 2299//3535 1207//3535 2300//3535
f 1207//3536 1210//3536 2300//3536
f 1210//3537 1211//3537 2300//3537
f 2300//3538 1211//3538 2301//3538
f 1211//3539 1216//3539 2301//3539
f 2301//3540 1216//3540 2302//3540
f 1216//3541 1219//3541 2302//3541
f 2302//3542 1219//3542 2303//3542
f 2303//3543 1219//3543 2304//3543
f 1219//3544 1156//3544 2304//3544
f 2304//3545 1154//3545 2305//3545
f 1156//3546 1154//3546 2304//3546
f 2305//3547 1152//3547 2306//3547
f 2306//3548 1152//3548 2307//3548
f 1154//3549 1152//3549 2305//3549
f 1152//3550 1150//3550 2307//3550
f 2307//3551 1148//3551 2308//3551
f 1150//3552 1148//3552 2307//3552
f 1148//3553 1146//3553 2308//3553
f 2308//3554 1146//3554 2309//3554
f 1146//3555 1144//3555 2309//3555
f 2309//3556 1144//3556 2310//3556
f 1144//3557 1142//3557 2310//3557
f 2310//3558 1142//3558 2311//3558
f 1142//3559 1140//3559 2311//3559
f 2311//3560 1140//3560 2312//3560
f 1140//3561 1138//3561 2312//3561
f 2312//3562 1138//3562 2313//3562
f 2313//3563 1138//3563 2314//3563
f 1138//3564 1136//3564 2314//3564
f 1136//3565 1134//3565 2314//3565
f 2314//3566 1134//3566 2315//3566
f 1134//3567 1132//3567 2315//3567
f 2315//3568 1132//3568 2316//3568
f 1132//3569 1130//3569 2316//3569
f 2316//3570 1130//3570 2317//3570
f 1130//3571 1128//3571 2317//3571
f 2317//3572 1128//3572 2318//3572
f 1128//3573 1126//3573 2318//3573
f 2318//3574 1126//3574 2319//3574
f 1126//3575 1124//3575 2319//3575
f 2319//3576 1124//3576 2320//3576
f 1124//3577 1122//3577 2320//3577
f 2320//3578 1122//3578 2321//3578
f 2321//3579 1120//3579 2322//3579
f 1122//3580 1120//3580 2321//3580
f 2322//3581 1118//3581 2323//3581
f 2323//3582 1118//3582 2324//3582
f 1120//3583 1118//3583 2322//3583
f 1118//3584 1116//3584 2324//3584
f 2324//3585 1113//3585 2325//3585
f 1116//3586 1113//3586 2324//3586
f 2325//3587 1114//3587 2326//3587
f 1113//3588 1114//3588 2325//3588
f 2326//3589 1115//3589 2327//3589
f 1114//3590 1115//3590 2326//3590
f 2327//3591 1117//3591 2328//3591
f 1115//3592 1117//3592 2327//3592
f 2328//3593 1119//3593 2329//3593
f 1117//3594 1119//3594 2328//3594
f 2329//3595 1121//3595 2330//3595
f 1119//3596 1121//3596 2329//3596
f 2330//3597 1123//3597 2331//3597
f 2331//3598 1123//3598 2332//3598
f 1121//3599 1123//3599 2330//3599
f 2332//3600 1125//3600 2333//3600
f 1123//3601 1125//3601 2332//3601
f 1125//3602 1127//3602 2333//3602
f 2333//3603 1129//3603 2334//3603
f 1127//3604 1129//3604 2333//3604
f 1129//3605 1131//3605 2334//3605
f 2334//3606 1131//3606 2335//3606
f 1131//3607 1133//3607 2335//3607
f 2335//3608 1133//3608 2336//3608
f 1133//3609 1135//3609 2336//3609
f 2336//3610 1135//3610 2337//3610
f 1135//3611 1137//3611 2337//3611
f 2337//3612 1137//3612 2338//3612
f 2338//3613 1139//3613 2339//3613
f 2339//3614 1139//3614 2340//3614
f 1137//3615 1139//3615 2338//3615
f 1139//3616 1141//3616 2340//3616
f 2340//3617 1143//3617 2341//3617
f 1141//3618 1143//3618 2340//3618
f 2341//3619 1145//3619 2342//3619
f 1143//3620 1145//3620 2341//3620
f 2342//3621 1147//3621 2343//3621
f 1145//3622 1147//3622 2342//3622
f 2343//3623 1149//3623 2344//3623
f 2344//3624 1149//3624 2345//3624
f 1147//3625 1149//3625 2343//3625
f 1149//3626 1151//3626 2345//3626
f 2345//3627 1153//3627 2346//3627
f 2346//3628 1153//3628 2347//3628
f 1151//3629 1153//3629 2345//3629
f 1153//3630 1155//3630 2347//3630
f 2347//3631 1157//3631 2348//3631
f 2348//3632 1157//3632 2349//3632
f 1155//3633 1157//3633 2347//3633
f 1157//3634 1158//3634 2349//3634
f 2349//3635 1159//3635 2350//3635
f 2350//3636 1159//3636 2351//3636
f 1158//3637 1159//3637 2349//3637
f 1159//3638 1160//3638 2351//3638
f 2351//3639 1161//3639 2352//3639
f 1160//3640 1161//3640 2351//3640
f 2352//3641 1162//3641 2353//3641
f 2353//3642 1162//3642 2354//3642
f 1161//3643 1162//3643 2352//3643
f 1162//3644 1163//3644 2354//3644
f 2354//3645 1164//3645 2355//3645
f 2355//3646 1164//3646 2356//3646
f 1163//3647 1164//3647 2354//3647
f 1164//3648 1165//3648 2356//3648
f 2356//3649 1166//3649 2357//3649
f 1165//3650 1166//3650 2356//3650
f 2357//3651 1167//3651 2358//3651
f 1166//3652 1167//3652 2357//3652
f 1167//3653 1168//3653 2358//3653
f 2358//3654 1168//3654 2359//3654
f 1168//3655 1169//3655 2359//3655
f 2359//3656 1169//3656 2360//3656
f 2360//3657 1169//3657 2361//3657
f 1169//3658 1170//3658 2361//3658
f 1170//3659 1171//3659 2361//3659
f 2361//3660 1171//3660 2362//3660
f 2362//3661 1171//3661 2363//3661
f 1171//3662 1172//3662 2363//3662
f 2363//3663 1172//3663 2364//3663
f 1172//3664 1173//3664 2364//3664
f 1173//3665 1174//3665 2364//3665
f 2364//3666 1174//3666 2365//3666
f 2365//3667 1174//3667 2366//3667
f 1174//3668 1175//3668 2366//3668
f 1175//3669 1176//3669 2366//3669
f 2366//3670 1176//3670 2367//3670
f 1176//3671 1177//3671 2367//3671
f 2367//3672 1177//3672 2368//3672
f 2368//3673 1177//3673 2369//3673
f 1177//3674 1178//3674 2369//3674
f 1178//3675 1179//3675 2369//3675
f 2369//3676 1179//3676 2370//3676
f 2370//3677 1180//3677 2371//3677
f 2371//3678 1180//3678 2372//3678
f 1179//3679 1180//3679 2370//3679
f 1180//3680 1181//3680 2372//3680
f 2372//3681 1182//3681 2247//3681
f 1181//3682 1182//3682 2372//3682
f 2373//3683 2374//3683 2375//3683
f 2376//3684 2374//3684 2373//3684
f 928//3685 2377//3685 929//3685
f 929//3686 2377//3686 930//3686
f 2378//3687 2377//3687 2379//3687
f 930//3688 2377//3688 2378//3688
f 2247//3689 2380//3689 2372//3689
f 2379//3690 2377//3690 2381//3690
f 2355//3691 2382//3691 2354//3691
f 2356//3692 2382//3692 2355//3692
f 2383//3693 2382//3693 2356//3693
f 2374//3694 2384//3694 2375//3694
f 2375//3695 2384//3695 2385//3695
f 2377//3696 2386//3696 2381//3696
f 926//3697 2386//3697 927//3697
f 927//3698 2386//3698 928//3698
f 928//3699 2386//3699 2377//3699
f 2381//3700 2386//3700 2376//3700
f 2353//3701 2387//3701 2352//3701
f 2354//3702 2387//3702 2353//3702
f 2382//3703 2387//3703 2354//3703
f 2384//3704 2388//3704 2385//3704
f 2385//3705 2388//3705 2383//3705
f 2376//3706 2389//3706 2374//3706
f 924//3707 2389//3707 925//3707
f 925//3708 2389//3708 926//3708
f 926//3709 2389//3709 2386//3709
f 2386//3710 2389//3710 2376//3710
f 906//3711 936//3711 2390//3711
f 2351//3712 2391//3712 2350//3712
f 2352//3713 2391//3713 2351//3713
f 2387//3714 2391//3714 2352//3714
f 2388//3715 2392//3715 2383//3715
f 2383//3716 2392//3716 2382//3716
f 2389//3717 2393//3717 2374//3717
f 2374//3718 2393//3718 2384//3718
f 922//3719 2393//3719 923//3719
f 923//3720 2393//3720 924//3720
f 924//3721 2393//3721 2389//3721
f 2349//3722 2394//3722 2348//3722
f 2350//3723 2394//3723 2349//3723
f 2391//3724 2394//3724 2350//3724
f 2392//3725 2395//3725 2382//3725
f 2382//3726 2395//3726 2387//3726
f 919//3727 2396//3727 921//3727
f 921//3728 2396//3728 922//3728
f 922//3729 2396//3729 2393//3729
f 2384//3730 2396//3730 2388//3730
f 2393//3731 2396//3731 2384//3731
f 2348//3732 2397//3732 2347//3732
f 2394//3733 2397//3733 2348//3733
f 2347//3734 2397//3734 2346//3734
f 2391//3735 2398//3735 2394//3735
f 2387//3736 2398//3736 2391//3736
f 2395//3737 2398//3737 2387//3737
f 915//3738 2399//3738 917//3738
f 917//3739 2399//3739 919//3739
f 2396//3740 2399//3740 2388//3740
f 2392//3741 2399//3741 2395//3741
f 2388//3742 2399//3742 2392//3742
f 919//3743 2399//3743 2396//3743
f 2397//3744 2400//3744 2346//3744
f 2345//3745 2400//3745 2344//3745
f 2346//3746 2400//3746 2345//3746
f 2398//3747 2401//3747 2394//3747
f 911//3748 2402//3748 913//3748
f 913//3749 2402//3749 915//3749
f 915//3750 2402//3750 2399//3750
f 2395//3751 2402//3751 2398//3751
f 2399//3752 2402//3752 2395//3752
f 2400//3753 2403//3753 2344//3753
f 2343//3754 2403//3754 2342//3754
f 2344//3755 2403//3755 2343//3755
f 2394//3756 2404//3756 2397//3756
f 2401//3757 2404//3757 2394//3757
f 2397//3758 2404//3758 2400//3758
f 911//3759 2405//3759 2402//3759
f 907//3760 2405//3760 909//3760
f 909//3761 2405//3761 911//3761
f 2402//3762 2405//3762 2398//3762
f 2403//3763 2406//3763 2342//3763
f 2341//3764 2406//3764 2340//3764
f 2342//3765 2406//3765 2341//3765
f 2404//3766 2407//3766 2400//3766
f 2405//3767 2408//3767 2398//3767
f 2398//3768 2408//3768 2401//3768
f 903//3769 2408//3769 904//3769
f 904//3770 2408//3770 907//3770
f 2401//3771 2408//3771 2404//3771
f 907//3772 2408//3772 2405//3772
f 2406//3773 2409//3773 2340//3773
f 2339//3774 2409//3774 2338//3774
f 2340//3775 2409//3775 2339//3775
f 2400//3776 2410//3776 2403//3776
f 2403//3777 2410//3777 2406//3777
f 2407//3778 2410//3778 2400//3778
f 903//3779 2411//3779 2408//3779
f 901//3780 2411//3780 902//3780
f 902//3781 2411//3781 903//3781
f 2408//3782 2411//3782 2404//3782
f 2409//3783 2412//3783 2338//3783
f 2337//3784 2412//3784 2336//3784
f 2338//3785 2412//3785 2337//3785
f 2410//3786 2413//3786 2406//3786
f 897//3787 2414//3787 899//3787
f 2404//3788 2414//3788 2407//3788
f 899//3789 2414//3789 901//3789
f 901//3790 2414//3790 2411//3790
f 2411//3791 2414//3791 2404//3791
f 2412//3792 2415//3792 2336//3792
f 2335//3793 2415//3793 2334//3793
f 2336//3794 2415//3794 2335//3794
f 2413//3795 2416//3795 2406//3795
f 2406//3796 2416//3796 2409//3796
f 2409//3797 2416//3797 2412//3797
f 893//3798 2417//3798 895//3798
f 895//3799 2417//3799 897//3799
f 2414//3800 2417//3800 2407//3800
f 897//3801 2417//3801 2414//3801
f 2407//3802 2417//3802 2410//3802
f 2415//3803 2418//3803 2334//3803
f 2333//3804 2418//3804 2332//3804
f 2334//3805 2418//3805 2333//3805
f 2416//3806 2419//3806 2412//3806
f 2410//3807 2420//3807 2413//3807
f 893//3808 2420//3808 2417//3808
f 889//3809 2420//3809 891//3809
f 891//3810 2420//3810 893//3810
f 2417//3811 2420//3811 2410//3811
f 2418//3812 2421//3812 2332//3812
f 2331//3813 2421//3813 2330//3813
f 2332//3814 2421//3814 2331//3814
f 2415//3815 2422//3815 2418//3815
f 2419//3816 2422//3816 2412//3816
f 2412//3817 2422//3817 2415//3817
f 885//3818 2423//3818 887//3818
f 887//3819 2423//3819 889//3819
f 2413//3820 2423//3820 2416//3820
f 889//3821 2423//3821 2420//3821
f 2416//3822 2423//3822 2419//3822
f 2420//3823 2423//3823 2413//3823
f 2329//3824 2424//3824 2328//3824
f 2330//3825 2424//3825 2329//3825
f 2421//3826 2424//3826 2330//3826
f 2422//3827 2425//3827 2418//3827
f 885//3828 2426//3828 2423//3828
f 881//3829 2426//3829 883//3829
f 883//3830 2426//3830 885//3830
f 2423//3831 2426//3831 2419//3831
f 2327//3832 2427//3832 2326//3832
f 2328//3833 2427//3833 2327//3833
f 2424//3834 2427//3834 2328//3834
f 2425//3835 2428//3835 2418//3835
f 2418//3836 2428//3836 2421//3836
f 877//3837 2429//3837 879//3837
f 879//3838 2429//3838 881//3838
f 2426//3839 2429//3839 2419//3839
f 881//3840 2429//3840 2426//3840
f 2419//3841 2429//3841 2422//3841
f 2427//3842 2430//3842 2326//3842
f 2325//3843 2430//3843 2324//3843
f 2326//3844 2430//3844 2325//3844
f 2421//3845 2431//3845 2424//3845
f 2428//3846 2431//3846 2421//3846
f 873//3847 2432//3847 875//3847
f 875//3848 2432//3848 877//3848
f 2425//3849 2432//3849 2428//3849
f 877//3850 2432//3850 2429//3850
f 2429//3851 2432//3851 2422//3851
f 2422//3852 2432//3852 2425//3852
f 2430//3853 2433//3853 2324//3853
f 2323//3854 2433//3854 2322//3854
f 2324//3855 2433//3855 2323//3855
f 2424//3856 2434//3856 2427//3856
f 2431//3857 2434//3857 2424//3857
f 869//3858 2435//3858 871//3858
f 871//3859 2435//3859 873//3859
f 2432//3860 2435//3860 2428//3860
f 873//3861 2435//3861 2432//3861
f 2433//3862 2436//3862 2322//3862
f 2321//3863 2436//3863 2320//3863
f 2322//3864 2436//3864 2321//3864
f 2430//3865 2437//3865 2433//3865
f 2427//3866 2437//3866 2430//3866
f 2434//3867 2437//3867 2427//3867
f 2431//3868 2438//3868 2434//3868
f 2428//3869 2438//3869 2431//3869
f 865//3870 2438//3870 867//3870
f 867//3871 2438//3871 869//3871
f 869//3872 2438//3872 2435//3872
f 2435//3873 2438//3873 2428//3873
f 2436//3874 2439//3874 2320//3874
f 2319//3875 2439//3875 2318//3875
f 2320//3876 2439//3876 2319//3876
f 2437//3877 2440//3877 2433//3877
f 2434//3878 2441//3878 2437//3878
f 2438//3879 2441//3879 2434//3879
f 862//3880 2441//3880 863//3880
f 863//3881 2441//3881 865//3881
f 865//3882 2441//3882 2438//3882
f 2439//3883 2442//3883 2318//3883
f 2317//3884 2442//3884 2316//3884
f 2318//3885 2442//3885 2317//3885
f 2433//3886 2443//3886 2436//3886
f 2440//3887 2443//3887 2433//3887
f 864//3888 2444//3888 861//3888
f 861//3889 2444//3889 862//3889
f 2441//3890 2444//3890 2437//3890
f 862//3891 2444//3891 2441//3891
f 2315//3892 2445//3892 2314//3892
f 2316//3893 2445//3893 2315//3893
f 2442//3894 2445//3894 2316//3894
f 2443//3895 2446//3895 2436//3895
f 2436//3896 2446//3896 2439//3896
f 868//3897 2447//3897 866//3897
f 866//3898 2447//3898 864//3898
f 2437//3899 2447//3899 2440//3899
f 864//3900 2447//3900 2444//3900
f 2444//3901 2447//3901 2437//3901
f 2440//3902 2447//3902 2443//3902
f 2445//3903 2448//3903 2314//3903
f 2313//3904 2448//3904 2312//3904
f 2314//3905 2448//3905 2313//3905
f 2439//3906 2449//3906 2442//3906
f 2446//3907 2449//3907 2439//3907
f 872//3908 2450//3908 870//3908
f 870//3909 2450//3909 868//3909
f 2447//3910 2450//3910 2443//3910
f 868//3911 2450//3911 2447//3911
f 2448//3912 2451//3912 2312//3912
f 2311//3913 2451//3913 2310//3913
f 2312//3914 2451//3914 2311//3914
f 2442//3915 2452//3915 2445//3915
f 2449//3916 2452//3916 2442//3916
f 876//3917 2453//3917 874//3917
f 874//3918 2453//3918 872//3918
f 2450//3919 2453//3919 2443//3919
f 872//3920 2453//3920 2450//3920
f 2443//3921 2453//3921 2446//3921
f 2309//3922 2454//3922 2308//3922
f 2310//3923 2454//3923 2309//3923
f 2451//3924 2454//3924 2310//3924
f 2448//3925 2455//3925 2451//3925
f 2452//3926 2455//3926 2445//3926
f 2445//3927 2455//3927 2448//3927
f 876//3928 2456//3928 2453//3928
f 2453//3929 2456//3929 2446//3929
f 2446//3930 2456//3930 2449//3930
f 880//3931 2456//3931 878//3931
f 878//3932 2456//3932 876//3932
f 2307//3933 2457//3933 2306//3933
f 2308//3934 2457//3934 2307//3934
f 2454//3935 2457//3935 2308//3935
f 2455//3936 2458//3936 2451//3936
f 2456//3937 2459//3937 2449//3937
f 2449//3938 2459//3938 2452//3938
f 880//3939 2459//3939 2456//3939
f 884//3940 2459//3940 882//3940
f 882//3941 2459//3941 880//3941
f 2305//3942 2460//3942 2304//3942
f 2306//3943 2460//3943 2305//3943
f 2457//3944 2460//3944 2306//3944
f 2451//3945 2461//3945 2454//3945
f 2458//3946 2461//3946 2451//3946
f 2452//3947 2462//3947 2455//3947
f 2459//3948 2462//3948 2452//3948
f 884//3949 2462//3949 2459//3949
f 888//3950 2462//3950 886//3950
f 886//3951 2462//3951 884//3951
f 2460//3952 2463//3952 2304//3952
f 2303//3953 2463//3953 2302//3953
f 2304//3954 2463//3954 2303//3954
f 2454//3955 2464//3955 2457//3955
f 2461//3956 2464//3956 2454//3956
f 2462//3957 2465//3957 2455//3957
f 2455//3958 2465//3958 2458//3958
f 892//3959 2465//3959 890//3959
f 890//3960 2465//3960 888//3960
f 888//3961 2465//3961 2462//3961
f 2463//3962 2466//3962 2302//3962
f 2301//3963 2466//3963 2300//3963
f 2302//3964 2466//3964 2301//3964
f 2464//3965 2467//3965 2457//3965
f 2457//3966 2467//3966 2460//3966
f 2461//3967 2468//3967 2464//3967
f 892//3968 2468//3968 2465//3968
f 2458//3969 2468//3969 2461//3969
f 896//3970 2468//3970 894//3970
f 894//3971 2468//3971 892//3971
f 2465//3972 2468//3972 2458//3972
f 2466//3973 2469//3973 2300//3973
f 2299//3974 2469//3974 2298//3974
f 2300//3975 2469//3975 2299//3975
f 2460//3976 2470//3976 2463//3976
f 2463//3977 2470//3977 2466//3977
f 2467//3978 2470//3978 2460//3978
f 2464//3979 2471//3979 2467//3979
f 896//3980 2471//3980 2468//3980
f 900//3981 2471//3981 898//3981
f 898//3982 2471//3982 896//3982
f 2468//3983 2471//3983 2464//3983
f 2469//3984 2472//3984 2298//3984
f 2297//3985 2472//3985 2296//3985
f 2298//3986 2472//3986 2297//3986
f 2470//3987 2473//3987 2466//3987
f 2471//3988 2474//3988 2467//3988
f 2467//3989 2474//3989 2470//3989
f 900//3990 2474//3990 2471//3990
f 973//3991 2474//3991 980//3991
f 980//3992 2474//3992 900//3992
f 2295//3993 2475//3993 2294//3993
f 2296//3994 2475//3994 2295//3994
f 2472//3995 2475//3995 2296//3995
f 2466//3996 2476//3996 2469//3996
f 2473//3997 2476//3997 2466//3997
f 2469//3998 2476//3998 2472//3998
f 2474//3999 2477//3999 2470//3999
f 973//4000 2477//4000 2474//4000
f 965//4001 2477//4001 972//4001
f 972//4002 2477//4002 973//4002
f 2475//4003 2478//4003 2294//4003
f 2293//4004 2478//4004 2292//4004
f 2294//4005 2478//4005 2293//4005
f 2476//4006 2479//4006 2472//4006
f 2470//4007 2480//4007 2473//4007
f 965//4008 2480//4008 2477//4008
f 2477//4009 2480//4009 2470//4009
f 961//4010 2480//4010 964//4010
f 964//4011 2480//4011 965//4011
f 2478//4012 2481//4012 2292//4012
f 2291//4013 2481//4013 2290//4013
f 2292//4014 2481//4014 2291//4014
f 2475//4015 2482//4015 2478//4015
f 2472//4016 2482//4016 2475//4016
f 2479//4017 2482//4017 2472//4017
f 2480//4018 2483//4018 2473//4018
f 2473//4019 2483//4019 2476//4019
f 961//4020 2483//4020 2480//4020
f 952//4021 2483//4021 956//4021
f 956//4022 2483//4022 961//4022
f 2481//4023 2484//4023 2290//4023
f 2289//4024 2484//4024 2288//4024
f 2290//4025 2484//4025 2289//4025
f 2482//4026 2485//4026 2478//4026
f 2476//4027 2486//4027 2479//4027
f 2479//4028 2486//4028 2482//4028
f 2483//4029 2486//4029 2476//4029
f 952//4030 2486//4030 2483//4030
f 944//4031 2486//4031 945//4031
f 945//4032 2486//4032 952//4032
f 2484//4033 2487//4033 2288//4033
f 2287//4034 2487//4034 2286//4034
f 2288//4035 2487//4035 2287//4035
f 2478//4036 2488//4036 2481//4036
f 2485//4037 2488//4037 2478//4037
f 2482//4038 2489//4038 2485//4038
f 2486//4039 2489//4039 2482//4039
f 944//4040 2489//4040 2486//4040
f 937//4041 2489//4041 940//4041
f 940//4042 2489//4042 944//4042
f 2487//4043 2490//4043 2286//4043
f 2285//4044 2490//4044 2284//4044
f 2286//4045 2490//4045 2285//4045
f 2481//4046 2491//4046 2484//4046
f 2484//4047 2491//4047 2487//4047
f 2488//4048 2491//4048 2481//4048
f 2485//4049 2492//4049 2488//4049
f 2489//4050 2492//4050 2485//4050
f 947//4051 2492//4051 942//4051
f 942//4052 2492//4052 937//4052
f 937//4053 2492//4053 2489//4053
f 2283//4054 2493//4054 2282//4054
f 2284//4055 2493//4055 2283//4055
f 2490//4056 2493//4056 2284//4056
f 2491//4057 2494//4057 2487//4057
f 2492//4058 2495//4058 2488//4058
f 954//4059 2495//4059 950//4059
f 950//4060 2495//4060 947//4060
f 2488//4061 2495//4061 2491//4061
f 947//4062 2495//4062 2492//4062
f 2281//4063 2496//4063 2280//4063
f 2282//4064 2496//4064 2281//4064
f 2493//4065 2496//4065 2282//4065
f 2487//4066 2497//4066 2490//4066
f 2494//4067 2497//4067 2487//4067
f 959//4068 2498//4068 958//4068
f 958//4069 2498//4069 954//4069
f 954//4070 2498//4070 2495//4070
f 2495//4071 2498//4071 2491//4071
f 2496//4072 2499//4072 2280//4072
f 2279//4073 2499//4073 2278//4073
f 2280//4074 2499//4074 2279//4074
f 2490//4075 2500//4075 2493//4075
f 2497//4076 2500//4076 2490//4076
f 2498//4077 2501//4077 2491//4077
f 959//4078 2501//4078 2498//4078
f 970//4079 2501//4079 967//4079
f 967//4080 2501//4080 959//4080
f 2491//4081 2501//4081 2494//4081
f 2277//4082 2502//4082 2276//4082
f 2278//4083 2502//4083 2277//4083
f 2499//4084 2502//4084 2278//4084
f 2493//4085 2503//4085 2496//4085
f 2500//4086 2503//4086 2493//4086
f 2501//4087 2504//4087 2494//4087
f 970//4088 2504//4088 2501//4088
f 2494//4089 2504//4089 2497//4089
f 978//4090 2504//4090 975//4090
f 975//4091 2504//4091 970//4091
f 2275//4092 2505//4092 2274//4092
f 2276//4093 2505//4093 2275//4093
f 2502//4094 2505//4094 2276//4094
f 2496//4095 2506//4095 2499//4095
f 2503//4096 2506//4096 2496//4096
f 2499//4097 2506//4097 2502//4097
f 2497//4098 2507//4098 2500//4098
f 2504//4099 2507//4099 2497//4099
f 978//4100 2507//4100 2504//4100
f 983//4101 2507//4101 982//4101
f 982//4102 2507//4102 978//4102
f 2505//4103 2508//4103 2274//4103
f 2273//4104 2508//4104 2272//4104
f 2274//4105 2508//4105 2273//4105
f 2506//4106 2509//4106 2502//4106
f 2507//4107 2510//4107 2500//4107
f 983//4108 2510//4108 2507//4108
f 988//4109 2510//4109 986//4109
f 986//4110 2510//4110 983//4110
f 2500//4111 2510//4111 2503//4111
f 2508//4112 2511//4112 2272//4112
f 2271//4113 2511//4113 2270//4113
f 2272//4114 2511//4114 2271//4114
f 2509//4115 2512//4115 2502//4115
f 2502//4116 2512//4116 2505//4116
f 2503//4117 2513//4117 2506//4117
f 988//4118 2513//4118 2510//4118
f 992//4119 2513//4119 990//4119
f 990//4120 2513//4120 988//4120
f 2510//4121 2513//4121 2503//4121
f 2511//4122 2514//4122 2270//4122
f 2269//4123 2514//4123 2268//4123
f 2270//4124 2514//4124 2269//4124
f 2508//4125 2515//4125 2511//4125
f 2512//4126 2515//4126 2505//4126
f 2505//4127 2515//4127 2508//4127
f 2506//4128 2516//4128 2509//4128
f 2513//4129 2516//4129 2506//4129
f 2509//4130 2516//4130 2512//4130
f 992//4131 2516//4131 2513//4131
f 997//4132 2516//4132 994//4132
f 994//4133 2516//4133 992//4133
f 2267//4134 2517//4134 2266//4134
f 2268//4135 2517//4135 2267//4135
f 2514//4136 2517//4136 2268//4136
f 2515//4137 2518//4137 2511//4137
f 2516//4138 2519//4138 2512//4138
f 997//4139 2519//4139 2516//4139
f 1001//4140 2519//4140 999//4140
f 999//4141 2519//4141 997//4141
f 2517//4142 2520//4142 2266//4142
f 2265//4143 2520//4143 2264//4143
f 2266//4144 2520//4144 2265//4144
f 2518//4145 2521//4145 2511//4145
f 2511//4146 2521//4146 2514//4146
f 2519//4147 2522//4147 2512//4147
f 2512//4148 2522//4148 2515//4148
f 1005//4149 2522//4149 1003//4149
f 1003//4150 2522//4150 1001//4150
f 1001//4151 2522//4151 2519//4151
f 2520//4152 2523//4152 2264//4152
f 2263//4153 2523//4153 2262//4153
f 2264//4154 2523//4154 2263//4154
f 2514//4155 2524//4155 2517//4155
f 2521//4156 2524//4156 2514//4156
f 1005//4157 2525//4157 2522//4157
f 1009//4158 2525//4158 1007//4158
f 1007//4159 2525//4159 1005//4159
f 2522//4160 2525//4160 2515//4160
f 2515//4161 2525//4161 2518//4161
f 2518//4162 2525//4162 2521//4162
f 2261//4163 2526//4163 2260//4163
f 2262//4164 2526//4164 2261//4164
f 2523//4165 2526//4165 2262//4165
f 2517//4166 2527//4166 2520//4166
f 2520//4167 2527//4167 2523//4167
f 2524//4168 2527//4168 2517//4168
f 1013//4169 2528//4169 1010//4169
f 1010//4170 2528//4170 1009//4170
f 1009//4171 2528//4171 2525//4171
f 2525//4172 2528//4172 2521//4172
f 2259//4173 2529//4173 2258//4173
f 2260//4174 2529//4174 2259//4174
f 2526//4175 2529//4175 2260//4175
f 2523//4176 2530//4176 2526//4176
f 2527//4177 2530//4177 2523//4177
f 1013//4178 2531//4178 2528//4178
f 1017//4179 2531//4179 1015//4179
f 1015//4180 2531//4180 1013//4180
f 2521//4181 2531//4181 2524//4181
f 2528//4182 2531//4182 2521//4182
f 2257//4183 2532//4183 2256//4183
f 2258//4184 2532//4184 2257//4184
f 2529//4185 2532//4185 2258//4185
f 2530//4186 2533//4186 2526//4186
f 2531//4187 2534//4187 2524//4187
f 1021//4188 2534//4188 1019//4188
f 1019//4189 2534//4189 1017//4189
f 1017//4190 2534//4190 2531//4190
f 2524//4191 2534//4191 2527//4191
f 2255//4192 2535//4192 2254//4192
f 2256//4193 2535//4193 2255//4193
f 2532//4194 2535//4194 2256//4194
f 2533//4195 2536//4195 2526//4195
f 2526//4196 2536//4196 2529//4196
f 2534//4197 2537//4197 2527//4197
f 1021//4198 2537//4198 2534//4198
f 1024//4199 2537//4199 1022//4199
f 1022//4200 2537//4200 1021//4200
f 2527//4201 2537//4201 2530//4201
f 2253//4202 2538//4202 2252//4202
f 2254//4203 2538//4203 2253//4203
f 2535//4204 2538//4204 2254//4204
f 2536//4205 2539//4205 2529//4205
f 2532//4206 2539//4206 2535//4206
f 2529//4207 2539//4207 2532//4207
f 2530//4208 2540//4208 2533//4208
f 1024//4209 2540//4209 2537//4209
f 1029//4210 2540//4210 1027//4210
f 1027//4211 2540//4211 1024//4211
f 2537//4212 2540//4212 2530//4212
f 2251//4213 2541//4213 2250//4213
f 2252//4214 2541//4214 2251//4214
f 2538//4215 2541//4215 2252//4215
f 2539//4216 2542//4216 2535//4216
f 2535//4217 2542//4217 2538//4217
f 2533//4218 2543//4218 2536//4218
f 1029//4219 2543//4219 2540//4219
f 2536//4220 2543//4220 2539//4220
f 1032//4221 2543//4221 1030//4221
f 1030//4222 2543//4222 1029//4222
f 2540//4223 2543//4223 2533//4223
f 2249//4224 2544//4224 2248//4224
f 2250//4225 2544//4225 2249//4225
f 2541//4226 2544//4226 2250//4226
f 2248//4227 2544//4227 2380//4227
f 2542//4228 2545//4228 2538//4228
f 2543//4229 2546//4229 2539//4229
f 1032//4230 2546//4230 2543//4230
f 1036//4231 2546//4231 1034//4231
f 1034//4232 2546//4232 1032//4232
f 2538//4233 2547//4233 2541//4233
f 2541//4234 2547//4234 2544//4234
f 2545//4235 2547//4235 2538//4235
f 2539//4236 2548//4236 2542//4236
f 2546//4237 2548//4237 2539//4237
f 918//4238 2548//4238 920//4238
f 920//4239 2548//4239 1036//4239
f 2542//4240 2548//4240 2545//4240
f 1036//4241 2548//4241 2546//4241
f 2380//4242 2549//4242 2550//4242
f 2544//4243 2549//4243 2380//4243
f 2547//4244 2549//4244 2544//4244
f 914//4245 2551//4245 916//4245
f 916//4246 2551//4246 918//4246
f 2548//4247 2551//4247 2545//4247
f 918//4248 2551//4248 2548//4248
f 910//4249 2552//4249 912//4249
f 912//4250 2552//4250 914//4250
f 2547//4251 2552//4251 2549//4251
f 914//4252 2552//4252 2551//4252
f 2545//4253 2552//4253 2547//4253
f 2551//4254 2552//4254 2545//4254
f 910//4255 2553//4255 2552//4255
f 2550//4256 2553//4256 2390//4256
f 905//4257 2553//4257 908//4257
f 908//4258 2553//4258 910//4258
f 2549//4259 2553//4259 2550//4259
f 2552//4260 2553//4260 2549//4260
f 2390//4261 2553//4261 905//4261
f 2248//4262 2380//4262 2247//4262
f 905//4263 906//4263 2390//4263
f 2371//4264 2554//4264 2370//4264
f 2372//4265 2554//4265 2371//4265
f 2380//4266 2554//4266 2372//4266
f 2369//4267 2555//4267 2368//4267
f 2370//4268 2555//4268 2369//4268
f 2554//4269 2555//4269 2370//4269
f 2367//4270 2556//4270 2366//4270
f 2368//4271 2556//4271 2367//4271
f 2555//4272 2556//4272 2368//4272
f 2550//4273 2557//4273 2380//4273
f 2380//4274 2557//4274 2554//4274
f 2365//4275 2558//4275 2364//4275
f 2366//4276 2558//4276 2365//4276
f 2556//4277 2558//4277 2366//4277
f 2554//4278 2559//4278 2555//4278
f 2557//4279 2559//4279 2554//4279
f 2363//4280 2373//4280 2362//4280
f 2364//4281 2373//4281 2363//4281
f 2558//4282 2373//4282 2364//4282
f 2555//4283 2379//4283 2556//4283
f 2559//4284 2379//4284 2555//4284
f 936//4285 2560//4285 2390//4285
f 934//4286 2560//4286 935//4286
f 935//4287 2560//4287 936//4287
f 2390//4288 2560//4288 2550//4288
f 2550//4289 2560//4289 2557//4289
f 2361//4290 2375//4290 2360//4290
f 2362//4291 2375//4291 2361//4291
f 2373//4292 2375//4292 2362//4292
f 2556//4293 2381//4293 2558//4293
f 2379//4294 2381//4294 2556//4294
f 2560//4295 2561//4295 2557//4295
f 934//4296 2561//4296 2560//4296
f 932//4297 2561//4297 933//4297
f 933//4298 2561//4298 934//4298
f 2557//4299 2561//4299 2559//4299
f 2359//4300 2385//4300 2358//4300
f 2360//4301 2385//4301 2359//4301
f 2375//4302 2385//4302 2360//4302
f 2558//4303 2376//4303 2373//4303
f 2381//4304 2376//4304 2558//4304
f 932//4305 2378//4305 2561//4305
f 930//4306 2378//4306 931//4306
f 2561//4307 2378//4307 2559//4307
f 931//4308 2378//4308 932//4308
f 2559//4309 2378//4309 2379//4309
f 2357//4310 2383//4310 2356//4310
f 2358//4311 2383//4311 2357//4311
f 2385//4312 2383//4312 2358//4312
f 1327//4313 1326//4313 2562//4313
f 2562//4314 1326//4314 2563//4314
f 2563//4315 1328//4315 2564//4315
f 1326//4316 1328//4316 2563//4316
f 2564//4317 1329//4317 2565//4317
f 1328//4318 1329//4318 2564//4318
f 2565//4319 1330//4319 2566//4319
f 1329//4320 1330//4320 2565//4320
f 2566//4321 1331//4321 2567//4321
f 1330//4322 1331//4322 2566//4322
f 2567//4323 1332//4323 2568//4323
f 1331//4324 1332//4324 2567//4324
f 2568//4325 1333//4325 2569//4325
f 1332//4326 1333//4326 2568//4326
f 2569//4327 1334//4327 2570//4327
f 1333//4328 1334//4328 2569//4328
f 2570//4329 1335//4329 2571//4329
f 2571//4330 1335//4330 2572//4330
f 1334//4331 1335//4331 2570//4331
f 2572//4332 1336//4332 2573//4332
f 1335//4333 1336//4333 2572//4333
f 1336//4334 1337//4334 2573//4334
f 1337//4335 1338//4335 2573//4335
f 2573//4336 1338//4336 2574//4336
f 1338//4337 1339//4337 2574//4337
f 2574//4338 1339//4338 2575//4338
f 1339//4339 1340//4339 2575//4339
f 2575//4340 1340//4340 2576//4340
f 1340//4341 1341//4341 2576//4341
f 2576//4342 1341//4342 2577//4342
f 1341//4343 1342//4343 2577//4343
f 2577//4344 1342//4344 2578//4344
f 1342//4345 1343//4345 2578//4345
f 2578//4346 1343//4346 2579//4346
f 1343//4347 1344//4347 2579//4347
f 2579//4348 1344//4348 2580//4348
f 1344//4349 1345//4349 2580//4349
f 2580//4350 1345//4350 2581//4350
f 1345//4351 1346//4351 2581//4351
f 2581//4352 1346//4352 2582//4352
f 2582//4353 1346//4353 2583//4353
f 1346//4354 1347//4354 2583//4354
f 2583//4355 1347//4355 2584//4355
f 1347//4356 1349//4356 2584//4356
f 2584//4357 1351//4357 2585//4357
f 1349//4358 1351//4358 2584//4358
f 2585//4359 1353//4359 2586//4359
f 1351//4360 1353//4360 2585//4360
f 2586//4361 1354//4361 2587//4361
f 2587//4362 1354//4362 2588//4362
f 1353//4363 1354//4363 2586//4363
f 1354//4364 1355//4364 2588//4364
f 2588//4365 1356//4365 2589//4365
f 1355//4366 1356//4366 2588//4366
f 2589//4367 1357//4367 2590//4367
f 1356//4368 1357//4368 2589//4368
f 2590//4369 1358//4369 2591//4369
f 1357//4370 1358//4370 2590//4370
f 2591//4371 1359//4371 2592//4371
f 2592//4372 1359//4372 2593//4372
f 1358//4373 1359//4373 2591//4373
f 1359//4374 1360//4374 2593//4374
f 2593//4375 1361//4375 2594//4375
f 1360//4376 1361//4376 2593//4376
f 2594//4377 1362//4377 2595//4377
f 2595//4378 1362//4378 2596//4378
f 1361//4379 1362//4379 2594//4379
f 1362//4380 1363//4380 2596//4380
f 2596//4381 1364//4381 2597//4381
f 1363//4382 1364//4382 2596//4382
f 2597//4383 1294//4383 2598//4383
f 1364//4384 1294//4384 2597//4384
f 1294//4385 1293//4385 2598//4385
f 2598//4386 1293//4386 2599//4386
f 2599//4387 1293//4387 2600//4387
f 1293//4388 1295//4388 2600//4388
f 1295//4389 1296//4389 2600//4389
f 2600//4390 1296//4390 2601//4390
f 1296//4391 1297//4391 2601//4391
f 2601//4392 1297//4392 2602//4392
f 1297//4393 1298//4393 2602//4393
f 2602//4394 1298//4394 2603//4394
f 1298//4395 1299//4395 2603//4395
f 2603//4396 1299//4396 2604//4396
f 1299//4397 1300//4397 2604//4397
f 2604//4398 1300//4398 2605//4398
f 2605//4399 1300//4399 2606//4399
f 1300//4400 1301//4400 2606//4400
f 2606//4401 1301//4401 2607//4401
f 1301//4402 1302//4402 2607//4402
f 1302//4403 1303//4403 2607//4403
f 2607//4404 1303//4404 2608//4404
f 1303//4405 1304//4405 2608//4405
f 2608//4406 1304//4406 2609//4406
f 1304//4407 1305//4407 2609//4407
f 2609//4408 1305//4408 2610//4408
f 1305//4409 1306//4409 2610//4409
f 2610//4410 1306//4410 2611//4410
f 1306//4411 1307//4411 2611//4411
f 2611//4412 1307//4412 2612//4412
f 2612//4413 1307//4413 2613//4413
f 1307//4414 1308//4414 2613//4414
f 2613//4415 1308//4415 2614//4415
f 1308//4416 1309//4416 2614//4416
f 2614//4417 1309//4417 2615//4417
f 1309//4418 1310//4418 2615//4418
f 1310//4419 1311//4419 2615//4419
f 2615//4420 1311//4420 2616//4420
f 1311//4421 1312//4421 2616//4421
f 2616//4422 1312//4422 2617//4422
f 1312//4423 1313//4423 2617//4423
f 2617//4424 1313//4424 2618//4424
f 2618//4425 1313//4425 2619//4425
f 1313//4426 1314//4426 2619//4426
f 2619//4427 1315//4427 2620//4427
f 1314//4428 1315//4428 2619//4428
f 2620//4429 1316//4429 2621//4429
f 2621//4430 1316//4430 2622//4430
f 1315//4431 1316//4431 2620//4431
f 1316//4432 1317//4432 2622//4432
f 2622//4433 1318//4433 2623//4433
f 1317//4434 1318//4434 2622//4434
f 1318//4435 1319//4435 2623//4435
f 2623//4436 1319//4436 2624//4436
f 1319//4437 1320//4437 2624//4437
f 2624//4438 1320//4438 2625//4438
f 1320//4439 1321//4439 2625//4439
f 2625//4440 1321//4440 2626//4440
f 1321//4441 1322//4441 2626//4441
f 2626//4442 1322//4442 2627//4442
f 1322//4443 1323//4443 2627//4443
f 2627//4444 1323//4444 2628//4444
f 2628//4445 1323//4445 2629//4445
f 1323//4446 1324//4446 2629//4446
f 1324//4447 1325//4447 2629//4447
f 2629//4448 1325//4448 2630//4448
f 1325//4449 1225//4449 2630//4449
f 2630//4450 1225//4450 2631//4450
f 1225//4451 1223//4451 2631//4451
f 2631//4452 1223//4452 2632//4452
f 1223//4453 1218//4453 2632//4453
f 2632//4454 1218//4454 2633//4454
f 1218//4455 1215//4455 2633//4455
f 2633//4456 1215//4456 2634//4456
f 1215//4457 1209//4457 2634//4457
f 2634//4458 1209//4458 2635//4458
f 1209//4459 1206//4459 2635//4459
f 2635//4460 1206//4460 2636//4460
f 2636//4461 1201//4461 2637//4461
f 1206//4462 1201//4462 2636//4462
f 2637//4463 1197//4463 2638//4463
f 2638//4464 1197//4464 2639//4464
f 1201//4465 1197//4465 2637//4465
f 1197//4466 1194//4466 2639//4466
f 2639//4467 1187//4467 2640//4467
f 1194//4468 1187//4468 2639//4468
f 2640//4469 1189//4469 2641//4469
f 1187//4470 1189//4470 2640//4470
f 2641//4471 1192//4471 2642//4471
f 1189//4472 1192//4472 2641//4472
f 2642//4473 1195//4473 2643//4473
f 1192//4474 1195//4474 2642//4474
f 2643//4475 1199//4475 2644//4475
f 1195//4476 1199//4476 2643//4476
f 2644//4477 1203//4477 2645//4477
f 1199//4478 1203//4478 2644//4478
f 2645//4479 1208//4479 2646//4479
f 2646//4480 1208//4480 2647//4480
f 1203//4481 1208//4481 2645//4481
f 2647//4482 1212//4482 2648//4482
f 1208//4483 1212//4483 2647//4483
f 1212//4484 1217//4484 2648//4484
f 2648//4485 1220//4485 2649//4485
f 1217//4486 1220//4486 2648//4486
f 1220//4487 1224//4487 2649//4487
f 2649//4488 1224//4488 2650//4488
f 1224//4489 1226//4489 2650//4489
f 2650//4490 1226//4490 2651//4490
f 1226//4491 1228//4491 2651//4491
f 2651//4492 1228//4492 2652//4492
f 1228//4493 1231//4493 2652//4493
f 2652//4494 1231//4494 2653//4494
f 2653//4495 1232//4495 2654//4495
f 2654//4496 1232//4496 2655//4496
f 1231//4497 1232//4497 2653//4497
f 1232//4498 1235//4498 2655//4498
f 2655//4499 1236//4499 2656//4499
f 1235//4500 1236//4500 2655//4500
f 2656//4501 1239//4501 2657//4501
f 1236//4502 1239//4502 2656//4502
f 2657//4503 1240//4503 2658//4503
f 1239//4504 1240//4504 2657//4504
f 2658//4505 1243//4505 2659//4505
f 2659//4506 1243//4506 2660//4506
f 1240//4507 1243//4507 2658//4507
f 1243//4508 1244//4508 2660//4508
f 2660//4509 1246//4509 2661//4509
f 2661//4510 1246//4510 2662//4510
f 1244//4511 1246//4511 2660//4511
f 1246//4512 1249//4512 2662//4512
f 2662//4513 1250//4513 2663//4513
f 2663//4514 1250//4514 2664//4514
f 1249//4515 1250//4515 2662//4515
f 1250//4516 1253//4516 2664//4516
f 2664//4517 1255//4517 2665//4517
f 2665//4518 1255//4518 2666//4518
f 1253//4519 1255//4519 2664//4519
f 1255//4520 1256//4520 2666//4520
f 2666//4521 1259//4521 2667//4521
f 1256//4522 1259//4522 2666//4522
f 2667//4523 1260//4523 2668//4523
f 2668//4524 1260//4524 2669//4524
f 1259//4525 1260//4525 2667//4525
f 1260//4526 1263//4526 2669//4526
f 2669//4527 1265//4527 2670//4527
f 2670//4528 1265//4528 2671//4528
f 1263//4529 1265//4529 2669//4529
f 1265//4530 1266//4530 2671//4530
f 2671//4531 1268//4531 2672//4531
f 1266//4532 1268//4532 2671//4532
f 2672//4533 1270//4533 2673//4533
f 1268//4534 1270//4534 2672//4534
f 1270//4535 1273//4535 2673//4535
f 2673//4536 1273//4536 2674//4536
f 1273//4537 1275//4537 2674//4537
f 2674//4538 1275//4538 2675//4538
f 2675//4539 1275//4539 2676//4539
f 1275//4540 1276//4540 2676//4540
f 1276//4541 1279//4541 2676//4541
f 2676//4542 1279//4542 2677//4542
f 2677//4543 1279//4543 2678//4543
f 1279//4544 1280//4544 2678//4544
f 2678//4545 1280//4545 2679//4545
f 1280//4546 1282//4546 2679//4546
f 1282//4547 1284//4547 2679//4547
f 2679//4548 1284//4548 2680//4548
f 2680//4549 1284//4549 2681//4549
f 1284//4550 1286//4550 2681//4550
f 1286//4551 1288//4551 2681//4551
f 2681//4552 1288//4552 2682//4552
f 1288//4553 1290//4553 2682//4553
f 2682//4554 1290//4554 2683//4554
f 2683//4555 1290//4555 2684//4555
f 1290//4556 1292//4556 2684//4556
f 1292//4557 1348//4557 2684//4557
f 2684//4558 1348//4558 2685//4558
f 2685//4559 1350//4559 2686//4559
f 2686//4560 1350//4560 2687//4560
f 1348//4561 1350//4561 2685//4561
f 1350//4562 1352//4562 2687//4562
f 2687//4563 1327//4563 2562//4563
f 1352//4564 1327//4564 2687//4564
f 2688//4565 2689//4565 2690//4565
f 2691//4566 2689//4566 2688//4566
f 1037//4567 2692//4567 1038//4567
f 1038//4568 2692//4568 1092//4568
f 2693//4569 2692//4569 2694//4569
f 1092//4570 2692//4570 2693//4570
f 2562//4571 2695//4571 2687//4571
f 2694//4572 2692//4572 2696//4572
f 2670//4573 2697//4573 2669//4573
f 2671//4574 2697//4574 2670//4574
f 2698//4575 2697//4575 2671//4575
f 2689//4576 2699//4576 2690//4576
f 2690//4577 2699//4577 2700//4577
f 2692//4578 2701//4578 2696//4578
f 1033//4579 2701//4579 1035//4579
f 1035//4580 2701//4580 1037//4580
f 1037//4581 2701//4581 2692//4581
f 2696//4582 2701//4582 2691//4582
f 2668//4583 2702//4583 2667//4583
f 2669//4584 2702//4584 2668//4584
f 2697//4585 2702//4585 2669//4585
f 2699//4586 2703//4586 2700//4586
f 2700//4587 2703//4587 2698//4587
f 2691//4588 2704//4588 2689//4588
f 1028//4589 2704//4589 1031//4589
f 1031//4590 2704//4590 1033//4590
f 1033//4591 2704//4591 2701//4591
f 2701//4592 2704//4592 2691//4592
f 1075//4593 1104//4593 2705//4593
f 2666//4594 2706//4594 2665//4594
f 2667//4595 2706//4595 2666//4595
f 2702//4596 2706//4596 2667//4596
f 2703//4597 2707//4597 2698//4597
f 2698//4598 2707//4598 2697//4598
f 2704//4599 2708//4599 2689//4599
f 2689//4600 2708//4600 2699//4600
f 1025//4601 2708//4601 1026//4601
f 1026//4602 2708//4602 1028//4602
f 1028//4603 2708//4603 2704//4603
f 2664//4604 2709//4604 2663//4604
f 2665//4605 2709//4605 2664//4605
f 2706//4606 2709//4606 2665//4606
f 2707//4607 2710//4607 2697//4607
f 2697//4608 2710//4608 2702//4608
f 1020//4609 2711//4609 1023//4609
f 1023//4610 2711//4610 1025//4610
f 1025//4611 2711//4611 2708//4611
f 2699//4612 2711//4612 2703//4612
f 2708//4613 2711//4613 2699//4613
f 2663//4614 2712//4614 2662//4614
f 2709//4615 2712//4615 2663//4615
f 2662//4616 2712//4616 2661//4616
f 2706//4617 2713//4617 2709//4617
f 2702//4618 2713//4618 2706//4618
f 2710//4619 2713//4619 2702//4619
f 1016//4620 2714//4620 1018//4620
f 1018//4621 2714//4621 1020//4621
f 2711//4622 2714//4622 2703//4622
f 2707//4623 2714//4623 2710//4623
f 2703//4624 2714//4624 2707//4624
f 1020//4625 2714//4625 2711//4625
f 2712//4626 2715//4626 2661//4626
f 2660//4627 2715//4627 2659//4627
f 2661//4628 2715//4628 2660//4628
f 2713//4629 2716//4629 2709//4629
f 1012//4630 2717//4630 1014//4630
f 1014//4631 2717//4631 1016//4631
f 1016//4632 2717//4632 2714//4632
f 2710//4633 2717//4633 2713//4633
f 2714//4634 2717//4634 2710//4634
f 2715//4635 2718//4635 2659//4635
f 2658//4636 2718//4636 2657//4636
f 2659//4637 2718//4637 2658//4637
f 2709//4638 2719//4638 2712//4638
f 2716//4639 2719//4639 2709//4639
f 2712//4640 2719//4640 2715//4640
f 1012//4641 2720//4641 2717//4641
f 1008//4642 2720//4642 1011//4642
f 1011//4643 2720//4643 1012//4643
f 2717//4644 2720//4644 2713//4644
f 2718//4645 2721//4645 2657//4645
f 2656//4646 2721//4646 2655//4646
f 2657//4647 2721//4647 2656//4647
f 2719//4648 2722//4648 2715//4648
f 2720//4649 2723//4649 2713//4649
f 2713//4650 2723//4650 2716//4650
f 1004//4651 2723//4651 1006//4651
f 1006//4652 2723//4652 1008//4652
f 2716//4653 2723//4653 2719//4653
f 1008//4654 2723//4654 2720//4654
f 2721//4655 2724//4655 2655//4655
f 2654//4656 2724//4656 2653//4656
f 2655//4657 2724//4657 2654//4657
f 2715//4658 2725//4658 2718//4658
f 2718//4659 2725//4659 2721//4659
f 2722//4660 2725//4660 2715//4660
f 1004//4661 2726//4661 2723//4661
f 1000//4662 2726//4662 1002//4662
f 1002//4663 2726//4663 1004//4663
f 2723//4664 2726//4664 2719//4664
f 2724//4665 2727//4665 2653//4665
f 2652//4666 2727//4666 2651//4666
f 2653//4667 2727//4667 2652//4667
f 2725//4668 2728//4668 2721//4668
f 996//4669 2729//4669 998//4669
f 2719//4670 2729//4670 2722//4670
f 998//4671 2729//4671 1000//4671
f 1000//4672 2729//4672 2726//4672
f 2726//4673 2729//4673 2719//4673
f 2727//4674 2730//4674 2651//4674
f 2650//4675 2730//4675 2649//4675
f 2651//4676 2730//4676 2650//4676
f 2728//4677 2731//4677 2721//4677
f 2721//4678 2731//4678 2724//4678
f 2724//4679 2731//4679 2727//4679
f 993//4680 2732//4680 995//4680
f 995//4681 2732//4681 996//4681
f 2729//4682 2732//4682 2722//4682
f 996//4683 2732//4683 2729//4683
f 2722//4684 2732//4684 2725//4684
f 2730//4685 2733//4685 2649//4685
f 2648//4686 2733//4686 2647//4686
f 2649//4687 2733//4687 2648//4687
f 2731//4688 2734//4688 2727//4688
f 2725//4689 2735//4689 2728//4689
f 993//4690 2735//4690 2732//4690
f 989//4691 2735//4691 991//4691
f 991//4692 2735//4692 993//4692
f 2732//4693 2735//4693 2725//4693
f 2733//4694 2736//4694 2647//4694
f 2646//4695 2736//4695 2645//4695
f 2647//4696 2736//4696 2646//4696
f 2730//4697 2737//4697 2733//4697
f 2734//4698 2737//4698 2727//4698
f 2727//4699 2737//4699 2730//4699
f 985//4700 2738//4700 987//4700
f 987//4701 2738//4701 989//4701
f 2728//4702 2738//4702 2731//4702
f 989//4703 2738//4703 2735//4703
f 2731//4704 2738//4704 2734//4704
f 2735//4705 2738//4705 2728//4705
f 2644//4706 2739//4706 2643//4706
f 2645//4707 2739//4707 2644//4707
f 2736//4708 2739//4708 2645//4708
f 2737//4709 2740//4709 2733//4709
f 985//4710 2741//4710 2738//4710
f 977//4711 2741//4711 981//4711
f 981//4712 2741//4712 985//4712
f 2738//4713 2741//4713 2734//4713
f 2642//4714 2742//4714 2641//4714
f 2643//4715 2742//4715 2642//4715
f 2739//4716 2742//4716 2643//4716
f 2740//4717 2743//4717 2733//4717
f 2733//4718 2743//4718 2736//4718
f 969//4719 2744//4719 974//4719
f 974//4720 2744//4720 977//4720
f 2741//4721 2744//4721 2734//4721
f 977//4722 2744//4722 2741//4722
f 2734//4723 2744//4723 2737//4723
f 2742//4724 2745//4724 2641//4724
f 2640//4725 2745//4725 2639//4725
f 2641//4726 2745//4726 2640//4726
f 2736//4727 2746//4727 2739//4727
f 2743//4728 2746//4728 2736//4728
f 962//4729 2747//4729 966//4729
f 966//4730 2747//4730 969//4730
f 2740//4731 2747//4731 2743//4731
f 969//4732 2747//4732 2744//4732
f 2744//4733 2747//4733 2737//4733
f 2737//4734 2747//4734 2740//4734
f 2745//4735 2748//4735 2639//4735
f 2638//4736 2748//4736 2637//4736
f 2639//4737 2748//4737 2638//4737
f 2739//4738 2749//4738 2742//4738
f 2746//4739 2749//4739 2739//4739
f 953//4740 2750//4740 957//4740
f 957//4741 2750//4741 962//4741
f 2747//4742 2750//4742 2743//4742
f 962//4743 2750//4743 2747//4743
f 2748//4744 2751//4744 2637//4744
f 2636//4745 2751//4745 2635//4745
f 2637//4746 2751//4746 2636//4746
f 2745//4747 2752//4747 2748//4747
f 2742//4748 2752//4748 2745//4748
f 2749//4749 2752//4749 2742//4749
f 2746//4750 2753//4750 2749//4750
f 2743//4751 2753//4751 2746//4751
f 946//4752 2753//4752 949//4752
f 949//4753 2753//4753 953//4753
f 953//4754 2753//4754 2750//4754
f 2750//4755 2753//4755 2743//4755
f 2751//4756 2754//4756 2635//4756
f 2634//4757 2754//4757 2633//4757
f 2635//4758 2754//4758 2634//4758
f 2752//4759 2755//4759 2748//4759
f 2749//4760 2756//4760 2752//4760
f 2753//4761 2756//4761 2749//4761
f 939//4762 2756//4762 941//4762
f 941//4763 2756//4763 946//4763
f 946//4764 2756//4764 2753//4764
f 2754//4765 2757//4765 2633//4765
f 2632//4766 2757//4766 2631//4766
f 2633//4767 2757//4767 2632//4767
f 2748//4768 2758//4768 2751//4768
f 2755//4769 2758//4769 2748//4769
f 943//4770 2759//4770 938//4770
f 938//4771 2759//4771 939//4771
f 2756//4772 2759//4772 2752//4772
f 939//4773 2759//4773 2756//4773
f 2630//4774 2760//4774 2629//4774
f 2631//4775 2760//4775 2630//4775
f 2757//4776 2760//4776 2631//4776
f 2758//4777 2761//4777 2751//4777
f 2751//4778 2761//4778 2754//4778
f 951//4779 2762//4779 948//4779
f 948//4780 2762//4780 943//4780
f 2752//4781 2762//4781 2755//4781
f 943//4782 2762//4782 2759//4782
f 2759//4783 2762//4783 2752//4783
f 2755//4784 2762//4784 2758//4784
f 2760//4785 2763//4785 2629//4785
f 2628//4786 2763//4786 2627//4786
f 2629//4787 2763//4787 2628//4787
f 2754//4788 2764//4788 2757//4788
f 2761//4789 2764//4789 2754//4789
f 960//4790 2765//4790 955//4790
f 955//4791 2765//4791 951//4791
f 2762//4792 2765//4792 2758//4792
f 951//4793 2765//4793 2762//4793
f 2763//4794 2766//4794 2627//4794
f 2626//4795 2766//4795 2625//4795
f 2627//4796 2766//4796 2626//4796
f 2757//4797 2767//4797 2760//4797
f 2764//4798 2767//4798 2757//4798
f 968//4799 2768//4799 963//4799
f 963//4800 2768//4800 960//4800
f 2765//4801 2768//4801 2758//4801
f 960//4802 2768//4802 2765//4802
f 2758//4803 2768//4803 2761//4803
f 2624//4804 2769//4804 2623//4804
f 2625//4805 2769//4805 2624//4805
f 2766//4806 2769//4806 2625//4806
f 2763//4807 2770//4807 2766//4807
f 2767//4808 2770//4808 2760//4808
f 2760//4809 2770//4809 2763//4809
f 968//4810 2771//4810 2768//4810
f 2768//4811 2771//4811 2761//4811
f 2761//4812 2771//4812 2764//4812
f 976//4813 2771//4813 971//4813
f 971//4814 2771//4814 968//4814
f 2622//4815 2772//4815 2621//4815
f 2623//4816 2772//4816 2622//4816
f 2769//4817 2772//4817 2623//4817
f 2770//4818 2773//4818 2766//4818
f 2771//4819 2774//4819 2764//4819
f 2764//4820 2774//4820 2767//4820
f 976//4821 2774//4821 2771//4821
f 984//4822 2774//4822 979//4822
f 979//4823 2774//4823 976//4823
f 2620//4824 2775//4824 2619//4824
f 2621//4825 2775//4825 2620//4825
f 2772//4826 2775//4826 2621//4826
f 2766//4827 2776//4827 2769//4827
f 2773//4828 2776//4828 2766//4828
f 2767//4829 2777//4829 2770//4829
f 2774//4830 2777//4830 2767//4830
f 984//4831 2777//4831 2774//4831
f 1072//4832 2777//4832 1073//4832
f 1073//4833 2777//4833 984//4833
f 2775//4834 2778//4834 2619//4834
f 2618//4835 2778//4835 2617//4835
f 2619//4836 2778//4836 2618//4836
f 2769//4837 2779//4837 2772//4837
f 2776//4838 2779//4838 2769//4838
f 2777//4839 2780//4839 2770//4839
f 2770//4840 2780//4840 2773//4840
f 1070//4841 2780//4841 1071//4841
f 1071//4842 2780//4842 1072//4842
f 1072//4843 2780//4843 2777//4843
f 2778//4844 2781//4844 2617//4844
f 2616//4845 2781//4845 2615//4845
f 2617//4846 2781//4846 2616//4846
f 2779//4847 2782//4847 2772//4847
f 2772//4848 2782//4848 2775//4848
f 2776//4849 2783//4849 2779//4849
f 1070//4850 2783//4850 2780//4850
f 2773//4851 2783//4851 2776//4851
f 1068//4852 2783//4852 1069//4852
f 1069//4853 2783//4853 1070//4853
f 2780//4854 2783//4854 2773//4854
f 2781//4855 2784//4855 2615//4855
f 2614//4856 2784//4856 2613//4856
f 2615//4857 2784//4857 2614//4857
f 2775//4858 2785//4858 2778//4858
f 2778//4859 2785//4859 2781//4859
f 2782//4860 2785//4860 2775//4860
f 2779//4861 2786//4861 2782//4861
f 1068//4862 2786//4862 2783//4862
f 1066//4863 2786//4863 1067//4863
f 1067//4864 2786//4864 1068//4864
f 2783//4865 2786//4865 2779//4865
f 2784//4866 2787//4866 2613//4866
f 2612//4867 2787//4867 2611//4867
f 2613//4868 2787//4868 2612//4868
f 2785//4869 2788//4869 2781//4869
f 2786//4870 2789//4870 2782//4870
f 2782//4871 2789//4871 2785//4871
f 1066//4872 2789//4872 2786//4872
f 1064//4873 2789//4873 1065//4873
f 1065//4874 2789//4874 1066//4874
f 2610//4875 2790//4875 2609//4875
f 2611//4876 2790//4876 2610//4876
f 2787//4877 2790//4877 2611//4877
f 2781//4878 2791//4878 2784//4878
f 2788//4879 2791//4879 2781//4879
f 2784//4880 2791//4880 2787//4880
f 2789//4881 2792//4881 2785//4881
f 1064//4882 2792//4882 2789//4882
f 1062//4883 2792//4883 1063//4883
f 1063//4884 2792//4884 1064//4884
f 2790//4885 2793//4885 2609//4885
f 2608//4886 2793//4886 2607//4886
f 2609//4887 2793//4887 2608//4887
f 2791//4888 2794//4888 2787//4888
f 2785//4889 2795//4889 2788//4889
f 1062//4890 2795//4890 2792//4890
f 2792//4891 2795//4891 2785//4891
f 1060//4892 2795//4892 1061//4892
f 1061//4893 2795//4893 1062//4893
f 2793//4894 2796//4894 2607//4894
f 2606//4895 2796//4895 2605//4895
f 2607//4896 2796//4896 2606//4896
f 2790//4897 2797//4897 2793//4897
f 2787//4898 2797//4898 2790//4898
f 2794//4899 2797//4899 2787//4899
f 2795//4900 2798//4900 2788//4900
f 2788//4901 2798//4901 2791//4901
f 1060//4902 2798//4902 2795//4902
f 1058//4903 2798//4903 1059//4903
f 1059//4904 2798//4904 1060//4904
f 2796//4905 2799//4905 2605//4905
f 2604//4906 2799//4906 2603//4906
f 2605//4907 2799//4907 2604//4907
f 2797//4908 2800//4908 2793//4908
f 2791//4909 2801//4909 2794//4909
f 2794//4910 2801//4910 2797//4910
f 2798//4911 2801//4911 2791//4911
f 1058//4912 2801//4912 2798//4912
f 1056//4913 2801//4913 1057//4913
f 1057//4914 2801//4914 1058//4914
f 2799//4915 2802//4915 2603//4915
f 2602//4916 2802//4916 2601//4916
f 2603//4917 2802//4917 2602//4917
f 2793//4918 2803//4918 2796//4918
f 2800//4919 2803//4919 2793//4919
f 2797//4920 2804//4920 2800//4920
f 2801//4921 2804//4921 2797//4921
f 1056//4922 2804//4922 2801//4922
f 1054//4923 2804//4923 1055//4923
f 1055//4924 2804//4924 1056//4924
f 2802//4925 2805//4925 2601//4925
f 2600//4926 2805//4926 2599//4926
f 2601//4927 2805//4927 2600//4927
f 2796//4928 2806//4928 2799//4928
f 2799//4929 2806//4929 2802//4929
f 2803//4930 2806//4930 2796//4930
f 2800//4931 2807//4931 2803//4931
f 2804//4932 2807//4932 2800//4932
f 1052//4933 2807//4933 1053//4933
f 1053//4934 2807//4934 1054//4934
f 1054//4935 2807//4935 2804//4935
f 2598//4936 2808//4936 2597//4936
f 2599//4937 2808//4937 2598//4937
f 2805//4938 2808//4938 2599//4938
f 2806//4939 2809//4939 2802//4939
f 2807//4940 2810//4940 2803//4940
f 1050//4941 2810//4941 1051//4941
f 1051//4942 2810//4942 1052//4942
f 2803//4943 2810//4943 2806//4943
f 1052//4944 2810//4944 2807//4944
f 2596//4945 2811//4945 2595//4945
f 2597//4946 2811//4946 2596//4946
f 2808//4947 2811//4947 2597//4947
f 2802//4948 2812//4948 2805//4948
f 2809//4949 2812//4949 2802//4949
f 1048//4950 2813//4950 1049//4950
f 1049//4951 2813//4951 1050//4951
f 1050//4952 2813//4952 2810//4952
f 2810//4953 2813//4953 2806//4953
f 2811//4954 2814//4954 2595//4954
f 2594//4955 2814//4955 2593//4955
f 2595//4956 2814//4956 2594//4956
f 2805//4957 2815//4957 2808//4957
f 2812//4958 2815//4958 2805//4958
f 2813//4959 2816//4959 2806//4959
f 1048//4960 2816//4960 2813//4960
f 1046//4961 2816//4961 1047//4961
f 1047//4962 2816//4962 1048//4962
f 2806//4963 2816//4963 2809//4963
f 2592//4964 2817//4964 2591//4964
f 2593//4965 2817//4965 2592//4965
f 2814//4966 2817//4966 2593//4966
f 2808//4967 2818//4967 2811//4967
f 2815//4968 2818//4968 2808//4968
f 2816//4969 2819//4969 2809//4969
f 1046//4970 2819//4970 2816//4970
f 2809//4971 2819//4971 2812//4971
f 1044//4972 2819//4972 1045//4972
f 1045//4973 2819//4973 1046//4973
f 2590//4974 2820//4974 2589//4974
f 2591//4975 2820//4975 2590//4975
f 2817//4976 2820//4976 2591//4976
f 2811//4977 2821//4977 2814//4977
f 2818//4978 2821//4978 2811//4978
f 2814//4979 2821//4979 2817//4979
f 2812//4980 2822//4980 2815//4980
f 2819//4981 2822//4981 2812//4981
f 1044//4982 2822//4982 2819//4982
f 1042//4983 2822//4983 1043//4983
f 1043//4984 2822//4984 1044//4984
f 2820//4985 2823//4985 2589//4985
f 2588//4986 2823//4986 2587//4986
f 2589//4987 2823//4987 2588//4987
f 2821//4988 2824//4988 2817//4988
f 2822//4989 2825//4989 2815//4989
f 1042//4990 2825//4990 2822//4990
f 1039//4991 2825//4991 1041//4991
f 1041//4992 2825//4992 1042//4992
f 2815//4993 2825//4993 2818//4993
f 2823//4994 2826//4994 2587//4994
f 2586//4995 2826//4995 2585//4995
f 2587//4996 2826//4996 2586//4996
f 2824//4997 2827//4997 2817//4997
f 2817//4998 2827//4998 2820//4998
f 2818//4999 2828//4999 2821//4999
f 1039//5000 2828//5000 2825//5000
f 1112//5001 2828//5001 1040//5001
f 1040//5002 2828//5002 1039//5002
f 2825//5003 2828//5003 2818//5003
f 2826//5004 2829//5004 2585//5004
f 2584//5005 2829//5005 2583//5005
f 2585//5006 2829//5006 2584//5006
f 2823//5007 2830//5007 2826//5007
f 2827//5008 2830//5008 2820//5008
f 2820//5009 2830//5009 2823//5009
f 2821//5010 2831//5010 2824//5010
f 2828//5011 2831//5011 2821//5011
f 2824//5012 2831//5012 2827//5012
f 1112//5013 2831//5013 2828//5013
f 1110//5014 2831//5014 1111//5014
f 1111//5015 2831//5015 1112//5015
f 2582//5016 2832//5016 2581//5016
f 2583//5017 2832//5017 2582//5017
f 2829//5018 2832//5018 2583//5018
f 2830//5019 2833//5019 2826//5019
f 2831//5020 2834//5020 2827//5020
f 1110//5021 2834//5021 2831//5021
f 1108//5022 2834//5022 1109//5022
f 1109//5023 2834//5023 1110//5023
f 2832//5024 2835//5024 2581//5024
f 2580//5025 2835//5025 2579//5025
f 2581//5026 2835//5026 2580//5026
f 2833//5027 2836//5027 2826//5027
f 2826//5028 2836//5028 2829//5028
f 2834//5029 2837//5029 2827//5029
f 2827//5030 2837//5030 2830//5030
f 1106//5031 2837//5031 1107//5031
f 1107//5032 2837//5032 1108//5032
f 1108//5033 2837//5033 2834//5033
f 2835//5034 2838//5034 2579//5034
f 2578//5035 2838//5035 2577//5035
f 2579//5036 2838//5036 2578//5036
f 2829//5037 2839//5037 2832//5037
f 2836//5038 2839//5038 2829//5038
f 1106//5039 2840//5039 2837//5039
f 1103//5040 2840//5040 1105//5040
f 1105//5041 2840//5041 1106//5041
f 2837//5042 2840//5042 2830//5042
f 2830//5043 2840//5043 2833//5043
f 2833//5044 2840//5044 2836//5044
f 2576//5045 2841//5045 2575//5045
f 2577//5046 2841//5046 2576//5046
f 2838//5047 2841//5047 2577//5047
f 2832//5048 2842//5048 2835//5048
f 2835//5049 2842//5049 2838//5049
f 2839//5050 2842//5050 2832//5050
f 1099//5051 2843//5051 1101//5051
f 1101//5052 2843//5052 1103//5052
f 1103//5053 2843//5053 2840//5053
f 2840//5054 2843//5054 2836//5054
f 2574//5055 2844//5055 2573//5055
f 2575//5056 2844//5056 2574//5056
f 2841//5057 2844//5057 2575//5057
f 2838//5058 2845//5058 2841//5058
f 2842//5059 2845//5059 2838//5059
f 1099//5060 2846//5060 2843//5060
f 1095//5061 2846//5061 1097//5061
f 1097//5062 2846//5062 1099//5062
f 2836//5063 2846//5063 2839//5063
f 2843//5064 2846//5064 2836//5064
f 2572//5065 2847//5065 2571//5065
f 2573//5066 2847//5066 2572//5066
f 2844//5067 2847//5067 2573//5067
f 2845//5068 2848//5068 2841//5068
f 2846//5069 2849//5069 2839//5069
f 1091//5070 2849//5070 1093//5070
f 1093//5071 2849//5071 1095//5071
f 1095//5072 2849//5072 2846//5072
f 2839//5073 2849//5073 2842//5073
f 2570//5074 2850//5074 2569//5074
f 2571//5075 2850//5075 2570//5075
f 2847//5076 2850//5076 2571//5076
f 2848//5077 2851//5077 2841//5077
f 2841//5078 2851//5078 2844//5078
f 2849//5079 2852//5079 2842//5079
f 1091//5080 2852//5080 2849//5080
f 1089//5081 2852//5081 1090//5081
f 1090//5082 2852//5082 1091//5082
f 2842//5083 2852//5083 2845//5083
f 2568//5084 2853//5084 2567//5084
f 2569//5085 2853//5085 2568//5085
f 2850//5086 2853//5086 2569//5086
f 2851//5087 2854//5087 2844//5087
f 2847//5088 2854//5088 2850//5088
f 2844//5089 2854//5089 2847//5089
f 2845//5090 2855//5090 2848//5090
f 1089//5091 2855//5091 2852//5091
f 1087//5092 2855//5092 1088//5092
f 1088//5093 2855//5093 1089//5093
f 2852//5094 2855//5094 2845//5094
f 2566//5095 2856//5095 2565//5095
f 2567//5096 2856//5096 2566//5096
f 2853//5097 2856//5097 2567//5097
f 2854//5098 2857//5098 2850//5098
f 2850//5099 2857//5099 2853//5099
f 2848//5100 2858//5100 2851//5100
f 1087//5101 2858//5101 2855//5101
f 2851//5102 2858//5102 2854//5102
f 1085//5103 2858//5103 1086//5103
f 1086//5104 2858//5104 1087//5104
f 2855//5105 2858//5105 2848//5105
f 2564//5106 2859//5106 2563//5106
f 2565//5107 2859//5107 2564//5107
f 2856//5108 2859//5108 2565//5108
f 2563//5109 2859//5109 2695//5109
f 2857//5110 2860//5110 2853//5110
f 2858//5111 2861//5111 2854//5111
f 1085//5112 2861//5112 2858//5112
f 1083//5113 2861//5113 1084//5113
f 1084//5114 2861//5114 1085//5114
f 2853//5115 2862//5115 2856//5115
f 2856//5116 2862//5116 2859//5116
f 2860//5117 2862//5117 2853//5117
f 2854//5118 2863//5118 2857//5118
f 2861//5119 2863//5119 2854//5119
f 1081//5120 2863//5120 1082//5120
f 1082//5121 2863//5121 1083//5121
f 2857//5122 2863//5122 2860//5122
f 1083//5123 2863//5123 2861//5123
f 2695//5124 2864//5124 2865//5124
f 2859//5125 2864//5125 2695//5125
f 2862//5126 2864//5126 2859//5126
f 1079//5127 2866//5127 1080//5127
f 1080//5128 2866//5128 1081//5128
f 2863//5129 2866//5129 2860//5129
f 1081//5130 2866//5130 2863//5130
f 1077//5131 2867//5131 1078//5131
f 1078//5132 2867//5132 1079//5132
f 2862//5133 2867//5133 2864//5133
f 1079//5134 2867//5134 2866//5134
f 2860//5135 2867//5135 2862//5135
f 2866//5136 2867//5136 2860//5136
f 1077//5137 2868//5137 2867//5137
f 2865//5138 2868//5138 2705//5138
f 1074//5139 2868//5139 1076//5139
f 1076//5140 2868//5140 1077//5140
f 2864//5141 2868//5141 2865//5141
f 2867//5142 2868//5142 2864//5142
f 2705//5143 2868//5143 1074//5143
f 2563//5144 2695//5144 2562//5144
f 1074//5145 1075//5145 2705//5145
f 2686//5146 2869//5146 2685//5146
f 2687//5147 2869//5147 2686//5147
f 2695//5148 2869//5148 2687//5148
f 2684//5149 2870//5149 2683//5149
f 2685//5150 2870//5150 2684//5150
f 2869//5151 2870//5151 2685//5151
f 2682//5152 2871//5152 2681//5152
f 2683//5153 2871//5153 2682//5153
f 2870//5154 2871//5154 2683//5154
f 2865//5155 2872//5155 2695//5155
f 2695//5156 2872//5156 2869//5156
f 2680//5157 2873//5157 2679//5157
f 2681//5158 2873//5158 2680//5158
f 2871//5159 2873//5159 2681//5159
f 2869//5160 2874//5160 2870//5160
f 2872//5161 2874//5161 2869//5161
f 2678//5162 2688//5162 2677//5162
f 2679//5163 2688//5163 2678//5163
f 2873//5164 2688//5164 2679//5164
f 2870//5165 2694//5165 2871//5165
f 2874//5166 2694//5166 2870//5166
f 1104//5167 2875//5167 2705//5167
f 1100//5168 2875//5168 1102//5168
f 1102//5169 2875//5169 1104//5169
f 2705//5170 2875//5170 2865//5170
f 2865//5171 2875//5171 2872//5171
f 2676//5172 2690//5172 2675//5172
f 2677//5173 2690//5173 2676//5173
f 2688//5174 2690//5174 2677//5174
f 2871//5175 2696//5175 2873//5175
f 2694//5176 2696//5176 2871//5176
f 2875//5177 2876//5177 2872//5177
f 1100//5178 2876//5178 2875//5178
f 1096//5179 2876//5179 1098//5179
f 1098//5180 2876//5180 1100//5180
f 2872//5181 2876//5181 2874//5181
f 2674//5182 2700//5182 2673//5182
f 2675//5183 2700//5183 2674//5183
f 2690//5184 2700//5184 2675//5184
f 2873//5185 2691//5185 2688//5185
f 2696//5186 2691//5186 2873//5186
f 1096//5187 2693//5187 2876//5187
f 1092//5188 2693//5188 1094//5188
f 2876//5189 2693//5189 2874//5189
f 1094//5190 2693//5190 1096//5190
f 2874//5191 2693//5191 2694//5191
f 2672//5192 2698//5192 2671//5192
f 2673//5193 2698//5193 2672//5193
f 2700//5194 2698//5194 2673//5194
f 524//5195 523//5195 2877//5195
f 2877//5196 560//5196 2878//5196
f 523//5197 560//5197 2877//5197
f 2878//5198 559//5198 2879//5198
f 560//5199 559//5199 2878//5199
f 2879//5200 558//5200 2880//5200
f 2880//5201 558//5201 2881//5201
f 559//5202 558//5202 2879//5202
f 2881//5203 556//5203 2882//5203
f 558//5204 556//5204 2881//5204
f 2882//5205 554//5205 2883//5205
f 556//5206 554//5206 2882//5206
f 2883//5207 554//5207 2884//5207
f 2884//5208 552//5208 2885//5208
f 554//5209 552//5209 2884//5209
f 2885//5210 550//5210 2886//5210
f 2886//5211 550//5211 2887//5211
f 552//5212 550//5212 2885//5212
f 2887//5213 548//5213 2888//5213
f 550//5214 548//5214 2887//5214
f 2888//5215 546//5215 2889//5215
f 2889//5216 546//5216 2890//5216
f 548//5217 546//5217 2888//5217
f 2890//5218 544//5218 2891//5218
f 546//5219 544//5219 2890//5219
f 2891//5220 542//5220 2892//5220
f 2892//5221 542//5221 2893//5221
f 544//5222 542//5222 2891//5222
f 2893//5223 540//5223 2894//5223
f 542//5224 540//5224 2893//5224
f 2894//5225 538//5225 2895//5225
f 2895//5226 538//5226 2896//5226
f 540//5227 538//5227 2894//5227
f 2896//5228 536//5228 2897//5228
f 538//5229 536//5229 2896//5229
f 2897//5230 534//5230 2898//5230
f 2898//5231 534//5231 2899//5231
f 536//5232 534//5232 2897//5232
f 2899//5233 532//5233 2900//5233
f 534//5234 532//5234 2899//5234
f 2900//5235 530//5235 2901//5235
f 2901//5236 530//5236 2902//5236
f 532//5237 530//5237 2900//5237
f 2902//5238 529//5238 2903//5238
f 530//5239 529//5239 2902//5239
f 2903//5240 528//5240 2904//5240
f 529//5241 528//5241 2903//5241
f 2904//5242 531//5242 2905//5242
f 528//5243 531//5243 2904//5243
f 2905//5244 533//5244 2906//5244
f 2906//5245 533//5245 2907//5245
f 531//5246 533//5246 2905//5246
f 2907//5247 535//5247 2908//5247
f 533//5248 535//5248 2907//5248
f 2908//5249 537//5249 2909//5249
f 535//5250 537//5250 2908//5250
f 2909//5251 539//5251 2910//5251
f 537//5252 539//5252 2909//5252
f 539//5253 541//5253 2910//5253
f 2910//5254 541//5254 2911//5254
f 541//5255 543//5255 2911//5255
f 2911//5256 543//5256 2912//5256
f 543//5257 545//5257 2912//5257
f 2912//5258 545//5258 2913//5258
f 545//5259 547//5259 2913//5259
f 2913//5260 547//5260 2914//5260
f 547//5261 549//5261 2914//5261
f 2914//5262 549//5262 2915//5262
f 549//5263 551//5263 2915//5263
f 2915//5264 551//5264 2916//5264
f 551//5265 553//5265 2916//5265
f 2916//5266 553//5266 2917//5266
f 553//5267 555//5267 2917//5267
f 2917//5268 555//5268 2918//5268
f 555//5269 557//5269 2918//5269
f 2918//5270 557//5270 2919//5270
f 557//5271 562//5271 2919//5271
f 2919//5272 562//5272 2920//5272
f 2920//5273 561//5273 602//5273
f 562//5274 561//5274 2920//5274
f 526//5275 524//5275 2921//5275
f 524//5276 2877//5276 2921//5276
f 2921//5277 2877//5277 2922//5277
f 2922//5278 2878//5278 2923//5278
f 2877//5279 2878//5279 2922//5279
f 2923//5280 2879//5280 2924//5280
f 2878//5281 2879//5281 2923//5281
f 2879//5282 2880//5282 2924//5282
f 2924//5283 2881//5283 2925//5283
f 2925//5284 2881//5284 2926//5284
f 2880//5285 2881//5285 2924//5285
f 2881//5286 2882//5286 2926//5286
f 2926//5287 2883//5287 2927//5287
f 2882//5288 2883//5288 2926//5288
f 2927//5289 2884//5289 2928//5289
f 2883//5290 2884//5290 2927//5290
f 2928//5291 2885//5291 2929//5291
f 2884//5292 2885//5292 2928//5292
f 2929//5293 2886//5293 2930//5293
f 2885//5294 2886//5294 2929//5294
f 2930//5295 2887//5295 2931//5295
f 2931//5296 2887//5296 2932//5296
f 2886//5297 2887//5297 2930//5297
f 2887//5298 2888//5298 2932//5298
f 2932//5299 2889//5299 2933//5299
f 2888//5300 2889//5300 2932//5300
f 2933//5301 2890//5301 2934//5301
f 2889//5302 2890//5302 2933//5302
f 2934//5303 2891//5303 2935//5303
f 2890//5304 2891//5304 2934//5304
f 2935//5305 2892//5305 2936//5305
f 2936//5306 2892//5306 2937//5306
f 2891//5307 2892//5307 2935//5307
f 2937//5308 2893//5308 2938//5308
f 2892//5309 2893//5309 2937//5309
f 2893//5310 2894//5310 2938//5310
f 2938//5311 2895//5311 2939//5311
f 2894//5312 2895//5312 2938//5312
f 2939//5313 2896//5313 2940//5313
f 2895//5314 2896//5314 2939//5314
f 2940//5315 2897//5315 2941//5315
f 2941//5316 2897//5316 2942//5316
f 2896//5317 2897//5317 2940//5317
f 2942//5318 2898//5318 2943//5318
f 2897//5319 2898//5319 2942//5319
f 2898//5320 2899//5320 2943//5320
f 2943//5321 2900//5321 2944//5321
f 2944//5322 2900//5322 2945//5322
f 2899//5323 2900//5323 2943//5323
f 2900//5324 2901//5324 2945//5324
f 2901//5325 2902//5325 2945//5325
f 2945//5326 2902//5326 2946//5326
f 2946//5327 2902//5327 2947//5327
f 2902//5328 2903//5328 2947//5328
f 2947//5329 2903//5329 2948//5329
f 2903//5330 2904//5330 2948//5330
f 2948//5331 2904//5331 2949//5331
f 2949//5332 2905//5332 2950//5332
f 2904//5333 2905//5333 2949//5333
f 2905//5334 2906//5334 2950//5334
f 2906//5335 2907//5335 2950//5335
f 2950//5336 2907//5336 2951//5336
f 2907//5337 2908//5337 2951//5337
f 2951//5338 2908//5338 2952//5338
f 2908//5339 2909//5339 2952//5339
f 2952//5340 2909//5340 2953//5340
f 2909//5341 2910//5341 2953//5341
f 2953//5342 2910//5342 2954//5342
f 2910//5343 2911//5343 2954//5343
f 2954//5344 2911//5344 2955//5344
f 2955//5345 2911//5345 2956//5345
f 2911//5346 2912//5346 2956//5346
f 2956//5347 2913//5347 2957//5347
f 2912//5348 2913//5348 2956//5348
f 2957//5349 2914//5349 2958//5349
f 2913//5350 2914//5350 2957//5350
f 2958//5351 2915//5351 2959//5351
f 2914//5352 2915//5352 2958//5352
f 2959//5353 2916//5353 2960//5353
f 2960//5354 2916//5354 2961//5354
f 2915//5355 2916//5355 2959//5355
f 2961//5356 2917//5356 2962//5356
f 2916//5357 2917//5357 2961//5357
f 2917//5358 2918//5358 2962//5358
f 2962//5359 2919//5359 2963//5359
f 2963//5360 2919//5360 2964//5360
f 2918//5361 2919//5361 2962//5361
f 2919//5362 2920//5362 2964//5362
f 2964//5363 2920//5363 600//5363
f 2920//5364 602//5364 600//5364
f 526//5365 2921//5365 525//5365
f 525//5366 2921//5366 596//5366
f 596//5367 2922//5367 595//5367
f 2921//5368 2922//5368 596//5368
f 595//5369 2923//5369 594//5369
f 2922//5370 2923//5370 595//5370
f 2923//5371 2924//5371 594//5371
f 2924//5372 2925//5372 594//5372
f 594//5373 2925//5373 593//5373
f 2925//5374 2926//5374 593//5374
f 593//5375 2926//5375 592//5375
f 2926//5376 2927//5376 592//5376
f 2927//5377 2928//5377 592//5377
f 592//5378 2928//5378 591//5378
f 2928//5379 2929//5379 591//5379
f 591//5380 2929//5380 590//5380
f 2929//5381 2930//5381 590//5381
f 2930//5382 2931//5382 590//5382
f 590//5383 2931//5383 589//5383
f 589//5384 2932//5384 588//5384
f 2931//5385 2932//5385 589//5385
f 2932//5386 2933//5386 588//5386
f 588//5387 2934//5387 587//5387
f 2933//5388 2934//5388 588//5388
f 587//5389 2935//5389 586//5389
f 2934//5390 2935//5390 587//5390
f 2935//5391 2936//5391 586//5391
f 586//5392 2937//5392 585//5392
f 2936//5393 2937//5393 586//5393
f 585//5394 2938//5394 584//5394
f 2937//5395 2938//5395 585//5395
f 2938//5396 2939//5396 584//5396
f 584//5397 2940//5397 583//5397
f 2939//5398 2940//5398 584//5398
f 583//5399 2941//5399 582//5399
f 2940//5400 2941//5400 583//5400
f 2941//5401 2942//5401 582//5401
f 582//5402 2943//5402 581//5402
f 2942//5403 2943//5403 582//5403
f 581//5404 2944//5404 580//5404
f 2943//5405 2944//5405 581//5405
f 2944//5406 2945//5406 580//5406
f 580//5407 2946//5407 579//5407
f 2945//5408 2946//5408 580//5408
f 579//5409 2947//5409 578//5409
f 2946//5410 2947//5410 579//5410
f 578//5411 2948//5411 577//5411
f 2947//5412 2948//5412 578//5412
f 577//5413 2949//5413 576//5413
f 2948//5414 2949//5414 577//5414
f 2949//5415 2950//5415 576//5415
f 576//5416 2951//5416 575//5416
f 2950//5417 2951//5417 576//5417
f 575//5418 2952//5418 574//5418
f 2951//5419 2952//5419 575//5419
f 574//5420 2953//5420 573//5420
f 2952//5421 2953//5421 574//5421
f 2953//5422 2954//5422 573//5422
f 573//5423 2954//5423 572//5423
f 2954//5424 2955//5424 572//5424
f 572//5425 2955//5425 571//5425
f 571//5426 2956//5426 570//5426
f 2955//5427 2956//5427 571//5427
f 570//5428 2957//5428 569//5428
f 2956//5429 2957//5429 570//5429
f 569//5430 2958//5430 568//5430
f 2957//5431 2958//5431 569//5431
f 568//5432 2959//5432 567//5432
f 2958//5433 2959//5433 568//5433
f 567//5434 2960//5434 566//5434
f 2959//5435 2960//5435 567//5435
f 566//5436 2961//5436 564//5436
f 2960//5437 2961//5437 566//5437
f 564//5438 2962//5438 565//5438
f 2961//5439 2962//5439 564//5439
f 565//5440 2963//5440 598//5440
f 2962//5441 2963//5441 565//5441
f 598//5442 2964//5442 597//5442
f 2963//5443 2964//5443 598//5443
f 2964//5444 600//5444 597//5444
f 2965//5445 2966//5445 2967//5445
f 2968//5446 2969//5446 2970//5446
f 2971//5447 2969//5447 2968//5447
f 2972//5448 2973//5448 2974//5448
f 2974//5449 2973//5449 2965//5449
f 225//5450 2973//5450 2972//5450
f 217//5451 2973//5451 221//5451
f 221//5452 2973//5452 225//5452
f 2975//5453 2976//5453 2977//5453
f 2978//5454 2979//5454 2980//5454
f 2980//5455 2979//5455 2981//5455
f 2982//5456 2979//5456 2978//5456
f 2971//5457 2983//5457 2969//5457
f 2984//5458 2983//5458 2971//5458
f 2966//5459 2983//5459 2984//5459
f 2969//5460 2985//5460 2970//5460
f 2970//5461 2985//5461 2982//5461
f 217//5462 2986//5462 2973//5462
f 2965//5463 2986//5463 2966//5463
f 2973//5464 2986//5464 2965//5464
f 209//5465 2986//5465 213//5465
f 213//5466 2986//5466 217//5466
f 2981//5467 2987//5467 2988//5467
f 2988//5468 2987//5468 2989//5468
f 2979//5469 2987//5469 2981//5469
f 2983//5470 2990//5470 2969//5470
f 2985//5471 2991//5471 2982//5471
f 2979//5472 2991//5472 2987//5472
f 2982//5473 2991//5473 2979//5473
f 209//5474 2992//5474 2986//5474
f 2966//5475 2992//5475 2983//5475
f 202//5476 2992//5476 206//5476
f 206//5477 2992//5477 209//5477
f 249//5478 247//5478 2993//5478
f 2986//5479 2992//5479 2966//5479
f 2989//5480 2994//5480 2995//5480
f 2995//5481 2994//5481 2996//5481
f 2987//5482 2994//5482 2989//5482
f 2969//5483 2997//5483 2985//5483
f 2990//5484 2997//5484 2969//5484
f 2991//5485 2998//5485 2987//5485
f 2992//5486 2999//5486 2983//5486
f 205//5487 2999//5487 200//5487
f 200//5488 2999//5488 202//5488
f 2983//5489 2999//5489 2990//5489
f 202//5490 2999//5490 2992//5490
f 2994//5491 3000//5491 2996//5491
f 2996//5492 3000//5492 3001//5492
f 3001//5493 3000//5493 3002//5493
f 2985//5494 3003//5494 2991//5494
f 2997//5495 3003//5495 2985//5495
f 2991//5496 3003//5496 2998//5496
f 2987//5497 3004//5497 2994//5497
f 2998//5498 3004//5498 2987//5498
f 2990//5499 3005//5499 2997//5499
f 2999//5500 3005//5500 2990//5500
f 205//5501 3005//5501 2999//5501
f 211//5502 3005//5502 208//5502
f 208//5503 3005//5503 205//5503
f 3002//5504 3006//5504 3007//5504
f 3007//5505 3006//5505 3008//5505
f 3000//5506 3006//5506 3002//5506
f 3003//5507 3009//5507 2998//5507
f 2998//5508 3009//5508 3004//5508
f 2994//5509 3010//5509 3000//5509
f 3004//5510 3010//5510 2994//5510
f 2997//5511 3011//5511 3003//5511
f 211//5512 3011//5512 3005//5512
f 3005//5513 3011//5513 2997//5513
f 219//5514 3011//5514 216//5514
f 216//5515 3011//5515 211//5515
f 3008//5516 3012//5516 3013//5516
f 3013//5517 3012//5517 3014//5517
f 3006//5518 3012//5518 3008//5518
f 3009//5519 3015//5519 3004//5519
f 3004//5520 3015//5520 3010//5520
f 3010//5521 3016//5521 3000//5521
f 3000//5522 3016//5522 3006//5522
f 219//5523 3017//5523 3011//5523
f 3003//5524 3017//5524 3009//5524
f 228//5525 3017//5525 224//5525
f 224//5526 3017//5526 219//5526
f 3011//5527 3017//5527 3003//5527
f 3012//5528 3018//5528 3014//5528
f 3014//5529 3018//5529 3019//5529
f 3019//5530 3018//5530 3020//5530
f 3010//5531 3021//5531 3016//5531
f 3015//5532 3021//5532 3010//5532
f 3006//5533 3022//5533 3012//5533
f 3016//5534 3022//5534 3006//5534
f 234//5535 3023//5535 231//5535
f 231//5536 3023//5536 228//5536
f 228//5537 3023//5537 3017//5537
f 3009//5538 3023//5538 3015//5538
f 3017//5539 3023//5539 3009//5539
f 3020//5540 3024//5540 3025//5540
f 3025//5541 3024//5541 3026//5541
f 3018//5542 3024//5542 3020//5542
f 3021//5543 3027//5543 3016//5543
f 3018//5544 3028//5544 3024//5544
f 3012//5545 3028//5545 3018//5545
f 3022//5546 3028//5546 3012//5546
f 3023//5547 3029//5547 3015//5547
f 3015//5548 3029//5548 3021//5548
f 234//5549 3029//5549 3023//5549
f 271//5550 3029//5550 237//5550
f 237//5551 3029//5551 234//5551
f 3024//5552 3030//5552 3026//5552
f 3026//5553 3030//5553 3031//5553
f 3031//5554 3030//5554 3032//5554
f 3022//5555 3033//5555 3028//5555
f 3027//5556 3033//5556 3016//5556
f 3016//5557 3033//5557 3022//5557
f 3028//5558 3034//5558 3024//5558
f 3021//5559 3035//5559 3027//5559
f 3029//5560 3035//5560 3021//5560
f 267//5561 3035//5561 270//5561
f 270//5562 3035//5562 271//5562
f 271//5563 3035//5563 3029//5563
f 3030//5564 3036//5564 3032//5564
f 3032//5565 3036//5565 3037//5565
f 3037//5566 3036//5566 3038//5566
f 3033//5567 3039//5567 3028//5567
f 3028//5568 3039//5568 3034//5568
f 3034//5569 3040//5569 3024//5569
f 3024//5570 3040//5570 3030//5570
f 3030//5571 3040//5571 3036//5571
f 3035//5572 3041//5572 3027//5572
f 267//5573 3041//5573 3035//5573
f 3033//5574 3041//5574 3039//5574
f 313//5575 3041//5575 269//5575
f 269//5576 3041//5576 267//5576
f 3027//5577 3041//5577 3033//5577
f 3036//5578 3042//5578 3038//5578
f 3038//5579 3042//5579 3043//5579
f 3043//5580 3042//5580 3044//5580
f 3039//5581 3045//5581 3034//5581
f 3040//5582 3046//5582 3036//5582
f 313//5583 3047//5583 3041//5583
f 311//5584 3047//5584 312//5584
f 312//5585 3047//5585 313//5585
f 3041//5586 3047//5586 3039//5586
f 3044//5587 3048//5587 3049//5587
f 3049//5588 3048//5588 3050//5588
f 3042//5589 3048//5589 3044//5589
f 3034//5590 3051//5590 3040//5590
f 3045//5591 3051//5591 3034//5591
f 3042//5592 3052//5592 3048//5592
f 3036//5593 3052//5593 3042//5593
f 3046//5594 3052//5594 3036//5594
f 3039//5595 3053//5595 3045//5595
f 311//5596 3053//5596 3047//5596
f 309//5597 3053//5597 310//5597
f 310//5598 3053//5598 311//5598
f 3047//5599 3053//5599 3039//5599
f 3050//5600 3054//5600 3055//5600
f 3055//5601 3054//5601 3056//5601
f 3048//5602 3054//5602 3050//5602
f 3051//5603 3057//5603 3040//5603
f 3040//5604 3057//5604 3046//5604
f 3052//5605 3058//5605 3048//5605
f 309//5606 3059//5606 3053//5606
f 307//5607 3059//5607 308//5607
f 308//5608 3059//5608 309//5608
f 3051//5609 3059//5609 3057//5609
f 3053//5610 3059//5610 3045//5610
f 3045//5611 3059//5611 3051//5611
f 3054//5612 3060//5612 3056//5612
f 3056//5613 3060//5613 3061//5613
f 3061//5614 3060//5614 3062//5614
f 3052//5615 3063//5615 3058//5615
f 3057//5616 3063//5616 3046//5616
f 3046//5617 3063//5617 3052//5617
f 3054//5618 3064//5618 3060//5618
f 3058//5619 3064//5619 3048//5619
f 3048//5620 3064//5620 3054//5620
f 305//5621 3065//5621 306//5621
f 306//5622 3065//5622 307//5622
f 307//5623 3065//5623 3059//5623
f 3059//5624 3065//5624 3057//5624
f 3062//5625 3066//5625 3067//5625
f 3067//5626 3066//5626 3068//5626
f 3060//5627 3066//5627 3062//5627
f 3063//5628 3069//5628 3058//5628
f 3064//5629 3070//5629 3060//5629
f 3065//5630 3071//5630 3057//5630
f 3057//5631 3071//5631 3063//5631
f 303//5632 3071//5632 304//5632
f 304//5633 3071//5633 305//5633
f 305//5634 3071//5634 3065//5634
f 3063//5635 3071//5635 3069//5635
f 3068//5636 3072//5636 3073//5636
f 3073//5637 3072//5637 3074//5637
f 3066//5638 3072//5638 3068//5638
f 3058//5639 3075//5639 3064//5639
f 3064//5640 3075//5640 3070//5640
f 3069//5641 3075//5641 3058//5641
f 3060//5642 3076//5642 3066//5642
f 3070//5643 3076//5643 3060//5643
f 3071//5644 3077//5644 3069//5644
f 303//5645 3077//5645 3071//5645
f 301//5646 3077//5646 302//5646
f 302//5647 3077//5647 303//5647
f 3072//5648 3078//5648 3074//5648
f 3074//5649 3078//5649 3079//5649
f 3079//5650 3078//5650 3080//5650
f 3075//5651 3081//5651 3070//5651
f 3072//5652 3082//5652 3078//5652
f 3076//5653 3082//5653 3066//5653
f 3066//5654 3082//5654 3072//5654
f 299//5655 3083//5655 300//5655
f 300//5656 3083//5656 301//5656
f 3077//5657 3083//5657 3069//5657
f 301//5658 3083//5658 3077//5658
f 3069//5659 3083//5659 3075//5659
f 3075//5660 3083//5660 3081//5660
f 3080//5661 3084//5661 3085//5661
f 3085//5662 3084//5662 3086//5662
f 3078//5663 3084//5663 3080//5663
f 3076//5664 3087//5664 3082//5664
f 3081//5665 3087//5665 3070//5665
f 3070//5666 3087//5666 3076//5666
f 3082//5667 3088//5667 3078//5667
f 3083//5668 3089//5668 3081//5668
f 297//5669 3089//5669 298//5669
f 298//5670 3089//5670 299//5670
f 299//5671 3089//5671 3083//5671
f 3084//5672 3090//5672 3086//5672
f 3086//5673 3090//5673 3091//5673
f 3091//5674 3090//5674 3092//5674
f 3087//5675 3093//5675 3082//5675
f 3084//5676 3094//5676 3090//5676
f 3088//5677 3094//5677 3078//5677
f 3078//5678 3094//5678 3084//5678
f 297//5679 3095//5679 3089//5679
f 295//5680 3095//5680 296//5680
f 296//5681 3095//5681 297//5681
f 3089//5682 3095//5682 3081//5682
f 3081//5683 3095//5683 3087//5683
f 3090//5684 3096//5684 3092//5684
f 3092//5685 3096//5685 3097//5685
f 3097//5686 3096//5686 3098//5686
f 3082//5687 3099//5687 3088//5687
f 3093//5688 3099//5688 3082//5688
f 3088//5689 3099//5689 3094//5689
f 3094//5690 3100//5690 3090//5690
f 3087//5691 3101//5691 3093//5691
f 3095//5692 3101//5692 3087//5692
f 295//5693 3101//5693 3095//5693
f 293//5694 3101//5694 294//5694
f 294//5695 3101//5695 295//5695
f 3098//5696 3102//5696 3103//5696
f 3103//5697 3102//5697 3104//5697
f 3096//5698 3102//5698 3098//5698
f 3099//5699 3105//5699 3094//5699
f 3090//5700 3106//5700 3096//5700
f 3096//5701 3106//5701 3102//5701
f 3100//5702 3106//5702 3090//5702
f 3101//5703 3107//5703 3093//5703
f 293//5704 3107//5704 3101//5704
f 291//5705 3107//5705 292//5705
f 292//5706 3107//5706 293//5706
f 3099//5707 3107//5707 3105//5707
f 3093//5708 3107//5708 3099//5708
f 3102//5709 3108//5709 3104//5709
f 3104//5710 3108//5710 3109//5710
f 3109//5711 3108//5711 3110//5711
f 3105//5712 3111//5712 3094//5712
f 3094//5713 3111//5713 3100//5713
f 3106//5714 3112//5714 3102//5714
f 291//5715 3113//5715 3107//5715
f 289//5716 3113//5716 290//5716
f 290//5717 3113//5717 291//5717
f 3107//5718 3113//5718 3105//5718
f 3110//5719 3114//5719 3115//5719
f 3115//5720 3114//5720 3116//5720
f 3108//5721 3114//5721 3110//5721
f 3111//5722 3117//5722 3100//5722
f 3100//5723 3117//5723 3106//5723
f 3102//5724 3118//5724 3108//5724
f 3112//5725 3118//5725 3102//5725
f 289//5726 3119//5726 3113//5726
f 287//5727 3119//5727 288//5727
f 288//5728 3119//5728 289//5728
f 3105//5729 3119//5729 3111//5729
f 3113//5730 3119//5730 3105//5730
f 3116//5731 3120//5731 3121//5731
f 3121//5732 3120//5732 3122//5732
f 3114//5733 3120//5733 3116//5733
f 3106//5734 3123//5734 3112//5734
f 3117//5735 3123//5735 3106//5735
f 3112//5736 3123//5736 3118//5736
f 3108//5737 3124//5737 3114//5737
f 3118//5738 3124//5738 3108//5738
f 285//5739 3125//5739 286//5739
f 286//5740 3125//5740 287//5740
f 3111//5741 3125//5741 3117//5741
f 3119//5742 3125//5742 3111//5742
f 287//5743 3125//5743 3119//5743
f 3122//5744 3126//5744 3127//5744
f 3127//5745 3126//5745 3128//5745
f 3120//5746 3126//5746 3122//5746
f 3123//5747 3129//5747 3118//5747
f 3114//5748 3130//5748 3120//5748
f 3124//5749 3130//5749 3114//5749
f 3117//5750 3131//5750 3123//5750
f 3125//5751 3131//5751 3117//5751
f 283//5752 3131//5752 284//5752
f 284//5753 3131//5753 285//5753
f 285//5754 3131//5754 3125//5754
f 3128//5755 3132//5755 3133//5755
f 3133//5756 3132//5756 3134//5756
f 3126//5757 3132//5757 3128//5757
f 3118//5758 3135//5758 3124//5758
f 3129//5759 3135//5759 3118//5759
f 3130//5760 3136//5760 3120//5760
f 3120//5761 3136//5761 3126//5761
f 281//5762 3137//5762 282//5762
f 282//5763 3137//5763 283//5763
f 3131//5764 3137//5764 3123//5764
f 283//5765 3137//5765 3131//5765
f 3123//5766 3137//5766 3129//5766
f 3134//5767 3138//5767 3139//5767
f 3139//5768 3138//5768 3140//5768
f 3132//5769 3138//5769 3134//5769
f 3135//5770 3141//5770 3124//5770
f 3124//5771 3141//5771 3130//5771
f 3136//5772 3142//5772 3126//5772
f 3126//5773 3142//5773 3132//5773
f 3129//5774 3143//5774 3135//5774
f 279//5775 3143//5775 280//5775
f 280//5776 3143//5776 281//5776
f 3137//5777 3143//5777 3129//5777
f 281//5778 3143//5778 3137//5778
f 3140//5779 3144//5779 3145//5779
f 3145//5780 3144//5780 3146//5780
f 3138//5781 3144//5781 3140//5781
f 3130//5782 3147//5782 3136//5782
f 3136//5783 3147//5783 3142//5783
f 3141//5784 3147//5784 3130//5784
f 3142//5785 3148//5785 3132//5785
f 3132//5786 3148//5786 3138//5786
f 3138//5787 3148//5787 3144//5787
f 3143//5788 3149//5788 3135//5788
f 277//5789 3149//5789 278//5789
f 278//5790 3149//5790 279//5790
f 3135//5791 3149//5791 3141//5791
f 3141//5792 3149//5792 3147//5792
f 279//5793 3149//5793 3143//5793
f 3146//5794 3150//5794 3151//5794
f 3151//5795 3150//5795 3152//5795
f 3144//5796 3150//5796 3146//5796
f 3147//5797 3153//5797 3142//5797
f 3148//5798 3154//5798 3144//5798
f 275//5799 3155//5799 276//5799
f 276//5800 3155//5800 277//5800
f 277//5801 3155//5801 3149//5801
f 3149//5802 3155//5802 3147//5802
f 3152//5803 3156//5803 3157//5803
f 3157//5804 3156//5804 3158//5804
f 3150//5805 3156//5805 3152//5805
f 3142//5806 3159//5806 3148//5806
f 3148//5807 3159//5807 3154//5807
f 3153//5808 3159//5808 3142//5808
f 3154//5809 3160//5809 3144//5809
f 3144//5810 3160//5810 3150//5810
f 272//5811 3161//5811 274//5811
f 274//5812 3161//5812 275//5812
f 275//5813 3161//5813 3155//5813
f 3147//5814 3161//5814 3153//5814
f 3155//5815 3161//5815 3147//5815
f 3158//5816 3162//5816 3163//5816
f 3163//5817 3162//5817 3164//5817
f 3156//5818 3162//5818 3158//5818
f 3159//5819 3165//5819 3154//5819
f 3150//5820 3166//5820 3156//5820
f 3160//5821 3166//5821 3150//5821
f 461//5822 3167//5822 273//5822
f 273//5823 3167//5823 272//5823
f 272//5824 3167//5824 3161//5824
f 3153//5825 3167//5825 3159//5825
f 3161//5826 3167//5826 3153//5826
f 3164//5827 3168//5827 3169//5827
f 3169//5828 3168//5828 3170//5828
f 3162//5829 3168//5829 3164//5829
f 3154//5830 3171//5830 3160//5830
f 3165//5831 3171//5831 3154//5831
f 3160//5832 3171//5832 3166//5832
f 3156//5833 3172//5833 3162//5833
f 3166//5834 3172//5834 3156//5834
f 453//5835 3173//5835 457//5835
f 457//5836 3173//5836 461//5836
f 3159//5837 3173//5837 3165//5837
f 461//5838 3173//5838 3167//5838
f 3167//5839 3173//5839 3159//5839
f 3165//5840 3173//5840 3171//5840
f 3170//5841 3174//5841 3175//5841
f 3175//5842 3174//5842 3176//5842
f 3168//5843 3174//5843 3170//5843
f 3171//5844 3177//5844 3166//5844
f 3166//5845 3177//5845 3172//5845
f 3162//5846 3178//5846 3168//5846
f 3172//5847 3178//5847 3162//5847
f 453//5848 3179//5848 3173//5848
f 445//5849 3179//5849 449//5849
f 449//5850 3179//5850 453//5850
f 3173//5851 3179//5851 3171//5851
f 3171//5852 3179//5852 3177//5852
f 3176//5853 3180//5853 3181//5853
f 3181//5854 3180//5854 3182//5854
f 3174//5855 3180//5855 3176//5855
f 3177//5856 3183//5856 3172//5856
f 3168//5857 3184//5857 3174//5857
f 3178//5858 3184//5858 3168//5858
f 438//5859 3185//5859 440//5859
f 440//5860 3185//5860 445//5860
f 3179//5861 3185//5861 3177//5861
f 445//5862 3185//5862 3179//5862
f 3182//5863 3186//5863 3187//5863
f 3187//5864 3186//5864 3188//5864
f 3180//5865 3186//5865 3182//5865
f 3172//5866 3189//5866 3178//5866
f 3183//5867 3189//5867 3172//5867
f 3184//5868 3190//5868 3174//5868
f 3174//5869 3190//5869 3180//5869
f 3185//5870 3191//5870 3177//5870
f 428//5871 3191//5871 434//5871
f 434//5872 3191//5872 438//5872
f 438//5873 3191//5873 3185//5873
f 3177//5874 3191//5874 3183//5874
f 3188//5875 3192//5875 3193//5875
f 3193//5876 3192//5876 3194//5876
f 3186//5877 3192//5877 3188//5877
f 3189//5878 3195//5878 3178//5878
f 3178//5879 3195//5879 3184//5879
f 3180//5880 3196//5880 3186//5880
f 3190//5881 3196//5881 3180//5881
f 421//5882 3197//5882 426//5882
f 426//5883 3197//5883 428//5883
f 3191//5884 3197//5884 3183//5884
f 3189//5885 3197//5885 3195//5885
f 3183//5886 3197//5886 3189//5886
f 428//5887 3197//5887 3191//5887
f 3194//5888 3198//5888 3199//5888
f 3199//5889 3198//5889 3200//5889
f 3192//5890 3198//5890 3194//5890
f 3184//5891 3201//5891 3190//5891
f 3195//5892 3201//5892 3184//5892
f 3190//5893 3201//5893 3196//5893
f 3196//5894 3202//5894 3186//5894
f 3186//5895 3202//5895 3192//5895
f 414//5896 3203//5896 415//5896
f 415//5897 3203//5897 421//5897
f 421//5898 3203//5898 3197//5898
f 3197//5899 3203//5899 3195//5899
f 3200//5900 3204//5900 3205//5900
f 3205//5901 3204//5901 3206//5901
f 3198//5902 3204//5902 3200//5902
f 3201//5903 3207//5903 3196//5903
f 3196//5904 3207//5904 3202//5904
f 3192//5905 3208//5905 3198//5905
f 3202//5906 3208//5906 3192//5906
f 404//5907 3209//5907 409//5907
f 409//5908 3209//5908 414//5908
f 3195//5909 3209//5909 3201//5909
f 3203//5910 3209//5910 3195//5910
f 3201//5911 3209//5911 3207//5911
f 414//5912 3209//5912 3203//5912
f 3206//5913 3210//5913 3211//5913
f 3211//5914 3210//5914 3212//5914
f 3204//5915 3210//5915 3206//5915
f 3207//5916 3213//5916 3202//5916
f 3198//5917 3214//5917 3204//5917
f 3204//5918 3214//5918 3210//5918
f 3208//5919 3214//5919 3198//5919
f 394//5920 3215//5920 403//5920
f 403//5921 3215//5921 404//5921
f 3209//5922 3215//5922 3207//5922
f 404//5923 3215//5923 3209//5923
f 3212//5924 3216//5924 3217//5924
f 3217//5925 3216//5925 3218//5925
f 3210//5926 3216//5926 3212//5926
f 3213//5927 3219//5927 3202//5927
f 3202//5928 3219//5928 3208//5928
f 3214//5929 3220//5929 3210//5929
f 389//5930 3221//5930 391//5930
f 391//5931 3221//5931 394//5931
f 3207//5932 3221//5932 3213//5932
f 394//5933 3221//5933 3215//5933
f 3215//5934 3221//5934 3207//5934
f 3218//5935 3222//5935 3223//5935
f 3223//5936 3222//5936 3224//5936
f 3216//5937 3222//5937 3218//5937
f 3219//5938 3225//5938 3208//5938
f 3208//5939 3225//5939 3214//5939
f 3220//5940 3226//5940 3210//5940
f 3210//5941 3226//5941 3216//5941
f 381//5942 3227//5942 383//5942
f 383//5943 3227//5943 389//5943
f 389//5944 3227//5944 3221//5944
f 3219//5945 3227//5945 3225//5945
f 3213//5946 3227//5946 3219//5946
f 3221//5947 3227//5947 3213//5947
f 3222//5948 3228//5948 3224//5948
f 3224//5949 3228//5949 3229//5949
f 3229//5950 3228//5950 3230//5950
f 3214//5951 3231//5951 3220//5951
f 3225//5952 3231//5952 3214//5952
f 3216//5953 3232//5953 3222//5953
f 3222//5954 3232//5954 3228//5954
f 3226//5955 3232//5955 3216//5955
f 378//5956 3233//5956 381//5956
f 381//5957 3233//5957 3227//5957
f 3227//5958 3233//5958 3225//5958
f 375//5959 3233//5959 378//5959
f 3228//5960 3234//5960 3230//5960
f 3230//5961 3234//5961 3235//5961
f 3235//5962 3234//5962 3236//5962
f 3220//5963 3237//5963 3226//5963
f 3226//5964 3237//5964 3232//5964
f 3231//5965 3237//5965 3220//5965
f 3232//5966 3238//5966 3228//5966
f 3225//5967 3239//5967 3231//5967
f 3233//5968 3239//5968 3225//5968
f 362//5969 3239//5969 367//5969
f 375//5970 3239//5970 3233//5970
f 367//5971 3239//5971 375//5971
f 3236//5972 3240//5972 3241//5972
f 3241//5973 3240//5973 3242//5973
f 3234//5974 3240//5974 3236//5974
f 3237//5975 3243//5975 3232//5975
f 3238//5976 3244//5976 3228//5976
f 3234//5977 3244//5977 3240//5977
f 3228//5978 3244//5978 3234//5978
f 362//5979 3245//5979 3239//5979
f 3231//5980 3245//5980 3237//5980
f 355//5981 3245//5981 358//5981
f 3239//5982 3245//5982 3231//5982
f 358//5983 3245//5983 362//5983
f 3242//5984 3246//5984 3247//5984
f 3247//5985 3246//5985 3248//5985
f 3240//5986 3246//5986 3242//5986
f 3238//5987 3249//5987 3244//5987
f 3232//5988 3249//5988 3238//5988
f 3243//5989 3249//5989 3232//5989
f 3244//5990 3250//5990 3240//5990
f 355//5991 3251//5991 3245//5991
f 3237//5992 3251//5992 3243//5992
f 3245//5993 3251//5993 3237//5993
f 350//5994 3251//5994 353//5994
f 353//5995 3251//5995 355//5995
f 3248//5996 3252//5996 3253//5996
f 3253//5997 3252//5997 3254//5997
f 3246//5998 3252//5998 3248//5998
f 3249//5999 3255//5999 3244//5999
f 3240//6000 3256//6000 3246//6000
f 3250//6001 3256//6001 3240//6001
f 3251//6002 3257//6002 3243//6002
f 350//6003 3257//6003 3251//6003
f 341//6004 3257//6004 343//6004
f 343//6005 3257//6005 350//6005
f 3243//6006 3257//6006 3249//6006
f 3254//6007 3258//6007 3259//6007
f 3259//6008 3258//6008 3260//6008
f 3252//6009 3258//6009 3254//6009
f 3244//6010 3261//6010 3250//6010
f 3255//6011 3261//6011 3244//6011
f 3246//6012 3262//6012 3252//6012
f 3256//6013 3262//6013 3246//6013
f 3249//6014 3263//6014 3255//6014
f 3257//6015 3263//6015 3249//6015
f 341//6016 3263//6016 3257//6016
f 3255//6017 3263//6017 3261//6017
f 332//6018 3263//6018 338//6018
f 338//6019 3263//6019 341//6019
f 3258//6020 3264//6020 3260//6020
f 3260//6021 3264//6021 3265//6021
f 3265//6022 3264//6022 3266//6022
f 3250//6023 3267//6023 3256//6023
f 3261//6024 3267//6024 3250//6024
f 3262//6025 3268//6025 3252//6025
f 3252//6026 3268//6026 3258//6026
f 3263//6027 3269//6027 3261//6027
f 332//6028 3269//6028 3263//6028
f 326//6029 3269//6029 330//6029
f 330//6030 3269//6030 332//6030
f 3266//6031 3270//6031 3271//6031
f 3271//6032 3270//6032 3272//6032
f 3264//6033 3270//6033 3266//6033
f 3267//6034 3273//6034 3256//6034
f 3256//6035 3273//6035 3262//6035
f 3262//6036 3273//6036 3268//6036
f 3258//6037 3274//6037 3264//6037
f 3268//6038 3274//6038 3258//6038
f 3269//6039 3275//6039 3261//6039
f 3261//6040 3275//6040 3267//6040
f 3267//6041 3275//6041 3273//6041
f 326//6042 3275//6042 3269//6042
f 317//6043 3275//6043 324//6043
f 324//6044 3275//6044 326//6044
f 3272//6045 3276//6045 3277//6045
f 3277//6046 3276//6046 3278//6046
f 3270//6047 3276//6047 3272//6047
f 3273//6048 3279//6048 3268//6048
f 3264//6049 3280//6049 3270//6049
f 3274//6050 3280//6050 3264//6050
f 3275//6051 3281//6051 3273//6051
f 317//6052 3281//6052 3275//6052
f 316//6053 3281//6053 314//6053
f 314//6054 3281//6054 317//6054
f 3276//6055 3282//6055 3278//6055
f 3278//6056 3282//6056 3283//6056
f 3283//6057 3282//6057 3284//6057
f 3268//6058 3285//6058 3274//6058
f 3279//6059 3285//6059 3268//6059
f 3274//6060 3285//6060 3280//6060
f 3280//6061 3286//6061 3270//6061
f 3270//6062 3286//6062 3276//6062
f 3273//6063 3287//6063 3279//6063
f 322//6064 3287//6064 320//6064
f 320//6065 3287//6065 316//6065
f 3281//6066 3287//6066 3273//6066
f 316//6067 3287//6067 3281//6067
f 3284//6068 3288//6068 3289//6068
f 3289//6069 3288//6069 3290//6069
f 3282//6070 3288//6070 3284//6070
f 3280//6071 3291//6071 3286//6071
f 3285//6072 3291//6072 3280//6072
f 3276//6073 3292//6073 3282//6073
f 3286//6074 3292//6074 3276//6074
f 3282//6075 3292//6075 3288//6075
f 3279//6076 3293//6076 3285//6076
f 322//6077 3293//6077 3287//6077
f 333//6078 3293//6078 329//6078
f 329//6079 3293//6079 322//6079
f 3287//6080 3293//6080 3279//6080
f 3288//6081 3294//6081 3290//6081
f 3295//6082 3294//6082 2976//6082
f 3290//6083 3294//6083 3296//6083
f 3296//6084 3294//6084 3295//6084
f 2976//6085 3294//6085 3297//6085
f 3286//6086 3298//6086 3292//6086
f 3291//6087 3298//6087 3286//6087
f 3292//6088 3299//6088 3288//6088
f 3285//6089 3300//6089 3291//6089
f 333//6090 3300//6090 3293//6090
f 3293//6091 3300//6091 3285//6091
f 266//6092 3300//6092 335//6092
f 335//6093 3300//6093 333//6093
f 3298//6094 3301//6094 3292//6094
f 3288//6095 3302//6095 3294//6095
f 3294//6096 3302//6096 3297//6096
f 3299//6097 3302//6097 3288//6097
f 3300//6098 3303//6098 3291//6098
f 266//6099 3303//6099 3300//6099
f 3291//6100 3303//6100 3298//6100
f 3298//6101 3303//6101 3301//6101
f 263//6102 3303//6102 265//6102
f 265//6103 3303//6103 266//6103
f 3292//6104 3304//6104 3299//6104
f 3299//6105 3304//6105 3302//6105
f 3301//6106 3304//6106 3292//6106
f 263//6107 3305//6107 3303//6107
f 259//6108 3305//6108 261//6108
f 261//6109 3305//6109 263//6109
f 3303//6110 3305//6110 3301//6110
f 3304//6111 3306//6111 3302//6111
f 3297//6112 3306//6112 3307//6112
f 3302//6113 3306//6113 3297//6113
f 3305//6114 3308//6114 3301//6114
f 3301//6115 3308//6115 3304//6115
f 259//6116 3308//6116 3305//6116
f 254//6117 3308//6117 257//6117
f 257//6118 3308//6118 259//6118
f 3304//6119 3309//6119 3306//6119
f 3308//6120 3309//6120 3304//6120
f 3306//6121 3309//6121 3307//6121
f 254//6122 3309//6122 3308//6122
f 3307//6123 3309//6123 2993//6123
f 250//6124 3309//6124 252//6124
f 252//6125 3309//6125 254//6125
f 2993//6126 3309//6126 250//6126
f 3295//6127 2976//6127 2975//6127
f 250//6128 249//6128 2993//6128
f 3310//6129 3311//6129 3312//6129
f 2976//6130 3311//6130 2977//6130
f 2977//6131 3311//6131 3310//6131
f 3312//6132 3313//6132 3314//6132
f 3314//6133 3313//6133 3315//6133
f 3311//6134 3313//6134 3312//6134
f 2976//6135 3316//6135 3311//6135
f 3297//6136 3316//6136 2976//6136
f 3315//6137 3317//6137 3318//6137
f 3318//6138 3317//6138 3319//6138
f 3313//6139 3317//6139 3315//6139
f 3311//6140 3320//6140 3313//6140
f 3316//6141 3320//6141 3311//6141
f 3319//6142 3321//6142 3322//6142
f 3322//6143 3321//6143 3323//6143
f 3317//6144 3321//6144 3319//6144
f 3297//6145 3324//6145 3316//6145
f 3307//6146 3324//6146 3297//6146
f 3320//6147 3325//6147 3313//6147
f 3313//6148 3325//6148 3317//6148
f 3323//6149 3326//6149 3327//6149
f 3327//6150 3326//6150 3328//6150
f 3321//6151 3326//6151 3323//6151
f 3324//6152 3329//6152 3316//6152
f 3316//6153 3329//6153 3320//6153
f 3317//6154 3330//6154 3321//6154
f 3325//6155 3330//6155 3317//6155
f 247//6156 3331//6156 2993//6156
f 3307//6157 3331//6157 3324//6157
f 243//6158 3331//6158 244//6158
f 244//6159 3331//6159 247//6159
f 2993//6160 3331//6160 3307//6160
f 3328//6161 3332//6161 3333//6161
f 3333//6162 3332//6162 3334//6162
f 3326//6163 3332//6163 3328//6163
f 3329//6164 3335//6164 3320//6164
f 3320//6165 3335//6165 3325//6165
f 3330//6166 2967//6166 3321//6166
f 3321//6167 2967//6167 3326//6167
f 3331//6168 3336//6168 3324//6168
f 3324//6169 3336//6169 3329//6169
f 238//6170 3336//6170 240//6170
f 240//6171 3336//6171 243//6171
f 243//6172 3336//6172 3331//6172
f 3334//6173 2968//6173 3337//6173
f 3337//6174 2968//6174 3338//6174
f 3332//6175 2968//6175 3334//6175
f 3335//6176 2974//6176 3325//6176
f 3325//6177 2974//6177 3330//6177
f 3326//6178 2984//6178 3332//6178
f 2967//6179 2984//6179 3326//6179
f 3329//6180 3339//6180 3335//6180
f 3336//6181 3339//6181 3329//6181
f 238//6182 3339//6182 3336//6182
f 232//6183 3339//6183 235//6183
f 235//6184 3339//6184 238//6184
f 2968//6185 2970//6185 3338//6185
f 3338//6186 2970//6186 3340//6186
f 3340//6187 2970//6187 3341//6187
f 3330//6188 2965//6188 2967//6188
f 2974//6189 2965//6189 3330//6189
f 2984//6190 2971//6190 3332//6190
f 3332//6191 2971//6191 2968//6191
f 3339//6192 2972//6192 3335//6192
f 3335//6193 2972//6193 2974//6193
f 232//6194 2972//6194 3339//6194
f 225//6195 2972//6195 230//6195
f 230//6196 2972//6196 232//6196
f 3341//6197 2982//6197 3342//6197
f 3342//6198 2982//6198 2978//6198
f 2970//6199 2982//6199 3341//6199
f 2967//6200 2966//6200 2984//6200
f 3343//6201 3344//6201 3345//6201
f 3346//6202 3344//6202 3343//6202
f 3347//6203 3348//6203 3349//6203
f 3350//6204 3348//6204 3347//6204
f 3351//6205 3352//6205 3353//6205
f 3353//6206 3352//6206 3346//6206
f 3354//6207 3355//6207 3356//6207
f 86//6208 3352//6208 3351//6208
f 77//6209 3352//6209 81//6209
f 81//6210 3352//6210 86//6210
f 3357//6211 3358//6211 3359//6211
f 3359//6212 3358//6212 3360//6212
f 3361//6213 3358//6213 3357//6213
f 3344//6214 3362//6214 3345//6214
f 3345//6215 3362//6215 3350//6215
f 3349//6216 3363//6216 3361//6216
f 3348//6217 3363//6217 3349//6217
f 3346//6218 3364//6218 3344//6218
f 3352//6219 3364//6219 3346//6219
f 69//6220 3364//6220 74//6220
f 74//6221 3364//6221 77//6221
f 77//6222 3364//6222 3352//6222
f 3360//6223 3365//6223 3366//6223
f 3366//6224 3365//6224 3367//6224
f 3358//6225 3365//6225 3360//6225
f 3350//6226 3368//6226 3348//6226
f 3362//6227 3368//6227 3350//6227
f 3363//6228 3369//6228 3361//6228
f 3358//6229 3369//6229 3365//6229
f 113//6230 110//6230 3370//6230
f 3361//6231 3369//6231 3358//6231
f 3364//6232 3371//6232 3344//6232
f 3344//6233 3371//6233 3362//6233
f 69//6234 3371//6234 3364//6234
f 59//6235 3371//6235 64//6235
f 64//6236 3371//6236 69//6236
f 3367//6237 3372//6237 3373//6237
f 3373//6238 3372//6238 3374//6238
f 3365//6239 3372//6239 3367//6239
f 3348//6240 3375//6240 3363//6240
f 3368//6241 3375//6241 3348//6241
f 3369//6242 3376//6242 3365//6242
f 3371//6243 3377//6243 3362//6243
f 62//6244 3377//6244 58//6244
f 58//6245 3377//6245 59//6245
f 59//6246 3377//6246 3371//6246
f 3362//6247 3377//6247 3368//6247
f 3374//6248 3378//6248 3379//6248
f 3379//6249 3378//6249 3380//6249
f 3372//6250 3378//6250 3374//6250
f 3369//6251 3381//6251 3376//6251
f 3363//6252 3381//6252 3369//6252
f 3375//6253 3381//6253 3363//6253
f 3365//6254 3382//6254 3372//6254
f 3376//6255 3382//6255 3365//6255
f 3377//6256 3383//6256 3368//6256
f 3368//6257 3383//6257 3375//6257
f 71//6258 3383//6258 66//6258
f 66//6259 3383//6259 62//6259
f 62//6260 3383//6260 3377//6260
f 3380//6261 3384//6261 3385//6261
f 3385//6262 3384//6262 3386//6262
f 3378//6263 3384//6263 3380//6263
f 3381//6264 3387//6264 3376//6264
f 3382//6265 3388//6265 3372//6265
f 3372//6266 3388//6266 3378//6266
f 3375//6267 3389//6267 3381//6267
f 71//6268 3389//6268 3383//6268
f 78//6269 3389//6269 76//6269
f 3381//6270 3389//6270 3387//6270
f 76//6271 3389//6271 71//6271
f 3383//6272 3389//6272 3375//6272
f 3386//6273 3390//6273 3391//6273
f 3391//6274 3390//6274 3392//6274
f 3384//6275 3390//6275 3386//6275
f 3387//6276 3393//6276 3376//6276
f 3376//6277 3393//6277 3382//6277
f 3388//6278 3394//6278 3378//6278
f 3378//6279 3394//6279 3384//6279
f 78//6280 3395//6280 3389//6280
f 3389//6281 3395//6281 3387//6281
f 87//6282 3395//6282 83//6282
f 83//6283 3395//6283 78//6283
f 3390//6284 3396//6284 3392//6284
f 3392//6285 3396//6285 3397//6285
f 3397//6286 3396//6286 3398//6286
f 3382//6287 3399//6287 3388//6287
f 3393//6288 3399//6288 3382//6288
f 3394//6289 3400//6289 3384//6289
f 3384//6290 3400//6290 3390//6290
f 3390//6291 3400//6291 3396//6291
f 87//6292 3401//6292 3395//6292
f 92//6293 3401//6293 89//6293
f 89//6294 3401//6294 87//6294
f 3387//6295 3401//6295 3393//6295
f 3395//6296 3401//6296 3387//6296
f 3398//6297 3402//6297 3403//6297
f 3403//6298 3402//6298 3404//6298
f 3396//6299 3402//6299 3398//6299
f 3388//6300 3405//6300 3394//6300
f 3399//6301 3405//6301 3388//6301
f 3400//6302 3406//6302 3396//6302
f 3401//6303 3407//6303 3393//6303
f 3399//6304 3407//6304 3405//6304
f 92//6305 3407//6305 3401//6305
f 99//6306 3407//6306 97//6306
f 97//6307 3407//6307 92//6307
f 3393//6308 3407//6308 3399//6308
f 3404//6309 3408//6309 3409//6309
f 3409//6310 3408//6310 3410//6310
f 3402//6311 3408//6311 3404//6311
f 3394//6312 3411//6312 3400//6312
f 3405//6313 3411//6313 3394//6313
f 3396//6314 3412//6314 3402//6314
f 3406//6315 3412//6315 3396//6315
f 3407//6316 3413//6316 3405//6316
f 105//6317 3413//6317 103//6317
f 103//6318 3413//6318 99//6318
f 99//6319 3413//6319 3407//6319
f 3408//6320 3414//6320 3410//6320
f 3410//6321 3414//6321 3415//6321
f 3415//6322 3414//6322 3416//6322
f 3411//6323 3417//6323 3400//6323
f 3400//6324 3417//6324 3406//6324
f 3412//6325 3418//6325 3402//6325
f 3402//6326 3418//6326 3408//6326
f 105//6327 3419//6327 3413//6327
f 111//6328 3419//6328 109//6328
f 109//6329 3419//6329 105//6329
f 3405//6330 3419//6330 3411//6330
f 3413//6331 3419//6331 3405//6331
f 3414//6332 3420//6332 3416//6332
f 3416//6333 3420//6333 3421//6333
f 3421//6334 3420//6334 3422//6334
f 3417//6335 3423//6335 3406//6335
f 3412//6336 3423//6336 3418//6336
f 3406//6337 3423//6337 3412//6337
f 3418//6338 3424//6338 3408//6338
f 3408//6339 3424//6339 3414//6339
f 3411//6340 3425//6340 3417//6340
f 117//6341 3425//6341 114//6341
f 114//6342 3425//6342 111//6342
f 111//6343 3425//6343 3419//6343
f 3419//6344 3425//6344 3411//6344
f 3422//6345 3426//6345 3427//6345
f 3427//6346 3426//6346 3428//6346
f 3420//6347 3426//6347 3422//6347
f 3423//6348 3429//6348 3418//6348
f 3424//6349 3430//6349 3414//6349
f 3414//6350 3430//6350 3420//6350
f 3425//6351 3431//6351 3417//6351
f 3423//6352 3431//6352 3429//6352
f 117//6353 3431//6353 3425//6353
f 124//6354 3431//6354 120//6354
f 120//6355 3431//6355 117//6355
f 3417//6356 3431//6356 3423//6356
f 3428//6357 3432//6357 3433//6357
f 3433//6358 3432//6358 3434//6358
f 3426//6359 3432//6359 3428//6359
f 3418//6360 3435//6360 3424//6360
f 3429//6361 3435//6361 3418//6361
f 3420//6362 3436//6362 3426//6362
f 3430//6363 3436//6363 3420//6363
f 130//6364 3437//6364 126//6364
f 126//6365 3437//6365 124//6365
f 3429//6366 3437//6366 3435//6366
f 124//6367 3437//6367 3431//6367
f 3431//6368 3437//6368 3429//6368
f 3434//6369 3438//6369 3439//6369
f 3439//6370 3438//6370 3440//6370
f 3432//6371 3438//6371 3434//6371
f 3430//6372 3441//6372 3436//6372
f 3424//6373 3441//6373 3430//6373
f 3435//6374 3441//6374 3424//6374
f 3436//6375 3442//6375 3426//6375
f 3432//6376 3442//6376 3438//6376
f 3426//6377 3442//6377 3432//6377
f 3437//6378 3443//6378 3435//6378
f 136//6379 3443//6379 132//6379
f 132//6380 3443//6380 130//6380
f 130//6381 3443//6381 3437//6381
f 3440//6382 3444//6382 3445//6382
f 3445//6383 3444//6383 3446//6383
f 3438//6384 3444//6384 3440//6384
f 3441//6385 3447//6385 3436//6385
f 3436//6386 3447//6386 3442//6386
f 3442//6387 3448//6387 3438//6387
f 3435//6388 3449//6388 3441//6388
f 3441//6389 3449//6389 3447//6389
f 3443//6390 3449//6390 3435//6390
f 141//6391 3449//6391 138//6391
f 138//6392 3449//6392 136//6392
f 136//6393 3449//6393 3443//6393
f 3446//6394 3450//6394 3451//6394
f 3451//6395 3450//6395 3452//6395
f 3444//6396 3450//6396 3446//6396
f 3447//6397 3453//6397 3442//6397
f 3438//6398 3454//6398 3444//6398
f 3448//6399 3454//6399 3438//6399
f 141//6400 3455//6400 3449//6400
f 147//6401 3455//6401 145//6401
f 145//6402 3455//6402 141//6402
f 3449//6403 3455//6403 3447//6403
f 3450//6404 3456//6404 3452//6404
f 3452//6405 3456//6405 3457//6405
f 3457//6406 3456//6406 3458//6406
f 3453//6407 3459//6407 3442//6407
f 3442//6408 3459//6408 3448//6408
f 3454//6409 3460//6409 3444//6409
f 3444//6410 3460//6410 3450//6410
f 3450//6411 3460//6411 3456//6411
f 3447//6412 3461//6412 3453//6412
f 153//6413 3461//6413 150//6413
f 150//6414 3461//6414 147//6414
f 3455//6415 3461//6415 3447//6415
f 147//6416 3461//6416 3455//6416
f 3456//6417 3462//6417 3458//6417
f 3458//6418 3462//6418 3463//6418
f 3463//6419 3462//6419 3464//6419
f 3459//6420 3465//6420 3448//6420
f 3454//6421 3465//6421 3460//6421
f 3448//6422 3465//6422 3454//6422
f 3460//6423 3466//6423 3456//6423
f 160//6424 3467//6424 157//6424
f 157//6425 3467//6425 153//6425
f 3453//6426 3467//6426 3459//6426
f 153//6427 3467//6427 3461//6427
f 3461//6428 3467//6428 3453//6428
f 3464//6429 3468//6429 3469//6429
f 3469//6430 3468//6430 3470//6430
f 3462//6431 3468//6431 3464//6431
f 3465//6432 3471//6432 3460//6432
f 3466//6433 3472//6433 3456//6433
f 3456//6434 3472//6434 3462//6434
f 3467//6435 3473//6435 3459//6435
f 166//6436 3473//6436 163//6436
f 163//6437 3473//6437 160//6437
f 3459//6438 3473//6438 3465//6438
f 160//6439 3473//6439 3467//6439
f 3468//6440 3474//6440 3470//6440
f 3470//6441 3474//6441 3475//6441
f 3475//6442 3474//6442 3476//6442
f 3471//6443 3477//6443 3460//6443
f 3460//6444 3477//6444 3466//6444
f 3462//6445 3478//6445 3468//6445
f 3472//6446 3478//6446 3462//6446
f 3465//6447 3479//6447 3471//6447
f 166//6448 3479//6448 3473//6448
f 172//6449 3479//6449 169//6449
f 169//6450 3479//6450 166//6450
f 3473//6451 3479//6451 3465//6451
f 3476//6452 3480//6452 3481//6452
f 3481//6453 3480//6453 3482//6453
f 3474//6454 3480//6454 3476//6454
f 3466//6455 3483//6455 3472//6455
f 3477//6456 3483//6456 3466//6456
f 3468//6457 3484//6457 3474//6457
f 3478//6458 3484//6458 3468//6458
f 3477//6459 3485//6459 3483//6459
f 3479//6460 3485//6460 3471//6460
f 172//6461 3485//6461 3479//6461
f 178//6462 3485//6462 175//6462
f 175//6463 3485//6463 172//6463
f 3471//6464 3485//6464 3477//6464
f 3480//6465 3486//6465 3482//6465
f 3482//6466 3486//6466 3487//6466
f 3487//6467 3486//6467 3488//6467
f 3483//6468 3489//6468 3472//6468
f 3472//6469 3489//6469 3478//6469
f 3484//6470 3490//6470 3474//6470
f 3474//6471 3490//6471 3480//6471
f 345//6472 3491//6472 181//6472
f 181//6473 3491//6473 178//6473
f 178//6474 3491//6474 3485//6474
f 3485//6475 3491//6475 3483//6475
f 3488//6476 3492//6476 3493//6476
f 3493//6477 3492//6477 3494//6477
f 3486//6478 3492//6478 3488//6478
f 3478//6479 3495//6479 3484//6479
f 3489//6480 3495//6480 3478//6480
f 3480//6481 3496//6481 3486//6481
f 3490//6482 3496//6482 3480//6482
f 349//6483 3497//6483 348//6483
f 348//6484 3497//6484 345//6484
f 345//6485 3497//6485 3491//6485
f 3491//6486 3497//6486 3483//6486
f 3489//6487 3497//6487 3495//6487
f 3483//6488 3497//6488 3489//6488
f 3494//6489 3498//6489 3499//6489
f 3499//6490 3498//6490 3500//6490
f 3492//6491 3498//6491 3494//6491
f 3495//6492 3501//6492 3484//6492
f 3484//6493 3501//6493 3490//6493
f 3496//6494 3502//6494 3486//6494
f 3486//6495 3502//6495 3492//6495
f 3497//6496 3503//6496 3495//6496
f 3495//6497 3503//6497 3501//6497
f 361//6498 3503//6498 357//6498
f 357//6499 3503//6499 349//6499
f 349//6500 3503//6500 3497//6500
f 3500//6501 3504//6501 3505//6501
f 3505//6502 3504//6502 3506//6502
f 3498//6503 3504//6503 3500//6503
f 3490//6504 3507//6504 3496//6504
f 3501//6505 3507//6505 3490//6505
f 3492//6506 3508//6506 3498//6506
f 3502//6507 3508//6507 3492//6507
f 369//6508 3509//6508 365//6508
f 365//6509 3509//6509 361//6509
f 3503//6510 3509//6510 3501//6510
f 361//6511 3509//6511 3503//6511
f 3506//6512 3510//6512 3511//6512
f 3511//6513 3510//6513 3512//6513
f 3504//6514 3510//6514 3506//6514
f 3507//6515 3513//6515 3496//6515
f 3496//6516 3513//6516 3502//6516
f 3502//6517 3513//6517 3508//6517
f 3498//6518 3514//6518 3504//6518
f 3508//6519 3514//6519 3498//6519
f 373//6520 3515//6520 372//6520
f 372//6521 3515//6521 369//6521
f 3507//6522 3515//6522 3513//6522
f 369//6523 3515//6523 3509//6523
f 3501//6524 3515//6524 3507//6524
f 3509//6525 3515//6525 3501//6525
f 3512//6526 3516//6526 3517//6526
f 3517//6527 3516//6527 3518//6527
f 3510//6528 3516//6528 3512//6528
f 3513//6529 3519//6529 3508//6529
f 3514//6530 3520//6530 3504//6530
f 3504//6531 3520//6531 3510//6531
f 3515//6532 3521//6532 3513//6532
f 385//6533 3521//6533 380//6533
f 380//6534 3521//6534 373//6534
f 373//6535 3521//6535 3515//6535
f 3518//6536 3522//6536 3523//6536
f 3523//6537 3522//6537 3524//6537
f 3516//6538 3522//6538 3518//6538
f 3519//6539 3525//6539 3508//6539
f 3508//6540 3525//6540 3514//6540
f 3510//6541 3526//6541 3516//6541
f 3520//6542 3526//6542 3510//6542
f 3516//6543 3526//6543 3522//6543
f 3513//6544 3527//6544 3519//6544
f 385//6545 3527//6545 3521//6545
f 393//6546 3527//6546 388//6546
f 388//6547 3527//6547 385//6547
f 3521//6548 3527//6548 3513//6548
f 3524//6549 3528//6549 3529//6549
f 3529//6550 3528//6550 3530//6550
f 3522//6551 3528//6551 3524//6551
f 3514//6552 3531//6552 3520//6552
f 3525//6553 3531//6553 3514//6553
f 3526//6554 3532//6554 3522//6554
f 400//6555 3533//6555 397//6555
f 3527//6556 3533//6556 3519//6556
f 397//6557 3533//6557 393//6557
f 393//6558 3533//6558 3527//6558
f 3519//6559 3533//6559 3525//6559
f 3530//6560 3534//6560 3535//6560
f 3535//6561 3534//6561 3536//6561
f 3528//6562 3534//6562 3530//6562
f 3520//6563 3537//6563 3526//6563
f 3526//6564 3537//6564 3532//6564
f 3531//6565 3537//6565 3520//6565
f 3522//6566 3538//6566 3528//6566
f 3532//6567 3538//6567 3522//6567
f 408//6568 3539//6568 401//6568
f 401//6569 3539//6569 400//6569
f 400//6570 3539//6570 3533//6570
f 3533//6571 3539//6571 3525//6571
f 3531//6572 3539//6572 3537//6572
f 3525//6573 3539//6573 3531//6573
f 3536//6574 3540//6574 3541//6574
f 3541//6575 3540//6575 3542//6575
f 3534//6576 3540//6576 3536//6576
f 3537//6577 3543//6577 3532//6577
f 3538//6578 3544//6578 3528//6578
f 3528//6579 3544//6579 3534//6579
f 417//6580 3545//6580 412//6580
f 412//6581 3545//6581 408//6581
f 408//6582 3545//6582 3539//6582
f 3539//6583 3545//6583 3537//6583
f 3542//6584 3546//6584 3547//6584
f 3547//6585 3546//6585 3548//6585
f 3540//6586 3546//6586 3542//6586
f 3532//6587 3549//6587 3538//6587
f 3543//6588 3549//6588 3532//6588
f 3534//6589 3550//6589 3540//6589
f 3544//6590 3550//6590 3534//6590
f 424//6591 3551//6591 420//6591
f 420//6592 3551//6592 417//6592
f 417//6593 3551//6593 3545//6593
f 3537//6594 3551//6594 3543//6594
f 3545//6595 3551//6595 3537//6595
f 3548//6596 3552//6596 3553//6596
f 3553//6597 3552//6597 3554//6597
f 3546//6598 3552//6598 3548//6598
f 3549//6599 3555//6599 3538//6599
f 3538//6600 3555//6600 3544//6600
f 3544//6601 3555//6601 3550//6601
f 3540//6602 3556//6602 3546//6602
f 3550//6603 3556//6603 3540//6603
f 3546//6604 3556//6604 3552//6604
f 432//6605 3557//6605 425//6605
f 425//6606 3557//6606 424//6606
f 3549//6607 3557//6607 3555//6607
f 424//6608 3557//6608 3551//6608
f 3543//6609 3557//6609 3549//6609
f 3551//6610 3557//6610 3543//6610
f 3554//6611 3558//6611 3559//6611
f 3559//6612 3558//6612 3560//6612
f 3552//6613 3558//6613 3554//6613
f 3555//6614 3561//6614 3550//6614
f 3556//6615 3562//6615 3552//6615
f 3552//6616 3562//6616 3558//6616
f 432//6617 3563//6617 3557//6617
f 437//6618 3563//6618 435//6618
f 435//6619 3563//6619 432//6619
f 3557//6620 3563//6620 3555//6620
f 3560//6621 3564//6621 3565//6621
f 3565//6622 3564//6622 3566//6622
f 3558//6623 3564//6623 3560//6623
f 3550//6624 3567//6624 3556//6624
f 3561//6625 3567//6625 3550//6625
f 3556//6626 3567//6626 3562//6626
f 3562//6627 3568//6627 3558//6627
f 3563//6628 3569//6628 3555//6628
f 448//6629 3569//6629 444//6629
f 444//6630 3569//6630 437//6630
f 437//6631 3569//6631 3563//6631
f 3555//6632 3569//6632 3561//6632
f 3566//6633 3570//6633 3571//6633
f 3571//6634 3570//6634 3572//6634
f 3564//6635 3570//6635 3566//6635
f 3567//6636 3573//6636 3562//6636
f 3558//6637 3574//6637 3564//6637
f 3568//6638 3574//6638 3558//6638
f 456//6639 3575//6639 452//6639
f 452//6640 3575//6640 448//6640
f 3569//6641 3575//6641 3561//6641
f 448//6642 3575//6642 3569//6642
f 3567//6643 3575//6643 3573//6643
f 3561//6644 3575//6644 3567//6644
f 3572//6645 3576//6645 3577//6645
f 3577//6646 3576//6646 3578//6646
f 3570//6647 3576//6647 3572//6647
f 3573//6648 3579//6648 3562//6648
f 3562//6649 3579//6649 3568//6649
f 3574//6650 3580//6650 3564//6650
f 3564//6651 3580//6651 3570//6651
f 464//6652 3581//6652 460//6652
f 460//6653 3581//6653 456//6653
f 456//6654 3581//6654 3575//6654
f 3575//6655 3581//6655 3573//6655
f 3573//6656 3581//6656 3579//6656
f 3578//6657 3582//6657 3583//6657
f 3583//6658 3582//6658 3584//6658
f 3576//6659 3582//6659 3578//6659
f 3568//6660 3585//6660 3574//6660
f 3579//6661 3585//6661 3568//6661
f 3580//6662 3586//6662 3570//6662
f 3570//6663 3586//6663 3576//6663
f 198//6664 3587//6664 467//6664
f 467//6665 3587//6665 464//6665
f 3581//6666 3587//6666 3579//6666
f 464//6667 3587//6667 3581//6667
f 3584//6668 3588//6668 3589//6668
f 3589//6669 3588//6669 3590//6669
f 3582//6670 3588//6670 3584//6670
f 3585//6671 3591//6671 3574//6671
f 3574//6672 3591//6672 3580//6672
f 3580//6673 3591//6673 3586//6673
f 3586//6674 3592//6674 3576//6674
f 3576//6675 3592//6675 3582//6675
f 196//6676 3593//6676 197//6676
f 197//6677 3593//6677 198//6677
f 3579//6678 3593//6678 3585//6678
f 3587//6679 3593//6679 3579//6679
f 198//6680 3593//6680 3587//6680
f 3590//6681 3594//6681 3595//6681
f 3595//6682 3594//6682 3596//6682
f 3588//6683 3594//6683 3590//6683
f 3591//6684 3597//6684 3586//6684
f 3588//6685 3598//6685 3594//6685
f 3592//6686 3598//6686 3582//6686
f 3582//6687 3598//6687 3588//6687
f 194//6688 3599//6688 195//6688
f 195//6689 3599//6689 196//6689
f 3593//6690 3599//6690 3585//6690
f 3585//6691 3599//6691 3591//6691
f 196//6692 3599//6692 3593//6692
f 3594//6693 3600//6693 3596//6693
f 3596//6694 3600//6694 3601//6694
f 3601//6695 3600//6695 3602//6695
f 3597//6696 3603//6696 3586//6696
f 3586//6697 3603//6697 3592//6697
f 3598//6698 3604//6698 3594//6698
f 192//6699 3605//6699 193//6699
f 193//6700 3605//6700 194//6700
f 194//6701 3605//6701 3599//6701
f 3597//6702 3605//6702 3603//6702
f 3599//6703 3605//6703 3591//6703
f 3591//6704 3605//6704 3597//6704
f 3602//6705 3606//6705 3607//6705
f 3607//6706 3606//6706 3608//6706
f 3600//6707 3606//6707 3602//6707
f 3592//6708 3609//6708 3598//6708
f 3598//6709 3609//6709 3604//6709
f 3603//6710 3609//6710 3592//6710
f 3600//6711 3610//6711 3606//6711
f 3594//6712 3610//6712 3600//6712
f 3604//6713 3610//6713 3594//6713
f 191//6714 3611//6714 192//6714
f 192//6715 3611//6715 3605//6715
f 3605//6716 3611//6716 3603//6716
f 190//6717 3611//6717 191//6717
f 3606//6718 3612//6718 3608//6718
f 3608//6719 3612//6719 3613//6719
f 3613//6720 3612//6720 3614//6720
f 3609//6721 3615//6721 3604//6721
f 3610//6722 3616//6722 3606//6722
f 3603//6723 3617//6723 3609//6723
f 3611//6724 3617//6724 3603//6724
f 188//6725 3617//6725 189//6725
f 190//6726 3617//6726 3611//6726
f 189//6727 3617//6727 190//6727
f 3612//6728 3618//6728 3614//6728
f 3614//6729 3618//6729 3619//6729
f 3619//6730 3618//6730 3620//6730
f 3610//6731 3621//6731 3616//6731
f 3604//6732 3621//6732 3610//6732
f 3615//6733 3621//6733 3604//6733
f 3616//6734 3622//6734 3606//6734
f 3606//6735 3622//6735 3612//6735
f 3615//6736 3623//6736 3621//6736
f 188//6737 3623//6737 3617//6737
f 3609//6738 3623//6738 3615//6738
f 3617//6739 3623//6739 3609//6739
f 186//6740 3623//6740 187//6740
f 187//6741 3623//6741 188//6741
f 3620//6742 3624//6742 3625//6742
f 3625//6743 3624//6743 3626//6743
f 3618//6744 3624//6744 3620//6744
f 3616//6745 3627//6745 3622//6745
f 3621//6746 3627//6746 3616//6746
f 3622//6747 3628//6747 3612//6747
f 3618//6748 3628//6748 3624//6748
f 3612//6749 3628//6749 3618//6749
f 3623//6750 3629//6750 3621//6750
f 186//6751 3629//6751 3623//6751
f 184//6752 3629//6752 185//6752
f 185//6753 3629//6753 186//6753
f 3624//6754 3630//6754 3626//6754
f 3626//6755 3630//6755 3631//6755
f 3631//6756 3630//6756 3632//6756
f 3627//6757 3633//6757 3622//6757
f 3628//6758 3634//6758 3624//6758
f 3627//6759 3635//6759 3633//6759
f 3629//6760 3635//6760 3621//6760
f 184//6761 3635//6761 3629//6761
f 3621//6762 3635//6762 3627//6762
f 182//6763 3635//6763 183//6763
f 183//6764 3635//6764 184//6764
f 3632//6765 3636//6765 3637//6765
f 3637//6766 3636//6766 3638//6766
f 3630//6767 3636//6767 3632//6767
f 3633//6768 3639//6768 3622//6768
f 3622//6769 3639//6769 3628//6769
f 3624//6770 3640//6770 3630//6770
f 3634//6771 3640//6771 3624//6771
f 3635//6772 3641//6772 3633//6772
f 182//6773 3641//6773 3635//6773
f 176//6774 3641//6774 180//6774
f 180//6775 3641//6775 182//6775
f 3636//6776 3642//6776 3638//6776
f 3638//6777 3642//6777 3643//6777
f 3643//6778 3642//6778 3644//6778
f 3639//6779 3645//6779 3628//6779
f 3628//6780 3645//6780 3634//6780
f 3630//6781 3646//6781 3636//6781
f 3640//6782 3646//6782 3630//6782
f 3636//6783 3646//6783 3642//6783
f 3633//6784 3647//6784 3639//6784
f 3639//6785 3647//6785 3645//6785
f 3641//6786 3647//6786 3633//6786
f 176//6787 3647//6787 3641//6787
f 170//6788 3647//6788 173//6788
f 173//6789 3647//6789 176//6789
f 3642//6790 3648//6790 3644//6790
f 3644//6791 3648//6791 3649//6791
f 3649//6792 3648//6792 3650//6792
f 3645//6793 3651//6793 3634//6793
f 3634//6794 3651//6794 3640//6794
f 3646//6795 3652//6795 3642//6795
f 3647//6796 3653//6796 3645//6796
f 3645//6797 3653//6797 3651//6797
f 170//6798 3653//6798 3647//6798
f 164//6799 3653//6799 167//6799
f 167//6800 3653//6800 170//6800
f 3648//6801 3654//6801 3650//6801
f 3650//6802 3654//6802 3655//6802
f 3655//6803 3654//6803 3656//6803
f 3651//6804 3657//6804 3640//6804
f 3640//6805 3657//6805 3646//6805
f 3648//6806 3658//6806 3654//6806
f 3642//6807 3658//6807 3648//6807
f 3652//6808 3658//6808 3642//6808
f 164//6809 3659//6809 3653//6809
f 159//6810 3659//6810 161//6810
f 161//6811 3659//6811 164//6811
f 3653//6812 3659//6812 3651//6812
f 3654//6813 3660//6813 3656//6813
f 3656//6814 3660//6814 3661//6814
f 3661//6815 3660//6815 3662//6815
f 3657//6816 3663//6816 3646//6816
f 3646//6817 3663//6817 3652//6817
f 3658//6818 3664//6818 3654//6818
f 3654//6819 3664//6819 3660//6819
f 3651//6820 3665//6820 3657//6820
f 3659//6821 3665//6821 3651//6821
f 152//6822 3665//6822 155//6822
f 155//6823 3665//6823 159//6823
f 159//6824 3665//6824 3659//6824
f 3660//6825 3666//6825 3662//6825
f 3662//6826 3666//6826 3667//6826
f 3667//6827 3666//6827 3668//6827
f 3663//6828 3669//6828 3652//6828
f 3658//6829 3669//6829 3664//6829
f 3652//6830 3669//6830 3658//6830
f 3664//6831 3670//6831 3660//6831
f 152//6832 3671//6832 3665//6832
f 146//6833 3671//6833 149//6833
f 149//6834 3671//6834 152//6834
f 3657//6835 3671//6835 3663//6835
f 3665//6836 3671//6836 3657//6836
f 3666//6837 3672//6837 3668//6837
f 3673//6838 3672//6838 3355//6838
f 3668//6839 3672//6839 3674//6839
f 3674//6840 3672//6840 3673//6840
f 3355//6841 3672//6841 3675//6841
f 3669//6842 3676//6842 3664//6842
f 3670//6843 3677//6843 3660//6843
f 3666//6844 3677//6844 3672//6844
f 3660//6845 3677//6845 3666//6845
f 3663//6846 3678//6846 3669//6846
f 3671//6847 3678//6847 3663//6847
f 146//6848 3678//6848 3671//6848
f 140//6849 3678//6849 144//6849
f 144//6850 3678//6850 146//6850
f 3669//6851 3678//6851 3676//6851
f 3676//6852 3679//6852 3664//6852
f 3664//6853 3679//6853 3670//6853
f 3672//6854 3680//6854 3675//6854
f 3677//6855 3680//6855 3672//6855
f 140//6856 3681//6856 3678//6856
f 3678//6857 3681//6857 3676//6857
f 135//6858 3681//6858 137//6858
f 137//6859 3681//6859 140//6859
f 3670//6860 3682//6860 3677//6860
f 3679//6861 3682//6861 3670//6861
f 3676//6862 3683//6862 3679//6862
f 135//6863 3683//6863 3681//6863
f 3681//6864 3683//6864 3676//6864
f 129//6865 3683//6865 131//6865
f 131//6866 3683//6866 135//6866
f 3682//6867 3684//6867 3677//6867
f 3680//6868 3684//6868 3675//6868
f 3677//6869 3684//6869 3680//6869
f 3675//6870 3684//6870 3685//6870
f 3683//6871 3686//6871 3679//6871
f 129//6872 3686//6872 3683//6872
f 123//6873 3686//6873 125//6873
f 125//6874 3686//6874 129//6874
f 3682//6875 3686//6875 3684//6875
f 3679//6876 3686//6876 3682//6876
f 3686//6877 3687//6877 3684//6877
f 3684//6878 3687//6878 3685//6878
f 123//6879 3687//6879 3686//6879
f 3685//6880 3687//6880 3370//6880
f 116//6881 3687//6881 119//6881
f 119//6882 3687//6882 123//6882
f 3370//6883 3687//6883 116//6883
f 3673//6884 3355//6884 3354//6884
f 116//6885 113//6885 3370//6885
f 3688//6886 3689//6886 3690//6886
f 3355//6887 3689//6887 3356//6887
f 3356//6888 3689//6888 3688//6888
f 3690//6889 3691//6889 3692//6889
f 3692//6890 3691//6890 3693//6890
f 3689//6891 3691//6891 3690//6891
f 3355//6892 3694//6892 3689//6892
f 3675//6893 3694//6893 3355//6893
f 3693//6894 3695//6894 3696//6894
f 3696//6895 3695//6895 3697//6895
f 3691//6896 3695//6896 3693//6896
f 3689//6897 3698//6897 3691//6897
f 3694//6898 3698//6898 3689//6898
f 3697//6899 3699//6899 3700//6899
f 3700//6900 3699//6900 3701//6900
f 3695//6901 3699//6901 3697//6901
f 3675//6902 3702//6902 3694//6902
f 3685//6903 3702//6903 3675//6903
f 3698//6904 3703//6904 3691//6904
f 3691//6905 3703//6905 3695//6905
f 3701//6906 3704//6906 3705//6906
f 3705//6907 3704//6907 3706//6907
f 3699//6908 3704//6908 3701//6908
f 3702//6909 3707//6909 3694//6909
f 3694//6910 3707//6910 3698//6910
f 3695//6911 3708//6911 3699//6911
f 3703//6912 3708//6912 3695//6912
f 110//6913 3709//6913 3370//6913
f 3685//6914 3709//6914 3702//6914
f 104//6915 3709//6915 108//6915
f 108//6916 3709//6916 110//6916
f 3370//6917 3709//6917 3685//6917
f 3706//6918 3710//6918 3711//6918
f 3711//6919 3710//6919 3712//6919
f 3704//6920 3710//6920 3706//6920
f 3707//6921 3713//6921 3698//6921
f 3698//6922 3713//6922 3703//6922
f 3708//6923 3343//6923 3699//6923
f 3699//6924 3343//6924 3704//6924
f 3709//6925 3714//6925 3702//6925
f 3702//6926 3714//6926 3707//6926
f 98//6927 3714//6927 102//6927
f 102//6928 3714//6928 104//6928
f 104//6929 3714//6929 3709//6929
f 3712//6930 3347//6930 3715//6930
f 3715//6931 3347//6931 3716//6931
f 3710//6932 3347//6932 3712//6932
f 3713//6933 3353//6933 3703//6933
f 3703//6934 3353//6934 3708//6934
f 3343//6935 3345//6935 3704//6935
f 3704//6936 3345//6936 3710//6936
f 3707//6937 3717//6937 3713//6937
f 3714//6938 3717//6938 3707//6938
f 98//6939 3717//6939 3714//6939
f 95//6940 3717//6940 96//6940
f 96//6941 3717//6941 98//6941
f 3716//6942 3349//6942 3718//6942
f 3718//6943 3349//6943 3719//6943
f 3347//6944 3349//6944 3716//6944
f 3708//6945 3346//6945 3343//6945
f 3353//6946 3346//6946 3708//6946
f 3710//6947 3350//6947 3347//6947
f 3345//6948 3350//6948 3710//6948
f 3717//6949 3351//6949 3713//6949
f 3713//6950 3351//6950 3353//6950
f 95//6951 3351//6951 3717//6951
f 86//6952 3351//6952 88//6952
f 88//6953 3351//6953 95//6953
f 3719//6954 3361//6954 3720//6954
f 3720//6955 3361//6955 3357//6955
f 3349//6956 3361//6956 3719//6956
f 3721//6957 3722//6957 3723//6957
f 3724//6958 3722//6958 3721//6958
f 3723//6959 3722//6959 3725//6959
f 3726//6960 3727//6960 3728//6960
f 3728//6961 3727//6961 3729//6961
f 23//6962 3727//6962 3726//6962
f 19//6963 3727//6963 21//6963
f 21//6964 3727//6964 23//6964
f 3730//6965 3731//6965 3732//6965
f 3732//6966 3731//6966 3733//6966
f 3734//6967 3735//6967 3736//6967
f 3725//6968 3731//6968 3730//6968
f 3737//6969 3738//6969 3724//6969
f 3739//6970 3738//6970 3737//6970
f 3722//6971 3740//6971 3725//6971
f 19//6972 3741//6972 3727//6972
f 3729//6973 3741//6973 3739//6973
f 3727//6974 3741//6974 3729//6974
f 15//6975 3741//6975 17//6975
f 17//6976 3741//6976 19//6976
f 3733//6977 3742//6977 3743//6977
f 3743//6978 3742//6978 3744//6978
f 3731//6979 3742//6979 3733//6979
f 3722//6980 3745//6980 3740//6980
f 3724//6981 3745//6981 3722//6981
f 3738//6982 3745//6982 3724//6982
f 3740//6983 3746//6983 3725//6983
f 3725//6984 3746//6984 3731//6984
f 3739//6985 3747//6985 3738//6985
f 3741//6986 3747//6986 3739//6986
f 15//6987 3747//6987 3741//6987
f 10//6988 3747//6988 13//6988
f 13//6989 3747//6989 15//6989
f 3744//6990 3748//6990 3749//6990
f 3749//6991 3748//6991 3750//6991
f 41//6992 39//6992 3751//6992
f 3742//6993 3748//6993 3744//6993
f 3745//6994 3752//6994 3740//6994
f 3746//6995 3753//6995 3731//6995
f 3731//6996 3753//6996 3742//6996
f 3747//6997 3754//6997 3738//6997
f 12//6998 3754//6998 9//6998
f 9//6999 3754//6999 10//6999
f 10//7000 3754//7000 3747//7000
f 3738//7001 3754//7001 3745//7001
f 3748//7002 3755//7002 3750//7002
f 3750//7003 3755//7003 3756//7003
f 3756//7004 3755//7004 3757//7004
f 3740//7005 3758//7005 3746//7005
f 3752//7006 3758//7006 3740//7006
f 3746//7007 3758//7007 3753//7007
f 3753//7008 3759//7008 3742//7008
f 3742//7009 3759//7009 3748//7009
f 3754//7010 3760//7010 3745//7010
f 12//7011 3760//7011 3754//7011
f 16//7012 3760//7012 14//7012
f 14//7013 3760//7013 12//7013
f 3745//7014 3760//7014 3752//7014
f 3757//7015 3761//7015 3762//7015
f 3762//7016 3761//7016 3763//7016
f 3755//7017 3761//7017 3757//7017
f 3758//7018 3764//7018 3753//7018
f 3748//7019 3765//7019 3755//7019
f 3759//7020 3765//7020 3748//7020
f 3752//7021 3766//7021 3758//7021
f 16//7022 3766//7022 3760//7022
f 20//7023 3766//7023 18//7023
f 18//7024 3766//7024 16//7024
f 3760//7025 3766//7025 3752//7025
f 3763//7026 3767//7026 3768//7026
f 3768//7027 3767//7027 3769//7027
f 3761//7028 3767//7028 3763//7028
f 3764//7029 3770//7029 3753//7029
f 3759//7030 3770//7030 3765//7030
f 3753//7031 3770//7031 3759//7031
f 3765//7032 3771//7032 3755//7032
f 3755//7033 3771//7033 3761//7033
f 3766//7034 3772//7034 3758//7034
f 3758//7035 3772//7035 3764//7035
f 20//7036 3772//7036 3766//7036
f 24//7037 3772//7037 22//7037
f 22//7038 3772//7038 20//7038
f 3767//7039 3773//7039 3769//7039
f 3769//7040 3773//7040 3774//7040
f 3774//7041 3773//7041 3775//7041
f 3770//7042 3776//7042 3765//7042
f 3771//7043 3777//7043 3761//7043
f 3761//7044 3777//7044 3767//7044
f 3764//7045 3778//7045 3770//7045
f 24//7046 3778//7046 3772//7046
f 28//7047 3778//7047 26//7047
f 26//7048 3778//7048 24//7048
f 3772//7049 3778//7049 3764//7049
f 3775//7050 3779//7050 3780//7050
f 3780//7051 3779//7051 3781//7051
f 3773//7052 3779//7052 3775//7052
f 3765//7053 3782//7053 3771//7053
f 3776//7054 3782//7054 3765//7054
f 3767//7055 3783//7055 3773//7055
f 3777//7056 3783//7056 3767//7056
f 28//7057 3784//7057 3778//7057
f 3778//7058 3784//7058 3770//7058
f 32//7059 3784//7059 30//7059
f 30//7060 3784//7060 28//7060
f 3770//7061 3784//7061 3776//7061
f 3781//7062 3785//7062 3786//7062
f 3786//7063 3785//7063 3787//7063
f 3779//7064 3785//7064 3781//7064
f 3771//7065 3788//7065 3777//7065
f 3782//7066 3788//7066 3771//7066
f 3773//7067 3789//7067 3779//7067
f 3779//7068 3789//7068 3785//7068
f 3783//7069 3789//7069 3773//7069
f 3776//7070 3790//7070 3782//7070
f 36//7071 3790//7071 34//7071
f 34//7072 3790//7072 32//7072
f 32//7073 3790//7073 3784//7073
f 3784//7074 3790//7074 3776//7074
f 3787//7075 3791//7075 3792//7075
f 3792//7076 3791//7076 3793//7076
f 3785//7077 3791//7077 3787//7077
f 3788//7078 3794//7078 3777//7078
f 3777//7079 3794//7079 3783//7079
f 3789//7080 3795//7080 3785//7080
f 3790//7081 3796//7081 3782//7081
f 40//7082 3796//7082 38//7082
f 38//7083 3796//7083 36//7083
f 3782//7084 3796//7084 3788//7084
f 36//7085 3796//7085 3790//7085
f 3791//7086 3797//7086 3793//7086
f 3793//7087 3797//7087 3798//7087
f 3798//7088 3797//7088 3799//7088
f 3794//7089 3800//7089 3783//7089
f 3783//7090 3800//7090 3789//7090
f 3785//7091 3801//7091 3791//7091
f 3795//7092 3801//7092 3785//7092
f 40//7093 3802//7093 3796//7093
f 3796//7094 3802//7094 3788//7094
f 3788//7095 3802//7095 3794//7095
f 44//7096 3802//7096 42//7096
f 42//7097 3802//7097 40//7097
f 3799//7098 3803//7098 3804//7098
f 3804//7099 3803//7099 3805//7099
f 3797//7100 3803//7100 3799//7100
f 3800//7101 3806//7101 3789//7101
f 3789//7102 3806//7102 3795//7102
f 3795//7103 3806//7103 3801//7103
f 3791//7104 3807//7104 3797//7104
f 3801//7105 3807//7105 3791//7105
f 3802//7106 3808//7106 3794//7106
f 44//7107 3808//7107 3802//7107
f 48//7108 3808//7108 46//7108
f 46//7109 3808//7109 44//7109
f 3794//7110 3808//7110 3800//7110
f 3805//7111 3809//7111 3810//7111
f 3810//7112 3809//7112 3811//7112
f 3803//7113 3809//7113 3805//7113
f 3806//7114 3812//7114 3801//7114
f 3797//7115 3813//7115 3803//7115
f 3807//7116 3813//7116 3797//7116
f 3806//7117 3814//7117 3812//7117
f 48//7118 3814//7118 3808//7118
f 3808//7119 3814//7119 3800//7119
f 52//7120 3814//7120 50//7120
f 50//7121 3814//7121 48//7121
f 3800//7122 3814//7122 3806//7122
f 3811//7123 3815//7123 3816//7123
f 3816//7124 3815//7124 3817//7124
f 3809//7125 3815//7125 3811//7125
f 3801//7126 3818//7126 3807//7126
f 3812//7127 3818//7127 3801//7127
f 3809//7128 3819//7128 3815//7128
f 3803//7129 3819//7129 3809//7129
f 3813//7130 3819//7130 3803//7130
f 52//7131 3820//7131 3814//7131
f 56//7132 3820//7132 54//7132
f 54//7133 3820//7133 52//7133
f 3814//7134 3820//7134 3812//7134
f 3817//7135 3821//7135 3822//7135
f 3822//7136 3821//7136 3823//7136
f 3815//7137 3821//7137 3817//7137
f 3807//7138 3824//7138 3813//7138
f 3813//7139 3824//7139 3819//7139
f 3818//7140 3824//7140 3807//7140
f 3819//7141 3825//7141 3815//7141
f 3820//7142 3826//7142 3812//7142
f 223//7143 3826//7143 229//7143
f 229//7144 3826//7144 56//7144
f 56//7145 3826//7145 3820//7145
f 3812//7146 3826//7146 3818//7146
f 3821//7147 3827//7147 3823//7147
f 3823//7148 3827//7148 3828//7148
f 3828//7149 3827//7149 3829//7149
f 3824//7150 3830//7150 3819//7150
f 3825//7151 3831//7151 3815//7151
f 3815//7152 3831//7152 3821//7152
f 223//7153 3832//7153 3826//7153
f 3818//7154 3832//7154 3824//7154
f 3826//7155 3832//7155 3818//7155
f 215//7156 3832//7156 220//7156
f 220//7157 3832//7157 223//7157
f 3829//7158 3833//7158 3834//7158
f 3834//7159 3833//7159 3835//7159
f 3827//7160 3833//7160 3829//7160
f 3825//7161 3836//7161 3831//7161
f 3819//7162 3836//7162 3825//7162
f 3830//7163 3836//7163 3819//7163
f 3831//7164 3837//7164 3821//7164
f 3821//7165 3837//7165 3827//7165
f 3827//7166 3837//7166 3833//7166
f 3830//7167 3838//7167 3836//7167
f 207//7168 3838//7168 212//7168
f 212//7169 3838//7169 215//7169
f 3824//7170 3838//7170 3830//7170
f 215//7171 3838//7171 3832//7171
f 3832//7172 3838//7172 3824//7172
f 3833//7173 3839//7173 3835//7173
f 3835//7174 3839//7174 3840//7174
f 3840//7175 3839//7175 3841//7175
f 3831//7176 3842//7176 3837//7176
f 3836//7177 3842//7177 3831//7177
f 3837//7178 3843//7178 3833//7178
f 199//7179 3844//7179 204//7179
f 204//7180 3844//7180 207//7180
f 207//7181 3844//7181 3838//7181
f 3838//7182 3844//7182 3836//7182
f 3839//7183 3845//7183 3841//7183
f 3841//7184 3845//7184 3846//7184
f 3846//7185 3845//7185 3847//7185
f 3842//7186 3848//7186 3837//7186
f 3837//7187 3848//7187 3843//7187
f 3839//7188 3849//7188 3845//7188
f 3843//7189 3849//7189 3833//7189
f 3833//7190 3849//7190 3839//7190
f 3836//7191 3850//7191 3842//7191
f 3844//7192 3850//7192 3836//7192
f 3842//7193 3850//7193 3848//7193
f 203//7194 3850//7194 201//7194
f 201//7195 3850//7195 199//7195
f 199//7196 3850//7196 3844//7196
f 3845//7197 3851//7197 3847//7197
f 3847//7198 3851//7198 3852//7198
f 3852//7199 3851//7199 3853//7199
f 3848//7200 3854//7200 3843//7200
f 3843//7201 3854//7201 3849//7201
f 3849//7202 3855//7202 3845//7202
f 3845//7203 3855//7203 3851//7203
f 203//7204 3856//7204 3850//7204
f 214//7205 3856//7205 210//7205
f 210//7206 3856//7206 203//7206
f 3850//7207 3856//7207 3848//7207
f 3851//7208 3857//7208 3853//7208
f 3853//7209 3857//7209 3858//7209
f 3858//7210 3857//7210 3859//7210
f 3849//7211 3860//7211 3855//7211
f 3854//7212 3860//7212 3849//7212
f 3855//7213 3861//7213 3851//7213
f 3856//7214 3862//7214 3848//7214
f 222//7215 3862//7215 218//7215
f 218//7216 3862//7216 214//7216
f 214//7217 3862//7217 3856//7217
f 3848//7218 3862//7218 3854//7218
f 3857//7219 3863//7219 3859//7219
f 3859//7220 3863//7220 3864//7220
f 3864//7221 3863//7221 3865//7221
f 3860//7222 3866//7222 3855//7222
f 3855//7223 3866//7223 3861//7223
f 3861//7224 3867//7224 3851//7224
f 3851//7225 3867//7225 3857//7225
f 3860//7226 3868//7226 3866//7226
f 222//7227 3868//7227 3862//7227
f 227//7228 3868//7228 226//7228
f 226//7229 3868//7229 222//7229
f 3854//7230 3868//7230 3860//7230
f 3862//7231 3868//7231 3854//7231
f 3865//7232 3869//7232 3870//7232
f 3870//7233 3869//7233 3871//7233
f 3863//7234 3869//7234 3865//7234
f 3861//7235 3872//7235 3867//7235
f 3866//7236 3872//7236 3861//7236
f 3857//7237 3873//7237 3863//7237
f 3867//7238 3873//7238 3857//7238
f 236//7239 3874//7239 233//7239
f 233//7240 3874//7240 227//7240
f 3868//7241 3874//7241 3866//7241
f 227//7242 3874//7242 3868//7242
f 3871//7243 3875//7243 3876//7243
f 3876//7244 3875//7244 3877//7244
f 3869//7245 3875//7245 3871//7245
f 3872//7246 3878//7246 3867//7246
f 3863//7247 3879//7247 3869//7247
f 3873//7248 3879//7248 3863//7248
f 3869//7249 3879//7249 3875//7249
f 241//7250 3880//7250 239//7250
f 239//7251 3880//7251 236//7251
f 236//7252 3880//7252 3874//7252
f 3866//7253 3880//7253 3872//7253
f 3874//7254 3880//7254 3866//7254
f 3877//7255 3881//7255 3882//7255
f 3882//7256 3881//7256 3883//7256
f 3875//7257 3881//7257 3877//7257
f 3867//7258 3884//7258 3873//7258
f 3878//7259 3884//7259 3867//7259
f 3879//7260 3885//7260 3875//7260
f 3872//7261 3886//7261 3878//7261
f 245//7262 3886//7262 242//7262
f 242//7263 3886//7263 241//7263
f 241//7264 3886//7264 3880//7264
f 3880//7265 3886//7265 3872//7265
f 3878//7266 3886//7266 3884//7266
f 3883//7267 3887//7267 3888//7267
f 3888//7268 3887//7268 3889//7268
f 3881//7269 3887//7269 3883//7269
f 3884//7270 3890//7270 3873//7270
f 3873//7271 3890//7271 3879//7271
f 3879//7272 3890//7272 3885//7272
f 3875//7273 3891//7273 3881//7273
f 3885//7274 3891//7274 3875//7274
f 248//7275 3892//7275 246//7275
f 246//7276 3892//7276 245//7276
f 3886//7277 3892//7277 3884//7277
f 245//7278 3892//7278 3886//7278
f 3889//7279 3893//7279 3894//7279
f 3894//7280 3893//7280 3895//7280
f 3887//7281 3893//7281 3889//7281
f 3890//7282 3896//7282 3885//7282
f 3891//7283 3897//7283 3881//7283
f 3881//7284 3897//7284 3887//7284
f 3892//7285 3898//7285 3884//7285
f 3884//7286 3898//7286 3890//7286
f 253//7287 3898//7287 251//7287
f 251//7288 3898//7288 248//7288
f 248//7289 3898//7289 3892//7289
f 3895//7290 3899//7290 3900//7290
f 3900//7291 3899//7291 3901//7291
f 3893//7292 3899//7292 3895//7292
f 3896//7293 3902//7293 3885//7293
f 3885//7294 3902//7294 3891//7294
f 3897//7295 3903//7295 3887//7295
f 3887//7296 3903//7296 3893//7296
f 3890//7297 3904//7297 3896//7297
f 253//7298 3904//7298 3898//7298
f 256//7299 3904//7299 255//7299
f 255//7300 3904//7300 253//7300
f 3898//7301 3904//7301 3890//7301
f 3899//7302 3905//7302 3901//7302
f 3901//7303 3905//7303 3906//7303
f 3906//7304 3905//7304 3907//7304
f 3891//7305 3908//7305 3897//7305
f 3902//7306 3908//7306 3891//7306
f 3893//7307 3909//7307 3899//7307
f 3903//7308 3909//7308 3893//7308
f 3902//7309 3910//7309 3908//7309
f 260//7310 3910//7310 258//7310
f 3896//7311 3910//7311 3902//7311
f 258//7312 3910//7312 256//7312
f 256//7313 3910//7313 3904//7313
f 3904//7314 3910//7314 3896//7314
f 3907//7315 3911//7315 3912//7315
f 3912//7316 3911//7316 3913//7316
f 3905//7317 3911//7317 3907//7317
f 3897//7318 3914//7318 3903//7318
f 3908//7319 3914//7319 3897//7319
f 3899//7320 3915//7320 3905//7320
f 3905//7321 3915//7321 3911//7321
f 3909//7322 3915//7322 3899//7322
f 260//7323 3916//7323 3910//7323
f 264//7324 3916//7324 262//7324
f 262//7325 3916//7325 260//7325
f 3910//7326 3916//7326 3908//7326
f 3913//7327 3917//7327 3918//7327
f 3918//7328 3917//7328 3919//7328
f 3911//7329 3917//7329 3913//7329
f 3914//7330 3920//7330 3903//7330
f 3903//7331 3920//7331 3909//7331
f 3909//7332 3920//7332 3915//7332
f 3915//7333 3921//7333 3911//7333
f 3911//7334 3921//7334 3917//7334
f 177//7335 3922//7335 179//7335
f 179//7336 3922//7336 264//7336
f 264//7337 3922//7337 3916//7337
f 3908//7338 3922//7338 3914//7338
f 3916//7339 3922//7339 3908//7339
f 3919//7340 3923//7340 3924//7340
f 3924//7341 3923//7341 3925//7341
f 3917//7342 3923//7342 3919//7342
f 3920//7343 3926//7343 3915//7343
f 3921//7344 3927//7344 3917//7344
f 3917//7345 3927//7345 3923//7345
f 171//7346 3928//7346 174//7346
f 174//7347 3928//7347 177//7347
f 3914//7348 3928//7348 3920//7348
f 3922//7349 3928//7349 3914//7349
f 177//7350 3928//7350 3922//7350
f 3925//7351 3929//7351 3930//7351
f 3930//7352 3929//7352 3931//7352
f 3923//7353 3929//7353 3925//7353
f 3921//7354 3932//7354 3927//7354
f 3915//7355 3932//7355 3921//7355
f 3926//7356 3932//7356 3915//7356
f 3927//7357 3933//7357 3923//7357
f 165//7358 3934//7358 168//7358
f 168//7359 3934//7359 171//7359
f 3920//7360 3934//7360 3926//7360
f 3928//7361 3934//7361 3920//7361
f 171//7362 3934//7362 3928//7362
f 3931//7363 3935//7363 3936//7363
f 3936//7364 3935//7364 3937//7364
f 3929//7365 3935//7365 3931//7365
f 3932//7366 3938//7366 3927//7366
f 3927//7367 3938//7367 3933//7367
f 3923//7368 3939//7368 3929//7368
f 3933//7369 3939//7369 3923//7369
f 3929//7370 3939//7370 3935//7370
f 156//7371 3940//7371 162//7371
f 162//7372 3940//7372 165//7372
f 165//7373 3940//7373 3934//7373
f 3926//7374 3940//7374 3932//7374
f 3934//7375 3940//7375 3926//7375
f 3937//7376 3941//7376 3942//7376
f 3942//7377 3941//7377 3943//7377
f 3935//7378 3941//7378 3937//7378
f 3938//7379 3944//7379 3933//7379
f 3939//7380 3945//7380 3935//7380
f 3940//7381 3946//7381 3932//7381
f 154//7382 3946//7382 158//7382
f 158//7383 3946//7383 156//7383
f 156//7384 3946//7384 3940//7384
f 3932//7385 3946//7385 3938//7385
f 3943//7386 3947//7386 3948//7386
f 3948//7387 3947//7387 3949//7387
f 3941//7388 3947//7388 3943//7388
f 3933//7389 3950//7389 3939//7389
f 3944//7390 3950//7390 3933//7390
f 3935//7391 3951//7391 3941//7391
f 3945//7392 3951//7392 3935//7392
f 148//7393 3952//7393 151//7393
f 151//7394 3952//7394 154//7394
f 3946//7395 3952//7395 3938//7395
f 3938//7396 3952//7396 3944//7396
f 154//7397 3952//7397 3946//7397
f 3949//7398 3953//7398 3954//7398
f 3954//7399 3953//7399 3955//7399
f 3947//7400 3953//7400 3949//7400
f 3950//7401 3956//7401 3939//7401
f 3939//7402 3956//7402 3945//7402
f 3951//7403 3957//7403 3941//7403
f 3941//7404 3957//7404 3947//7404
f 142//7405 3958//7405 143//7405
f 143//7406 3958//7406 148//7406
f 148//7407 3958//7407 3952//7407
f 3944//7408 3958//7408 3950//7408
f 3952//7409 3958//7409 3944//7409
f 3953//7410 3959//7410 3955//7410
f 3955//7411 3959//7411 3960//7411
f 3960//7412 3959//7412 3961//7412
f 3945//7413 3962//7413 3951//7413
f 3956//7414 3962//7414 3945//7414
f 3951//7415 3962//7415 3957//7415
f 3957//7416 3963//7416 3947//7416
f 3947//7417 3963//7417 3953//7417
f 134//7418 3964//7418 139//7418
f 139//7419 3964//7419 142//7419
f 142//7420 3964//7420 3958//7420
f 3958//7421 3964//7421 3950//7421
f 3950//7422 3964//7422 3956//7422
f 3961//7423 3965//7423 3966//7423
f 3966//7424 3965//7424 3967//7424
f 3959//7425 3965//7425 3961//7425
f 3957//7426 3968//7426 3963//7426
f 3962//7427 3968//7427 3957//7427
f 3953//7428 3969//7428 3959//7428
f 3963//7429 3969//7429 3953//7429
f 128//7430 3970//7430 133//7430
f 133//7431 3970//7431 134//7431
f 3956//7432 3970//7432 3962//7432
f 3964//7433 3970//7433 3956//7433
f 134//7434 3970//7434 3964//7434
f 3967//7435 3971//7435 3972//7435
f 3965//7436 3971//7436 3967//7436
f 3972//7437 3971//7437 3973//7437
f 3968//7438 3974//7438 3963//7438
f 3959//7439 3975//7439 3965//7439
f 3969//7440 3975//7440 3959//7440
f 122//7441 3976//7441 127//7441
f 127//7442 3976//7442 128//7442
f 3968//7443 3976//7443 3974//7443
f 3962//7444 3976//7444 3968//7444
f 128//7445 3976//7445 3970//7445
f 3970//7446 3976//7446 3962//7446
f 3973//7447 3977//7447 3978//7447
f 3978//7448 3977//7448 3979//7448
f 3971//7449 3977//7449 3973//7449
f 3963//7450 3980//7450 3969//7450
f 3969//7451 3980//7451 3975//7451
f 3974//7452 3980//7452 3963//7452
f 3975//7453 3981//7453 3965//7453
f 3965//7454 3981//7454 3971//7454
f 118//7455 3982//7455 121//7455
f 121//7456 3982//7456 122//7456
f 122//7457 3982//7457 3976//7457
f 3976//7458 3982//7458 3974//7458
f 3977//7459 3983//7459 3979//7459
f 3979//7460 3983//7460 3984//7460
f 3984//7461 3983//7461 3985//7461
f 3980//7462 3986//7462 3975//7462
f 3971//7463 3987//7463 3977//7463
f 3981//7464 3987//7464 3971//7464
f 115//7465 3988//7465 118//7465
f 3974//7466 3988//7466 3980//7466
f 118//7467 3988//7467 3982//7467
f 3982//7468 3988//7468 3974//7468
f 112//7469 3988//7469 115//7469
f 3983//7470 3989//7470 3985//7470
f 3985//7471 3989//7471 3990//7471
f 3990//7472 3989//7472 3991//7472
f 3975//7473 3992//7473 3981//7473
f 3986//7474 3992//7474 3975//7474
f 3977//7475 3993//7475 3983//7475
f 3983//7476 3993//7476 3989//7476
f 3987//7477 3993//7477 3977//7477
f 3980//7478 3994//7478 3986//7478
f 3988//7479 3994//7479 3980//7479
f 106//7480 3994//7480 107//7480
f 112//7481 3994//7481 3988//7481
f 107//7482 3994//7482 112//7482
f 3991//7483 3995//7483 3996//7483
f 3996//7484 3995//7484 3997//7484
f 3989//7485 3995//7485 3991//7485
f 3987//7486 3998//7486 3993//7486
f 3981//7487 3998//7487 3987//7487
f 3992//7488 3998//7488 3981//7488
f 3993//7489 3999//7489 3989//7489
f 106//7490 4000//7490 3994//7490
f 3986//7491 4000//7491 3992//7491
f 100//7492 4000//7492 101//7492
f 3994//7493 4000//7493 3986//7493
f 101//7494 4000//7494 106//7494
f 3997//7495 4001//7495 4002//7495
f 4002//7496 4001//7496 4003//7496
f 3995//7497 4001//7497 3997//7497
f 3998//7498 4004//7498 3993//7498
f 3999//7499 4005//7499 3989//7499
f 3989//7500 4005//7500 3995//7500
f 3992//7501 4006//7501 3998//7501
f 100//7502 4006//7502 4000//7502
f 4000//7503 4006//7503 3992//7503
f 91//7504 4006//7504 93//7504
f 93//7505 4006//7505 100//7505
f 4003//7506 4007//7506 4008//7506
f 4008//7507 4007//7507 4009//7507
f 4001//7508 4007//7508 4003//7508
f 3993//7509 4010//7509 3999//7509
f 4004//7510 4010//7510 3993//7510
f 4005//7511 4011//7511 3995//7511
f 3995//7512 4011//7512 4001//7512
f 4004//7513 4012//7513 4010//7513
f 4006//7514 4012//7514 3998//7514
f 91//7515 4012//7515 4006//7515
f 3998//7516 4012//7516 4004//7516
f 85//7517 4012//7517 90//7517
f 90//7518 4012//7518 91//7518
f 4007//7519 4013//7519 4009//7519
f 4009//7520 4013//7520 4014//7520
f 4014//7521 4013//7521 4015//7521
f 3999//7522 4016//7522 4005//7522
f 4010//7523 4016//7523 3999//7523
f 4005//7524 4016//7524 4011//7524
f 4007//7525 4017//7525 4013//7525
f 4011//7526 4017//7526 4001//7526
f 4001//7527 4017//7527 4007//7527
f 4012//7528 4018//7528 4010//7528
f 85//7529 4018//7529 4012//7529
f 79//7530 4018//7530 84//7530
f 84//7531 4018//7531 85//7531
f 4015//7532 4019//7532 4020//7532
f 4020//7533 4019//7533 4021//7533
f 4013//7534 4019//7534 4015//7534
f 4016//7535 4022//7535 4011//7535
f 4017//7536 4023//7536 4013//7536
f 4013//7537 4023//7537 4019//7537
f 4010//7538 4024//7538 4016//7538
f 4018//7539 4024//7539 4010//7539
f 79//7540 4024//7540 4018//7540
f 72//7541 4024//7541 73//7541
f 73//7542 4024//7542 79//7542
f 4021//7543 4025//7543 4026//7543
f 4026//7544 4025//7544 4027//7544
f 4019//7545 4025//7545 4021//7545
f 4011//7546 4028//7546 4017//7546
f 4022//7547 4028//7547 4011//7547
f 4023//7548 4029//7548 4019//7548
f 4022//7549 4030//7549 4028//7549
f 4024//7550 4030//7550 4016//7550
f 72//7551 4030//7551 4024//7551
f 63//7552 4030//7552 67//7552
f 67//7553 4030//7553 72//7553
f 4016//7554 4030//7554 4022//7554
f 4027//7555 4031//7555 4032//7555
f 4032//7556 4031//7556 4033//7556
f 4025//7557 4031//7557 4027//7557
f 4017//7558 4034//7558 4023//7558
f 4028//7559 4034//7559 4017//7559
f 4019//7560 4035//7560 4025//7560
f 4029//7561 4035//7561 4019//7561
f 4028//7562 4036//7562 4034//7562
f 4030//7563 4036//7563 4028//7563
f 63//7564 4036//7564 4030//7564
f 61//7565 4036//7565 60//7565
f 60//7566 4036//7566 63//7566
f 4033//7567 4037//7567 4038//7567
f 4038//7568 4037//7568 4039//7568
f 4031//7569 4037//7569 4033//7569
f 4029//7570 4040//7570 4035//7570
f 4023//7571 4040//7571 4029//7571
f 4034//7572 4040//7572 4023//7572
f 4025//7573 4041//7573 4031//7573
f 4035//7574 4041//7574 4025//7574
f 68//7575 4042//7575 65//7575
f 65//7576 4042//7576 61//7576
f 4036//7577 4042//7577 4034//7577
f 61//7578 4042//7578 4036//7578
f 4039//7579 4043//7579 4044//7579
f 4044//7580 4043//7580 4045//7580
f 4037//7581 4043//7581 4039//7581
f 4040//7582 4046//7582 4035//7582
f 4041//7583 4047//7583 4031//7583
f 4031//7584 4047//7584 4037//7584
f 4042//7585 4048//7585 4034//7585
f 68//7586 4048//7586 4042//7586
f 75//7587 4048//7587 70//7587
f 70//7588 4048//7588 68//7588
f 4034//7589 4048//7589 4040//7589
f 4043//7590 4049//7590 4045//7590
f 4050//7591 4049//7591 3735//7591
f 4045//7592 4049//7592 4051//7592
f 4051//7593 4049//7593 4050//7593
f 4046//7594 4052//7594 4035//7594
f 4035//7595 4052//7595 4041//7595
f 4043//7596 4053//7596 4049//7596
f 4037//7597 4053//7597 4043//7597
f 4047//7598 4053//7598 4037//7598
f 4040//7599 4054//7599 4046//7599
f 75//7600 4054//7600 4048//7600
f 82//7601 4054//7601 80//7601
f 80//7602 4054//7602 75//7602
f 4048//7603 4054//7603 4040//7603
f 4047//7604 4055//7604 4053//7604
f 4052//7605 4055//7605 4041//7605
f 4041//7606 4055//7606 4047//7606
f 4049//7607 4056//7607 3735//7607
f 4053//7608 4056//7608 4049//7608
f 3735//7609 4056//7609 4057//7609
f 4057//7610 4056//7610 4058//7610
f 4046//7611 4059//7611 4052//7611
f 4054//7612 4059//7612 4046//7612
f 82//7613 4059//7613 4054//7613
f 55//7614 4059//7614 57//7614
f 57//7615 4059//7615 82//7615
f 4055//7616 4060//7616 4053//7616
f 4055//7617 4061//7617 4060//7617
f 4059//7618 4061//7618 4052//7618
f 55//7619 4061//7619 4059//7619
f 4052//7620 4061//7620 4055//7620
f 51//7621 4061//7621 53//7621
f 53//7622 4061//7622 55//7622
f 4060//7623 4062//7623 4053//7623
f 4053//7624 4062//7624 4056//7624
f 4056//7625 4062//7625 4058//7625
f 4058//7626 4062//7626 3751//7626
f 4061//7627 4063//7627 4060//7627
f 51//7628 4063//7628 4061//7628
f 47//7629 4063//7629 49//7629
f 49//7630 4063//7630 51//7630
f 4063//7631 4064//7631 4060//7631
f 4062//7632 4064//7632 3751//7632
f 47//7633 4064//7633 4063//7633
f 4060//7634 4064//7634 4062//7634
f 43//7635 4064//7635 45//7635
f 45//7636 4064//7636 47//7636
f 3751//7637 4064//7637 43//7637
f 4050//7638 3735//7638 3734//7638
f 43//7639 41//7639 3751//7639
f 4065//7640 4066//7640 4067//7640
f 3735//7641 4066//7641 3736//7641
f 3736//7642 4066//7642 4065//7642
f 4067//7643 4068//7643 4069//7643
f 4069//7644 4068//7644 4070//7644
f 4066//7645 4068//7645 4067//7645
f 3735//7646 4071//7646 4066//7646
f 4057//7647 4071//7647 3735//7647
f 4070//7648 4072//7648 4073//7648
f 4073//7649 4072//7649 4074//7649
f 4068//7650 4072//7650 4070//7650
f 4066//7651 4075//7651 4068//7651
f 4071//7652 4075//7652 4066//7652
f 4074//7653 4076//7653 4077//7653
f 4077//7654 4076//7654 4078//7654
f 4072//7655 4076//7655 4074//7655
f 4057//7656 4079//7656 4071//7656
f 4058//7657 4079//7657 4057//7657
f 4075//7658 4080//7658 4068//7658
f 4068//7659 4080//7659 4072//7659
f 4078//7660 4081//7660 4082//7660
f 4082//7661 4081//7661 4083//7661
f 4076//7662 4081//7662 4078//7662
f 4079//7663 4084//7663 4071//7663
f 4071//7664 4084//7664 4075//7664
f 4072//7665 4085//7665 4076//7665
f 4080//7666 4085//7666 4072//7666
f 39//7667 4086//7667 3751//7667
f 4058//7668 4086//7668 4079//7668
f 35//7669 4086//7669 37//7669
f 37//7670 4086//7670 39//7670
f 3751//7671 4086//7671 4058//7671
f 4081//7672 4087//7672 4083//7672
f 4083//7673 4087//7673 4088//7673
f 4088//7674 4087//7674 4089//7674
f 4084//7675 4090//7675 4075//7675
f 4075//7676 4090//7676 4080//7676
f 4085//7677 4091//7677 4076//7677
f 4076//7678 4091//7678 4081//7678
f 4086//7679 4092//7679 4079//7679
f 4079//7680 4092//7680 4084//7680
f 31//7681 4092//7681 33//7681
f 33//7682 4092//7682 35//7682
f 35//7683 4092//7683 4086//7683
f 4089//7684 3721//7684 4093//7684
f 4087//7685 3721//7685 4089//7685
f 4093//7686 3721//7686 4094//7686
f 4090//7687 3728//7687 4080//7687
f 4080//7688 3728//7688 4085//7688
f 4091//7689 3737//7689 4081//7689
f 4081//7690 3737//7690 4087//7690
f 4084//7691 4095//7691 4090//7691
f 4092//7692 4095//7692 4084//7692
f 31//7693 4095//7693 4092//7693
f 27//7694 4095//7694 29//7694
f 29//7695 4095//7695 31//7695
f 3721//7696 3723//7696 4094//7696
f 4094//7697 3723//7697 4096//7697
f 4096//7698 3723//7698 4097//7698
f 4085//7699 3729//7699 4091//7699
f 3728//7700 3729//7700 4085//7700
f 3737//7701 3724//7701 4087//7701
f 4087//7702 3724//7702 3721//7702
f 4095//7703 3726//7703 4090//7703
f 4090//7704 3726//7704 3728//7704
f 27//7705 3726//7705 4095//7705
f 23//7706 3726//7706 25//7706
f 25//7707 3726//7707 27//7707
f 4097//7708 3725//7708 4098//7708
f 4098//7709 3725//7709 3730//7709
f 3723//7710 3725//7710 4097//7710
f 4091//7711 3739//7711 3737//7711
f 3729//7712 3739//7712 4091//7712
f 4099//7713 4100//7713 4101//7713
f 4102//7714 4103//7714 4104//7714
f 4105//7715 4103//7715 4102//7715
f 4106//7716 4107//7716 4108//7716
f 4108//7717 4107//7717 4099//7717
f 340//7718 4107//7718 4106//7718
f 334//7719 4107//7719 337//7719
f 337//7720 4107//7720 340//7720
f 4109//7721 4110//7721 4111//7721
f 4112//7722 4113//7722 4114//7722
f 4111//7723 4110//7723 4115//7723
f 4116//7724 4110//7724 4109//7724
f 4105//7725 4117//7725 4103//7725
f 4118//7726 4117//7726 4105//7726
f 4100//7727 4117//7727 4118//7727
f 4104//7728 4119//7728 4116//7728
f 4103//7729 4119//7729 4104//7729
f 334//7730 4120//7730 4107//7730
f 4099//7731 4120//7731 4100//7731
f 4107//7732 4120//7732 4099//7732
f 325//7733 4120//7733 328//7733
f 328//7734 4120//7734 334//7734
f 4115//7735 4121//7735 4122//7735
f 4122//7736 4121//7736 4123//7736
f 4110//7737 4121//7737 4115//7737
f 4117//7738 4124//7738 4103//7738
f 4119//7739 4125//7739 4116//7739
f 4116//7740 4125//7740 4110//7740
f 325//7741 4126//7741 4120//7741
f 4100//7742 4126//7742 4117//7742
f 318//7743 4126//7743 321//7743
f 321//7744 4126//7744 325//7744
f 376//7745 371//7745 4127//7745
f 4120//7746 4126//7746 4100//7746
f 4123//7747 4128//7747 4129//7747
f 4129//7748 4128//7748 4130//7748
f 4121//7749 4128//7749 4123//7749
f 4103//7750 4131//7750 4119//7750
f 4124//7751 4131//7751 4103//7751
f 4125//7752 4132//7752 4110//7752
f 4110//7753 4132//7753 4121//7753
f 4126//7754 4133//7754 4117//7754
f 4117//7755 4133//7755 4124//7755
f 319//7756 4133//7756 315//7756
f 315//7757 4133//7757 318//7757
f 318//7758 4133//7758 4126//7758
f 4128//7759 4134//7759 4130//7759
f 4130//7760 4134//7760 4135//7760
f 4135//7761 4134//7761 4136//7761
f 4131//7762 4137//7762 4119//7762
f 4119//7763 4137//7763 4125//7763
f 4125//7764 4137//7764 4132//7764
f 4132//7765 4138//7765 4121//7765
f 4121//7766 4138//7766 4128//7766
f 4133//7767 4139//7767 4124//7767
f 327//7768 4139//7768 323//7768
f 323//7769 4139//7769 319//7769
f 319//7770 4139//7770 4133//7770
f 4124//7771 4139//7771 4131//7771
f 4136//7772 4140//7772 4141//7772
f 4141//7773 4140//7773 4142//7773
f 4134//7774 4140//7774 4136//7774
f 4137//7775 4143//7775 4132//7775
f 4138//7776 4144//7776 4128//7776
f 4128//7777 4144//7777 4134//7777
f 4131//7778 4145//7778 4137//7778
f 327//7779 4145//7779 4139//7779
f 336//7780 4145//7780 331//7780
f 331//7781 4145//7781 327//7781
f 4139//7782 4145//7782 4131//7782
f 4142//7783 4146//7783 4147//7783
f 4147//7784 4146//7784 4148//7784
f 4140//7785 4146//7785 4142//7785
f 4143//7786 4149//7786 4132//7786
f 4132//7787 4149//7787 4138//7787
f 4134//7788 4150//7788 4140//7788
f 4144//7789 4150//7789 4134//7789
f 4145//7790 4151//7790 4137//7790
f 336//7791 4151//7791 4145//7791
f 4137//7792 4151//7792 4143//7792
f 342//7793 4151//7793 339//7793
f 339//7794 4151//7794 336//7794
f 4146//7795 4152//7795 4148//7795
f 4148//7796 4152//7796 4153//7796
f 4153//7797 4152//7797 4154//7797
f 4149//7798 4155//7798 4138//7798
f 4138//7799 4155//7799 4144//7799
f 4140//7800 4156//7800 4146//7800
f 4150//7801 4156//7801 4140//7801
f 351//7802 4157//7802 346//7802
f 346//7803 4157//7803 342//7803
f 4143//7804 4157//7804 4149//7804
f 4151//7805 4157//7805 4143//7805
f 342//7806 4157//7806 4151//7806
f 4154//7807 4158//7807 4159//7807
f 4159//7808 4158//7808 4160//7808
f 4152//7809 4158//7809 4154//7809
f 4144//7810 4161//7810 4150//7810
f 4155//7811 4161//7811 4144//7811
f 4156//7812 4162//7812 4146//7812
f 4146//7813 4162//7813 4152//7813
f 4149//7814 4163//7814 4155//7814
f 351//7815 4163//7815 4157//7815
f 359//7816 4163//7816 354//7816
f 354//7817 4163//7817 351//7817
f 4157//7818 4163//7818 4149//7818
f 4158//7819 4164//7819 4160//7819
f 4160//7820 4164//7820 4165//7820
f 4165//7821 4164//7821 4166//7821
f 4161//7822 4167//7822 4150//7822
f 4150//7823 4167//7823 4156//7823
f 4162//7824 4168//7824 4152//7824
f 4152//7825 4168//7825 4158//7825
f 359//7826 4169//7826 4163//7826
f 366//7827 4169//7827 363//7827
f 363//7828 4169//7828 359//7828
f 4163//7829 4169//7829 4155//7829
f 4155//7830 4169//7830 4161//7830
f 4164//7831 4170//7831 4166//7831
f 4166//7832 4170//7832 4171//7832
f 4171//7833 4170//7833 4172//7833
f 4156//7834 4173//7834 4162//7834
f 4167//7835 4173//7835 4156//7835
f 4168//7836 4174//7836 4158//7836
f 4158//7837 4174//7837 4164//7837
f 366//7838 4175//7838 4169//7838
f 374//7839 4175//7839 370//7839
f 370//7840 4175//7840 366//7840
f 4161//7841 4175//7841 4167//7841
f 4169//7842 4175//7842 4161//7842
f 4170//7843 4176//7843 4172//7843
f 4172//7844 4176//7844 4177//7844
f 4177//7845 4176//7845 4178//7845
f 4168//7846 4179//7846 4174//7846
f 4173//7847 4179//7847 4162//7847
f 4162//7848 4179//7848 4168//7848
f 4164//7849 4180//7849 4170//7849
f 4174//7850 4180//7850 4164//7850
f 4170//7851 4180//7851 4176//7851
f 374//7852 4181//7852 4175//7852
f 382//7853 4181//7853 377//7853
f 377//7854 4181//7854 374//7854
f 4175//7855 4181//7855 4167//7855
f 4167//7856 4181//7856 4173//7856
f 4176//7857 4182//7857 4178//7857
f 4178//7858 4182//7858 4183//7858
f 4183//7859 4182//7859 4184//7859
f 4179//7860 4185//7860 4174//7860
f 4174//7861 4185//7861 4180//7861
f 4180//7862 4186//7862 4176//7862
f 4179//7863 4187//7863 4185//7863
f 4173//7864 4187//7864 4179//7864
f 4181//7865 4187//7865 4173//7865
f 390//7866 4187//7866 386//7866
f 386//7867 4187//7867 382//7867
f 382//7868 4187//7868 4181//7868
f 4184//7869 4188//7869 4189//7869
f 4189//7870 4188//7870 4190//7870
f 4182//7871 4188//7871 4184//7871
f 4185//7872 4191//7872 4180//7872
f 4186//7873 4192//7873 4176//7873
f 4182//7874 4192//7874 4188//7874
f 4176//7875 4192//7875 4182//7875
f 4187//7876 4193//7876 4185//7876
f 390//7877 4193//7877 4187//7877
f 398//7878 4193//7878 395//7878
f 395//7879 4193//7879 390//7879
f 4190//7880 4194//7880 4195//7880
f 4195//7881 4194//7881 4196//7881
f 4188//7882 4194//7882 4190//7882
f 4180//7883 4197//7883 4186//7883
f 4191//7884 4197//7884 4180//7884
f 4188//7885 4198//7885 4194//7885
f 4192//7886 4198//7886 4188//7886
f 398//7887 4199//7887 4193//7887
f 406//7888 4199//7888 402//7888
f 402//7889 4199//7889 398//7889
f 4193//7890 4199//7890 4185//7890
f 4185//7891 4199//7891 4191//7891
f 4194//7892 4200//7892 4196//7892
f 4196//7893 4200//7893 4201//7893
f 4201//7894 4200//7894 4202//7894
f 4197//7895 4203//7895 4186//7895
f 4186//7896 4203//7896 4192//7896
f 4192//7897 4203//7897 4198//7897
f 4198//7898 4204//7898 4194//7898
f 4191//7899 4205//7899 4197//7899
f 413//7900 4205//7900 410//7900
f 410//7901 4205//7901 406//7901
f 4199//7902 4205//7902 4191//7902
f 406//7903 4205//7903 4199//7903
f 4202//7904 4206//7904 4207//7904
f 4207//7905 4206//7905 4208//7905
f 4200//7906 4206//7906 4202//7906
f 4198//7907 4209//7907 4204//7907
f 4203//7908 4209//7908 4198//7908
f 4194//7909 4210//7909 4200//7909
f 4204//7910 4210//7910 4194//7910
f 413//7911 4211//7911 4205//7911
f 422//7912 4211//7912 418//7912
f 418//7913 4211//7913 413//7913
f 4205//7914 4211//7914 4197//7914
f 4197//7915 4211//7915 4203//7915
f 4208//7916 4212//7916 4213//7916
f 4213//7917 4212//7917 4214//7917
f 4206//7918 4212//7918 4208//7918
f 4209//7919 4215//7919 4204//7919
f 4200//7920 4216//7920 4206//7920
f 4210//7921 4216//7921 4200//7921
f 422//7922 4217//7922 4211//7922
f 430//7923 4217//7923 427//7923
f 427//7924 4217//7924 422//7924
f 4203//7925 4217//7925 4209//7925
f 4211//7926 4217//7926 4203//7926
f 4212//7927 4218//7927 4214//7927
f 4214//7928 4218//7928 4219//7928
f 4219//7929 4218//7929 4220//7929
f 4204//7930 4221//7930 4210//7930
f 4215//7931 4221//7931 4204//7931
f 4216//7932 4222//7932 4206//7932
f 4206//7933 4222//7933 4212//7933
f 4215//7934 4223//7934 4221//7934
f 4209//7935 4223//7935 4215//7935
f 439//7936 4223//7936 433//7936
f 433//7937 4223//7937 430//7937
f 4217//7938 4223//7938 4209//7938
f 430//7939 4223//7939 4217//7939
f 4218//7940 4224//7940 4220//7940
f 4220//7941 4224//7941 4225//7941
f 4225//7942 4224//7942 4226//7942
f 4210//7943 4227//7943 4216//7943
f 4221//7944 4227//7944 4210//7944
f 4216//7945 4227//7945 4222//7945
f 4222//7946 4228//7946 4212//7946
f 4212//7947 4228//7947 4218//7947
f 4221//7948 4229//7948 4227//7948
f 446//7949 4229//7949 442//7949
f 442//7950 4229//7950 439//7950
f 4223//7951 4229//7951 4221//7951
f 439//7952 4229//7952 4223//7952
f 4224//7953 4230//7953 4226//7953
f 4226//7954 4230//7954 4231//7954
f 4231//7955 4230//7955 4232//7955
f 4227//7956 4233//7956 4222//7956
f 4228//7957 4234//7957 4218//7957
f 4218//7958 4234//7958 4224//7958
f 454//7959 4235//7959 450//7959
f 450//7960 4235//7960 446//7960
f 446//7961 4235//7961 4229//7961
f 4229//7962 4235//7962 4227//7962
f 4230//7963 4236//7963 4232//7963
f 4232//7964 4236//7964 4237//7964
f 4237//7965 4236//7965 4238//7965
f 4233//7966 4239//7966 4222//7966
f 4222//7967 4239//7967 4228//7967
f 4234//7968 4240//7968 4224//7968
f 4224//7969 4240//7969 4230//7969
f 4235//7970 4241//7970 4227//7970
f 4227//7971 4241//7971 4233//7971
f 462//7972 4241//7972 458//7972
f 458//7973 4241//7973 454//7973
f 454//7974 4241//7974 4235//7974
f 4236//7975 4242//7975 4238//7975
f 4238//7976 4242//7976 4243//7976
f 4243//7977 4242//7977 4244//7977
f 4239//7978 4245//7978 4228//7978
f 4228//7979 4245//7979 4234//7979
f 4230//7980 4246//7980 4236//7980
f 4240//7981 4246//7981 4230//7981
f 516//7982 4247//7982 465//7982
f 465//7983 4247//7983 462//7983
f 462//7984 4247//7984 4241//7984
f 4233//7985 4247//7985 4239//7985
f 4239//7986 4247//7986 4245//7986
f 4241//7987 4247//7987 4233//7987
f 4244//7988 4248//7988 4249//7988
f 4249//7989 4248//7989 4250//7989
f 4242//7990 4248//7990 4244//7990
f 4234//7991 4251//7991 4240//7991
f 4245//7992 4251//7992 4234//7992
f 4246//7993 4252//7993 4236//7993
f 4236//7994 4252//7994 4242//7994
f 516//7995 4253//7995 4247//7995
f 514//7996 4253//7996 515//7996
f 515//7997 4253//7997 516//7997
f 4245//7998 4253//7998 4251//7998
f 4247//7999 4253//7999 4245//7999
f 4250//8000 4254//8000 4255//8000
f 4255//8001 4254//8001 4256//8001
f 4248//8002 4254//8002 4250//8002
f 4240//8003 4257//8003 4246//8003
f 4251//8004 4257//8004 4240//8004
f 4246//8005 4257//8005 4252//8005
f 4242//8006 4258//8006 4248//8006
f 4252//8007 4258//8007 4242//8007
f 514//8008 4259//8008 4253//8008
f 512//8009 4259//8009 513//8009
f 513//8010 4259//8010 514//8010
f 4253//8011 4259//8011 4251//8011
f 4256//8012 4260//8012 4261//8012
f 4261//8013 4260//8013 4262//8013
f 4254//8014 4260//8014 4256//8014
f 4257//8015 4263//8015 4252//8015
f 4248//8016 4264//8016 4254//8016
f 4258//8017 4264//8017 4248//8017
f 510//8018 4265//8018 511//8018
f 511//8019 4265//8019 512//8019
f 4251//8020 4265//8020 4257//8020
f 512//8021 4265//8021 4259//8021
f 4259//8022 4265//8022 4251//8022
f 4257//8023 4265//8023 4263//8023
f 4262//8024 4266//8024 4267//8024
f 4267//8025 4266//8025 4268//8025
f 4260//8026 4266//8026 4262//8026
f 4252//8027 4269//8027 4258//8027
f 4263//8028 4269//8028 4252//8028
f 4258//8029 4269//8029 4264//8029
f 4254//8030 4270//8030 4260//8030
f 4264//8031 4270//8031 4254//8031
f 4265//8032 4271//8032 4263//8032
f 508//8033 4271//8033 509//8033
f 509//8034 4271//8034 510//8034
f 510//8035 4271//8035 4265//8035
f 4268//8036 4272//8036 4273//8036
f 4273//8037 4272//8037 4274//8037
f 4266//8038 4272//8038 4268//8038
f 4269//8039 4275//8039 4264//8039
f 4270//8040 4276//8040 4260//8040
f 4266//8041 4276//8041 4272//8041
f 4260//8042 4276//8042 4266//8042
f 4271//8043 4277//8043 4263//8043
f 506//8044 4277//8044 507//8044
f 507//8045 4277//8045 508//8045
f 508//8046 4277//8046 4271//8046
f 4263//8047 4277//8047 4269//8047
f 4272//8048 4278//8048 4274//8048
f 4274//8049 4278//8049 4279//8049
f 4279//8050 4278//8050 4280//8050
f 4275//8051 4281//8051 4264//8051
f 4264//8052 4281//8052 4270//8052
f 4276//8053 4282//8053 4272//8053
f 4269//8054 4283//8054 4275//8054
f 4277//8055 4283//8055 4269//8055
f 506//8056 4283//8056 4277//8056
f 504//8057 4283//8057 505//8057
f 505//8058 4283//8058 506//8058
f 4280//8059 4284//8059 4285//8059
f 4278//8060 4284//8060 4280//8060
f 4285//8061 4284//8061 4286//8061
f 4270//8062 4287//8062 4276//8062
f 4276//8063 4287//8063 4282//8063
f 4281//8064 4287//8064 4270//8064
f 4272//8065 4288//8065 4278//8065
f 4282//8066 4288//8066 4272//8066
f 4278//8067 4288//8067 4284//8067
f 4275//8068 4289//8068 4281//8068
f 4283//8069 4289//8069 4275//8069
f 502//8070 4289//8070 503//8070
f 503//8071 4289//8071 504//8071
f 504//8072 4289//8072 4283//8072
f 4281//8073 4289//8073 4287//8073
f 4286//8074 4290//8074 4291//8074
f 4291//8075 4290//8075 4292//8075
f 4284//8076 4290//8076 4286//8076
f 4287//8077 4293//8077 4282//8077
f 4288//8078 4294//8078 4284//8078
f 4284//8079 4294//8079 4290//8079
f 500//8080 4295//8080 501//8080
f 501//8081 4295//8081 502//8081
f 4289//8082 4295//8082 4287//8082
f 502//8083 4295//8083 4289//8083
f 4290//8084 4296//8084 4292//8084
f 4292//8085 4296//8085 4297//8085
f 4297//8086 4296//8086 4298//8086
f 4282//8087 4299//8087 4288//8087
f 4293//8088 4299//8088 4282//8088
f 4294//8089 4300//8089 4290//8089
f 498//8090 4301//8090 499//8090
f 499//8091 4301//8091 500//8091
f 500//8092 4301//8092 4295//8092
f 4287//8093 4301//8093 4293//8093
f 4295//8094 4301//8094 4287//8094
f 4293//8095 4301//8095 4299//8095
f 4298//8096 4302//8096 4303//8096
f 4303//8097 4302//8097 4304//8097
f 4296//8098 4302//8098 4298//8098
f 4288//8099 4305//8099 4294//8099
f 4299//8100 4305//8100 4288//8100
f 4290//8101 4306//8101 4296//8101
f 4300//8102 4306//8102 4290//8102
f 496//8103 4307//8103 497//8103
f 497//8104 4307//8104 498//8104
f 4301//8105 4307//8105 4299//8105
f 498//8106 4307//8106 4301//8106
f 4304//8107 4308//8107 4309//8107
f 4309//8108 4308//8108 4310//8108
f 4302//8109 4308//8109 4304//8109
f 4294//8110 4311//8110 4300//8110
f 4305//8111 4311//8111 4294//8111
f 4296//8112 4312//8112 4302//8112
f 4306//8113 4312//8113 4296//8113
f 494//8114 4313//8114 495//8114
f 495//8115 4313//8115 496//8115
f 496//8116 4313//8116 4307//8116
f 4299//8117 4313//8117 4305//8117
f 4307//8118 4313//8118 4299//8118
f 4305//8119 4313//8119 4311//8119
f 4310//8120 4314//8120 4315//8120
f 4315//8121 4314//8121 4316//8121
f 4308//8122 4314//8122 4310//8122
f 4300//8123 4317//8123 4306//8123
f 4306//8124 4317//8124 4312//8124
f 4311//8125 4317//8125 4300//8125
f 4302//8126 4318//8126 4308//8126
f 4312//8127 4318//8127 4302//8127
f 492//8128 4319//8128 493//8128
f 493//8129 4319//8129 494//8129
f 4313//8130 4319//8130 4311//8130
f 494//8131 4319//8131 4313//8131
f 4311//8132 4319//8132 4317//8132
f 4316//8133 4320//8133 4321//8133
f 4321//8134 4320//8134 4322//8134
f 4314//8135 4320//8135 4316//8135
f 4317//8136 4323//8136 4312//8136
f 4308//8137 4324//8137 4314//8137
f 4318//8138 4324//8138 4308//8138
f 4319//8139 4325//8139 4317//8139
f 490//8140 4325//8140 491//8140
f 491//8141 4325//8141 492//8141
f 492//8142 4325//8142 4319//8142
f 4317//8143 4325//8143 4323//8143
f 4322//8144 4326//8144 4327//8144
f 4327//8145 4326//8145 4328//8145
f 4320//8146 4326//8146 4322//8146
f 4312//8147 4329//8147 4318//8147
f 4318//8148 4329//8148 4324//8148
f 4323//8149 4329//8149 4312//8149
f 4314//8150 4330//8150 4320//8150
f 4324//8151 4330//8151 4314//8151
f 488//8152 4331//8152 489//8152
f 489//8153 4331//8153 490//8153
f 490//8154 4331//8154 4325//8154
f 4325//8155 4331//8155 4323//8155
f 4328//8156 4332//8156 4333//8156
f 4333//8157 4332//8157 4334//8157
f 4326//8158 4332//8158 4328//8158
f 4329//8159 4335//8159 4324//8159
f 4330//8160 4336//8160 4320//8160
f 4320//8161 4336//8161 4326//8161
f 4326//8162 4336//8162 4332//8162
f 488//8163 4337//8163 4331//8163
f 486//8164 4337//8164 487//8164
f 487//8165 4337//8165 488//8165
f 4323//8166 4337//8166 4329//8166
f 4331//8167 4337//8167 4323//8167
f 4329//8168 4337//8168 4335//8168
f 4334//8169 4338//8169 4339//8169
f 4339//8170 4338//8170 4340//8170
f 4332//8171 4338//8171 4334//8171
f 4324//8172 4341//8172 4330//8172
f 4335//8173 4341//8173 4324//8173
f 4336//8174 4342//8174 4332//8174
f 484//8175 4343//8175 485//8175
f 485//8176 4343//8176 486//8176
f 486//8177 4343//8177 4337//8177
f 4337//8178 4343//8178 4335//8178
f 4335//8179 4343//8179 4341//8179
f 4340//8180 4344//8180 4345//8180
f 4345//8181 4344//8181 4346//8181
f 4338//8182 4344//8182 4340//8182
f 4341//8183 4347//8183 4330//8183
f 4330//8184 4347//8184 4336//8184
f 4342//8185 4348//8185 4332//8185
f 4332//8186 4348//8186 4338//8186
f 482//8187 4349//8187 483//8187
f 483//8188 4349//8188 484//8188
f 4341//8189 4349//8189 4347//8189
f 4343//8190 4349//8190 4341//8190
f 484//8191 4349//8191 4343//8191
f 4344//8192 4350//8192 4346//8192
f 4346//8193 4350//8193 4351//8193
f 4351//8194 4350//8194 4352//8194
f 4347//8195 4353//8195 4336//8195
f 4336//8196 4353//8196 4342//8196
f 4338//8197 4354//8197 4344//8197
f 4348//8198 4354//8198 4338//8198
f 480//8199 4355//8199 481//8199
f 481//8200 4355//8200 482//8200
f 4349//8201 4355//8201 4347//8201
f 482//8202 4355//8202 4349//8202
f 4350//8203 4356//8203 4352//8203
f 4352//8204 4356//8204 4357//8204
f 4357//8205 4356//8205 4358//8205
f 4353//8206 4359//8206 4342//8206
f 4342//8207 4359//8207 4348//8207
f 4348//8208 4359//8208 4354//8208
f 4344//8209 4360//8209 4350//8209
f 4354//8210 4360//8210 4344//8210
f 478//8211 4361//8211 479//8211
f 479//8212 4361//8212 480//8212
f 480//8213 4361//8213 4355//8213
f 4347//8214 4361//8214 4353//8214
f 4355//8215 4361//8215 4347//8215
f 4358//8216 4362//8216 4363//8216
f 4363//8217 4362//8217 4364//8217
f 4356//8218 4362//8218 4358//8218
f 4354//8219 4365//8219 4360//8219
f 4359//8220 4365//8220 4354//8220
f 4350//8221 4366//8221 4356//8221
f 4360//8222 4366//8222 4350//8222
f 477//8223 4367//8223 478//8223
f 478//8224 4367//8224 4361//8224
f 4353//8225 4367//8225 4359//8225
f 4361//8226 4367//8226 4353//8226
f 476//8227 4367//8227 477//8227
f 4364//8228 4368//8228 4369//8228
f 4369//8229 4368//8229 4370//8229
f 4362//8230 4368//8230 4364//8230
f 4365//8231 4371//8231 4360//8231
f 4362//8232 4372//8232 4368//8232
f 4356//8233 4372//8233 4362//8233
f 4366//8234 4372//8234 4356//8234
f 4359//8235 4373//8235 4365//8235
f 4367//8236 4373//8236 4359//8236
f 474//8237 4373//8237 475//8237
f 476//8238 4373//8238 4367//8238
f 475//8239 4373//8239 476//8239
f 4368//8240 4374//8240 4370//8240
f 4370//8241 4374//8241 4375//8241
f 4375//8242 4374//8242 4376//8242
f 4366//8243 4377//8243 4372//8243
f 4360//8244 4377//8244 4366//8244
f 4371//8245 4377//8245 4360//8245
f 4372//8246 4378//8246 4368//8246
f 474//8247 4379//8247 4373//8247
f 4365//8248 4379//8248 4371//8248
f 4373//8249 4379//8249 4365//8249
f 4371//8250 4379//8250 4377//8250
f 471//8251 4379//8251 473//8251
f 473//8252 4379//8252 474//8252
f 4374//8253 4380//8253 4376//8253
f 4376//8254 4380//8254 4381//8254
f 4381//8255 4380//8255 4382//8255
f 4377//8256 4383//8256 4372//8256
f 4378//8257 4384//8257 4368//8257
f 4368//8258 4384//8258 4374//8258
f 4374//8259 4384//8259 4380//8259
f 471//8260 4385//8260 4379//8260
f 4379//8261 4385//8261 4377//8261
f 469//8262 4385//8262 470//8262
f 470//8263 4385//8263 471//8263
f 4382//8264 4386//8264 4387//8264
f 4387//8265 4386//8265 4388//8265
f 4380//8266 4386//8266 4382//8266
f 4372//8267 4389//8267 4378//8267
f 4378//8268 4389//8268 4384//8268
f 4383//8269 4389//8269 4372//8269
f 4384//8270 4390//8270 4380//8270
f 4385//8271 4391//8271 4377//8271
f 469//8272 4391//8272 4385//8272
f 4377//8273 4391//8273 4383//8273
f 466//8274 4391//8274 468//8274
f 468//8275 4391//8275 469//8275
f 4388//8276 4392//8276 4393//8276
f 4393//8277 4392//8277 4394//8277
f 4386//8278 4392//8278 4388//8278
f 4389//8279 4395//8279 4384//8279
f 4384//8280 4395//8280 4390//8280
f 4390//8281 4396//8281 4380//8281
f 4380//8282 4396//8282 4386//8282
f 4383//8283 4397//8283 4389//8283
f 4391//8284 4397//8284 4383//8284
f 466//8285 4397//8285 4391//8285
f 459//8286 4397//8286 463//8286
f 463//8287 4397//8287 466//8287
f 4394//8288 4398//8288 4399//8288
f 4392//8289 4398//8289 4394//8289
f 4399//8290 4398//8290 4400//8290
f 4395//8291 4401//8291 4390//8291
f 4386//8292 4402//8292 4392//8292
f 4396//8293 4402//8293 4386//8293
f 4392//8294 4402//8294 4398//8294
f 4397//8295 4403//8295 4389//8295
f 459//8296 4403//8296 4397//8296
f 451//8297 4403//8297 455//8297
f 455//8298 4403//8298 459//8298
f 4389//8299 4403//8299 4395//8299
f 4400//8300 4404//8300 4405//8300
f 4405//8301 4404//8301 4406//8301
f 4398//8302 4404//8302 4400//8302
f 4390//8303 4407//8303 4396//8303
f 4401//8304 4407//8304 4390//8304
f 4402//8305 4408//8305 4398//8305
f 4395//8306 4409//8306 4401//8306
f 451//8307 4409//8307 4403//8307
f 4403//8308 4409//8308 4395//8308
f 443//8309 4409//8309 447//8309
f 447//8310 4409//8310 451//8310
f 4406//8311 4410//8311 4411//8311
f 4411//8312 4410//8312 4412//8312
f 4404//8313 4410//8313 4406//8313
f 4407//8314 4413//8314 4396//8314
f 4396//8315 4413//8315 4402//8315
f 4398//8316 4414//8316 4404//8316
f 4408//8317 4414//8317 4398//8317
f 4404//8318 4414//8318 4410//8318
f 4407//8319 4415//8319 4413//8319
f 4401//8320 4415//8320 4407//8320
f 4409//8321 4415//8321 4401//8321
f 443//8322 4415//8322 4409//8322
f 436//8323 4415//8323 441//8323
f 441//8324 4415//8324 443//8324
f 4410//8325 4416//8325 4412//8325
f 4412//8326 4416//8326 4417//8326
f 4417//8327 4416//8327 4418//8327
f 4413//8328 4419//8328 4402//8328
f 4402//8329 4419//8329 4408//8329
f 4414//8330 4420//8330 4410//8330
f 429//8331 4421//8331 431//8331
f 431//8332 4421//8332 436//8332
f 4415//8333 4421//8333 4413//8333
f 436//8334 4421//8334 4415//8334
f 4416//8335 4422//8335 4418//8335
f 4418//8336 4422//8336 4423//8336
f 4423//8337 4422//8337 4424//8337
f 4408//8338 4425//8338 4414//8338
f 4419//8339 4425//8339 4408//8339
f 4416//8340 4426//8340 4422//8340
f 4410//8341 4426//8341 4416//8341
f 4420//8342 4426//8342 4410//8342
f 4419//8343 4427//8343 4425//8343
f 4421//8344 4427//8344 4413//8344
f 4413//8345 4427//8345 4419//8345
f 419//8346 4427//8346 423//8346
f 423//8347 4427//8347 429//8347
f 429//8348 4427//8348 4421//8348
f 4422//8349 4428//8349 4424//8349
f 4429//8350 4428//8350 4113//8350
f 4424//8351 4428//8351 4430//8351
f 4430//8352 4428//8352 4429//8352
f 4425//8353 4431//8353 4414//8353
f 4414//8354 4431//8354 4420//8354
f 4426//8355 4432//8355 4422//8355
f 4427//8356 4433//8356 4425//8356
f 4425//8357 4433//8357 4431//8357
f 419//8358 4433//8358 4427//8358
f 411//8359 4433//8359 416//8359
f 416//8360 4433//8360 419//8360
f 4420//8361 4434//8361 4426//8361
f 4431//8362 4434//8362 4420//8362
f 4432//8363 4435//8363 4422//8363
f 4428//8364 4435//8364 4113//8364
f 4422//8365 4435//8365 4428//8365
f 4113//8366 4435//8366 4436//8366
f 411//8367 4437//8367 4433//8367
f 405//8368 4437//8368 407//8368
f 407//8369 4437//8369 411//8369
f 4433//8370 4437//8370 4431//8370
f 4426//8371 4438//8371 4432//8371
f 4434//8372 4438//8372 4426//8372
f 4437//8373 4439//8373 4431//8373
f 4431//8374 4439//8374 4434//8374
f 405//8375 4439//8375 4437//8375
f 396//8376 4439//8376 399//8376
f 399//8377 4439//8377 405//8377
f 4432//8378 4440//8378 4435//8378
f 4435//8379 4440//8379 4436//8379
f 4438//8380 4440//8380 4432//8380
f 4436//8381 4440//8381 4441//8381
f 4438//8382 4442//8382 4440//8382
f 4439//8383 4442//8383 4434//8383
f 396//8384 4442//8384 4439//8384
f 387//8385 4442//8385 392//8385
f 392//8386 4442//8386 396//8386
f 4434//8387 4442//8387 4438//8387
f 4442//8388 4443//8388 4440//8388
f 4440//8389 4443//8389 4441//8389
f 387//8390 4443//8390 4442//8390
f 4441//8391 4443//8391 4127//8391
f 379//8392 4443//8392 384//8392
f 384//8393 4443//8393 387//8393
f 4127//8394 4443//8394 379//8394
f 4429//8395 4113//8395 4112//8395
f 379//8396 376//8396 4127//8396
f 4444//8397 4445//8397 4446//8397
f 4113//8398 4445//8398 4114//8398
f 4114//8399 4445//8399 4444//8399
f 4446//8400 4447//8400 4448//8400
f 4448//8401 4447//8401 4449//8401
f 4445//8402 4447//8402 4446//8402
f 4113//8403 4450//8403 4445//8403
f 4436//8404 4450//8404 4113//8404
f 4449//8405 4451//8405 4452//8405
f 4452//8406 4451//8406 4453//8406
f 4447//8407 4451//8407 4449//8407
f 4445//8408 4454//8408 4447//8408
f 4450//8409 4454//8409 4445//8409
f 4453//8410 4455//8410 4456//8410
f 4456//8411 4455//8411 4457//8411
f 4451//8412 4455//8412 4453//8412
f 4436//8413 4458//8413 4450//8413
f 4441//8414 4458//8414 4436//8414
f 4454//8415 4459//8415 4447//8415
f 4447//8416 4459//8416 4451//8416
f 4457//8417 4460//8417 4461//8417
f 4461//8418 4460//8418 4462//8418
f 4455//8419 4460//8419 4457//8419
f 4450//8420 4463//8420 4454//8420
f 4458//8421 4463//8421 4450//8421
f 4451//8422 4464//8422 4455//8422
f 4459//8423 4464//8423 4451//8423
f 371//8424 4465//8424 4127//8424
f 4441//8425 4465//8425 4458//8425
f 364//8426 4465//8426 368//8426
f 368//8427 4465//8427 371//8427
f 4127//8428 4465//8428 4441//8428
f 4462//8429 4466//8429 4467//8429
f 4467//8430 4466//8430 4468//8430
f 4460//8431 4466//8431 4462//8431
f 4463//8432 4469//8432 4454//8432
f 4454//8433 4469//8433 4459//8433
f 4464//8434 4101//8434 4455//8434
f 4455//8435 4101//8435 4460//8435
f 4465//8436 4470//8436 4458//8436
f 4458//8437 4470//8437 4463//8437
f 356//8438 4470//8438 360//8438
f 360//8439 4470//8439 364//8439
f 364//8440 4470//8440 4465//8440
f 4468//8441 4102//8441 4471//8441
f 4471//8442 4102//8442 4472//8442
f 4466//8443 4102//8443 4468//8443
f 4469//8444 4108//8444 4459//8444
f 4459//8445 4108//8445 4464//8445
f 4460//8446 4118//8446 4466//8446
f 4101//8447 4118//8447 4460//8447
f 4463//8448 4473//8448 4469//8448
f 4470//8449 4473//8449 4463//8449
f 356//8450 4473//8450 4470//8450
f 347//8451 4473//8451 352//8451
f 352//8452 4473//8452 356//8452
f 4102//8453 4104//8453 4472//8453
f 4472//8454 4104//8454 4474//8454
f 4474//8455 4104//8455 4475//8455
f 4464//8456 4099//8456 4101//8456
f 4108//8457 4099//8457 4464//8457
f 4118//8458 4105//8458 4466//8458
f 4466//8459 4105//8459 4102//8459
f 4473//8460 4106//8460 4469//8460
f 4469//8461 4106//8461 4108//8461
f 347//8462 4106//8462 4473//8462
f 340//8463 4106//8463 344//8463
f 344//8464 4106//8464 347//8464
f 4475//8465 4116//8465 4476//8465
f 4476//8466 4116//8466 4109//8466
f 4104//8467 4116//8467 4475//8467
f 4101//8468 4100//8468 4118//8468
f 4477//8469 4478//8469 4479//8469
f 4478//8470 4480//8470 4479//8470
f 4479//8471 4481//8471 4482//8471
f 4483//8472 4484//8472 4480//8472
f 4481//8473 4485//8473 4486//8473
f 4479//8474 4485//8474 4481//8474
f 4485//8475 4487//8475 4488//8475
f 4489//8476 4490//8476 4491//8476
f 4491//8477 4490//8477 4484//8477
f 4480//8478 4490//8478 4479//8478
f 4485//8479 4490//8479 4487//8479
f 4484//8480 4490//8480 4480//8480
f 4479//8481 4490//8481 4485//8481
f 4487//8482 4492//8482 4493//8482
f 4494//8483 4495//8483 4490//8483
f 4496//8484 4497//8484 4495//8484
f 4492//8485 4498//8485 4499//8485
f 4499//8486 4498//8486 4500//8486
f 4487//8487 4498//8487 4492//8487
f 4498//8488 4501//8488 4502//8488
f 4503//8489 4504//8489 4505//8489
f 4505//8490 4504//8490 4497//8490
f 4487//8491 4506//8491 4498//8491
f 4498//8492 4506//8492 4501//8492
f 4497//8493 4507//8493 4495//8493
f 4504//8494 4507//8494 4497//8494
f 4508//8495 4507//8495 4504//8495
f 4506//8496 4509//8496 4510//8496
f 4511//8497 4512//8497 4507//8497
f 4509//8498 4513//8498 4514//8498
f 4506//8499 4513//8499 4509//8499
f 4512//8500 4515//8500 4507//8500
f 4495//8501 4515//8501 4490//8501
f 4507//8502 4515//8502 4495//8502
f 4516//8503 4515//8503 4512//8503
f 4506//8504 4517//8504 4513//8504
f 4513//8505 4517//8505 4518//8505
f 4518//8506 4517//8506 4519//8506
f 4520//8507 4521//8507 4515//8507
f 4517//8508 4522//8508 4523//8508
f 4523//8509 4522//8509 4524//8509
f 4515//8510 4525//8510 4490//8510
f 4521//8511 4525//8511 4515//8511
f 4526//8512 4525//8512 4527//8512
f 4527//8513 4525//8513 4521//8513
f 4522//8514 4528//8514 4529//8514
f 4529//8515 4528//8515 4530//8515
f 4517//8516 4528//8516 4522//8516
f 4531//8517 4532//8517 4533//8517
f 4532//8518 4534//8518 4533//8518
f 4528//8519 4535//8519 4536//8519
f 4528//8520 4537//8520 4535//8520
f 4534//8521 4538//8521 4533//8521
f 4539//8522 4538//8522 4534//8522
f 4517//8523 4540//8523 4528//8523
f 4528//8524 4540//8524 4537//8524
f 4541//8525 4542//8525 4543//8525
f 4540//8526 4544//8526 4545//8526
f 4545//8527 4544//8527 4546//8527
f 4525//8528 4547//8528 4490//8528
f 4538//8529 4547//8529 4533//8529
f 4490//8530 4547//8530 4487//8530
f 4542//8531 4547//8531 4543//8531
f 4543//8532 4547//8532 4538//8532
f 4533//8533 4547//8533 4525//8533
f 4544//8534 4548//8534 4549//8534
f 4550//8535 4551//8535 4547//8535
f 4547//8536 4552//8536 4487//8536
f 4551//8537 4552//8537 4547//8537
f 4548//8538 4553//8538 4554//8538
f 4544//8539 4555//8539 4548//8539
f 4548//8540 4555//8540 4553//8540
f 4544//8541 4556//8541 4555//8541
f 4557//8542 4558//8542 4559//8542
f 4559//8543 4558//8543 4552//8543
f 4544//8544 4560//8544 4556//8544
f 4552//8545 4561//8545 4487//8545
f 4562//8546 4561//8546 4558//8546
f 4558//8547 4561//8547 4552//8547
f 4560//8548 4563//8548 4564//8548
f 4560//8549 4565//8549 4563//8549
f 4560//8550 4566//8550 4565//8550
f 4567//8551 4568//8551 4569//8551
f 4560//8552 4570//8552 4566//8552
f 4568//8553 4571//8553 4569//8553
f 4572//8554 4571//8554 4568//8554
f 4569//8555 4571//8555 4561//8555
f 4573//8556 4574//8556 4575//8556
f 4506//8557 4576//8557 4517//8557
f 4571//8558 4576//8558 4561//8558
f 4577//8559 4576//8559 4571//8559
f 4487//8560 4576//8560 4506//8560
f 4561//8561 4576//8561 4487//8561
f 4573//8562 4578//8562 4574//8562
f 4573//8563 4579//8563 4578//8563
f 4570//8564 4579//8564 4573//8564
f 4560//8565 4580//8565 4570//8565
f 4570//8566 4580//8566 4579//8566
f 4581//8567 4582//8567 4583//8567
f 4583//8568 4582//8568 4576//8568
f 4582//8569 4584//8569 4576//8569
f 4560//8570 4585//8570 4580//8570
f 4580//8571 4585//8571 4586//8571
f 4586//8572 4585//8572 4587//8572
f 4540//8573 4585//8573 4544//8573
f 4544//8574 4585//8574 4560//8574
f 4584//8575 4588//8575 4576//8575
f 4589//8576 4588//8576 4584//8576
f 4590//8577 4591//8577 4592//8577
f 4588//8578 4593//8578 4576//8578
f 4594//8579 4593//8579 4595//8579
f 4595//8580 4593//8580 4588//8580
f 4590//8581 4596//8581 4591//8581
f 4593//8582 4597//8582 4576//8582
f 4576//8583 4598//8583 4517//8583
f 4590//8584 4598//8584 4596//8584
f 4585//8585 4598//8585 4590//8585
f 4596//8586 4598//8586 4599//8586
f 4599//8587 4598//8587 4600//8587
f 4517//8588 4598//8588 4540//8588
f 4601//8589 4598//8589 4602//8589
f 4602//8590 4598//8590 4597//8590
f 4540//8591 4598//8591 4585//8591
f 4597//8592 4598//8592 4576//8592
f 4510//8593 2975//8593 4506//8593
f 4506//8594 2977//8594 4501//8594
f 2975//8595 2977//8595 4506//8595
f 4501//8596 3310//8596 4502//8596
f 2977//8597 3310//8597 4501//8597
f 4502//8598 3312//8598 4498//8598
f 3310//8599 3312//8599 4502//8599
f 4498//8600 3314//8600 4500//8600
f 3312//8601 3314//8601 4498//8601
f 4500//8602 3315//8602 4499//8602
f 3314//8603 3315//8603 4500//8603
f 4499//8604 3318//8604 4492//8604
f 3315//8605 3318//8605 4499//8605
f 4492//8606 3319//8606 4493//8606
f 3318//8607 3319//8607 4492//8607
f 4493//8608 3322//8608 4487//8608
f 3319//8609 3322//8609 4493//8609
f 4487//8610 3323//8610 4488//8610
f 3322//8611 3323//8611 4487//8611
f 4488//8612 3327//8612 4485//8612
f 3323//8613 3327//8613 4488//8613
f 3327//8614 3328//8614 4485//8614
f 4485//8615 3328//8615 4486//8615
f 3328//8616 3333//8616 4486//8616
f 4486//8617 3333//8617 4481//8617
f 3333//8618 3334//8618 4481//8618
f 4481//8619 3334//8619 4482//8619
f 4482//8620 3337//8620 4479//8620
f 3334//8621 3337//8621 4482//8621
f 3337//8622 3338//8622 4479//8622
f 4479//8623 3338//8623 4477//8623
f 4477//8624 3340//8624 4478//8624
f 3338//8625 3340//8625 4477//8625
f 4478//8626 3341//8626 4480//8626
f 3340//8627 3341//8627 4478//8627
f 4480//8628 3342//8628 4483//8628
f 3341//8629 3342//8629 4480//8629
f 4483//8630 2978//8630 4484//8630
f 3342//8631 2978//8631 4483//8631
f 4484//8632 2980//8632 4491//8632
f 2978//8633 2980//8633 4484//8633
f 4491//8634 2981//8634 4489//8634
f 2980//8635 2981//8635 4491//8635
f 4489//8636 2988//8636 4490//8636
f 2981//8637 2988//8637 4489//8637
f 4490//8638 2989//8638 4494//8638
f 2988//8639 2989//8639 4490//8639
f 4494//8640 2995//8640 4495//8640
f 2989//8641 2995//8641 4494//8641
f 4495//8642 2996//8642 4496//8642
f 2995//8643 2996//8643 4495//8643
f 2996//8644 3001//8644 4496//8644
f 4496//8645 3001//8645 4497//8645
f 3001//8646 3002//8646 4497//8646
f 4497//8647 3002//8647 4505//8647
f 3002//8648 3007//8648 4505//8648
f 4505//8649 3007//8649 4503//8649
f 3007//8650 3008//8650 4503//8650
f 4503//8651 3008//8651 4504//8651
f 3008//8652 3013//8652 4504//8652
f 4504//8653 3013//8653 4508//8653
f 3013//8654 3014//8654 4508//8654
f 4508//8655 3014//8655 4507//8655
f 3014//8656 3019//8656 4507//8656
f 4507//8657 3019//8657 4511//8657
f 3019//8658 3020//8658 4511//8658
f 4511//8659 3020//8659 4512//8659
f 4512//8660 3025//8660 4516//8660
f 3020//8661 3025//8661 4512//8661
f 4516//8662 3026//8662 4515//8662
f 3025//8663 3026//8663 4516//8663
f 3026//8664 3031//8664 4515//8664
f 4515//8665 3031//8665 4520//8665
f 3031//8666 3032//8666 4520//8666
f 4520//8667 3032//8667 4521//8667
f 3032//8668 3037//8668 4521//8668
f 4521//8669 3037//8669 4527//8669
f 3037//8670 3038//8670 4527//8670
f 4527//8671 3038//8671 4526//8671
f 3038//8672 3043//8672 4526//8672
f 4526//8673 3043//8673 4525//8673
f 3043//8674 3044//8674 4525//8674
f 4525//8675 3044//8675 4533//8675
f 3044//8676 3049//8676 4533//8676
f 4533//8677 3049//8677 4531//8677
f 3049//8678 3050//8678 4531//8678
f 4531//8679 3050//8679 4532//8679
f 3050//8680 3055//8680 4532//8680
f 4532//8681 3055//8681 4534//8681
f 3055//8682 3056//8682 4534//8682
f 4534//8683 3056//8683 4539//8683
f 3056//8684 3061//8684 4539//8684
f 4539//8685 3061//8685 4538//8685
f 3061//8686 3062//8686 4538//8686
f 4538//8687 3062//8687 4543//8687
f 3062//8688 3067//8688 4543//8688
f 4543//8689 3067//8689 4541//8689
f 3067//8690 3068//8690 4541//8690
f 4541//8691 3068//8691 4542//8691
f 3068//8692 3073//8692 4542//8692
f 4542//8693 3073//8693 4547//8693
f 3073//8694 3074//8694 4547//8694
f 4547//8695 3074//8695 4550//8695
f 3074//8696 3079//8696 4550//8696
f 4550//8697 3079//8697 4551//8697
f 3079//8698 3080//8698 4551//8698
f 4551//8699 3080//8699 4552//8699
f 4552//8700 3085//8700 4559//8700
f 3080//8701 3085//8701 4552//8701
f 4559//8702 3086//8702 4557//8702
f 3085//8703 3086//8703 4559//8703
f 4557//8704 3091//8704 4558//8704
f 3086//8705 3091//8705 4557//8705
f 4558//8706 3092//8706 4562//8706
f 3091//8707 3092//8707 4558//8707
f 4562//8708 3097//8708 4561//8708
f 3092//8709 3097//8709 4562//8709
f 4561//8710 3098//8710 4569//8710
f 3097//8711 3098//8711 4561//8711
f 4569//8712 3103//8712 4567//8712
f 3098//8713 3103//8713 4569//8713
f 4567//8714 3104//8714 4568//8714
f 3103//8715 3104//8715 4567//8715
f 4568//8716 3109//8716 4572//8716
f 3104//8717 3109//8717 4568//8717
f 3109//8718 3110//8718 4572//8718
f 3110//8719 3115//8719 4572//8719
f 4572//8720 3115//8720 4571//8720
f 3115//8721 3116//8721 4571//8721
f 4571//8722 3116//8722 4577//8722
f 3116//8723 3121//8723 4577//8723
f 4576//8724 3121//8724 4583//8724
f 4577//8725 3121//8725 4576//8725
f 3121//8726 3122//8726 4583//8726
f 4583//8727 3122//8727 4581//8727
f 3122//8728 3127//8728 4581//8728
f 4581//8729 3127//8729 4582//8729
f 3127//8730 3128//8730 4582//8730
f 3128//8731 3133//8731 4582//8731
f 4582//8732 3133//8732 4584//8732
f 3133//8733 3134//8733 4584//8733
f 4584//8734 3134//8734 4589//8734
f 3134//8735 3139//8735 4589//8735
f 4589//8736 3139//8736 4588//8736
f 3139//8737 3140//8737 4588//8737
f 4588//8738 3140//8738 4595//8738
f 4594//8739 3145//8739 4593//8739
f 4595//8740 3145//8740 4594//8740
f 3140//8741 3145//8741 4595//8741
f 3145//8742 3146//8742 4593//8742
f 4593//8743 3146//8743 4597//8743
f 3146//8744 3151//8744 4597//8744
f 4597//8745 3152//8745 4602//8745
f 3151//8746 3152//8746 4597//8746
f 4602//8747 3157//8747 4601//8747
f 3152//8748 3157//8748 4602//8748
f 4601//8749 3158//8749 4598//8749
f 3157//8750 3158//8750 4601//8750
f 4598//8751 3163//8751 4600//8751
f 3158//8752 3163//8752 4598//8752
f 4600//8753 3164//8753 4599//8753
f 3163//8754 3164//8754 4600//8754
f 4599//8755 3169//8755 4596//8755
f 3164//8756 3169//8756 4599//8756
f 4596//8757 3170//8757 4591//8757
f 3169//8758 3170//8758 4596//8758
f 4591//8759 3175//8759 4592//8759
f 3170//8760 3175//8760 4591//8760
f 4592//8761 3176//8761 4590//8761
f 3175//8762 3176//8762 4592//8762
f 4590//8763 3181//8763 4585//8763
f 3176//8764 3181//8764 4590//8764
f 3181//8765 3182//8765 4585//8765
f 4587//8766 3182//8766 4586//8766
f 4585//8767 3182//8767 4587//8767
f 3182//8768 3187//8768 4586//8768
f 3187//8769 3188//8769 4586//8769
f 4586//8770 3188//8770 4580//8770
f 3188//8771 3193//8771 4580//8771
f 4580//8772 3193//8772 4579//8772
f 3193//8773 3194//8773 4579//8773
f 4578//8774 3194//8774 4574//8774
f 4579//8775 3194//8775 4578//8775
f 3194//8776 3199//8776 4574//8776
f 3199//8777 3200//8777 4574//8777
f 4575//8778 3200//8778 4573//8778
f 4574//8779 3200//8779 4575//8779
f 3200//8780 3205//8780 4573//8780
f 4573//8781 3205//8781 4570//8781
f 3205//8782 3206//8782 4570//8782
f 4570//8783 3211//8783 4566//8783
f 3206//8784 3211//8784 4570//8784
f 4565//8785 3212//8785 4563//8785
f 4566//8786 3212//8786 4565//8786
f 3211//8787 3212//8787 4566//8787
f 3212//8788 3217//8788 4563//8788
f 4563//8789 3218//8789 4564//8789
f 3217//8790 3218//8790 4563//8790
f 4564//8791 3223//8791 4560//8791
f 3218//8792 3223//8792 4564//8792
f 4556//8793 3224//8793 4555//8793
f 4560//8794 3224//8794 4556//8794
f 3223//8795 3224//8795 4560//8795
f 3224//8796 3229//8796 4555//8796
f 4553//8797 3230//8797 4554//8797
f 4555//8798 3230//8798 4553//8798
f 3229//8799 3230//8799 4555//8799
f 3230//8800 3235//8800 4554//8800
f 4554//8801 3236//8801 4548//8801
f 3235//8802 3236//8802 4554//8802
f 4548//8803 3241//8803 4549//8803
f 3236//8804 3241//8804 4548//8804
f 4549//8805 3242//8805 4544//8805
f 3241//8806 3242//8806 4549//8806
f 4546//8807 3247//8807 4545//8807
f 4544//8808 3247//8808 4546//8808
f 3242//8809 3247//8809 4544//8809
f 3247//8810 3248//8810 4545//8810
f 4545//8811 3253//8811 4540//8811
f 3248//8812 3253//8812 4545//8812
f 4540//8813 3254//8813 4537//8813
f 3253//8814 3254//8814 4540//8814
f 4537//8815 3259//8815 4535//8815
f 3254//8816 3259//8816 4537//8816
f 3259//8817 3260//8817 4535//8817
f 4535//8818 3260//8818 4536//8818
f 3260//8819 3265//8819 4536//8819
f 4536//8820 3265//8820 4528//8820
f 4528//8821 3266//8821 4530//8821
f 3265//8822 3266//8822 4528//8822
f 3266//8823 3271//8823 4530//8823
f 4530//8824 3271//8824 4529//8824
f 4529//8825 3272//8825 4522//8825
f 3271//8826 3272//8826 4529//8826
f 4522//8827 3277//8827 4524//8827
f 3272//8828 3277//8828 4522//8828
f 4524//8829 3278//8829 4523//8829
f 3277//8830 3278//8830 4524//8830
f 4517//8831 3283//8831 4519//8831
f 4523//8832 3283//8832 4517//8832
f 3278//8833 3283//8833 4523//8833
f 4519//8834 3284//8834 4518//8834
f 3283//8835 3284//8835 4519//8835
f 4518//8836 3289//8836 4513//8836
f 3284//8837 3289//8837 4518//8837
f 3289//8838 3290//8838 4513//8838
f 4514//8839 3296//8839 4509//8839
f 4513//8840 3296//8840 4514//8840
f 3290//8841 3296//8841 4513//8841
f 3296//8842 3295//8842 4509//8842
f 4509//8843 2975//8843 4510//8843
f 3295//8844 2975//8844 4509//8844
f 4603//8845 4604//8845 4605//8845
f 4604//8846 4606//8846 4605//8846
f 4605//8847 4607//8847 4608//8847
f 4608//8848 4607//8848 4609//8848
f 4609//8849 4607//8849 4610//8849
f 4606//8850 4607//8850 4605//8850
f 4611//8851 4612//8851 4606//8851
f 4607//8852 4613//8852 4614//8852
f 4614//8853 4613//8853 4615//8853
f 4616//8854 4617//8854 4612//8854
f 4607//8855 4618//8855 4613//8855
f 4617//8856 4619//8856 4612//8856
f 4620//8857 4621//8857 4619//8857
f 4618//8858 4622//8858 4623//8858
f 4623//8859 4622//8859 4624//8859
f 4621//8860 4625//8860 4619//8860
f 4626//8861 4625//8861 4621//8861
f 4622//8862 4627//8862 4628//8862
f 4628//8863 4627//8863 4629//8863
f 4630//8864 4631//8864 4625//8864
f 4627//8865 4632//8865 4633//8865
f 4634//8866 4635//8866 4631//8866
f 4632//8867 4636//8867 4637//8867
f 4638//8868 4639//8868 4640//8868
f 4640//8869 4639//8869 4641//8869
f 4641//8870 4639//8870 4635//8870
f 4636//8871 4642//8871 4643//8871
f 4643//8872 4642//8872 4644//8872
f 4622//8873 4645//8873 4627//8873
f 4627//8874 4645//8874 4632//8874
f 4636//8875 4645//8875 4642//8875
f 4632//8876 4645//8876 4636//8876
f 4639//8877 4646//8877 4635//8877
f 4647//8878 4646//8878 4639//8878
f 4645//8879 4648//8879 4649//8879
f 4622//8880 4650//8880 4645//8880
f 4645//8881 4650//8881 4648//8881
f 4607//8882 4650//8882 4618//8882
f 4618//8883 4650//8883 4622//8883
f 4651//8884 4652//8884 4653//8884
f 4653//8885 4652//8885 4654//8885
f 4654//8886 4652//8886 4646//8886
f 4650//8887 4655//8887 4656//8887
f 4652//8888 4657//8888 4646//8888
f 4658//8889 4657//8889 4652//8889
f 4655//8890 4659//8890 4660//8890
f 4659//8891 4661//8891 4662//8891
f 4659//8892 4663//8892 4661//8892
f 4664//8893 4665//8893 4666//8893
f 4666//8894 4665//8894 4667//8894
f 4667//8895 4665//8895 4657//8895
f 4650//8896 4668//8896 4655//8896
f 4655//8897 4668//8897 4659//8897
f 4606//8898 4668//8898 4607//8898
f 4659//8899 4668//8899 4663//8899
f 4607//8900 4668//8900 4650//8900
f 4668//8901 4669//8901 4670//8901
f 4671//8902 4672//8902 4673//8902
f 4672//8903 4674//8903 4673//8903
f 4675//8904 4674//8904 4672//8904
f 4669//8905 4676//8905 4677//8905
f 4677//8906 4676//8906 4678//8906
f 4678//8907 4676//8907 4679//8907
f 4669//8908 4680//8908 4676//8908
f 4681//8909 4682//8909 4683//8909
f 4606//8910 4684//8910 4668//8910
f 4612//8911 4684//8911 4606//8911
f 4668//8912 4684//8912 4669//8912
f 4669//8913 4684//8913 4680//8913
f 4683//8914 4685//8914 4674//8914
f 4682//8915 4685//8915 4683//8915
f 4684//8916 4686//8916 4687//8916
f 4619//8917 4686//8917 4612//8917
f 4612//8918 4686//8918 4684//8918
f 4625//8919 4686//8919 4619//8919
f 4631//8920 4686//8920 4625//8920
f 4686//8921 4688//8921 4689//8921
f 4690//8922 4691//8922 4692//8922
f 4692//8923 4691//8923 4693//8923
f 4693//8924 4691//8924 4685//8924
f 4688//8925 4694//8925 4695//8925
f 4686//8926 4694//8926 4688//8926
f 4691//8927 4696//8927 4685//8927
f 4697//8928 4696//8928 4691//8928
f 4686//8929 4698//8929 4694//8929
f 4635//8930 4698//8930 4631//8930
f 4631//8931 4698//8931 4686//8931
f 4699//8932 4700//8932 4696//8932
f 4635//8933 4701//8933 4698//8933
f 4698//8934 4701//8934 4702//8934
f 4702//8935 4701//8935 4703//8935
f 4704//8936 4705//8936 4706//8936
f 4706//8937 4705//8937 4700//8937
f 4696//8938 4707//8938 4685//8938
f 4705//8939 4707//8939 4700//8939
f 4700//8940 4707//8940 4696//8940
f 4685//8941 4707//8941 4674//8941
f 4635//8942 4708//8942 4701//8942
f 4646//8943 4708//8943 4635//8943
f 4701//8944 4708//8944 4709//8944
f 4709//8945 4708//8945 4710//8945
f 4711//8946 4712//8946 4707//8946
f 4708//8947 4713//8947 4714//8947
f 4657//8948 4715//8948 4646//8948
f 4708//8949 4715//8949 4713//8949
f 4646//8950 4715//8950 4708//8950
f 4716//8951 4717//8951 4712//8951
f 4707//8952 4718//8952 4674//8952
f 4712//8953 4718//8953 4707//8953
f 4674//8954 4718//8954 4673//8954
f 4717//8955 4718//8955 4712//8955
f 4715//8956 4719//8956 4720//8956
f 4720//8957 4719//8957 4721//8957
f 4722//8958 4723//8958 4718//8958
f 4715//8959 4724//8959 4719//8959
f 4665//8960 4724//8960 4657//8960
f 4719//8961 4724//8961 4725//8961
f 4657//8962 4724//8962 4715//8962
f 4718//8963 4724//8963 4673//8963
f 4673//8964 4724//8964 4665//8964
f 4726//8965 4727//8965 4723//8965
f 4723//8966 4727//8966 4718//8966
f 4718//8967 4728//8967 4724//8967
f 4727//8968 4728//8968 4718//8968
f 4632//8969 3354//8969 4633//8969
f 4633//8970 3356//8970 4627//8970
f 3354//8971 3356//8971 4633//8971
f 4627//8972 3688//8972 4629//8972
f 3356//8973 3688//8973 4627//8973
f 4629//8974 3690//8974 4628//8974
f 3688//8975 3690//8975 4629//8975
f 4628//8976 3692//8976 4622//8976
f 3690//8977 3692//8977 4628//8977
f 4622//8978 3693//8978 4624//8978
f 3692//8979 3693//8979 4622//8979
f 4624//8980 3696//8980 4623//8980
f 3693//8981 3696//8981 4624//8981
f 4623//8982 3697//8982 4618//8982
f 3696//8983 3697//8983 4623//8983
f 4618//8984 3700//8984 4613//8984
f 3697//8985 3700//8985 4618//8985
f 4613//8986 3701//8986 4615//8986
f 3700//8987 3701//8987 4613//8987
f 4615//8988 3705//8988 4614//8988
f 3701//8989 3705//8989 4615//8989
f 3705//8990 3706//8990 4614//8990
f 4614//8991 3706//8991 4607//8991
f 3706//8992 3711//8992 4607//8992
f 4607//8993 3711//8993 4610//8993
f 3711//8994 3712//8994 4610//8994
f 4610//8995 3712//8995 4609//8995
f 4609//8996 3715//8996 4608//8996
f 3712//8997 3715//8997 4609//8997
f 3715//8998 3716//8998 4608//8998
f 4608//8999 3716//8999 4605//8999
f 4605//9000 3718//9000 4603//9000
f 3716//9001 3718//9001 4605//9001
f 4603//9002 3719//9002 4604//9002
f 3718//9003 3719//9003 4603//9003
f 4604//9004 3720//9004 4606//9004
f 3719//9005 3720//9005 4604//9005
f 4606//9006 3357//9006 4611//9006
f 3720//9007 3357//9007 4606//9007
f 4611//9008 3359//9008 4612//9008
f 3357//9009 3359//9009 4611//9009
f 4612//9010 3360//9010 4616//9010
f 3359//9011 3360//9011 4612//9011
f 4616//9012 3366//9012 4617//9012
f 3360//9013 3366//9013 4616//9013
f 4617//9014 3367//9014 4619//9014
f 3366//9015 3367//9015 4617//9015
f 4619//9016 3373//9016 4620//9016
f 3367//9017 3373//9017 4619//9017
f 4620//9018 3374//9018 4621//9018
f 3373//9019 3374//9019 4620//9019
f 3374//9020 3379//9020 4621//9020
f 4621//9021 3379//9021 4626//9021
f 3379//9022 3380//9022 4626//9022
f 4626//9023 3380//9023 4625//9023
f 3380//9024 3385//9024 4625//9024
f 4625//9025 3385//9025 4630//9025
f 3385//9026 3386//9026 4630//9026
f 4630//9027 3386//9027 4631//9027
f 3386//9028 3391//9028 4631//9028
f 4631//9029 3391//9029 4634//9029
f 3391//9030 3392//9030 4634//9030
f 4634//9031 3392//9031 4635//9031
f 3392//9032 3397//9032 4635//9032
f 4635//9033 3397//9033 4641//9033
f 3397//9034 3398//9034 4641//9034
f 4641//9035 3398//9035 4640//9035
f 4640//9036 3403//9036 4638//9036
f 3398//9037 3403//9037 4640//9037
f 4638//9038 3404//9038 4639//9038
f 3403//9039 3404//9039 4638//9039
f 3404//9040 3409//9040 4639//9040
f 4639//9041 3409//9041 4647//9041
f 3409//9042 3410//9042 4647//9042
f 4647//9043 3410//9043 4646//9043
f 3410//9044 3415//9044 4646//9044
f 4646//9045 3415//9045 4654//9045
f 3415//9046 3416//9046 4654//9046
f 4654//9047 3416//9047 4653//9047
f 3416//9048 3421//9048 4653//9048
f 4653//9049 3421//9049 4651//9049
f 3421//9050 3422//9050 4651//9050
f 4651//9051 3422//9051 4652//9051
f 3422//9052 3427//9052 4652//9052
f 4652//9053 3427//9053 4658//9053
f 3427//9054 3428//9054 4658//9054
f 4658//9055 3428//9055 4657//9055
f 3428//9056 3433//9056 4657//9056
f 4657//9057 3433//9057 4667//9057
f 3433//9058 3434//9058 4667//9058
f 4667//9059 3434//9059 4666//9059
f 3434//9060 3439//9060 4666//9060
f 4666//9061 3439//9061 4664//9061
f 3439//9062 3440//9062 4664//9062
f 4664//9063 3440//9063 4665//9063
f 3440//9064 3445//9064 4665//9064
f 4665//9065 3445//9065 4673//9065
f 3445//9066 3446//9066 4673//9066
f 4673//9067 3446//9067 4671//9067
f 3446//9068 3451//9068 4671//9068
f 4671//9069 3451//9069 4672//9069
f 3451//9070 3452//9070 4672//9070
f 4672//9071 3452//9071 4675//9071
f 3452//9072 3457//9072 4675//9072
f 4675//9073 3457//9073 4674//9073
f 3457//9074 3458//9074 4674//9074
f 4674//9075 3458//9075 4683//9075
f 4683//9076 3463//9076 4681//9076
f 3458//9077 3463//9077 4683//9077
f 4681//9078 3464//9078 4682//9078
f 3463//9079 3464//9079 4681//9079
f 4682//9080 3469//9080 4685//9080
f 3464//9081 3469//9081 4682//9081
f 4685//9082 3470//9082 4693//9082
f 3469//9083 3470//9083 4685//9083
f 4693//9084 3475//9084 4692//9084
f 3470//9085 3475//9085 4693//9085
f 4692//9086 3476//9086 4690//9086
f 3475//9087 3476//9087 4692//9087
f 4690//9088 3481//9088 4691//9088
f 3476//9089 3481//9089 4690//9089
f 4691//9090 3482//9090 4697//9090
f 3481//9091 3482//9091 4691//9091
f 4697//9092 3487//9092 4696//9092
f 3482//9093 3487//9093 4697//9093
f 3487//9094 3488//9094 4696//9094
f 3488//9095 3493//9095 4696//9095
f 4696//9096 3493//9096 4699//9096
f 3493//9097 3494//9097 4699//9097
f 4699//9098 3494//9098 4700//9098
f 3494//9099 3499//9099 4700//9099
f 4706//9100 3499//9100 4704//9100
f 4700//9101 3499//9101 4706//9101
f 3499//9102 3500//9102 4704//9102
f 4704//9103 3500//9103 4705//9103
f 3500//9104 3505//9104 4705//9104
f 4705//9105 3505//9105 4707//9105
f 3505//9106 3506//9106 4707//9106
f 3506//9107 3511//9107 4707//9107
f 4707//9108 3511//9108 4711//9108
f 3511//9109 3512//9109 4711//9109
f 4711//9110 3512//9110 4712//9110
f 3512//9111 3517//9111 4712//9111
f 4712//9112 3517//9112 4716//9112
f 3517//9113 3518//9113 4716//9113
f 4716//9114 3518//9114 4717//9114
f 4718//9115 3523//9115 4722//9115
f 4717//9116 3523//9116 4718//9116
f 3518//9117 3523//9117 4717//9117
f 3523//9118 3524//9118 4722//9118
f 4722//9119 3524//9119 4723//9119
f 3524//9120 3529//9120 4723//9120
f 4723//9121 3530//9121 4726//9121
f 3529//9122 3530//9122 4723//9122
f 4726//9123 3535//9123 4727//9123
f 3530//9124 3535//9124 4726//9124
f 4727//9125 3536//9125 4728//9125
f 3535//9126 3536//9126 4727//9126
f 4728//9127 3541//9127 4724//9127
f 3536//9128 3541//9128 4728//9128
f 4724//9129 3542//9129 4725//9129
f 3541//9130 3542//9130 4724//9130
f 4725//9131 3547//9131 4719//9131
f 3542//9132 3547//9132 4725//9132
f 4719//9133 3548//9133 4721//9133
f 3547//9134 3548//9134 4719//9134
f 4721//9135 3553//9135 4720//9135
f 3548//9136 3553//9136 4721//9136
f 4720//9137 3554//9137 4715//9137
f 3553//9138 3554//9138 4720//9138
f 4715//9139 3559//9139 4713//9139
f 3554//9140 3559//9140 4715//9140
f 3559//9141 3560//9141 4713//9141
f 4714//9142 3560//9142 4708//9142
f 4713//9143 3560//9143 4714//9143
f 3560//9144 3565//9144 4708//9144
f 3565//9145 3566//9145 4708//9145
f 4708//9146 3566//9146 4710//9146
f 3566//9147 3571//9147 4710//9147
f 4710//9148 3571//9148 4709//9148
f 3571//9149 3572//9149 4709//9149
f 4701//9150 3572//9150 4703//9150
f 4709//9151 3572//9151 4701//9151
f 3572//9152 3577//9152 4703//9152
f 3577//9153 3578//9153 4703//9153
f 4702//9154 3578//9154 4698//9154
f 4703//9155 3578//9155 4702//9155
f 3578//9156 3583//9156 4698//9156
f 4698//9157 3583//9157 4694//9157
f 3583//9158 3584//9158 4694//9158
f 4694//9159 3589//9159 4695//9159
f 3584//9160 3589//9160 4694//9160
f 4688//9161 3590//9161 4689//9161
f 4695//9162 3590//9162 4688//9162
f 3589//9163 3590//9163 4695//9163
f 3590//9164 3595//9164 4689//9164
f 4689//9165 3596//9165 4686//9165
f 3595//9166 3596//9166 4689//9166
f 4686//9167 3601//9167 4687//9167
f 3596//9168 3601//9168 4686//9168
f 4684//9169 3602//9169 4680//9169
f 4687//9170 3602//9170 4684//9170
f 3601//9171 3602//9171 4687//9171
f 3602//9172 3607//9172 4680//9172
f 4676//9173 3608//9173 4679//9173
f 4680//9174 3608//9174 4676//9174
f 3607//9175 3608//9175 4680//9175
f 3608//9176 3613//9176 4679//9176
f 4679//9177 3614//9177 4678//9177
f 3613//9178 3614//9178 4679//9178
f 4678//9179 3619//9179 4677//9179
f 3614//9180 3619//9180 4678//9180
f 4677//9181 3620//9181 4669//9181
f 3619//9182 3620//9182 4677//9182
f 4670//9183 3625//9183 4668//9183
f 4669//9184 3625//9184 4670//9184
f 3620//9185 3625//9185 4669//9185
f 3625//9186 3626//9186 4668//9186
f 4668//9187 3631//9187 4663//9187
f 3626//9188 3631//9188 4668//9188
f 4663//9189 3632//9189 4661//9189
f 3631//9190 3632//9190 4663//9190
f 4661//9191 3637//9191 4662//9191
f 3632//9192 3637//9192 4661//9192
f 3637//9193 3638//9193 4662//9193
f 4662//9194 3638//9194 4659//9194
f 3638//9195 3643//9195 4659//9195
f 4659//9196 3643//9196 4660//9196
f 4660//9197 3644//9197 4655//9197
f 3643//9198 3644//9198 4660//9198
f 3644//9199 3649//9199 4655//9199
f 4655//9200 3649//9200 4656//9200
f 4656//9201 3650//9201 4650//9201
f 3649//9202 3650//9202 4656//9202
f 4650//9203 3655//9203 4648//9203
f 3650//9204 3655//9204 4650//9204
f 4648//9205 3656//9205 4649//9205
f 3655//9206 3656//9206 4648//9206
f 4645//9207 3661//9207 4642//9207
f 4649//9208 3661//9208 4645//9208
f 3656//9209 3661//9209 4649//9209
f 4642//9210 3662//9210 4644//9210
f 3661//9211 3662//9211 4642//9211
f 4644//9212 3667//9212 4643//9212
f 3662//9213 3667//9213 4644//9213
f 3667//9214 3668//9214 4643//9214
f 4636//9215 3674//9215 4637//9215
f 4643//9216 3674//9216 4636//9216
f 3668//9217 3674//9217 4643//9217
f 3674//9218 3673//9218 4637//9218
f 4637//9219 3354//9219 4632//9219
f 3673//9220 3354//9220 4637//9220
f 4729//9221 4730//9221 4731//9221
f 4730//9222 4732//9222 4731//9222
f 4731//9223 4733//9223 4734//9223
f 4734//9224 4733//9224 4735//9224
f 4735//9225 4733//9225 4736//9225
f 4732//9226 4733//9226 4731//9226
f 4737//9227 4738//9227 4732//9227
f 4733//9228 4739//9228 4740//9228
f 4740//9229 4739//9229 4741//9229
f 4742//9230 4743//9230 4738//9230
f 4733//9231 4744//9231 4739//9231
f 4745//9232 4746//9232 4747//9232
f 4744//9233 4748//9233 4749//9233
f 4749//9234 4748//9234 4750//9234
f 4751//9235 4752//9235 4746//9235
f 4748//9236 4753//9236 4754//9236
f 4754//9237 4753//9237 4755//9237
f 4752//9238 4756//9238 4746//9238
f 4757//9239 4756//9239 4752//9239
f 4753//9240 4758//9240 4759//9240
f 4760//9241 4761//9241 4756//9241
f 4758//9242 4762//9242 4763//9242
f 4764//9243 4765//9243 4761//9243
f 4762//9244 4766//9244 4767//9244
f 4768//9245 4769//9245 4765//9245
f 4765//9246 4769//9246 4761//9246
f 4762//9247 4770//9247 4766//9247
f 4762//9248 4771//9248 4770//9248
f 4753//9249 4771//9249 4758//9249
f 4748//9250 4771//9250 4753//9250
f 4758//9251 4771//9251 4762//9251
f 4772//9252 4773//9252 4769//9252
f 4774//9253 4775//9253 4773//9253
f 4771//9254 4776//9254 4777//9254
f 4777//9255 4776//9255 4778//9255
f 4733//9256 4776//9256 4744//9256
f 4748//9257 4776//9257 4771//9257
f 4744//9258 4776//9258 4748//9258
f 4775//9259 4779//9259 4773//9259
f 4780//9260 4779//9260 4775//9260
f 4776//9261 4781//9261 4782//9261
f 4779//9262 4783//9262 4773//9262
f 4784//9263 4783//9263 4779//9263
f 4781//9264 4785//9264 4786//9264
f 4787//9265 4788//9265 4789//9265
f 4790//9266 4791//9266 4792//9266
f 4792//9267 4791//9267 4793//9267
f 4793//9268 4791//9268 4783//9268
f 4781//9269 4794//9269 4785//9269
f 4785//9270 4794//9270 4787//9270
f 4776//9271 4794//9271 4781//9271
f 4738//9272 4794//9272 4732//9272
f 4732//9273 4794//9273 4733//9273
f 4787//9274 4794//9274 4788//9274
f 4733//9275 4794//9275 4776//9275
f 4794//9276 4795//9276 4796//9276
f 4797//9277 4798//9277 4799//9277
f 4794//9278 4800//9278 4795//9278
f 4798//9279 4801//9279 4799//9279
f 4802//9280 4801//9280 4798//9280
f 4803//9281 4804//9281 4805//9281
f 4805//9282 4804//9282 4806//9282
f 4807//9283 4808//9283 4809//9283
f 4747//9284 4810//9284 4743//9284
f 4800//9285 4810//9285 4803//9285
f 4738//9286 4810//9286 4794//9286
f 4746//9287 4810//9287 4747//9287
f 4743//9288 4810//9288 4738//9288
f 4794//9289 4810//9289 4800//9289
f 4803//9290 4810//9290 4804//9290
f 4809//9291 4811//9291 4801//9291
f 4808//9292 4811//9292 4809//9292
f 4810//9293 4812//9293 4813//9293
f 4746//9294 4812//9294 4810//9294
f 4756//9295 4812//9295 4746//9295
f 4814//9296 4815//9296 4811//9296
f 4812//9297 4816//9297 4817//9297
f 4818//9298 4819//9298 4815//9298
f 4815//9299 4819//9299 4811//9299
f 4816//9300 4820//9300 4821//9300
f 4812//9301 4820//9301 4816//9301
f 4819//9302 4822//9302 4811//9302
f 4823//9303 4822//9303 4819//9303
f 4812//9304 4824//9304 4820//9304
f 4761//9305 4824//9305 4756//9305
f 4756//9306 4824//9306 4812//9306
f 4825//9307 4826//9307 4822//9307
f 4824//9308 4827//9308 4828//9308
f 4829//9309 4830//9309 4826//9309
f 4761//9310 4831//9310 4824//9310
f 4773//9311 4831//9311 4769//9311
f 4827//9312 4831//9312 4832//9312
f 4769//9313 4831//9313 4761//9313
f 4824//9314 4831//9314 4827//9314
f 4830//9315 4833//9315 4826//9315
f 4822//9316 4834//9316 4811//9316
f 4826//9317 4834//9317 4822//9317
f 4833//9318 4834//9318 4826//9318
f 4811//9319 4834//9319 4801//9319
f 4831//9320 4835//9320 4836//9320
f 4837//9321 4838//9321 4834//9321
f 4773//9322 4839//9322 4831//9322
f 4831//9323 4839//9323 4835//9323
f 4835//9324 4839//9324 4840//9324
f 4840//9325 4839//9325 4841//9325
f 4783//9326 4839//9326 4773//9326
f 4801//9327 4842//9327 4799//9327
f 4834//9328 4842//9328 4801//9328
f 4838//9329 4842//9329 4834//9329
f 4843//9330 4842//9330 4844//9330
f 4844//9331 4842//9331 4838//9331
f 4839//9332 4845//9332 4846//9332
f 4847//9333 4848//9333 4842//9333
f 4848//9334 4849//9334 4842//9334
f 4783//9335 4850//9335 4839//9335
f 4839//9336 4850//9336 4845//9336
f 4845//9337 4850//9337 4851//9337
f 4851//9338 4850//9338 4852//9338
f 4791//9339 4850//9339 4783//9339
f 4842//9340 4850//9340 4799//9340
f 4799//9341 4850//9341 4791//9341
f 4849//9342 4853//9342 4842//9342
f 4842//9343 4854//9343 4850//9343
f 4853//9344 4854//9344 4842//9344
f 4758//9345 3734//9345 4759//9345
f 4759//9346 3736//9346 4753//9346
f 3734//9347 3736//9347 4759//9347
f 4753//9348 4065//9348 4755//9348
f 3736//9349 4065//9349 4753//9349
f 4755//9350 4067//9350 4754//9350
f 4065//9351 4067//9351 4755//9351
f 4754//9352 4069//9352 4748//9352
f 4067//9353 4069//9353 4754//9353
f 4748//9354 4070//9354 4750//9354
f 4069//9355 4070//9355 4748//9355
f 4750//9356 4073//9356 4749//9356
f 4070//9357 4073//9357 4750//9357
f 4749//9358 4074//9358 4744//9358
f 4073//9359 4074//9359 4749//9359
f 4744//9360 4077//9360 4739//9360
f 4074//9361 4077//9361 4744//9361
f 4739//9362 4078//9362 4741//9362
f 4077//9363 4078//9363 4739//9363
f 4741//9364 4082//9364 4740//9364
f 4078//9365 4082//9365 4741//9365
f 4082//9366 4083//9366 4740//9366
f 4740//9367 4083//9367 4733//9367
f 4083//9368 4088//9368 4733//9368
f 4733//9369 4088//9369 4736//9369
f 4088//9370 4089//9370 4736//9370
f 4736//9371 4089//9371 4735//9371
f 4735//9372 4093//9372 4734//9372
f 4089//9373 4093//9373 4735//9373
f 4093//9374 4094//9374 4734//9374
f 4734//9375 4094//9375 4731//9375
f 4731//9376 4096//9376 4729//9376
f 4094//9377 4096//9377 4731//9377
f 4729//9378 4097//9378 4730//9378
f 4096//9379 4097//9379 4729//9379
f 4730//9380 4098//9380 4732//9380
f 4097//9381 4098//9381 4730//9381
f 4732//9382 3730//9382 4737//9382
f 4098//9383 3730//9383 4732//9383
f 4737//9384 3732//9384 4738//9384
f 3730//9385 3732//9385 4737//9385
f 4738//9386 3733//9386 4742//9386
f 3732//9387 3733//9387 4738//9387
f 4742//9388 3743//9388 4743//9388
f 3733//9389 3743//9389 4742//9389
f 4743//9390 3744//9390 4747//9390
f 3743//9391 3744//9391 4743//9391
f 4747//9392 3749//9392 4745//9392
f 3744//9393 3749//9393 4747//9393
f 4745//9394 3750//9394 4746//9394
f 3749//9395 3750//9395 4745//9395
f 3750//9396 3756//9396 4746//9396
f 4746//9397 3756//9397 4751//9397
f 3756//9398 3757//9398 4751//9398
f 4751//9399 3757//9399 4752//9399
f 3757//9400 3762//9400 4752//9400
f 4752//9401 3762//9401 4757//9401
f 3762//9402 3763//9402 4757//9402
f 4757//9403 3763//9403 4756//9403
f 3763//9404 3768//9404 4756//9404
f 4756//9405 3768//9405 4760//9405
f 3768//9406 3769//9406 4760//9406
f 4760//9407 3769//9407 4761//9407
f 3769//9408 3774//9408 4761//9408
f 4761//9409 3774//9409 4764//9409
f 3774//9410 3775//9410 4764//9410
f 4764//9411 3775//9411 4765//9411
f 4765//9412 3780//9412 4768//9412
f 3775//9413 3780//9413 4765//9413
f 4768//9414 3781//9414 4769//9414
f 3780//9415 3781//9415 4768//9415
f 3781//9416 3786//9416 4769//9416
f 4769//9417 3786//9417 4772//9417
f 3786//9418 3787//9418 4772//9418
f 4772//9419 3787//9419 4773//9419
f 3787//9420 3792//9420 4773//9420
f 4773//9421 3792//9421 4774//9421
f 3792//9422 3793//9422 4774//9422
f 4774//9423 3793//9423 4775//9423
f 3793//9424 3798//9424 4775//9424
f 4775//9425 3798//9425 4780//9425
f 3798//9426 3799//9426 4780//9426
f 4780//9427 3799//9427 4779//9427
f 3799//9428 3804//9428 4779//9428
f 4779//9429 3804//9429 4784//9429
f 3804//9430 3805//9430 4784//9430
f 4784//9431 3805//9431 4783//9431
f 3805//9432 3810//9432 4783//9432
f 4783//9433 3810//9433 4793//9433
f 3810//9434 3811//9434 4793//9434
f 4793//9435 3811//9435 4792//9435
f 3811//9436 3816//9436 4792//9436
f 4792//9437 3816//9437 4790//9437
f 3816//9438 3817//9438 4790//9438
f 4790//9439 3817//9439 4791//9439
f 3817//9440 3822//9440 4791//9440
f 4791//9441 3822//9441 4799//9441
f 3822//9442 3823//9442 4799//9442
f 4799//9443 3823//9443 4797//9443
f 3823//9444 3828//9444 4797//9444
f 4797//9445 3828//9445 4798//9445
f 3828//9446 3829//9446 4798//9446
f 4798//9447 3829//9447 4802//9447
f 3829//9448 3834//9448 4802//9448
f 4802//9449 3834//9449 4801//9449
f 3834//9450 3835//9450 4801//9450
f 4801//9451 3835//9451 4809//9451
f 4809//9452 3840//9452 4807//9452
f 3835//9453 3840//9453 4809//9453
f 4807//9454 3841//9454 4808//9454
f 3840//9455 3841//9455 4807//9455
f 4808//9456 3846//9456 4811//9456
f 3841//9457 3846//9457 4808//9457
f 4811//9458 3847//9458 4814//9458
f 3846//9459 3847//9459 4811//9459
f 4814//9460 3852//9460 4815//9460
f 3847//9461 3852//9461 4814//9461
f 4815//9462 3853//9462 4818//9462
f 3852//9463 3853//9463 4815//9463
f 4818//9464 3858//9464 4819//9464
f 3853//9465 3858//9465 4818//9465
f 4819//9466 3859//9466 4823//9466
f 3858//9467 3859//9467 4819//9467
f 4823//9468 3864//9468 4822//9468
f 3859//9469 3864//9469 4823//9469
f 3864//9470 3865//9470 4822//9470
f 3865//9471 3870//9471 4822//9471
f 4822//9472 3870//9472 4825//9472
f 3870//9473 3871//9473 4825//9473
f 4825//9474 3871//9474 4826//9474
f 3871//9475 3876//9475 4826//9475
f 4829//9476 3876//9476 4830//9476
f 4826//9477 3876//9477 4829//9477
f 3876//9478 3877//9478 4830//9478
f 4830//9479 3877//9479 4833//9479
f 3877//9480 3882//9480 4833//9480
f 4833//9481 3882//9481 4834//9481
f 3882//9482 3883//9482 4834//9482
f 3883//9483 3888//9483 4834//9483
f 4834//9484 3888//9484 4837//9484
f 3888//9485 3889//9485 4837//9485
f 4837//9486 3889//9486 4838//9486
f 3889//9487 3894//9487 4838//9487
f 4838//9488 3894//9488 4844//9488
f 3894//9489 3895//9489 4844//9489
f 4844//9490 3895//9490 4843//9490
f 4842//9491 3900//9491 4847//9491
f 4843//9492 3900//9492 4842//9492
f 3895//9493 3900//9493 4843//9493
f 3900//9494 3901//9494 4847//9494
f 4847//9495 3901//9495 4848//9495
f 3901//9496 3906//9496 4848//9496
f 4848//9497 3907//9497 4849//9497
f 3906//9498 3907//9498 4848//9498
f 4849//9499 3912//9499 4853//9499
f 3907//9500 3912//9500 4849//9500
f 4853//9501 3913//9501 4854//9501
f 3912//9502 3913//9502 4853//9502
f 4854//9503 3918//9503 4850//9503
f 3913//9504 3918//9504 4854//9504
f 4850//9505 3919//9505 4852//9505
f 3918//9506 3919//9506 4850//9506
f 4852//9507 3924//9507 4851//9507
f 3919//9508 3924//9508 4852//9508
f 4851//9509 3925//9509 4845//9509
f 3924//9510 3925//9510 4851//9510
f 4845//9511 3930//9511 4846//9511
f 3925//9512 3930//9512 4845//9512
f 4846//9513 3931//9513 4839//9513
f 3930//9514 3931//9514 4846//9514
f 4839//9515 3936//9515 4841//9515
f 3931//9516 3936//9516 4839//9516
f 3936//9517 3937//9517 4841//9517
f 4840//9518 3937//9518 4835//9518
f 4841//9519 3937//9519 4840//9519
f 3937//9520 3942//9520 4835//9520
f 3942//9521 3943//9521 4835//9521
f 4835//9522 3943//9522 4836//9522
f 3943//9523 3948//9523 4836//9523
f 4836//9524 3948//9524 4831//9524
f 3948//9525 3949//9525 4831//9525
f 4832//9526 3949//9526 4827//9526
f 4831//9527 3949//9527 4832//9527
f 3949//9528 3954//9528 4827//9528
f 3954//9529 3955//9529 4827//9529
f 4828//9530 3955//9530 4824//9530
f 4827//9531 3955//9531 4828//9531
f 3955//9532 3960//9532 4824//9532
f 4824//9533 3960//9533 4820//9533
f 3960//9534 3961//9534 4820//9534
f 4820//9535 3966//9535 4821//9535
f 3961//9536 3966//9536 4820//9536
f 4816//9537 3967//9537 4817//9537
f 4821//9538 3967//9538 4816//9538
f 3966//9539 3967//9539 4821//9539
f 3967//9540 3972//9540 4817//9540
f 4817//9541 3973//9541 4812//9541
f 3972//9542 3973//9542 4817//9542
f 4812//9543 3978//9543 4813//9543
f 3973//9544 3978//9544 4812//9544
f 4810//9545 3979//9545 4804//9545
f 4813//9546 3979//9546 4810//9546
f 3978//9547 3979//9547 4813//9547
f 3979//9548 3984//9548 4804//9548
f 4806//9549 3985//9549 4805//9549
f 4804//9550 3985//9550 4806//9550
f 3984//9551 3985//9551 4804//9551
f 3985//9552 3990//9552 4805//9552
f 4805//9553 3991//9553 4803//9553
f 3990//9554 3991//9554 4805//9554
f 4803//9555 3996//9555 4800//9555
f 3991//9556 3996//9556 4803//9556
f 4800//9557 3997//9557 4795//9557
f 3996//9558 3997//9558 4800//9558
f 4796//9559 4002//9559 4794//9559
f 4795//9560 4002//9560 4796//9560
f 3997//9561 4002//9561 4795//9561
f 4002//9562 4003//9562 4794//9562
f 4794//9563 4008//9563 4788//9563
f 4003//9564 4008//9564 4794//9564
f 4788//9565 4009//9565 4789//9565
f 4008//9566 4009//9566 4788//9566
f 4789//9567 4014//9567 4787//9567
f 4009//9568 4014//9568 4789//9568
f 4014//9569 4015//9569 4787//9569
f 4787//9570 4015//9570 4785//9570
f 4015//9571 4020//9571 4785//9571
f 4785//9572 4020//9572 4786//9572
f 4786//9573 4021//9573 4781//9573
f 4020//9574 4021//9574 4786//9574
f 4021//9575 4026//9575 4781//9575
f 4781//9576 4026//9576 4782//9576
f 4782//9577 4027//9577 4776//9577
f 4026//9578 4027//9578 4782//9578
f 4776//9579 4032//9579 4778//9579
f 4027//9580 4032//9580 4776//9580
f 4778//9581 4033//9581 4777//9581
f 4032//9582 4033//9582 4778//9582
f 4771//9583 4038//9583 4770//9583
f 4777//9584 4038//9584 4771//9584
f 4033//9585 4038//9585 4777//9585
f 4770//9586 4039//9586 4766//9586
f 4038//9587 4039//9587 4770//9587
f 4766//9588 4044//9588 4767//9588
f 4039//9589 4044//9589 4766//9589
f 4044//9590 4045//9590 4767//9590
f 4762//9591 4051//9591 4763//9591
f 4767//9592 4051//9592 4762//9592
f 4045//9593 4051//9593 4767//9593
f 4051//9594 4050//9594 4763//9594
f 4763//9595 3734//9595 4758//9595
f 4050//9596 3734//9596 4763//9596
f 4855//9597 4856//9597 4857//9597
f 4857//9598 4858//9598 4859//9598
f 4858//9599 4860//9599 4861//9599
f 4857//9600 4860//9600 4858//9600
f 4862//9601 4863//9601 4864//9601
f 4864//9602 4863//9602 4865//9602
f 4860//9603 4866//9603 4867//9603
f 4857//9604 4866//9604 4860//9604
f 4865//9605 4868//9605 4869//9605
f 4863//9606 4868//9606 4865//9606
f 4869//9607 4870//9607 4856//9607
f 4856//9608 4870//9608 4857//9608
f 4868//9609 4870//9609 4869//9609
f 4866//9610 4871//9610 4872//9610
f 4857//9611 4873//9611 4866//9611
f 4870//9612 4873//9612 4857//9612
f 4871//9613 4874//9613 4875//9613
f 4866//9614 4876//9614 4871//9614
f 4871//9615 4876//9615 4874//9615
f 4877//9616 4878//9616 4873//9616
f 4879//9617 4878//9617 4877//9617
f 4876//9618 4880//9618 4881//9618
f 4882//9619 4883//9619 4878//9619
f 4866//9620 4884//9620 4876//9620
f 4876//9621 4884//9621 4880//9621
f 4885//9622 4886//9622 4883//9622
f 4884//9623 4887//9623 4888//9623
f 4889//9624 4890//9624 4886//9624
f 4887//9625 4891//9625 4892//9625
f 4884//9626 4891//9626 4887//9626
f 4890//9627 4893//9627 4886//9627
f 4894//9628 4893//9628 4890//9628
f 4891//9629 4895//9629 4896//9629
f 4891//9630 4897//9630 4895//9630
f 4884//9631 4897//9631 4891//9631
f 4898//9632 4899//9632 4893//9632
f 4897//9633 4900//9633 4901//9633
f 4897//9634 4902//9634 4900//9634
f 4893//9635 4903//9635 4886//9635
f 4899//9636 4903//9636 4893//9636
f 4878//9637 4903//9637 4873//9637
f 4883//9638 4903//9638 4878//9638
f 4904//9639 4903//9639 4905//9639
f 4905//9640 4903//9640 4899//9640
f 4886//9641 4903//9641 4883//9641
f 4903//9642 4906//9642 4873//9642
f 4873//9643 4906//9643 4866//9643
f 4902//9644 4907//9644 4908//9644
f 4908//9645 4907//9645 4909//9645
f 4910//9646 4911//9646 4906//9646
f 4902//9647 4912//9647 4907//9647
f 4897//9648 4912//9648 4902//9648
f 4911//9649 4913//9649 4906//9649
f 4913//9650 4914//9650 4906//9650
f 4915//9651 4914//9651 4913//9651
f 4912//9652 4916//9652 4917//9652
f 4917//9653 4916//9653 4918//9653
f 4897//9654 4916//9654 4912//9654
f 4916//9655 4919//9655 4920//9655
f 4921//9656 4922//9656 4923//9656
f 4916//9657 4924//9657 4919//9657
f 4922//9658 4925//9658 4923//9658
f 4923//9659 4925//9659 4914//9659
f 4924//9660 4926//9660 4927//9660
f 4916//9661 4928//9661 4924//9661
f 4924//9662 4928//9662 4926//9662
f 4906//9663 4929//9663 4866//9663
f 4914//9664 4929//9664 4906//9664
f 4925//9665 4929//9665 4914//9665
f 4930//9666 4929//9666 4931//9666
f 4931//9667 4929//9667 4925//9667
f 4932//9668 4933//9668 4934//9668
f 4935//9669 4936//9669 4937//9669
f 4937//9670 4936//9670 4929//9670
f 4928//9671 4938//9671 4932//9671
f 4933//9672 4938//9672 4939//9672
f 4932//9673 4938//9673 4933//9673
f 4929//9674 4940//9674 4866//9674
f 4941//9675 4940//9675 4936//9675
f 4936//9676 4940//9676 4929//9676
f 4938//9677 4942//9677 4943//9677
f 4944//9678 4945//9678 4946//9678
f 4946//9679 4945//9679 4940//9679
f 4938//9680 4947//9680 4942//9680
f 4942//9681 4947//9681 4948//9681
f 4928//9682 4947//9682 4938//9682
f 4949//9683 4950//9683 4945//9683
f 4947//9684 4951//9684 4952//9684
f 4952//9685 4951//9685 4953//9685
f 4884//9686 4954//9686 4897//9686
f 4945//9687 4954//9687 4940//9687
f 4950//9688 4954//9688 4945//9688
f 4955//9689 4954//9689 4950//9689
f 4866//9690 4954//9690 4884//9690
f 4940//9691 4954//9691 4866//9691
f 4947//9692 4956//9692 4951//9692
f 4916//9693 4956//9693 4928//9693
f 4928//9694 4956//9694 4947//9694
f 4957//9695 4958//9695 4954//9695
f 4956//9696 4959//9696 4960//9696
f 4959//9697 4961//9697 4962//9697
f 4963//9698 4964//9698 4965//9698
f 4965//9699 4964//9699 4958//9699
f 4959//9700 4966//9700 4961//9700
f 4958//9701 4967//9701 4954//9701
f 4964//9702 4967//9702 4958//9702
f 4956//9703 4968//9703 4959//9703
f 4959//9704 4968//9704 4966//9704
f 4956//9705 4969//9705 4968//9705
f 4970//9706 4971//9706 4967//9706
f 4956//9707 4972//9707 4969//9707
f 4916//9708 4973//9708 4956//9708
f 4956//9709 4973//9709 4972//9709
f 4967//9710 4974//9710 4954//9710
f 4975//9711 4974//9711 4971//9711
f 4971//9712 4974//9712 4967//9712
f 4973//9713 4976//9713 4977//9713
f 4978//9714 4979//9714 4974//9714
f 4954//9715 4980//9715 4897//9715
f 4973//9716 4980//9716 4976//9716
f 4897//9717 4980//9717 4916//9717
f 4916//9718 4980//9718 4973//9718
f 4974//9719 4980//9719 4954//9719
f 4979//9720 4980//9720 4974//9720
f 4888//9721 4112//9721 4884//9721
f 4884//9722 4114//9722 4880//9722
f 4112//9723 4114//9723 4884//9723
f 4880//9724 4444//9724 4881//9724
f 4114//9725 4444//9725 4880//9725
f 4881//9726 4446//9726 4876//9726
f 4444//9727 4446//9727 4881//9727
f 4876//9728 4448//9728 4874//9728
f 4446//9729 4448//9729 4876//9729
f 4874//9730 4449//9730 4875//9730
f 4448//9731 4449//9731 4874//9731
f 4875//9732 4452//9732 4871//9732
f 4449//9733 4452//9733 4875//9733
f 4871//9734 4453//9734 4872//9734
f 4452//9735 4453//9735 4871//9735
f 4872//9736 4456//9736 4866//9736
f 4453//9737 4456//9737 4872//9737
f 4866//9738 4457//9738 4867//9738
f 4456//9739 4457//9739 4866//9739
f 4867//9740 4461//9740 4860//9740
f 4457//9741 4461//9741 4867//9741
f 4461//9742 4462//9742 4860//9742
f 4860//9743 4462//9743 4861//9743
f 4462//9744 4467//9744 4861//9744
f 4861//9745 4467//9745 4858//9745
f 4467//9746 4468//9746 4858//9746
f 4858//9747 4468//9747 4859//9747
f 4859//9748 4471//9748 4857//9748
f 4468//9749 4471//9749 4859//9749
f 4471//9750 4472//9750 4857//9750
f 4857//9751 4472//9751 4855//9751
f 4855//9752 4474//9752 4856//9752
f 4472//9753 4474//9753 4855//9753
f 4856//9754 4475//9754 4869//9754
f 4474//9755 4475//9755 4856//9755
f 4869//9756 4476//9756 4865//9756
f 4475//9757 4476//9757 4869//9757
f 4865//9758 4109//9758 4864//9758
f 4476//9759 4109//9759 4865//9759
f 4864//9760 4111//9760 4862//9760
f 4109//9761 4111//9761 4864//9761
f 4862//9762 4115//9762 4863//9762
f 4111//9763 4115//9763 4862//9763
f 4863//9764 4122//9764 4868//9764
f 4115//9765 4122//9765 4863//9765
f 4868//9766 4123//9766 4870//9766
f 4122//9767 4123//9767 4868//9767
f 4870//9768 4129//9768 4873//9768
f 4123//9769 4129//9769 4870//9769
f 4873//9770 4130//9770 4877//9770
f 4129//9771 4130//9771 4873//9771
f 4130//9772 4135//9772 4877//9772
f 4877//9773 4135//9773 4879//9773
f 4135//9774 4136//9774 4879//9774
f 4879//9775 4136//9775 4878//9775
f 4136//9776 4141//9776 4878//9776
f 4878//9777 4141//9777 4882//9777
f 4141//9778 4142//9778 4882//9778
f 4882//9779 4142//9779 4883//9779
f 4142//9780 4147//9780 4883//9780
f 4883//9781 4147//9781 4885//9781
f 4147//9782 4148//9782 4885//9782
f 4885//9783 4148//9783 4886//9783
f 4148//9784 4153//9784 4886//9784
f 4886//9785 4153//9785 4889//9785
f 4153//9786 4154//9786 4889//9786
f 4889//9787 4154//9787 4890//9787
f 4890//9788 4159//9788 4894//9788
f 4154//9789 4159//9789 4890//9789
f 4894//9790 4160//9790 4893//9790
f 4159//9791 4160//9791 4894//9791
f 4160//9792 4165//9792 4893//9792
f 4893//9793 4165//9793 4898//9793
f 4165//9794 4166//9794 4898//9794
f 4898//9795 4166//9795 4899//9795
f 4166//9796 4171//9796 4899//9796
f 4899//9797 4171//9797 4905//9797
f 4171//9798 4172//9798 4905//9798
f 4905//9799 4172//9799 4904//9799
f 4172//9800 4177//9800 4904//9800
f 4904//9801 4177//9801 4903//9801
f 4177//9802 4178//9802 4903//9802
f 4903//9803 4178//9803 4906//9803
f 4178//9804 4183//9804 4906//9804
f 4906//9805 4183//9805 4910//9805
f 4183//9806 4184//9806 4910//9806
f 4910//9807 4184//9807 4911//9807
f 4184//9808 4189//9808 4911//9808
f 4911//9809 4189//9809 4913//9809
f 4189//9810 4190//9810 4913//9810
f 4913//9811 4190//9811 4915//9811
f 4190//9812 4195//9812 4915//9812
f 4915//9813 4195//9813 4914//9813
f 4195//9814 4196//9814 4914//9814
f 4914//9815 4196//9815 4923//9815
f 4196//9816 4201//9816 4923//9816
f 4923//9817 4201//9817 4921//9817
f 4201//9818 4202//9818 4921//9818
f 4921//9819 4202//9819 4922//9819
f 4202//9820 4207//9820 4922//9820
f 4922//9821 4207//9821 4925//9821
f 4207//9822 4208//9822 4925//9822
f 4925//9823 4208//9823 4931//9823
f 4208//9824 4213//9824 4931//9824
f 4931//9825 4213//9825 4930//9825
f 4213//9826 4214//9826 4930//9826
f 4930//9827 4214//9827 4929//9827
f 4214//9828 4219//9828 4929//9828
f 4937//9829 4220//9829 4935//9829
f 4929//9830 4220//9830 4937//9830
f 4219//9831 4220//9831 4929//9831
f 4935//9832 4225//9832 4936//9832
f 4220//9833 4225//9833 4935//9833
f 4936//9834 4226//9834 4941//9834
f 4225//9835 4226//9835 4936//9835
f 4226//9836 4231//9836 4941//9836
f 4940//9837 4232//9837 4946//9837
f 4941//9838 4232//9838 4940//9838
f 4231//9839 4232//9839 4941//9839
f 4232//9840 4237//9840 4946//9840
f 4237//9841 4238//9841 4946//9841
f 4946//9842 4238//9842 4944//9842
f 4238//9843 4243//9843 4944//9843
f 4945//9844 4243//9844 4949//9844
f 4944//9845 4243//9845 4945//9845
f 4243//9846 4244//9846 4949//9846
f 4949//9847 4244//9847 4950//9847
f 4244//9848 4249//9848 4950//9848
f 4249//9849 4250//9849 4950//9849
f 4950//9850 4250//9850 4955//9850
f 4250//9851 4255//9851 4955//9851
f 4955//9852 4255//9852 4954//9852
f 4255//9853 4256//9853 4954//9853
f 4954//9854 4256//9854 4957//9854
f 4256//9855 4261//9855 4957//9855
f 4957//9856 4261//9856 4958//9856
f 4261//9857 4262//9857 4958//9857
f 4965//9858 4262//9858 4963//9858
f 4958//9859 4262//9859 4965//9859
f 4262//9860 4267//9860 4963//9860
f 4267//9861 4268//9861 4963//9861
f 4963//9862 4268//9862 4964//9862
f 4268//9863 4273//9863 4964//9863
f 4967//9864 4273//9864 4970//9864
f 4964//9865 4273//9865 4967//9865
f 4273//9866 4274//9866 4970//9866
f 4970//9867 4274//9867 4971//9867
f 4274//9868 4279//9868 4971//9868
f 4971//9869 4280//9869 4975//9869
f 4279//9870 4280//9870 4971//9870
f 4974//9871 4285//9871 4978//9871
f 4975//9872 4285//9872 4974//9872
f 4280//9873 4285//9873 4975//9873
f 4285//9874 4286//9874 4978//9874
f 4979//9875 4291//9875 4980//9875
f 4978//9876 4291//9876 4979//9876
f 4286//9877 4291//9877 4978//9877
f 4291//9878 4292//9878 4980//9878
f 4980//9879 4297//9879 4976//9879
f 4292//9880 4297//9880 4980//9880
f 4977//9881 4298//9881 4973//9881
f 4976//9882 4298//9882 4977//9882
f 4297//9883 4298//9883 4976//9883
f 4298//9884 4303//9884 4973//9884
f 4973//9885 4304//9885 4972//9885
f 4303//9886 4304//9886 4973//9886
f 4972//9887 4309//9887 4969//9887
f 4304//9888 4309//9888 4972//9888
f 4969//9889 4310//9889 4968//9889
f 4309//9890 4310//9890 4969//9890
f 4968//9891 4315//9891 4966//9891
f 4310//9892 4315//9892 4968//9892
f 4315//9893 4316//9893 4966//9893
f 4961//9894 4316//9894 4962//9894
f 4966//9895 4316//9895 4961//9895
f 4316//9896 4321//9896 4962//9896
f 4321//9897 4322//9897 4962//9897
f 4959//9898 4322//9898 4960//9898
f 4962//9899 4322//9899 4959//9899
f 4322//9900 4327//9900 4960//9900
f 4327//9901 4328//9901 4960//9901
f 4956//9902 4328//9902 4951//9902
f 4960//9903 4328//9903 4956//9903
f 4328//9904 4333//9904 4951//9904
f 4333//9905 4334//9905 4951//9905
f 4951//9906 4334//9906 4953//9906
f 4334//9907 4339//9907 4953//9907
f 4953//9908 4339//9908 4952//9908
f 4947//9909 4340//9909 4948//9909
f 4952//9910 4340//9910 4947//9910
f 4339//9911 4340//9911 4952//9911
f 4340//9912 4345//9912 4948//9912
f 4942//9913 4346//9913 4943//9913
f 4948//9914 4346//9914 4942//9914
f 4345//9915 4346//9915 4948//9915
f 4943//9916 4351//9916 4938//9916
f 4346//9917 4351//9917 4943//9917
f 4351//9918 4352//9918 4938//9918
f 4939//9919 4357//9919 4933//9919
f 4938//9920 4357//9920 4939//9920
f 4352//9921 4357//9921 4938//9921
f 4357//9922 4358//9922 4933//9922
f 4933//9923 4363//9923 4934//9923
f 4358//9924 4363//9924 4933//9924
f 4932//9925 4364//9925 4928//9925
f 4934//9926 4364//9926 4932//9926
f 4363//9927 4364//9927 4934//9927
f 4364//9928 4369//9928 4928//9928
f 4926//9929 4370//9929 4927//9929
f 4928//9930 4370//9930 4926//9930
f 4369//9931 4370//9931 4928//9931
f 4370//9932 4375//9932 4927//9932
f 4924//9933 4376//9933 4919//9933
f 4927//9934 4376//9934 4924//9934
f 4375//9935 4376//9935 4927//9935
f 4919//9936 4381//9936 4920//9936
f 4376//9937 4381//9937 4919//9937
f 4381//9938 4382//9938 4920//9938
f 4916//9939 4387//9939 4918//9939
f 4920//9940 4387//9940 4916//9940
f 4382//9941 4387//9941 4920//9941
f 4918//9942 4388//9942 4917//9942
f 4387//9943 4388//9943 4918//9943
f 4388//9944 4393//9944 4917//9944
f 4393//9945 4394//9945 4917//9945
f 4917//9946 4394//9946 4912//9946
f 4394//9947 4399//9947 4912//9947
f 4912//9948 4399//9948 4907//9948
f 4907//9949 4400//9949 4909//9949
f 4399//9950 4400//9950 4907//9950
f 4400//9951 4405//9951 4909//9951
f 4909//9952 4405//9952 4908//9952
f 4902//9953 4406//9953 4900//9953
f 4908//9954 4406//9954 4902//9954
f 4405//9955 4406//9955 4908//9955
f 4900//9956 4411//9956 4901//9956
f 4406//9957 4411//9957 4900//9957
f 4411//9958 4412//9958 4901//9958
f 4901//9959 4417//9959 4897//9959
f 4412//9960 4417//9960 4901//9960
f 4895//9961 4418//9961 4896//9961
f 4897//9962 4418//9962 4895//9962
f 4417//9963 4418//9963 4897//9963
f 4896//9964 4423//9964 4891//9964
f 4418//9965 4423//9965 4896//9965
f 4423//9966 4424//9966 4891//9966
f 4892//9967 4430//9967 4887//9967
f 4891//9968 4430//9968 4892//9968
f 4424//9969 4430//9969 4891//9969
f 4430//9970 4429//9970 4887//9970
f 4887//9971 4112//9971 4888//9971
f 4429//9972 4112//9972 4887//9972
