# Created by FreeCAD <https://www.freecad.org>
v 216.136749 -12.955639 -19.312500
v 216.223175 -12.814217 -19.312500
v 216.444855 -13.046799 -19.000000
v 215.709534 -13.168595 -19.625000
v 215.776871 -12.983578 -19.625000
v 216.008148 -13.260706 -19.312500
v 216.064835 -13.104963 -19.312500
v 215.631607 -13.554090 -19.625000
v 215.354645 -13.297478 -19.937500
v 215.660950 -13.359398 -19.625000
v 215.048340 -13.235557 -20.250000
v 215.025833 -13.363227 -20.250000
v 215.077194 -13.109167 -20.250000
v 215.320663 -13.522975 -19.937500
v 216.323242 -12.682102 -19.312500
v 216.520660 -12.935600 -19.000000
v 216.246796 -13.750736 -19.000000
v 215.934296 -13.750736 -19.312500
v 216.248474 -13.683445 -19.000000
v 216.562637 -12.882974 -19.000000
v 216.607162 -12.832503 -19.000000
v 215.862305 -12.806185 -19.625000
v 215.410919 -13.076484 -19.937500
v 215.112305 -12.984373 -20.250000
v 215.153595 -12.861485 -20.250000
v 216.435974 -12.560608 -19.312500
v 216.654175 -12.784316 -19.000000
v 216.703506 -12.738532 -19.000000
v 215.964966 -12.638180 -19.625000
v 215.488907 -12.862192 -19.937500
v 215.200958 -12.740806 -20.250000
v 215.254272 -12.622639 -20.250000
v 216.560242 -12.450942 -19.312500
v 216.755081 -12.695264 -19.000000
v 216.808731 -12.654620 -19.000000
v 216.083847 -12.481231 -19.625000
v 214.996796 -13.750736 -20.250000
v 215.000015 -13.621138 -20.250000
v 215.309296 -13.750736 -19.937500
v 215.313416 -12.507277 -20.250000
v 215.587860 -12.656731 -19.937500
v 215.378235 -12.395005 -20.250000
v 216.694809 -12.354194 -19.312500
v 216.864349 -12.616701 -19.000000
v 216.921783 -12.581602 -19.000000
v 216.217773 -12.336900 -19.625000
v 215.448563 -12.286104 -20.250000
v 215.706772 -12.462142 -19.937500
v 215.524246 -12.180845 -20.250000
v 216.838333 -12.271325 -19.312500
v 216.980911 -12.549410 -19.000000
v 217.041550 -12.520204 -19.000000
v 216.365402 -12.206619 -19.625000
v 215.844467 -12.280360 -19.937500
v 215.605072 -12.079489 -20.250000
v 215.690857 -11.982287 -20.250000
v 216.989410 -12.203159 -19.312500
v 217.103577 -12.494057 -19.000000
v 217.166840 -12.471035 -19.000000
v 216.525269 -12.091685 -19.625000
v 215.999573 -12.113192 -19.937500
v 215.781372 -11.889482 -20.250000
v 215.876404 -11.801306 -20.250000
v 217.146515 -12.150373 -19.312500
v 217.231155 -12.451194 -19.000000
v 217.296387 -12.434584 -19.000000
v 216.695770 -11.993239 -19.625000
v 216.170563 -11.962297 -19.937500
v 215.975723 -11.717975 -20.250000
v 216.079056 -11.639698 -20.250000
v 217.308105 -12.113494 -19.312500
v 217.362366 -12.421247 -19.000000
v 217.428925 -12.411214 -19.000000
v 216.875244 -11.912261 -19.625000
v 216.355713 -11.829177 -19.937500
v 216.186172 -11.566669 -20.250000
v 216.296783 -11.499070 -20.250000
v 217.472549 -12.092885 -19.312500
v 217.495911 -12.404511 -19.000000
v 217.563141 -12.401156 -19.000000
v 217.061874 -11.849554 -19.625000
v 216.553207 -11.715155 -19.937500
v 216.410645 -11.437070 -20.250000
v 216.527451 -11.380821 -20.250000
v 217.638245 -12.088754 -19.312500
v 217.630447 -12.401156 -19.000000
v 217.697678 -12.404511 -19.000000
v 217.253830 -11.805741 -19.625000
v 216.761078 -11.621363 -19.937500
v 216.646896 -11.330464 -20.250000
v 216.768723 -11.286125 -20.250000
v 217.803513 -12.101139 -19.312500
v 217.764648 -12.411214 -19.000000
v 217.831207 -12.421247 -19.000000
v 217.449203 -11.781260 -19.625000
v 216.977249 -11.548734 -19.937500
v 216.892609 -11.247913 -20.250000
v 217.018234 -11.215924 -20.250000
v 217.966736 -12.129919 -19.312500
v 217.897186 -12.434584 -19.000000
v 217.962418 -12.451194 -19.000000
v 217.646027 -11.776350 -19.625000
v 217.199570 -11.497989 -19.937500
v 217.145309 -11.190236 -20.250000
v 217.273499 -11.170915 -20.250000
v 218.126266 -12.174808 -19.312500
v 218.026749 -12.471035 -19.000000
v 218.089996 -12.494057 -19.000000
v 217.842361 -11.791064 -19.625000
v 217.425842 -11.469633 -19.937500
v 217.402496 -11.158007 -20.250000
v 217.531967 -11.151545 -20.250000
v 218.280548 -12.235358 -19.312500
v 218.152023 -12.520204 -19.000000
v 218.212677 -12.549410 -19.000000
v 218.036270 -11.825253 -19.625000
v 217.653824 -11.463947 -19.937500
v 217.661606 -11.151545 -20.250000
v 217.791092 -11.158007 -20.250000
v 218.428040 -12.310969 -19.312500
v 218.271790 -12.581602 -19.000000
v 218.329224 -12.616701 -19.000000
v 218.225800 -11.878580 -19.625000
v 217.881226 -11.480989 -19.937500
v 217.920090 -11.170915 -20.250000
v 218.048279 -11.190236 -20.250000
v 218.567261 -12.400889 -19.312500
v 218.384842 -12.654620 -19.000000
v 218.438507 -12.695264 -19.000000
v 218.409088 -11.950513 -19.625000
v 218.105804 -11.520589 -19.937500
v 218.175339 -11.215924 -20.250000
v 218.300980 -11.247913 -20.250000
v 218.696838 -12.504226 -19.312500
v 218.490067 -12.738532 -19.000000
v 218.539413 -12.784316 -19.000000
v 218.584290 -12.040337 -19.625000
v 218.424850 -11.286125 -20.250000
v 218.325333 -11.582353 -19.937500
v 218.546677 -11.330464 -20.250000
v 218.815491 -12.619949 -19.312500
v 218.586411 -12.832503 -19.000000
v 218.630951 -12.882974 -19.000000
v 218.749680 -12.147159 -19.625000
v 218.537613 -11.665667 -19.937500
v 218.666138 -11.380821 -20.250000
v 218.782944 -11.437070 -20.250000
v 218.922028 -12.746912 -19.312500
v 218.672913 -12.935600 -19.000000
v 218.712219 -12.990254 -19.000000
v 218.903625 -12.269918 -19.625000
v 218.740540 -11.769704 -19.937500
v 218.896790 -11.499070 -20.250000
v 219.007416 -11.566669 -20.250000
v 219.015381 -12.883850 -19.312500
v 218.748734 -13.046799 -19.000000
v 218.782394 -13.105094 -19.000000
v 219.044571 -12.407395 -19.625000
v 218.932098 -11.893429 -19.937500
v 219.114517 -11.639698 -20.250000
v 219.217865 -11.717975 -20.250000
v 219.094650 -13.029405 -19.312500
v 218.813095 -13.164993 -19.000000
v 218.840790 -13.226350 -19.000000
v 219.171127 -12.558223 -19.625000
v 219.110397 -12.035612 -19.937500
v 219.317169 -11.801306 -20.250000
v 219.412201 -11.889482 -20.250000
v 219.159027 -13.182128 -19.312500
v 218.865372 -13.289009 -19.000000
v 218.886810 -13.352818 -19.000000
v 219.282043 -12.720902 -19.625000
v 219.273651 -12.194841 -19.937500
v 219.502731 -11.982287 -20.250000
v 219.588501 -12.079489 -20.250000
v 219.207886 -13.340503 -19.312500
v 218.905045 -13.417614 -19.000000
v 218.920029 -13.483239 -19.000000
v 219.376205 -12.893816 -19.625000
v 219.420227 -12.369534 -19.937500
v 219.669327 -12.180845 -20.250000
v 219.745010 -12.286104 -20.250000
v 219.240723 -13.502954 -19.312500
v 218.931717 -13.549529 -19.000000
v 218.940079 -13.616320 -19.000000
v 219.452682 -13.075247 -19.625000
v 219.548691 -12.557954 -19.937500
v 219.815353 -12.395005 -20.250000
v 219.880173 -12.507277 -20.250000
v 219.257217 -13.667868 -19.312500
v 218.945114 -13.683445 -19.000000
v 218.946793 -13.750736 -19.000000
v 219.510712 -13.263391 -19.625000
v 219.657761 -12.758227 -19.937500
v 219.939316 -12.622639 -20.250000
v 219.992630 -12.740806 -20.250000
v 219.257217 -13.833606 -19.312500
v 218.945114 -13.818028 -19.000000
v 218.940079 -13.885153 -19.000000
v 219.549728 -13.456378 -19.625000
v 219.746338 -12.968366 -19.937500
v 220.039993 -12.861485 -20.250000
v 220.081284 -12.984373 -20.250000
v 219.240723 -13.998519 -19.312500
v 218.931717 -13.951943 -19.000000
v 218.920029 -14.018234 -19.000000
v 219.569336 -13.652291 -19.625000
v 219.813553 -13.186279 -19.937500
v 220.116394 -13.109167 -20.250000
v 220.145233 -13.235557 -20.250000
v 219.207886 -14.160971 -19.312500
v 218.905045 -14.083859 -19.000000
v 218.886810 -14.148656 -19.000000
v 219.569336 -13.849182 -19.625000
v 219.858734 -13.409802 -19.937500
v 220.167755 -13.363227 -20.250000
v 220.183868 -13.491860 -20.250000
v 219.159027 -14.319345 -19.312500
v 218.865372 -14.212463 -19.000000
v 218.840790 -14.275124 -19.000000
v 219.549728 -14.045095 -19.625000
v 219.881439 -13.636714 -19.937500
v 220.193558 -13.621138 -20.250000
v 220.196793 -13.750736 -20.250000
v 219.094650 -14.472068 -19.312500
v 218.813095 -14.336479 -19.000000
v 218.782394 -14.396379 -19.000000
v 219.510712 -14.238083 -19.625000
v 219.881439 -13.864759 -19.937500
v 220.193558 -13.880336 -20.250000
v 220.183868 -14.009613 -20.250000
v 219.015381 -14.617622 -19.312500
v 218.748734 -14.454674 -19.000000
v 218.712219 -14.511219 -19.000000
v 219.452682 -14.426227 -19.625000
v 219.858734 -14.091671 -19.937500
v 220.167755 -14.138247 -20.250000
v 220.145233 -14.265917 -20.250000
v 218.922028 -14.754561 -19.312500
v 218.672913 -14.565872 -19.000000
v 218.630951 -14.618500 -19.000000
v 219.376205 -14.607656 -19.625000
v 219.813553 -14.315194 -19.937500
v 220.116394 -14.392305 -20.250000
v 220.081284 -14.517100 -20.250000
v 218.815491 -14.881524 -19.312500
v 218.586411 -14.668970 -19.000000
v 218.539413 -14.717156 -19.000000
v 219.282043 -14.780571 -19.625000
v 219.746338 -14.533108 -19.937500
v 220.039993 -14.639989 -20.250000
v 219.992630 -14.760667 -20.250000
v 218.696838 -14.997248 -19.312500
v 218.490067 -14.762941 -19.000000
v 218.438507 -14.806209 -19.000000
v 219.171127 -14.943251 -19.625000
v 219.939316 -14.878835 -20.250000
v 219.657761 -14.743246 -19.937500
v 219.880173 -14.994197 -20.250000
v 218.567261 -15.100583 -19.312500
v 218.384842 -14.846853 -19.000000
v 218.329224 -14.884771 -19.000000
v 219.044571 -15.094078 -19.625000
v 219.815353 -15.106468 -20.250000
v 219.548691 -14.943520 -19.937500
v 219.745010 -15.215368 -20.250000
v 218.428040 -15.190504 -19.312500
v 218.271790 -14.919871 -19.000000
v 218.212677 -14.952064 -19.000000
v 218.903625 -15.231554 -19.625000
v 219.669327 -15.320628 -20.250000
v 219.420227 -15.131939 -19.937500
v 219.588501 -15.421985 -20.250000
v 218.280548 -15.266115 -19.312500
v 218.152023 -14.981270 -19.000000
v 218.089996 -15.007416 -19.000000
v 218.749680 -15.354314 -19.625000
v 219.273651 -15.306632 -19.937500
v 219.502731 -15.519186 -20.250000
v 219.412201 -15.611990 -20.250000
v 218.126266 -15.326666 -19.312500
v 218.026749 -15.030438 -19.000000
v 217.962418 -15.050280 -19.000000
v 218.584290 -15.461137 -19.625000
v 219.317169 -15.700168 -20.250000
v 219.110397 -15.465861 -19.937500
v 219.217865 -15.783499 -20.250000
v 217.966736 -15.371554 -19.312500
v 217.897186 -15.066889 -19.000000
v 217.831207 -15.080227 -19.000000
v 218.409088 -15.550961 -19.625000
v 219.114517 -15.861775 -20.250000
v 218.932098 -15.608045 -19.937500
v 219.007416 -15.934804 -20.250000
v 217.803513 -15.400334 -19.312500
v 217.764648 -15.090260 -19.000000
v 217.697678 -15.096962 -19.000000
v 218.225800 -15.622893 -19.625000
v 218.896790 -16.002403 -20.250000
v 218.740540 -15.731770 -19.937500
v 218.782944 -16.064404 -20.250000
v 217.638245 -15.412720 -19.312500
v 217.630447 -15.100317 -19.000000
v 217.563141 -15.100317 -19.000000
v 218.036270 -15.676219 -19.625000
v 218.666138 -16.120651 -20.250000
v 218.537613 -15.835806 -19.937500
v 218.546677 -16.171009 -20.250000
v 217.472549 -15.408587 -19.312500
v 217.495911 -15.096962 -19.000000
v 217.428925 -15.090260 -19.000000
v 217.842361 -15.710409 -19.625000
v 218.325333 -15.919121 -19.937500
v 218.424850 -16.215347 -20.250000
v 218.300980 -16.253559 -20.250000
v 217.308105 -15.387980 -19.312500
v 217.362366 -15.080227 -19.000000
v 217.296387 -15.066889 -19.000000
v 217.646027 -15.725122 -19.625000
v 218.105804 -15.980885 -19.937500
v 218.175339 -16.285549 -20.250000
v 218.048279 -16.311237 -20.250000
v 217.231155 -15.050280 -19.000000
v 217.146515 -15.351099 -19.312500
v 217.166840 -15.030438 -19.000000
v 217.449203 -15.720214 -19.625000
v 217.881226 -16.020483 -19.937500
v 217.920090 -16.330559 -20.250000
v 217.791092 -16.343466 -20.250000
v 216.989410 -15.298314 -19.312500
v 217.103577 -15.007416 -19.000000
v 217.041550 -14.981270 -19.000000
v 217.253830 -15.695732 -19.625000
v 217.661606 -16.349928 -20.250000
v 217.653824 -16.037525 -19.937500
v 217.531967 -16.349928 -20.250000
v 216.838333 -15.230148 -19.312500
v 216.980911 -14.952064 -19.000000
v 216.921783 -14.919871 -19.000000
v 217.061874 -15.651919 -19.625000
v 217.402496 -16.343466 -20.250000
v 217.425842 -16.031839 -19.937500
v 217.273499 -16.330559 -20.250000
v 216.694809 -15.147280 -19.312500
v 216.864349 -14.884771 -19.000000
v 216.808731 -14.846853 -19.000000
v 216.875244 -15.589212 -19.625000
v 217.199570 -16.003485 -19.937500
v 217.145309 -16.311237 -20.250000
v 217.018234 -16.285549 -20.250000
v 216.560242 -15.050531 -19.312500
v 216.755081 -14.806209 -19.000000
v 216.703506 -14.762941 -19.000000
v 216.695770 -15.508233 -19.625000
v 216.892609 -16.253559 -20.250000
v 216.977249 -15.952740 -19.937500
v 216.768723 -16.215347 -20.250000
v 216.435974 -14.940866 -19.312500
v 216.654175 -14.717156 -19.000000
v 216.607162 -14.668970 -19.000000
v 216.525269 -15.409788 -19.625000
v 216.761078 -15.880111 -19.937500
v 216.646896 -16.171009 -20.250000
v 216.527451 -16.120651 -20.250000
v 216.323242 -14.819371 -19.312500
v 216.562637 -14.618500 -19.000000
v 216.520660 -14.565872 -19.000000
v 216.365402 -15.294854 -19.625000
v 216.410645 -16.064404 -20.250000
v 216.553207 -15.786319 -19.937500
v 216.296783 -16.002403 -20.250000
v 216.223175 -14.687256 -19.312500
v 216.481369 -14.511219 -19.000000
v 216.444855 -14.454674 -19.000000
v 216.217773 -15.164574 -19.625000
v 216.186172 -15.934804 -20.250000
v 216.355713 -15.672296 -19.937500
v 216.079056 -15.861775 -20.250000
v 216.136749 -14.545834 -19.312500
v 216.411194 -14.396379 -19.000000
v 216.380478 -14.336479 -19.000000
v 216.083847 -15.020242 -19.625000
v 216.170563 -15.539176 -19.937500
v 215.975723 -15.783499 -20.250000
v 215.876404 -15.700168 -20.250000
v 216.064835 -14.396509 -19.312500
v 216.352798 -14.275124 -19.000000
v 216.328201 -14.212463 -19.000000
v 215.964966 -14.863294 -19.625000
v 215.999573 -15.388282 -19.937500
v 215.781372 -15.611990 -20.250000
v 215.690857 -15.519186 -20.250000
v 216.008148 -14.240767 -19.312500
v 216.306763 -14.148656 -19.000000
v 216.288528 -14.083859 -19.000000
v 215.862305 -14.695288 -19.625000
v 215.844467 -15.221113 -19.937500
v 215.605072 -15.421985 -20.250000
v 215.524246 -15.320628 -20.250000
v 215.967255 -14.080154 -19.312500
v 216.273560 -14.018234 -19.000000
v 216.261871 -13.951943 -19.000000
v 215.776871 -14.517896 -19.625000
v 215.706772 -15.039331 -19.937500
v 215.448563 -15.215368 -20.250000
v 215.378235 -15.106468 -20.250000
v 215.942551 -13.916268 -19.312500
v 216.253494 -13.885153 -19.000000
v 216.248474 -13.818028 -19.000000
v 215.709534 -14.332878 -19.625000
v 215.587860 -14.844743 -19.937500
v 215.313416 -14.994197 -20.250000
v 215.254272 -14.878835 -20.250000
v 215.660950 -14.142076 -19.625000
v 215.488907 -14.639281 -19.937500
v 215.200958 -14.760667 -20.250000
v 215.153595 -14.639989 -20.250000
v 215.631607 -13.947383 -19.625000
v 215.621796 -13.750736 -19.625000
v 215.410919 -14.424989 -19.937500
v 215.112305 -14.517100 -20.250000
v 215.077194 -14.392305 -20.250000
v 215.354645 -14.203996 -19.937500
v 215.048340 -14.265917 -20.250000
v 215.025833 -14.138247 -20.250000
v 215.320663 -13.978498 -19.937500
v 215.009705 -14.009613 -20.250000
v 215.000015 -13.880336 -20.250000
v 215.942551 -13.585205 -19.312500
v 216.253494 -13.616320 -19.000000
v 216.261871 -13.549529 -19.000000
v 215.967255 -13.421319 -19.312500
v 216.273560 -13.483239 -19.000000
v 216.288528 -13.417614 -19.000000
v 216.306763 -13.352818 -19.000000
v 216.328201 -13.289009 -19.000000
v 216.352798 -13.226350 -19.000000
v 216.380478 -13.164993 -19.000000
v 216.411194 -13.105094 -19.000000
v 215.009705 -13.491860 -20.250000
v 216.481369 -12.990254 -19.000000
v 216.246796 -13.750736 -18.000000
v 216.248474 -13.818028 -18.000000
v 216.253494 -13.885153 -18.000000
v 216.261871 -13.951943 -18.000000
v 216.273560 -14.018234 -18.000000
v 216.288528 -14.083859 -18.000000
v 216.306763 -14.148656 -18.000000
v 216.328201 -14.212463 -18.000000
v 216.352798 -14.275124 -18.000000
v 216.380478 -14.336479 -18.000000
v 216.411194 -14.396379 -18.000000
v 216.444855 -14.454674 -18.000000
v 216.481369 -14.511219 -18.000000
v 216.520660 -14.565872 -18.000000
v 216.562637 -14.618500 -18.000000
v 216.607162 -14.668970 -18.000000
v 216.654175 -14.717156 -18.000000
v 216.703506 -14.762941 -18.000000
v 216.755081 -14.806209 -18.000000
v 216.808731 -14.846853 -18.000000
v 216.864349 -14.884771 -18.000000
v 216.921783 -14.919871 -18.000000
v 216.980911 -14.952064 -18.000000
v 217.041550 -14.981270 -18.000000
v 217.103577 -15.007416 -18.000000
v 217.166840 -15.030438 -18.000000
v 217.231155 -15.050280 -18.000000
v 217.296387 -15.066889 -18.000000
v 217.362366 -15.080227 -18.000000
v 217.428925 -15.090260 -18.000000
v 217.495911 -15.096962 -18.000000
v 217.563141 -15.100317 -18.000000
v 217.630447 -15.100317 -18.000000
v 217.697678 -15.096962 -18.000000
v 217.764648 -15.090260 -18.000000
v 217.831207 -15.080227 -18.000000
v 217.897186 -15.066889 -18.000000
v 217.962418 -15.050280 -18.000000
v 218.026749 -15.030438 -18.000000
v 218.089996 -15.007416 -18.000000
v 218.152023 -14.981270 -18.000000
v 218.212677 -14.952064 -18.000000
v 218.271790 -14.919871 -18.000000
v 218.329224 -14.884771 -18.000000
v 218.384842 -14.846853 -18.000000
v 218.438507 -14.806209 -18.000000
v 218.490067 -14.762941 -18.000000
v 218.539413 -14.717156 -18.000000
v 218.586411 -14.668970 -18.000000
v 218.630951 -14.618500 -18.000000
v 218.672913 -14.565872 -18.000000
v 218.712219 -14.511219 -18.000000
v 218.748734 -14.454674 -18.000000
v 218.782394 -14.396379 -18.000000
v 218.813095 -14.336479 -18.000000
v 218.840790 -14.275124 -18.000000
v 218.865372 -14.212463 -18.000000
v 218.886810 -14.148656 -18.000000
v 218.905045 -14.083859 -18.000000
v 218.920029 -14.018234 -18.000000
v 218.931717 -13.951943 -18.000000
v 218.940079 -13.885153 -18.000000
v 218.945114 -13.818028 -18.000000
v 218.946793 -13.750736 -18.000000
v 218.945114 -13.683445 -18.000000
v 218.940079 -13.616320 -18.000000
v 218.931717 -13.549529 -18.000000
v 218.920029 -13.483239 -18.000000
v 218.905045 -13.417614 -18.000000
v 218.886810 -13.352818 -18.000000
v 218.865372 -13.289009 -18.000000
v 218.840790 -13.226350 -18.000000
v 218.813095 -13.164993 -18.000000
v 218.782394 -13.105094 -18.000000
v 218.748734 -13.046799 -18.000000
v 218.712219 -12.990254 -18.000000
v 218.672913 -12.935600 -18.000000
v 218.630951 -12.882974 -18.000000
v 218.586411 -12.832503 -18.000000
v 218.539413 -12.784316 -18.000000
v 218.490067 -12.738532 -18.000000
v 218.438507 -12.695264 -18.000000
v 218.384842 -12.654620 -18.000000
v 218.329224 -12.616701 -18.000000
v 218.271790 -12.581602 -18.000000
v 218.212677 -12.549410 -18.000000
v 218.152023 -12.520204 -18.000000
v 218.089996 -12.494057 -18.000000
v 218.026749 -12.471035 -18.000000
v 217.962418 -12.451194 -18.000000
v 217.897186 -12.434584 -18.000000
v 217.831207 -12.421247 -18.000000
v 217.764648 -12.411214 -18.000000
v 217.697678 -12.404511 -18.000000
v 217.630447 -12.401156 -18.000000
v 217.563141 -12.401156 -18.000000
v 217.495911 -12.404511 -18.000000
v 217.428925 -12.411214 -18.000000
v 217.362366 -12.421247 -18.000000
v 217.296387 -12.434584 -18.000000
v 217.231155 -12.451194 -18.000000
v 217.166840 -12.471035 -18.000000
v 217.103577 -12.494057 -18.000000
v 217.041550 -12.520204 -18.000000
v 216.980911 -12.549410 -18.000000
v 216.921783 -12.581602 -18.000000
v 216.864349 -12.616701 -18.000000
v 216.808731 -12.654620 -18.000000
v 216.755081 -12.695264 -18.000000
v 216.703506 -12.738532 -18.000000
v 216.654175 -12.784316 -18.000000
v 216.607162 -12.832503 -18.000000
v 216.562637 -12.882974 -18.000000
v 216.520660 -12.935600 -18.000000
v 216.481369 -12.990254 -18.000000
v 216.444855 -13.046799 -18.000000
v 216.411194 -13.105094 -18.000000
v 216.380478 -13.164993 -18.000000
v 216.352798 -13.226350 -18.000000
v 216.328201 -13.289009 -18.000000
v 216.306763 -13.352818 -18.000000
v 216.288528 -13.417614 -18.000000
v 216.273560 -13.483239 -18.000000
v 216.261871 -13.549529 -18.000000
v 216.253494 -13.616320 -18.000000
v 216.248474 -13.683445 -18.000000
v 216.136749 -34.955639 -19.312500
v 216.223175 -34.814217 -19.312500
v 216.444855 -35.046799 -19.000000
v 215.709534 -35.168594 -19.625000
v 215.776871 -34.983578 -19.625000
v 216.008148 -35.260708 -19.312500
v 216.064835 -35.104965 -19.312500
v 215.631607 -35.554089 -19.625000
v 215.354645 -35.297478 -19.937500
v 215.660950 -35.359398 -19.625000
v 215.048340 -35.235558 -20.250000
v 215.025833 -35.363228 -20.250000
v 215.077194 -35.109169 -20.250000
v 215.320663 -35.522976 -19.937500
v 216.323242 -34.682102 -19.312500
v 216.520660 -34.935600 -19.000000
v 216.246796 -35.750736 -19.000000
v 215.934296 -35.750736 -19.312500
v 216.248474 -35.683445 -19.000000
v 216.562637 -34.882973 -19.000000
v 216.607162 -34.832504 -19.000000
v 215.862305 -34.806187 -19.625000
v 215.410919 -35.076485 -19.937500
v 215.112305 -34.984375 -20.250000
v 215.153595 -34.861485 -20.250000
v 216.435974 -34.560608 -19.312500
v 216.654175 -34.784317 -19.000000
v 216.703506 -34.738533 -19.000000
v 215.964966 -34.638180 -19.625000
v 215.488907 -34.862190 -19.937500
v 215.200958 -34.740807 -20.250000
v 215.254272 -34.622639 -20.250000
v 216.560242 -34.450943 -19.312500
v 216.755081 -34.695263 -19.000000
v 216.808731 -34.654621 -19.000000
v 216.083847 -34.481232 -19.625000
v 214.996796 -35.750736 -20.250000
v 215.000015 -35.621136 -20.250000
v 215.309296 -35.750736 -19.937500
v 215.313416 -34.507275 -20.250000
v 215.587860 -34.656731 -19.937500
v 215.378235 -34.395004 -20.250000
v 216.694809 -34.354195 -19.312500
v 216.864349 -34.616703 -19.000000
v 216.921783 -34.581604 -19.000000
v 216.217773 -34.336899 -19.625000
v 215.448563 -34.286106 -20.250000
v 215.706772 -34.462143 -19.937500
v 215.524246 -34.180843 -20.250000
v 216.838333 -34.271324 -19.312500
v 216.980911 -34.549408 -19.000000
v 217.041550 -34.520203 -19.000000
v 216.365402 -34.206619 -19.625000
v 215.844467 -34.280361 -19.937500
v 215.605072 -34.079491 -20.250000
v 215.690857 -33.982288 -20.250000
v 216.989410 -34.203159 -19.312500
v 217.103577 -34.494057 -19.000000
v 217.166840 -34.471035 -19.000000
v 216.525269 -34.091686 -19.625000
v 215.999573 -34.113190 -19.937500
v 215.781372 -33.889484 -20.250000
v 215.876404 -33.801304 -20.250000
v 217.146515 -34.150375 -19.312500
v 217.231155 -34.451195 -19.000000
v 217.296387 -34.434586 -19.000000
v 216.695770 -33.993240 -19.625000
v 216.170563 -33.962296 -19.937500
v 215.975723 -33.717976 -20.250000
v 216.079056 -33.639698 -20.250000
v 217.308105 -34.113495 -19.312500
v 217.362366 -34.421246 -19.000000
v 217.428925 -34.411213 -19.000000
v 216.875244 -33.912262 -19.625000
v 216.355713 -33.829178 -19.937500
v 216.186172 -33.566669 -20.250000
v 216.296783 -33.499069 -20.250000
v 217.472549 -34.092884 -19.312500
v 217.495911 -34.404510 -19.000000
v 217.563141 -34.401157 -19.000000
v 217.061874 -33.849552 -19.625000
v 216.553207 -33.715157 -19.937500
v 216.410645 -33.437069 -20.250000
v 216.527451 -33.380821 -20.250000
v 217.638245 -34.088753 -19.312500
v 217.630447 -34.401157 -19.000000
v 217.697678 -34.404510 -19.000000
v 217.253830 -33.805740 -19.625000
v 216.761078 -33.621365 -19.937500
v 216.646896 -33.330463 -20.250000
v 216.768723 -33.286125 -20.250000
v 217.803513 -34.101139 -19.312500
v 217.764648 -34.411213 -19.000000
v 217.831207 -34.421246 -19.000000
v 217.449203 -33.781258 -19.625000
v 216.977249 -33.548733 -19.937500
v 216.892609 -33.247913 -20.250000
v 217.018234 -33.215923 -20.250000
v 217.966736 -34.129917 -19.312500
v 217.897186 -34.434586 -19.000000
v 217.962418 -34.451195 -19.000000
v 217.646027 -33.776352 -19.625000
v 217.199570 -33.497990 -19.937500
v 217.145309 -33.190235 -20.250000
v 217.273499 -33.170914 -20.250000
v 218.126266 -34.174809 -19.312500
v 218.026749 -34.471035 -19.000000
v 218.089996 -34.494057 -19.000000
v 217.842361 -33.791065 -19.625000
v 217.425842 -33.469631 -19.937500
v 217.402496 -33.158009 -20.250000
v 217.531967 -33.151546 -20.250000
v 218.280548 -34.235359 -19.312500
v 218.152023 -34.520203 -19.000000
v 218.212677 -34.549408 -19.000000
v 218.036270 -33.825253 -19.625000
v 217.653824 -33.463947 -19.937500
v 217.661606 -33.151546 -20.250000
v 217.791092 -33.158009 -20.250000
v 218.428040 -34.310970 -19.312500
v 218.271790 -34.581604 -19.000000
v 218.329224 -34.616703 -19.000000
v 218.225800 -33.878578 -19.625000
v 217.881226 -33.480988 -19.937500
v 217.920090 -33.170914 -20.250000
v 218.048279 -33.190235 -20.250000
v 218.567261 -34.400890 -19.312500
v 218.384842 -34.654621 -19.000000
v 218.438507 -34.695263 -19.000000
v 218.409088 -33.950512 -19.625000
v 218.105804 -33.520588 -19.937500
v 218.175339 -33.215923 -20.250000
v 218.300980 -33.247913 -20.250000
v 218.696838 -34.504227 -19.312500
v 218.490067 -34.738533 -19.000000
v 218.539413 -34.784317 -19.000000
v 218.584290 -34.040337 -19.625000
v 218.424850 -33.286125 -20.250000
v 218.325333 -33.582352 -19.937500
v 218.546677 -33.330463 -20.250000
v 218.815491 -34.619949 -19.312500
v 218.586411 -34.832504 -19.000000
v 218.630951 -34.882973 -19.000000
v 218.749680 -34.147160 -19.625000
v 218.537613 -33.665668 -19.937500
v 218.666138 -33.380821 -20.250000
v 218.782944 -33.437069 -20.250000
v 218.922028 -34.746910 -19.312500
v 218.672913 -34.935600 -19.000000
v 218.712219 -34.990253 -19.000000
v 218.903625 -34.269920 -19.625000
v 218.740540 -33.769703 -19.937500
v 218.896790 -33.499069 -20.250000
v 219.007416 -33.566669 -20.250000
v 219.015381 -34.883850 -19.312500
v 218.748734 -35.046799 -19.000000
v 218.782394 -35.105095 -19.000000
v 219.044571 -34.407394 -19.625000
v 218.932098 -33.893429 -19.937500
v 219.114517 -33.639698 -20.250000
v 219.217865 -33.717976 -20.250000
v 219.094650 -35.029404 -19.312500
v 218.813095 -35.164993 -19.000000
v 218.840790 -35.226349 -19.000000
v 219.171127 -34.558224 -19.625000
v 219.110397 -34.035610 -19.937500
v 219.317169 -33.801304 -20.250000
v 219.412201 -33.889484 -20.250000
v 219.159027 -35.182129 -19.312500
v 218.865372 -35.289009 -19.000000
v 218.886810 -35.352818 -19.000000
v 219.282043 -34.720901 -19.625000
v 219.273651 -34.194843 -19.937500
v 219.502731 -33.982288 -20.250000
v 219.588501 -34.079491 -20.250000
v 219.207886 -35.340504 -19.312500
v 218.905045 -35.417614 -19.000000
v 218.920029 -35.483238 -19.000000
v 219.376205 -34.893818 -19.625000
v 219.420227 -34.369534 -19.937500
v 219.669327 -34.180843 -20.250000
v 219.745010 -34.286106 -20.250000
v 219.240723 -35.502953 -19.312500
v 218.931717 -35.549530 -19.000000
v 218.940079 -35.616322 -19.000000
v 219.452682 -35.075245 -19.625000
v 219.548691 -34.557953 -19.937500
v 219.815353 -34.395004 -20.250000
v 219.880173 -34.507275 -20.250000
v 219.257217 -35.667870 -19.312500
v 218.945114 -35.683445 -19.000000
v 218.946793 -35.750736 -19.000000
v 219.510712 -35.263390 -19.625000
v 219.657761 -34.758228 -19.937500
v 219.939316 -34.622639 -20.250000
v 219.992630 -34.740807 -20.250000
v 219.257217 -35.833607 -19.312500
v 218.945114 -35.818027 -19.000000
v 218.940079 -35.885155 -19.000000
v 219.549728 -35.456379 -19.625000
v 219.746338 -34.968365 -19.937500
v 220.039993 -34.861485 -20.250000
v 220.081284 -34.984375 -20.250000
v 219.240723 -35.998520 -19.312500
v 218.931717 -35.951942 -19.000000
v 218.920029 -36.018234 -19.000000
v 219.569336 -35.652290 -19.625000
v 219.813553 -35.186279 -19.937500
v 220.116394 -35.109169 -20.250000
v 220.145233 -35.235558 -20.250000
v 219.207886 -36.160973 -19.312500
v 218.905045 -36.083858 -19.000000
v 218.886810 -36.148655 -19.000000
v 219.569336 -35.849182 -19.625000
v 219.858734 -35.409801 -19.937500
v 220.167755 -35.363228 -20.250000
v 220.183868 -35.491859 -20.250000
v 219.159027 -36.319344 -19.312500
v 218.865372 -36.212463 -19.000000
v 218.840790 -36.275124 -19.000000
v 219.549728 -36.045094 -19.625000
v 219.881439 -35.636715 -19.937500
v 220.193558 -35.621136 -20.250000
v 220.196793 -35.750736 -20.250000
v 219.094650 -36.472069 -19.312500
v 218.813095 -36.336479 -19.000000
v 218.782394 -36.396378 -19.000000
v 219.510712 -36.238083 -19.625000
v 219.881439 -35.864758 -19.937500
v 220.193558 -35.880337 -20.250000
v 220.183868 -36.009613 -20.250000
v 219.015381 -36.617622 -19.312500
v 218.748734 -36.454674 -19.000000
v 218.712219 -36.511219 -19.000000
v 219.452682 -36.426228 -19.625000
v 219.858734 -36.091671 -19.937500
v 220.167755 -36.138245 -20.250000
v 220.145233 -36.265915 -20.250000
v 218.922028 -36.754562 -19.312500
v 218.672913 -36.565872 -19.000000
v 218.630951 -36.618500 -19.000000
v 219.376205 -36.607658 -19.625000
v 219.813553 -36.315193 -19.937500
v 220.116394 -36.392307 -20.250000
v 220.081284 -36.517101 -20.250000
v 218.815491 -36.881523 -19.312500
v 218.586411 -36.668968 -19.000000
v 218.539413 -36.717155 -19.000000
v 219.282043 -36.780571 -19.625000
v 219.746338 -36.533108 -19.937500
v 220.039993 -36.639988 -20.250000
v 219.992630 -36.760666 -20.250000
v 218.696838 -36.997250 -19.312500
v 218.490067 -36.762939 -19.000000
v 218.438507 -36.806210 -19.000000
v 219.171127 -36.943249 -19.625000
v 219.939316 -36.878834 -20.250000
v 219.657761 -36.743244 -19.937500
v 219.880173 -36.994198 -20.250000
v 218.567261 -37.100582 -19.312500
v 218.384842 -36.846851 -19.000000
v 218.329224 -36.884773 -19.000000
v 219.044571 -37.094078 -19.625000
v 219.815353 -37.106468 -20.250000
v 219.548691 -36.943520 -19.937500
v 219.745010 -37.215370 -20.250000
v 218.428040 -37.190502 -19.312500
v 218.271790 -36.919872 -19.000000
v 218.212677 -36.952065 -19.000000
v 218.903625 -37.231556 -19.625000
v 219.669327 -37.320629 -20.250000
v 219.420227 -37.131939 -19.937500
v 219.588501 -37.421986 -20.250000
v 218.280548 -37.266113 -19.312500
v 218.152023 -36.981270 -19.000000
v 218.089996 -37.007416 -19.000000
v 218.749680 -37.354313 -19.625000
v 219.273651 -37.306633 -19.937500
v 219.502731 -37.519184 -20.250000
v 219.412201 -37.611992 -20.250000
v 218.126266 -37.326664 -19.312500
v 218.026749 -37.030437 -19.000000
v 217.962418 -37.050278 -19.000000
v 218.584290 -37.461136 -19.625000
v 219.317169 -37.700169 -20.250000
v 219.110397 -37.465862 -19.937500
v 219.217865 -37.783497 -20.250000
v 217.966736 -37.371555 -19.312500
v 217.897186 -37.066891 -19.000000
v 217.831207 -37.080227 -19.000000
v 218.409088 -37.550961 -19.625000
v 219.114517 -37.861774 -20.250000
v 218.932098 -37.608044 -19.937500
v 219.007416 -37.934803 -20.250000
v 217.803513 -37.400333 -19.312500
v 217.764648 -37.090260 -19.000000
v 217.697678 -37.096962 -19.000000
v 218.225800 -37.622894 -19.625000
v 218.896790 -38.002403 -20.250000
v 218.740540 -37.731770 -19.937500
v 218.782944 -38.064404 -20.250000
v 217.638245 -37.412720 -19.312500
v 217.630447 -37.100315 -19.000000
v 217.563141 -37.100315 -19.000000
v 218.036270 -37.676220 -19.625000
v 218.666138 -38.120651 -20.250000
v 218.537613 -37.835808 -19.937500
v 218.546677 -38.171009 -20.250000
v 217.472549 -37.408588 -19.312500
v 217.495911 -37.096962 -19.000000
v 217.428925 -37.090260 -19.000000
v 217.842361 -37.710407 -19.625000
v 218.325333 -37.919121 -19.937500
v 218.424850 -38.215347 -20.250000
v 218.300980 -38.253559 -20.250000
v 217.308105 -37.387978 -19.312500
v 217.362366 -37.080227 -19.000000
v 217.296387 -37.066891 -19.000000
v 217.646027 -37.725124 -19.625000
v 218.105804 -37.980885 -19.937500
v 218.175339 -38.285549 -20.250000
v 218.048279 -38.311237 -20.250000
v 217.231155 -37.050278 -19.000000
v 217.146515 -37.351101 -19.312500
v 217.166840 -37.030437 -19.000000
v 217.449203 -37.720215 -19.625000
v 217.881226 -38.020485 -19.937500
v 217.920090 -38.330559 -20.250000
v 217.791092 -38.343468 -20.250000
v 216.989410 -37.298313 -19.312500
v 217.103577 -37.007416 -19.000000
v 217.041550 -36.981270 -19.000000
v 217.253830 -37.695732 -19.625000
v 217.661606 -38.349930 -20.250000
v 217.653824 -38.037525 -19.937500
v 217.531967 -38.349930 -20.250000
v 216.838333 -37.230148 -19.312500
v 216.980911 -36.952065 -19.000000
v 216.921783 -36.919872 -19.000000
v 217.061874 -37.651920 -19.625000
v 217.402496 -38.343468 -20.250000
v 217.425842 -38.031841 -19.937500
v 217.273499 -38.330559 -20.250000
v 216.694809 -37.147278 -19.312500
v 216.864349 -36.884773 -19.000000
v 216.808731 -36.846851 -19.000000
v 216.875244 -37.589211 -19.625000
v 217.199570 -38.003483 -19.937500
v 217.145309 -38.311237 -20.250000
v 217.018234 -38.285549 -20.250000
v 216.560242 -37.050533 -19.312500
v 216.755081 -36.806210 -19.000000
v 216.703506 -36.762939 -19.000000
v 216.695770 -37.508232 -19.625000
v 216.892609 -38.253559 -20.250000
v 216.977249 -37.952740 -19.937500
v 216.768723 -38.215347 -20.250000
v 216.435974 -36.940865 -19.312500
v 216.654175 -36.717155 -19.000000
v 216.607162 -36.668968 -19.000000
v 216.525269 -37.409786 -19.625000
v 216.761078 -37.880112 -19.937500
v 216.646896 -38.171009 -20.250000
v 216.527451 -38.120651 -20.250000
v 216.323242 -36.819370 -19.312500
v 216.562637 -36.618500 -19.000000
v 216.520660 -36.565872 -19.000000
v 216.365402 -37.294853 -19.625000
v 216.410645 -38.064404 -20.250000
v 216.553207 -37.786320 -19.937500
v 216.296783 -38.002403 -20.250000
v 216.223175 -36.687256 -19.312500
v 216.481369 -36.511219 -19.000000
v 216.444855 -36.454674 -19.000000
v 216.217773 -37.164574 -19.625000
v 216.186172 -37.934803 -20.250000
v 216.355713 -37.672295 -19.937500
v 216.079056 -37.861774 -20.250000
v 216.136749 -36.545834 -19.312500
v 216.411194 -36.396378 -19.000000
v 216.380478 -36.336479 -19.000000
v 216.083847 -37.020241 -19.625000
v 216.170563 -37.539177 -19.937500
v 215.975723 -37.783497 -20.250000
v 215.876404 -37.700169 -20.250000
v 216.064835 -36.396511 -19.312500
v 216.352798 -36.275124 -19.000000
v 216.328201 -36.212463 -19.000000
v 215.964966 -36.863293 -19.625000
v 215.999573 -37.388283 -19.937500
v 215.781372 -37.611992 -20.250000
v 215.690857 -37.519184 -20.250000
v 216.008148 -36.240768 -19.312500
v 216.306763 -36.148655 -19.000000
v 216.288528 -36.083858 -19.000000
v 215.862305 -36.695290 -19.625000
v 215.844467 -37.221115 -19.937500
v 215.605072 -37.421986 -20.250000
v 215.524246 -37.320629 -20.250000
v 215.967255 -36.080154 -19.312500
v 216.273560 -36.018234 -19.000000
v 216.261871 -35.951942 -19.000000
v 215.776871 -36.517895 -19.625000
v 215.706772 -37.039330 -19.937500
v 215.448563 -37.215370 -20.250000
v 215.378235 -37.106468 -20.250000
v 215.942551 -35.916267 -19.312500
v 216.253494 -35.885155 -19.000000
v 216.248474 -35.818027 -19.000000
v 215.709534 -36.332878 -19.625000
v 215.587860 -36.844742 -19.937500
v 215.313416 -36.994198 -20.250000
v 215.254272 -36.878834 -20.250000
v 215.660950 -36.142075 -19.625000
v 215.488907 -36.639282 -19.937500
v 215.200958 -36.760666 -20.250000
v 215.153595 -36.639988 -20.250000
v 215.631607 -35.947384 -19.625000
v 215.621796 -35.750736 -19.625000
v 215.410919 -36.424988 -19.937500
v 215.112305 -36.517101 -20.250000
v 215.077194 -36.392307 -20.250000
v 215.354645 -36.203995 -19.937500
v 215.048340 -36.265915 -20.250000
v 215.025833 -36.138245 -20.250000
v 215.320663 -35.978497 -19.937500
v 215.009705 -36.009613 -20.250000
v 215.000015 -35.880337 -20.250000
v 215.942551 -35.585205 -19.312500
v 216.253494 -35.616322 -19.000000
v 216.261871 -35.549530 -19.000000
v 215.967255 -35.421318 -19.312500
v 216.273560 -35.483238 -19.000000
v 216.288528 -35.417614 -19.000000
v 216.306763 -35.352818 -19.000000
v 216.328201 -35.289009 -19.000000
v 216.352798 -35.226349 -19.000000
v 216.380478 -35.164993 -19.000000
v 216.411194 -35.105095 -19.000000
v 215.009705 -35.491859 -20.250000
v 216.481369 -34.990253 -19.000000
v 216.246796 -35.750736 -18.000000
v 216.248474 -35.818027 -18.000000
v 216.253494 -35.885155 -18.000000
v 216.261871 -35.951942 -18.000000
v 216.273560 -36.018234 -18.000000
v 216.288528 -36.083858 -18.000000
v 216.306763 -36.148655 -18.000000
v 216.328201 -36.212463 -18.000000
v 216.352798 -36.275124 -18.000000
v 216.380478 -36.336479 -18.000000
v 216.411194 -36.396378 -18.000000
v 216.444855 -36.454674 -18.000000
v 216.481369 -36.511219 -18.000000
v 216.520660 -36.565872 -18.000000
v 216.562637 -36.618500 -18.000000
v 216.607162 -36.668968 -18.000000
v 216.654175 -36.717155 -18.000000
v 216.703506 -36.762939 -18.000000
v 216.755081 -36.806210 -18.000000
v 216.808731 -36.846851 -18.000000
v 216.864349 -36.884773 -18.000000
v 216.921783 -36.919872 -18.000000
v 216.980911 -36.952065 -18.000000
v 217.041550 -36.981270 -18.000000
v 217.103577 -37.007416 -18.000000
v 217.166840 -37.030437 -18.000000
v 217.231155 -37.050278 -18.000000
v 217.296387 -37.066891 -18.000000
v 217.362366 -37.080227 -18.000000
v 217.428925 -37.090260 -18.000000
v 217.495911 -37.096962 -18.000000
v 217.563141 -37.100315 -18.000000
v 217.630447 -37.100315 -18.000000
v 217.697678 -37.096962 -18.000000
v 217.764648 -37.090260 -18.000000
v 217.831207 -37.080227 -18.000000
v 217.897186 -37.066891 -18.000000
v 217.962418 -37.050278 -18.000000
v 218.026749 -37.030437 -18.000000
v 218.089996 -37.007416 -18.000000
v 218.152023 -36.981270 -18.000000
v 218.212677 -36.952065 -18.000000
v 218.271790 -36.919872 -18.000000
v 218.329224 -36.884773 -18.000000
v 218.384842 -36.846851 -18.000000
v 218.438507 -36.806210 -18.000000
v 218.490067 -36.762939 -18.000000
v 218.539413 -36.717155 -18.000000
v 218.586411 -36.668968 -18.000000
v 218.630951 -36.618500 -18.000000
v 218.672913 -36.565872 -18.000000
v 218.712219 -36.511219 -18.000000
v 218.748734 -36.454674 -18.000000
v 218.782394 -36.396378 -18.000000
v 218.813095 -36.336479 -18.000000
v 218.840790 -36.275124 -18.000000
v 218.865372 -36.212463 -18.000000
v 218.886810 -36.148655 -18.000000
v 218.905045 -36.083858 -18.000000
v 218.920029 -36.018234 -18.000000
v 218.931717 -35.951942 -18.000000
v 218.940079 -35.885155 -18.000000
v 218.945114 -35.818027 -18.000000
v 218.946793 -35.750736 -18.000000
v 218.945114 -35.683445 -18.000000
v 218.940079 -35.616322 -18.000000
v 218.931717 -35.549530 -18.000000
v 218.920029 -35.483238 -18.000000
v 218.905045 -35.417614 -18.000000
v 218.886810 -35.352818 -18.000000
v 218.865372 -35.289009 -18.000000
v 218.840790 -35.226349 -18.000000
v 218.813095 -35.164993 -18.000000
v 218.782394 -35.105095 -18.000000
v 218.748734 -35.046799 -18.000000
v 218.712219 -34.990253 -18.000000
v 218.672913 -34.935600 -18.000000
v 218.630951 -34.882973 -18.000000
v 218.586411 -34.832504 -18.000000
v 218.539413 -34.784317 -18.000000
v 218.490067 -34.738533 -18.000000
v 218.438507 -34.695263 -18.000000
v 218.384842 -34.654621 -18.000000
v 218.329224 -34.616703 -18.000000
v 218.271790 -34.581604 -18.000000
v 218.212677 -34.549408 -18.000000
v 218.152023 -34.520203 -18.000000
v 218.089996 -34.494057 -18.000000
v 218.026749 -34.471035 -18.000000
v 217.962418 -34.451195 -18.000000
v 217.897186 -34.434586 -18.000000
v 217.831207 -34.421246 -18.000000
v 217.764648 -34.411213 -18.000000
v 217.697678 -34.404510 -18.000000
v 217.630447 -34.401157 -18.000000
v 217.563141 -34.401157 -18.000000
v 217.495911 -34.404510 -18.000000
v 217.428925 -34.411213 -18.000000
v 217.362366 -34.421246 -18.000000
v 217.296387 -34.434586 -18.000000
v 217.231155 -34.451195 -18.000000
v 217.166840 -34.471035 -18.000000
v 217.103577 -34.494057 -18.000000
v 217.041550 -34.520203 -18.000000
v 216.980911 -34.549408 -18.000000
v 216.921783 -34.581604 -18.000000
v 216.864349 -34.616703 -18.000000
v 216.808731 -34.654621 -18.000000
v 216.755081 -34.695263 -18.000000
v 216.703506 -34.738533 -18.000000
v 216.654175 -34.784317 -18.000000
v 216.607162 -34.832504 -18.000000
v 216.562637 -34.882973 -18.000000
v 216.520660 -34.935600 -18.000000
v 216.481369 -34.990253 -18.000000
v 216.444855 -35.046799 -18.000000
v 216.411194 -35.105095 -18.000000
v 216.380478 -35.164993 -18.000000
v 216.352798 -35.226349 -18.000000
v 216.328201 -35.289009 -18.000000
v 216.306763 -35.352818 -18.000000
v 216.288528 -35.417614 -18.000000
v 216.273560 -35.483238 -18.000000
v 216.261871 -35.549530 -18.000000
v 216.253494 -35.616322 -18.000000
v 216.248474 -35.683445 -18.000000
v 16.129789 -95.870735 -20.250000
v -9.370211 -95.870735 -22.750000
v 18.629789 -95.870735 -22.750000
v -6.870210 -95.870735 -20.250000
v -9.370211 -95.870735 22.750000
v -6.870210 -95.870735 20.250000
v 16.129789 -95.870735 20.250000
v 18.629789 -95.870735 22.750000
v 214.346786 -10.250736 -18.000000
v 227.846786 -10.250736 -18.000000
v 231.846786 -7.750737 -18.000000
v 227.846786 -7.750737 -18.000000
v 232.091827 -7.762775 -18.000000
v 232.334518 -7.798773 -18.000000
v 232.213623 -7.777795 -18.000000
v 231.969452 -7.753748 -18.000000
v 232.572495 -7.858386 -18.000000
v 232.454239 -7.825658 -18.000000
v 232.689011 -7.896876 -18.000000
v 232.803497 -7.941038 -18.000000
v 232.915680 -7.990763 -18.000000
v 233.132050 -8.106415 -18.000000
v 233.025284 -8.045934 -18.000000
v 233.336044 -8.242718 -18.000000
v 233.235718 -8.172063 -18.000000
v 233.432770 -8.318211 -18.000000
v 233.614563 -8.482969 -18.000000
v 233.525681 -8.398358 -18.000000
v 233.779312 -8.664753 -18.000000
v 233.699173 -8.571839 -18.000000
v 233.925461 -8.861811 -18.000000
v 233.854813 -8.761488 -18.000000
v 234.051590 -9.072245 -18.000000
v 233.991104 -8.965480 -18.000000
v 234.106766 -9.181849 -18.000000
v 234.156494 -9.294028 -18.000000
v 234.200653 -9.408512 -18.000000
v 234.239136 -9.525024 -18.000000
v 234.334747 -10.005693 -18.000000
v 234.271866 -9.643286 -18.000000
v 234.298752 -9.763011 -18.000000
v 234.319733 -9.883910 -18.000000
v 234.343781 -10.128067 -18.000000
v 234.346786 -10.250736 -18.000000
v 214.346786 -39.250736 -18.000000
v 227.846786 -39.250736 -18.000000
v 234.346786 -39.250736 -18.000000
v 227.846786 -41.750736 -18.000000
v 231.846786 -41.750736 -18.000000
v 231.969452 -41.747726 -18.000000
v 232.091827 -41.738697 -18.000000
v 232.213623 -41.723679 -18.000000
v 232.334518 -41.702702 -18.000000
v 234.334747 -39.495781 -18.000000
v 234.271866 -39.858189 -18.000000
v 234.319733 -39.617561 -18.000000
v 234.298752 -39.738461 -18.000000
v 232.454239 -41.675816 -18.000000
v 234.239136 -39.976448 -18.000000
v 232.572495 -41.643089 -18.000000
v 234.343781 -39.373405 -18.000000
v 232.689011 -41.604595 -18.000000
v 232.803497 -41.560436 -18.000000
v 234.106766 -40.319626 -18.000000
v 234.200653 -40.092960 -18.000000
v 234.156494 -40.207447 -18.000000
v 233.991104 -40.535992 -18.000000
v 234.051590 -40.429230 -18.000000
v 233.132050 -41.395058 -18.000000
v 233.235718 -41.329411 -18.000000
v 233.025284 -41.455540 -18.000000
v 232.915680 -41.510712 -18.000000
v 233.854813 -40.739986 -18.000000
v 233.925461 -40.639664 -18.000000
v 233.336044 -41.258755 -18.000000
v 233.779312 -40.836720 -18.000000
v 233.432770 -41.183262 -18.000000
v 233.525681 -41.103115 -18.000000
v 233.614563 -41.018505 -18.000000
v 233.699173 -40.929634 -18.000000
v 29.311256 -36.250736 15.250000
v 21.129789 -36.250736 20.250000
v 21.129789 -36.250736 15.250000
v 32.846790 -36.250736 11.714466
v 21.129789 -36.250736 7.068534
v 21.132324 -36.250736 0.000000
v 36.846790 -36.250736 11.714466
v 40.382324 -36.250736 15.250000
v 32.846790 -36.250736 -11.714466
v 21.129789 -36.250736 -7.068534
v 29.311256 -36.250736 -15.250000
v 21.129789 -36.250736 -15.250000
v 21.129789 -36.250736 -20.250000
v 36.846790 -36.250736 -11.714466
v 48.561256 -36.250736 0.000000
v 52.096790 -36.250736 3.535534
v 63.811256 -36.250736 15.250000
v 67.346786 -36.250736 11.714466
v 40.382324 -36.250736 -15.250000
v 52.096790 -36.250736 -3.535534
v 55.632324 -36.250736 0.000000
v 71.346786 -36.250736 11.714466
v 74.882324 -36.250736 15.250000
v 67.346786 -36.250736 -11.714466
v 63.811256 -36.250736 -15.250000
v 71.346786 -36.250736 -11.714466
v 83.061256 -36.250736 0.000000
v 86.596786 -36.250736 3.535534
v 101.846786 -36.250736 11.714466
v 98.311256 -36.250736 15.250000
v 74.882324 -36.250736 -15.250000
v 86.596786 -36.250736 -3.535534
v 90.132324 -36.250736 0.000000
v 105.846786 -36.250736 11.714466
v 109.382324 -36.250736 15.250000
v 101.846786 -36.250736 -11.714466
v 98.311256 -36.250736 -15.250000
v 105.846786 -36.250736 -11.714466
v 117.561256 -36.250736 0.000000
v 121.096786 -36.250736 3.535534
v 121.096786 -36.250736 -3.535534
v 109.382324 -36.250736 -15.250000
v 124.632324 -36.250736 0.000000
v 132.811249 -36.250736 15.250000
v 136.346786 -36.250736 11.714466
v 140.346786 -36.250736 11.714466
v 143.882324 -36.250736 15.250000
v 132.811249 -36.250736 -15.250000
v 136.346786 -36.250736 -11.714466
v 152.061249 -36.250736 0.000000
v 155.596786 -36.250736 3.535534
v 140.346786 -36.250736 -11.714466
v 170.846786 -36.250736 11.714466
v 167.311249 -36.250736 15.250000
v 143.882324 -36.250736 -15.250000
v 159.132324 -36.250736 0.000000
v 155.596786 -36.250736 -3.535534
v 174.846786 -36.250736 11.714466
v 178.382324 -36.250736 15.250000
v 167.311249 -36.250736 -15.250000
v 170.846786 -36.250736 -11.714466
v 190.096786 -36.250736 3.535534
v 174.846786 -36.250736 -11.714466
v 186.561249 -36.250736 0.000000
v 206.846786 -36.250736 20.250000
v 201.811249 -36.250736 15.250000
v 193.632324 -36.250736 0.000000
v 178.382324 -36.250736 -15.250000
v 190.096786 -36.250736 -3.535534
v 205.346786 -36.250736 11.714466
v 205.346786 -36.250736 -11.714466
v 201.811249 -36.250736 -15.250000
v 206.846786 -36.250736 -20.250000
v 16.129789 -13.250736 20.250000
v 29.311256 -13.250736 15.250000
v 16.129789 -13.250736 15.250000
v 32.846790 -13.250736 11.714466
v 17.596790 -13.250736 3.535534
v 16.129789 -13.250736 -5.002534
v 16.129789 -13.250736 5.002534
v 17.596790 -13.250736 -3.535534
v 21.132324 -13.250736 0.000000
v 36.846790 -13.250736 11.714466
v 40.382324 -13.250736 15.250000
v 32.846790 -13.250736 -11.714466
v 29.311256 -13.250736 -15.250000
v 16.129789 -13.250736 -15.250000
v 16.129789 -13.250736 -20.250000
v 36.846790 -13.250736 -11.714466
v 63.811256 -13.250736 15.250000
v 52.096790 -13.250736 3.535534
v 48.561256 -13.250736 0.000000
v 67.346786 -13.250736 11.714466
v 40.382324 -13.250736 -15.250000
v 55.632324 -13.250736 0.000000
v 52.096790 -13.250736 -3.535534
v 71.346786 -13.250736 11.714466
v 74.882324 -13.250736 15.250000
v 67.346786 -13.250736 -11.714466
v 63.811256 -13.250736 -15.250000
v 71.346786 -13.250736 -11.714466
v 83.061256 -13.250736 0.000000
v 86.596786 -13.250736 3.535534
v 98.311256 -13.250736 15.250000
v 101.846786 -13.250736 11.714466
v 90.132324 -13.250736 0.000000
v 86.596786 -13.250736 -3.535534
v 74.882324 -13.250736 -15.250000
v 105.846786 -13.250736 11.714466
v 109.382324 -13.250736 15.250000
v 101.846786 -13.250736 -11.714466
v 98.311256 -13.250736 -15.250000
v 117.561256 -13.250736 0.000000
v 105.846786 -13.250736 -11.714466
v 121.096786 -13.250736 3.535534
v 109.382324 -13.250736 -15.250000
v 121.096786 -13.250736 -3.535534
v 132.811249 -13.250736 15.250000
v 124.632324 -13.250736 0.000000
v 136.346786 -13.250736 11.714466
v 140.346786 -13.250736 11.714466
v 143.882324 -13.250736 15.250000
v 132.811249 -13.250736 -15.250000
v 136.346786 -13.250736 -11.714466
v 152.061249 -13.250736 0.000000
v 140.346786 -13.250736 -11.714466
v 155.596786 -13.250736 3.535534
v 167.311249 -13.250736 15.250000
v 170.846786 -13.250736 11.714466
v 143.882324 -13.250736 -15.250000
v 155.596786 -13.250736 -3.535534
v 159.132324 -13.250736 0.000000
v 174.846786 -13.250736 11.714466
v 178.382324 -13.250736 15.250000
v 170.846786 -13.250736 -11.714466
v 167.311249 -13.250736 -15.250000
v 174.846786 -13.250736 -11.714466
v 186.561249 -13.250736 0.000000
v 190.096786 -13.250736 3.535534
v 206.846786 -13.250736 20.250000
v 201.811249 -13.250736 15.250000
v 193.632324 -13.250736 0.000000
v 178.382324 -13.250736 -15.250000
v 190.096786 -13.250736 -3.535534
v 205.346786 -13.250736 11.714466
v 205.346786 -13.250736 -11.714466
v 201.811249 -13.250736 -15.250000
v 206.846786 -13.250736 -20.250000
v 20.803072 -36.261421 6.741816
v 20.803072 -36.261421 -6.741816
v 20.477751 -36.293434 6.416495
v 20.477751 -36.293434 -6.416495
v 20.155216 -36.346634 6.093961
v 20.155216 -36.346634 -6.093961
v 19.836847 -36.420799 5.775592
v 19.836847 -36.420799 -5.775592
v 19.524006 -36.515606 5.462750
v 19.524006 -36.515606 -5.462750
v 19.218027 -36.630653 5.156772
v 19.218027 -36.630653 -5.156772
v 18.949596 -36.751095 4.888341
v 18.949596 -36.751095 -4.888341
v 18.714437 -36.872829 4.653182
v 18.714437 -36.872829 -4.653182
v 18.486053 -37.006840 4.424798
v 18.486053 -37.006840 -4.424798
v 18.265083 -37.152756 4.203827
v 18.265083 -37.152756 -4.203827
v 18.052149 -37.310162 3.990893
v 18.052149 -37.310162 -3.990893
v 17.847845 -37.478622 3.786590
v 17.847845 -37.478622 -3.786590
v 17.720308 -37.593491 3.659053
v 17.720308 -37.593491 -3.659053
v 17.596790 -37.712669 3.535534
v 17.596790 -37.712669 -3.535534
v 17.521786 -37.789188 3.610538
v 17.521786 -37.789188 -3.610538
v 17.448439 -37.867298 3.683885
v 17.448439 -37.867298 -3.683885
v 17.349491 -37.978226 3.782834
v 17.349491 -37.978226 -3.782834
v 17.253883 -38.092045 3.878441
v 17.253883 -38.092045 -3.878441
v 17.161701 -38.208652 3.970623
v 17.161701 -38.208652 -3.970623
v 17.073027 -38.327953 4.059298
v 17.073027 -38.327953 -4.059298
v 16.987936 -38.449833 4.144387
v 16.987936 -38.449833 -4.144387
v 16.906507 -38.574192 4.225816
v 16.906507 -38.574192 -4.225816
v 16.828812 -38.700916 4.303512
v 16.828812 -38.700916 -4.303512
v 16.754917 -38.829891 4.377407
v 16.754917 -38.829891 -4.377407
v 16.684889 -38.961010 4.447435
v 16.684889 -38.961010 -4.447435
v 16.618790 -39.094151 4.513535
v 16.618790 -39.094151 -4.513535
v 16.556677 -39.229195 4.575647
v 16.556677 -39.229195 -4.575647
v 16.498606 -39.366028 -4.633718
v 16.498606 -39.366028 4.633718
v 16.444628 -39.504524 -4.687696
v 16.444628 -39.504524 4.687696
v 16.394791 -39.644569 -4.737534
v 16.394791 -39.644569 4.737534
v 16.349138 -39.786030 4.783186
v 16.349138 -39.786030 -4.783186
v 16.307711 -39.928787 4.824613
v 16.307711 -39.928787 -4.824613
v 16.270546 -40.072708 4.861778
v 16.270546 -40.072708 -4.861778
v 16.237675 -40.217674 -4.894649
v 16.237675 -40.217674 4.894649
v 16.209129 -40.363552 4.923195
v 16.209129 -40.363552 -4.923195
v 16.184931 -40.510216 -4.947393
v 16.184931 -40.510216 4.947393
v 16.165104 -40.657532 4.967220
v 16.165104 -40.657532 -4.967220
v 16.149664 -40.805374 4.982660
v 16.149664 -40.805374 -4.982660
v 16.138626 -40.953609 -4.993698
v 16.138626 -40.953609 4.993698
v 16.132000 -41.102108 -5.000324
v 16.132000 -41.102108 5.000324
v 16.129789 -41.250736 -5.002534
v 16.129789 -41.250736 5.002534
v 20.884451 -36.256760 -15.250000
v 20.884451 -36.256760 -20.250000
v 20.639704 -36.274815 -15.250000
v 20.639704 -36.274815 -20.250000
v 20.396137 -36.304855 -20.250000
v 20.396137 -36.304855 -15.250000
v 20.154339 -36.346809 -15.250000
v 20.154339 -36.346809 -20.250000
v 19.914888 -36.400581 -20.250000
v 19.914888 -36.400581 -15.250000
v 19.678366 -36.466034 -15.250000
v 19.678366 -36.466034 -20.250000
v 19.445341 -36.543015 -15.250000
v 19.445341 -36.543015 -20.250000
v 19.216373 -36.631340 -15.250000
v 19.216373 -36.631340 -20.250000
v 18.992014 -36.730789 -20.250000
v 18.992014 -36.730789 -15.250000
v 18.772806 -36.841129 -20.250000
v 18.772806 -36.841129 -15.250000
v 18.559277 -36.962093 -15.250000
v 18.559277 -36.962093 -20.250000
v 18.351938 -37.093388 -15.250000
v 18.351938 -37.093388 -20.250000
v 18.151293 -37.234699 -20.250000
v 18.151293 -37.234699 -15.250000
v 17.957823 -37.385685 -15.250000
v 17.957823 -37.385685 -20.250000
v 17.771996 -37.545982 -15.250000
v 17.771996 -37.545982 -20.250000
v 17.594255 -37.715202 -15.250000
v 17.594255 -37.715202 -20.250000
v 17.425034 -37.892941 -15.250000
v 17.425034 -37.892941 -20.250000
v 17.264738 -38.078770 -15.250000
v 17.264738 -38.078770 -20.250000
v 17.113752 -38.272240 -20.250000
v 17.113752 -38.272240 -15.250000
v 16.972443 -38.472885 -15.250000
v 16.972443 -38.472885 -20.250000
v 16.841146 -38.680222 -15.250000
v 16.841146 -38.680222 -20.250000
v 16.720184 -38.893753 -20.250000
v 16.720184 -38.893753 -15.250000
v 16.609844 -39.112961 -15.250000
v 16.609844 -39.112961 -20.250000
v 16.510391 -39.337318 -20.250000
v 16.510391 -39.337318 -15.250000
v 16.422070 -39.566288 -15.250000
v 16.422070 -39.566288 -20.250000
v 16.345089 -39.799313 -15.250000
v 16.345089 -39.799313 -20.250000
v 16.279634 -40.035835 -15.250000
v 16.279634 -40.035835 -20.250000
v 16.225863 -40.275284 -15.250000
v 16.225863 -40.275284 -20.250000
v 16.183907 -40.517086 -15.250000
v 16.183907 -40.517086 -20.250000
v 16.153866 -40.760651 -15.250000
v 16.153866 -40.760651 -20.250000
v 16.135813 -41.005398 -15.250000
v 16.135813 -41.005398 -20.250000
v 16.129789 -41.250736 -15.250000
v 16.129789 -41.250736 -20.250000
v 20.884451 -36.256760 20.250000
v 20.884451 -36.256760 15.250000
v 20.639704 -36.274815 20.250000
v 20.639704 -36.274815 15.250000
v 20.396137 -36.304855 20.250000
v 20.396137 -36.304855 15.250000
v 20.154339 -36.346809 20.250000
v 20.154339 -36.346809 15.250000
v 19.914888 -36.400581 20.250000
v 19.914888 -36.400581 15.250000
v 19.678366 -36.466034 20.250000
v 19.678366 -36.466034 15.250000
v 19.445341 -36.543015 20.250000
v 19.445341 -36.543015 15.250000
v 19.216373 -36.631340 20.250000
v 19.216373 -36.631340 15.250000
v 18.992014 -36.730789 15.250000
v 18.992014 -36.730789 20.250000
v 18.772806 -36.841129 20.250000
v 18.772806 -36.841129 15.250000
v 18.559277 -36.962093 20.250000
v 18.559277 -36.962093 15.250000
v 18.351938 -37.093388 20.250000
v 18.351938 -37.093388 15.250000
v 18.151293 -37.234699 15.250000
v 18.151293 -37.234699 20.250000
v 17.957823 -37.385685 15.250000
v 17.957823 -37.385685 20.250000
v 17.771996 -37.545982 20.250000
v 17.771996 -37.545982 15.250000
v 17.594255 -37.715202 20.250000
v 17.594255 -37.715202 15.250000
v 17.425034 -37.892941 20.250000
v 17.425034 -37.892941 15.250000
v 17.264738 -38.078770 20.250000
v 17.264738 -38.078770 15.250000
v 17.113752 -38.272240 20.250000
v 17.113752 -38.272240 15.250000
v 16.972443 -38.472885 15.250000
v 16.972443 -38.472885 20.250000
v 16.841146 -38.680222 20.250000
v 16.841146 -38.680222 15.250000
v 16.720184 -38.893753 20.250000
v 16.720184 -38.893753 15.250000
v 16.609844 -39.112961 20.250000
v 16.609844 -39.112961 15.250000
v 16.510391 -39.337318 20.250000
v 16.510391 -39.337318 15.250000
v 16.422070 -39.566288 15.250000
v 16.422070 -39.566288 20.250000
v 16.345089 -39.799313 20.250000
v 16.345089 -39.799313 15.250000
v 16.279634 -40.035835 20.250000
v 16.279634 -40.035835 15.250000
v 16.225863 -40.275284 20.250000
v 16.225863 -40.275284 15.250000
v 16.183907 -40.517086 20.250000
v 16.183907 -40.517086 15.250000
v 16.153866 -40.760651 20.250000
v 16.153866 -40.760651 15.250000
v 16.135813 -41.005398 20.250000
v 16.135813 -41.005398 15.250000
v 16.129789 -41.250736 15.250000
v 16.129789 -41.250736 20.250000
v 16.129789 -80.870735 -20.250000
v 16.129789 -80.870735 20.250000
v 15.001233 -13.278441 -20.250000
v 15.001233 -13.278441 20.250000
v 13.875396 -13.361487 -20.250000
v 13.875396 -13.361487 20.250000
v 12.754989 -13.499677 -20.250000
v 12.754989 -13.499677 20.250000
v 11.642713 -13.692676 20.250000
v 11.642713 -13.692676 -20.250000
v 10.541245 -13.940018 -20.250000
v 10.541245 -13.940018 20.250000
v 9.453242 -14.241109 -20.250000
v 9.453242 -14.241109 20.250000
v 8.381323 -14.595223 20.250000
v 8.381323 -14.595223 -20.250000
v 7.328071 -15.001508 20.250000
v 7.328071 -15.001508 -20.250000
v 6.296023 -15.458982 -20.250000
v 6.296023 -15.458982 20.250000
v 5.287665 -15.966547 -20.250000
v 5.287665 -15.966547 20.250000
v 4.305427 -16.522978 -20.250000
v 4.305427 -16.522978 20.250000
v 3.351675 -17.126936 -20.250000
v 3.351675 -17.126936 20.250000
v 2.428706 -17.776964 20.250000
v 2.428706 -17.776964 -20.250000
v 1.538744 -18.471497 20.250000
v 1.538744 -18.471497 -20.250000
v 0.683934 -19.208860 -20.250000
v 0.683934 -19.208860 20.250000
v -0.133666 -19.987280 20.250000
v -0.133666 -19.987280 -20.250000
v -0.912086 -20.804880 -20.250000
v -0.912086 -20.804880 20.250000
v -1.649451 -21.659691 -20.250000
v -1.649451 -21.659691 20.250000
v -2.343983 -22.549652 -20.250000
v -2.343983 -22.549652 20.250000
v -2.994011 -23.472622 20.250000
v -2.994011 -23.472622 -20.250000
v -3.597968 -24.426373 -20.250000
v -3.597968 -24.426373 20.250000
v -4.154399 -25.408611 20.250000
v -4.154399 -25.408611 -20.250000
v -4.661964 -26.416969 20.250000
v -4.661964 -26.416969 -20.250000
v -5.119440 -27.449018 20.250000
v -5.119440 -27.449018 -20.250000
v -5.525723 -28.502270 -20.250000
v -5.525723 -28.502270 20.250000
v -5.879838 -29.574188 20.250000
v -5.879838 -29.574188 -20.250000
v -6.180929 -30.662193 20.250000
v -6.180929 -30.662193 -20.250000
v -6.428272 -31.763659 20.250000
v -6.428272 -31.763659 -20.250000
v -6.621270 -32.875935 20.250000
v -6.621270 -32.875935 -20.250000
v -6.759459 -33.996342 20.250000
v -6.759459 -33.996342 -20.250000
v -6.842505 -35.122181 -20.250000
v -6.842505 -35.122181 20.250000
v -6.870210 -36.250736 -20.250000
v -6.870210 -36.250736 20.250000
v -6.870210 -80.870735 -20.250000
v -6.870210 -80.870735 20.250000
v 210.167892 -41.103115 -20.250000
v 210.357544 -41.258755 -20.250000
v 210.260803 -41.183262 -20.250000
v 209.838776 -40.739986 -20.250000
v 209.768112 -40.639664 -20.250000
v 209.914261 -40.836720 -20.250000
v 209.994415 -40.929634 -20.250000
v 210.079025 -41.018505 -20.250000
v 209.702469 -40.535992 -20.250000
v 210.457870 -41.329411 -20.250000
v 210.561539 -41.395058 -20.250000
v 209.641983 -40.429230 -20.250000
v 209.586823 -40.319626 -20.250000
v 210.890076 -41.560436 -20.250000
v 210.668304 -41.455540 -20.250000
v 210.777908 -41.510712 -20.250000
v 211.121078 -41.643089 -20.250000
v 211.004562 -41.604595 -20.250000
v 209.454437 -39.976448 -20.250000
v 209.421707 -39.858189 -20.250000
v 209.492935 -40.092960 -20.250000
v 209.394821 -39.738461 -20.250000
v 209.537094 -40.207447 -20.250000
v 209.373856 -39.617561 -20.250000
v 209.358826 -39.495781 -20.250000
v 211.359070 -41.702702 -20.250000
v 211.601746 -41.738697 -20.250000
v 211.479965 -41.723679 -20.250000
v 209.349808 -39.373405 -20.250000
v 211.239334 -41.675816 -20.250000
v 209.346786 -39.250736 -20.250000
v 211.724121 -41.747726 -20.250000
v 211.846786 -41.750736 -20.250000
v 209.346786 -38.750736 -20.250000
v 209.343781 -38.628067 -20.250000
v 209.334747 -38.505695 -20.250000
v 209.319733 -38.383911 -20.250000
v 209.298752 -38.263012 -20.250000
v 209.271866 -38.143288 -20.250000
v 209.239136 -38.025024 -20.250000
v 209.200653 -37.908512 -20.250000
v 209.156494 -37.794029 -20.250000
v 209.106766 -37.681850 -20.250000
v 209.051590 -37.572247 -20.250000
v 208.991104 -37.465481 -20.250000
v 208.925461 -37.361813 -20.250000
v 208.854813 -37.261490 -20.250000
v 208.779312 -37.164753 -20.250000
v 208.699173 -37.071838 -20.250000
v 208.614563 -36.982971 -20.250000
v 208.525681 -36.898357 -20.250000
v 208.432770 -36.818211 -20.250000
v 208.336044 -36.742718 -20.250000
v 208.235718 -36.672062 -20.250000
v 208.132050 -36.606415 -20.250000
v 208.025284 -36.545933 -20.250000
v 207.915680 -36.490765 -20.250000
v 207.803497 -36.441036 -20.250000
v 207.689011 -36.396877 -20.250000
v 207.572495 -36.358387 -20.250000
v 207.454239 -36.325657 -20.250000
v 207.334518 -36.298775 -20.250000
v 207.213623 -36.277794 -20.250000
v 231.846786 -41.750736 -20.250000
v 232.213623 -41.723679 -20.250000
v 231.969452 -41.747726 -20.250000
v 232.091827 -41.738697 -20.250000
v 232.454239 -41.675816 -20.250000
v 232.334518 -41.702702 -20.250000
v 232.803497 -41.560436 -20.250000
v 232.572495 -41.643089 -20.250000
v 232.689011 -41.604595 -20.250000
v 232.915680 -41.510712 -20.250000
v 233.025284 -41.455540 -20.250000
v 233.132050 -41.395058 -20.250000
v 233.336044 -41.258755 -20.250000
v 233.235718 -41.329411 -20.250000
v 233.432770 -41.183262 -20.250000
v 233.614563 -41.018505 -20.250000
v 233.525681 -41.103115 -20.250000
v 233.779312 -40.836720 -20.250000
v 233.699173 -40.929634 -20.250000
v 233.854813 -40.739986 -20.250000
v 233.991104 -40.535992 -20.250000
v 233.925461 -40.639664 -20.250000
v 206.969452 -36.253746 -20.250000
v 206.969452 -13.247725 -20.250000
v 207.091827 -36.262775 -20.250000
v 207.091827 -13.238698 -20.250000
v 234.156494 -40.207447 -20.250000
v 234.051590 -40.429230 -20.250000
v 234.106766 -40.319626 -20.250000
v 207.213623 -13.223678 -20.250000
v 234.271866 -39.858189 -20.250000
v 234.200653 -40.092960 -20.250000
v 234.239136 -39.976448 -20.250000
v 234.319733 -39.617561 -20.250000
v 234.298752 -39.738461 -20.250000
v 234.334747 -39.495781 -20.250000
v 234.346786 -39.250736 -20.250000
v 234.343781 -39.373405 -20.250000
v 209.358826 -10.005693 -20.250000
v 209.373856 -9.883910 -20.250000
v 209.349808 -10.128067 -20.250000
v 209.394821 -9.763011 -20.250000
v 209.346786 -10.250736 -20.250000
v 209.454437 -9.525024 -20.250000
v 209.421707 -9.643286 -20.250000
v 207.454239 -13.175815 -20.250000
v 207.334518 -13.202700 -20.250000
v 207.572495 -13.143087 -20.250000
v 207.689011 -13.104597 -20.250000
v 207.803497 -13.060435 -20.250000
v 207.915680 -13.010710 -20.250000
v 209.492935 -9.408512 -20.250000
v 209.537094 -9.294028 -20.250000
v 208.025284 -12.955540 -20.250000
v 208.132050 -12.895058 -20.250000
v 208.235718 -12.829411 -20.250000
v 208.336044 -12.758756 -20.250000
v 208.432770 -12.683263 -20.250000
v 208.525681 -12.603114 -20.250000
v 208.614563 -12.518503 -20.250000
v 209.641983 -9.072245 -20.250000
v 209.702469 -8.965480 -20.250000
v 209.586823 -9.181849 -20.250000
v 208.699173 -12.429634 -20.250000
v 208.779312 -12.336720 -20.250000
v 209.768112 -8.861811 -20.250000
v 208.854813 -12.239985 -20.250000
v 209.838776 -8.761488 -20.250000
v 208.925461 -12.139662 -20.250000
v 208.991104 -12.035994 -20.250000
v 209.914261 -8.664753 -20.250000
v 209.051590 -11.929229 -20.250000
v 209.994415 -8.571839 -20.250000
v 209.106766 -11.819624 -20.250000
v 210.079025 -8.482969 -20.250000
v 209.156494 -11.707445 -20.250000
v 209.200653 -11.592961 -20.250000
v 210.167892 -8.398358 -20.250000
v 210.260803 -8.318211 -20.250000
v 209.239136 -11.476448 -20.250000
v 210.357544 -8.242718 -20.250000
v 209.271866 -11.358187 -20.250000
v 209.298752 -11.238462 -20.250000
v 209.319733 -11.117562 -20.250000
v 209.334747 -10.995779 -20.250000
v 210.561539 -8.106415 -20.250000
v 210.668304 -8.045934 -20.250000
v 210.457870 -8.172063 -20.250000
v 209.343781 -10.873405 -20.250000
v 210.777908 -7.990763 -20.250000
v 209.346786 -10.750736 -20.250000
v 210.890076 -7.941038 -20.250000
v 211.004562 -7.896876 -20.250000
v 211.121078 -7.858386 -20.250000
v 211.359070 -7.798773 -20.250000
v 211.239334 -7.825658 -20.250000
v 211.479965 -7.777795 -20.250000
v 211.601746 -7.762775 -20.250000
v 211.724121 -7.753748 -20.250000
v 211.846786 -7.750737 -20.250000
v 231.846786 -7.750737 -20.250000
v 234.346786 -10.250736 -20.250000
v 232.091827 -7.762775 -20.250000
v 232.213623 -7.777795 -20.250000
v 231.969452 -7.753748 -20.250000
v 232.334518 -7.798773 -20.250000
v 232.454239 -7.825658 -20.250000
v 232.572495 -7.858386 -20.250000
v 232.689011 -7.896876 -20.250000
v 232.803497 -7.941038 -20.250000
v 234.156494 -9.294028 -20.250000
v 234.343781 -10.128067 -20.250000
v 234.334747 -10.005693 -20.250000
v 234.319733 -9.883910 -20.250000
v 234.298752 -9.763011 -20.250000
v 234.271866 -9.643286 -20.250000
v 234.239136 -9.525024 -20.250000
v 234.200653 -9.408512 -20.250000
v 232.915680 -7.990763 -20.250000
v 233.025284 -8.045934 -20.250000
v 233.132050 -8.106415 -20.250000
v 234.051590 -9.072245 -20.250000
v 233.925461 -8.861811 -20.250000
v 233.991104 -8.965480 -20.250000
v 233.235718 -8.172063 -20.250000
v 233.854813 -8.761488 -20.250000
v 233.779312 -8.664753 -20.250000
v 233.336044 -8.242718 -20.250000
v 233.432770 -8.318211 -20.250000
v 233.699173 -8.571839 -20.250000
v 234.106766 -9.181849 -20.250000
v 233.525681 -8.398358 -20.250000
v 233.614563 -8.482969 -20.250000
v 210.357544 -41.258755 20.250000
v 210.167892 -41.103115 20.250000
v 210.260803 -41.183262 20.250000
v 209.768112 -40.639664 20.250000
v 209.838776 -40.739986 20.250000
v 209.914261 -40.836720 20.250000
v 209.994415 -40.929634 20.250000
v 210.079025 -41.018505 20.250000
v 209.702469 -40.535992 20.250000
v 210.457870 -41.329411 20.250000
v 210.668304 -41.455540 20.250000
v 210.561539 -41.395058 20.250000
v 209.537094 -40.207447 20.250000
v 209.586823 -40.319626 20.250000
v 209.641983 -40.429230 20.250000
v 209.421707 -39.858189 20.250000
v 209.454437 -39.976448 20.250000
v 209.492935 -40.092960 20.250000
v 209.394821 -39.738461 20.250000
v 209.373856 -39.617561 20.250000
v 210.777908 -41.510712 20.250000
v 211.601746 -41.738697 20.250000
v 211.359070 -41.702702 20.250000
v 211.479965 -41.723679 20.250000
v 209.349808 -39.373405 20.250000
v 209.358826 -39.495781 20.250000
v 211.846786 -41.750736 20.250000
v 209.346786 -39.250736 20.250000
v 210.890076 -41.560436 20.250000
v 211.004562 -41.604595 20.250000
v 211.121078 -41.643089 20.250000
v 211.239334 -41.675816 20.250000
v 211.724121 -41.747726 20.250000
v 209.346786 -38.750736 20.250000
v 215.690857 -37.519184 20.250000
v 215.781372 -37.611992 20.250000
v 215.876404 -37.700169 20.250000
v 215.605072 -37.421986 20.250000
v 215.975723 -37.783497 20.250000
v 215.524246 -37.320629 20.250000
v 216.079056 -37.861774 20.250000
v 215.448563 -37.215370 20.250000
v 216.186172 -37.934803 20.250000
v 215.378235 -37.106468 20.250000
v 216.296783 -38.002403 20.250000
v 215.313416 -36.994198 20.250000
v 209.343781 -38.628067 20.250000
v 216.410645 -38.064404 20.250000
v 215.254272 -36.878834 20.250000
v 209.334747 -38.505695 20.250000
v 216.527451 -38.120651 20.250000
v 215.200958 -36.760666 20.250000
v 209.319733 -38.383911 20.250000
v 216.646896 -38.171009 20.250000
v 215.153595 -36.639988 20.250000
v 209.298752 -38.263012 20.250000
v 216.768723 -38.215347 20.250000
v 215.112305 -36.517101 20.250000
v 209.271866 -38.143288 20.250000
v 209.239136 -38.025024 20.250000
v 216.892609 -38.253559 20.250000
v 215.077194 -36.392307 20.250000
v 209.200653 -37.908512 20.250000
v 217.018234 -38.285549 20.250000
v 215.048340 -36.265915 20.250000
v 209.156494 -37.794029 20.250000
v 217.145309 -38.311237 20.250000
v 215.025833 -36.138245 20.250000
v 209.106766 -37.681850 20.250000
v 217.273499 -38.330559 20.250000
v 215.009705 -36.009613 20.250000
v 209.051590 -37.572247 20.250000
v 217.402496 -38.343468 20.250000
v 215.000015 -35.880337 20.250000
v 208.991104 -37.465481 20.250000
v 217.531967 -38.349930 20.250000
v 214.996796 -35.750736 20.250000
v 208.925461 -37.361813 20.250000
v 217.661606 -38.349930 20.250000
v 215.000015 -35.621136 20.250000
v 208.854813 -37.261490 20.250000
v 217.791092 -38.343468 20.250000
v 215.009705 -35.491859 20.250000
v 208.779312 -37.164753 20.250000
v 217.920090 -38.330559 20.250000
v 215.025833 -35.363228 20.250000
v 208.699173 -37.071838 20.250000
v 218.048279 -38.311237 20.250000
v 215.048340 -35.235558 20.250000
v 208.614563 -36.982971 20.250000
v 218.175339 -38.285549 20.250000
v 215.077194 -35.109169 20.250000
v 208.525681 -36.898357 20.250000
v 215.112305 -34.984375 20.250000
v 208.432770 -36.818211 20.250000
v 215.153595 -34.861485 20.250000
v 208.336044 -36.742718 20.250000
v 215.200958 -34.740807 20.250000
v 208.235718 -36.672062 20.250000
v 215.254272 -34.622639 20.250000
v 208.132050 -36.606415 20.250000
v 215.313416 -34.507275 20.250000
v 208.025284 -36.545933 20.250000
v 215.378235 -34.395004 20.250000
v 207.915680 -36.490765 20.250000
v 215.448563 -34.286106 20.250000
v 207.803497 -36.441036 20.250000
v 215.524246 -34.180843 20.250000
v 207.689011 -36.396877 20.250000
v 215.605072 -34.079491 20.250000
v 207.572495 -36.358387 20.250000
v 215.690857 -33.982288 20.250000
v 207.454239 -36.325657 20.250000
v 215.781372 -33.889484 20.250000
v 207.334518 -36.298775 20.250000
v 215.876404 -33.801304 20.250000
v 207.213623 -36.277794 20.250000
v 215.975723 -33.717976 20.250000
v 231.846786 -41.750736 20.250000
v 220.193558 -35.621136 20.250000
v 220.196793 -35.750736 20.250000
v 220.193558 -35.880337 20.250000
v 220.183868 -36.009613 20.250000
v 220.167755 -36.138245 20.250000
v 220.145233 -36.265915 20.250000
v 220.116394 -36.392307 20.250000
v 220.081284 -36.517101 20.250000
v 220.039993 -36.639988 20.250000
v 219.992630 -36.760666 20.250000
v 219.939316 -36.878834 20.250000
v 219.880173 -36.994198 20.250000
v 219.815353 -37.106468 20.250000
v 219.745010 -37.215370 20.250000
v 219.669327 -37.320629 20.250000
v 219.588501 -37.421986 20.250000
v 219.502731 -37.519184 20.250000
v 219.412201 -37.611992 20.250000
v 219.317169 -37.700169 20.250000
v 219.217865 -37.783497 20.250000
v 219.114517 -37.861774 20.250000
v 219.007416 -37.934803 20.250000
v 218.896790 -38.002403 20.250000
v 218.782944 -38.064404 20.250000
v 218.666138 -38.120651 20.250000
v 218.546677 -38.171009 20.250000
v 218.424850 -38.215347 20.250000
v 218.300980 -38.253559 20.250000
v 232.213623 -41.723679 20.250000
v 231.969452 -41.747726 20.250000
v 232.091827 -41.738697 20.250000
v 232.454239 -41.675816 20.250000
v 232.334518 -41.702702 20.250000
v 232.803497 -41.560436 20.250000
v 232.572495 -41.643089 20.250000
v 232.689011 -41.604595 20.250000
v 232.915680 -41.510712 20.250000
v 233.025284 -41.455540 20.250000
v 233.132050 -41.395058 20.250000
v 233.336044 -41.258755 20.250000
v 233.235718 -41.329411 20.250000
v 233.432770 -41.183262 20.250000
v 233.614563 -41.018505 20.250000
v 233.525681 -41.103115 20.250000
v 233.779312 -40.836720 20.250000
v 233.699173 -40.929634 20.250000
v 233.854813 -40.739986 20.250000
v 233.991104 -40.535992 20.250000
v 233.925461 -40.639664 20.250000
v 206.969452 -36.253746 20.250000
v 206.969452 -13.247725 20.250000
v 207.091827 -36.262775 20.250000
v 207.091827 -13.238698 20.250000
v 234.156494 -40.207447 20.250000
v 234.051590 -40.429230 20.250000
v 234.106766 -40.319626 20.250000
v 207.213623 -13.223678 20.250000
v 234.271866 -39.858189 20.250000
v 234.200653 -40.092960 20.250000
v 234.239136 -39.976448 20.250000
v 234.319733 -39.617561 20.250000
v 234.298752 -39.738461 20.250000
v 234.334747 -39.495781 20.250000
v 234.346786 -39.250736 20.250000
v 219.588501 -34.079491 20.250000
v 219.669327 -34.180843 20.250000
v 219.745010 -34.286106 20.250000
v 219.815353 -34.395004 20.250000
v 219.880173 -34.507275 20.250000
v 219.939316 -34.622639 20.250000
v 219.992630 -34.740807 20.250000
v 220.039993 -34.861485 20.250000
v 220.081284 -34.984375 20.250000
v 220.116394 -35.109169 20.250000
v 220.145233 -35.235558 20.250000
v 220.167755 -35.363228 20.250000
v 220.183868 -35.491859 20.250000
v 234.343781 -39.373405 20.250000
v 209.373856 -9.883910 20.250000
v 209.358826 -10.005693 20.250000
v 209.349808 -10.128067 20.250000
v 209.394821 -9.763011 20.250000
v 209.346786 -10.250736 20.250000
v 209.454437 -9.525024 20.250000
v 209.421707 -9.643286 20.250000
v 215.781372 -15.611990 20.250000
v 207.454239 -13.175815 20.250000
v 207.334518 -13.202700 20.250000
v 215.690857 -15.519186 20.250000
v 207.572495 -13.143087 20.250000
v 215.876404 -15.700168 20.250000
v 215.605072 -15.421985 20.250000
v 207.689011 -13.104597 20.250000
v 215.975723 -15.783499 20.250000
v 216.079056 -33.639698 20.250000
v 215.524246 -15.320628 20.250000
v 207.803497 -13.060435 20.250000
v 216.079056 -15.861775 20.250000
v 215.448563 -15.215368 20.250000
v 207.915680 -13.010710 20.250000
v 209.537094 -9.294028 20.250000
v 209.492935 -9.408512 20.250000
v 216.186172 -15.934804 20.250000
v 216.186172 -33.566669 20.250000
v 215.378235 -15.106468 20.250000
v 208.025284 -12.955540 20.250000
v 216.296783 -16.002403 20.250000
v 216.296783 -33.499069 20.250000
v 216.410645 -33.437069 20.250000
v 215.313416 -14.994197 20.250000
v 208.132050 -12.895058 20.250000
v 216.410645 -16.064404 20.250000
v 215.254272 -14.878835 20.250000
v 208.235718 -12.829411 20.250000
v 216.527451 -16.120651 20.250000
v 216.527451 -33.380821 20.250000
v 215.200958 -14.760667 20.250000
v 208.336044 -12.758756 20.250000
v 216.646896 -16.171009 20.250000
v 216.646896 -33.330463 20.250000
v 216.768723 -33.286125 20.250000
v 215.153595 -14.639989 20.250000
v 208.432770 -12.683263 20.250000
v 216.768723 -16.215347 20.250000
v 216.892609 -33.247913 20.250000
v 215.112305 -14.517100 20.250000
v 208.525681 -12.603114 20.250000
v 216.892609 -16.253559 20.250000
v 215.077194 -14.392305 20.250000
v 208.614563 -12.518503 20.250000
v 217.018234 -16.285549 20.250000
v 217.018234 -33.215923 20.250000
v 209.702469 -8.965480 20.250000
v 209.641983 -9.072245 20.250000
v 209.586823 -9.181849 20.250000
v 215.048340 -14.265917 20.250000
v 208.699173 -12.429634 20.250000
v 217.145309 -16.311237 20.250000
v 217.145309 -33.190235 20.250000
v 217.273499 -33.170914 20.250000
v 215.025833 -14.138247 20.250000
v 208.779312 -12.336720 20.250000
v 209.768112 -8.861811 20.250000
v 217.273499 -16.330559 20.250000
v 217.402496 -33.158009 20.250000
v 215.009705 -14.009613 20.250000
v 208.854813 -12.239985 20.250000
v 217.402496 -16.343466 20.250000
v 217.531967 -33.151546 20.250000
v 209.838776 -8.761488 20.250000
v 215.000015 -13.880336 20.250000
v 208.925461 -12.139662 20.250000
v 217.531967 -16.349928 20.250000
v 214.996796 -13.750736 20.250000
v 208.991104 -12.035994 20.250000
v 209.914261 -8.664753 20.250000
v 217.661606 -16.349928 20.250000
v 217.661606 -33.151546 20.250000
v 217.791092 -33.158009 20.250000
v 215.000015 -13.621138 20.250000
v 209.051590 -11.929229 20.250000
v 209.994415 -8.571839 20.250000
v 217.791092 -16.343466 20.250000
v 215.009705 -13.491860 20.250000
v 209.106766 -11.819624 20.250000
v 217.920090 -16.330559 20.250000
v 217.920090 -33.170914 20.250000
v 218.048279 -33.190235 20.250000
v 210.079025 -8.482969 20.250000
v 215.025833 -13.363227 20.250000
v 209.156494 -11.707445 20.250000
v 218.048279 -16.311237 20.250000
v 215.048340 -13.235557 20.250000
v 209.200653 -11.592961 20.250000
v 218.175339 -16.285549 20.250000
v 218.175339 -33.215923 20.250000
v 218.300980 -33.247913 20.250000
v 210.260803 -8.318211 20.250000
v 210.167892 -8.398358 20.250000
v 215.077194 -13.109167 20.250000
v 209.239136 -11.476448 20.250000
v 218.300980 -16.253559 20.250000
v 218.424850 -33.286125 20.250000
v 210.357544 -8.242718 20.250000
v 215.112305 -12.984373 20.250000
v 209.271866 -11.358187 20.250000
v 209.298752 -11.238462 20.250000
v 218.424850 -16.215347 20.250000
v 218.546677 -33.330463 20.250000
v 215.153595 -12.861485 20.250000
v 209.319733 -11.117562 20.250000
v 218.546677 -16.171009 20.250000
v 215.200958 -12.740806 20.250000
v 209.334747 -10.995779 20.250000
v 218.666138 -16.120651 20.250000
v 218.666138 -33.380821 20.250000
v 218.782944 -33.437069 20.250000
v 210.668304 -8.045934 20.250000
v 210.561539 -8.106415 20.250000
v 210.457870 -8.172063 20.250000
v 215.254272 -12.622639 20.250000
v 209.343781 -10.873405 20.250000
v 218.782944 -16.064404 20.250000
v 210.777908 -7.990763 20.250000
v 215.313416 -12.507277 20.250000
v 209.346786 -10.750736 20.250000
v 218.896790 -16.002403 20.250000
v 218.896790 -33.499069 20.250000
v 219.007416 -33.566669 20.250000
v 210.890076 -7.941038 20.250000
v 219.007416 -15.934804 20.250000
v 219.114517 -15.861775 20.250000
v 219.114517 -33.639698 20.250000
v 211.121078 -7.858386 20.250000
v 211.004562 -7.896876 20.250000
v 219.217865 -15.783499 20.250000
v 219.217865 -33.717976 20.250000
v 219.317169 -33.801304 20.250000
v 211.359070 -7.798773 20.250000
v 211.239334 -7.825658 20.250000
v 219.317169 -15.700168 20.250000
v 219.412201 -33.889484 20.250000
v 211.479965 -7.777795 20.250000
v 219.412201 -15.611990 20.250000
v 219.502731 -33.982288 20.250000
v 211.601746 -7.762775 20.250000
v 219.502731 -15.519186 20.250000
v 211.846786 -7.750737 20.250000
v 215.378235 -12.395005 20.250000
v 215.448563 -12.286104 20.250000
v 215.524246 -12.180845 20.250000
v 215.605072 -12.079489 20.250000
v 215.690857 -11.982287 20.250000
v 215.781372 -11.889482 20.250000
v 215.876404 -11.801306 20.250000
v 211.724121 -7.753748 20.250000
v 219.588501 -15.421985 20.250000
v 215.975723 -11.717975 20.250000
v 216.079056 -11.639698 20.250000
v 216.186172 -11.566669 20.250000
v 216.296783 -11.499070 20.250000
v 216.410645 -11.437070 20.250000
v 216.527451 -11.380821 20.250000
v 216.646896 -11.330464 20.250000
v 216.768723 -11.286125 20.250000
v 216.892609 -11.247913 20.250000
v 217.018234 -11.215924 20.250000
v 217.145309 -11.190236 20.250000
v 217.273499 -11.170915 20.250000
v 217.402496 -11.158007 20.250000
v 217.531967 -11.151545 20.250000
v 217.661606 -11.151545 20.250000
v 217.791092 -11.158007 20.250000
v 217.920090 -11.170915 20.250000
v 218.048279 -11.190236 20.250000
v 218.175339 -11.215924 20.250000
v 231.846786 -7.750737 20.250000
v 218.300980 -11.247913 20.250000
v 218.424850 -11.286125 20.250000
v 218.546677 -11.330464 20.250000
v 218.666138 -11.380821 20.250000
v 218.782944 -11.437070 20.250000
v 218.896790 -11.499070 20.250000
v 219.007416 -11.566669 20.250000
v 219.114517 -11.639698 20.250000
v 219.217865 -11.717975 20.250000
v 219.317169 -11.801306 20.250000
v 219.412201 -11.889482 20.250000
v 219.502731 -11.982287 20.250000
v 219.588501 -12.079489 20.250000
v 219.669327 -12.180845 20.250000
v 219.745010 -12.286104 20.250000
v 219.815353 -12.395005 20.250000
v 219.880173 -12.507277 20.250000
v 219.939316 -12.622639 20.250000
v 219.992630 -12.740806 20.250000
v 220.039993 -12.861485 20.250000
v 220.081284 -12.984373 20.250000
v 220.116394 -13.109167 20.250000
v 220.145233 -13.235557 20.250000
v 220.167755 -13.363227 20.250000
v 220.183868 -13.491860 20.250000
v 220.193558 -13.621138 20.250000
v 220.196793 -13.750736 20.250000
v 220.193558 -13.880336 20.250000
v 234.346786 -10.250736 20.250000
v 220.183868 -14.009613 20.250000
v 220.167755 -14.138247 20.250000
v 220.145233 -14.265917 20.250000
v 220.116394 -14.392305 20.250000
v 220.081284 -14.517100 20.250000
v 220.039993 -14.639989 20.250000
v 219.992630 -14.760667 20.250000
v 219.939316 -14.878835 20.250000
v 219.880173 -14.994197 20.250000
v 219.815353 -15.106468 20.250000
v 219.745010 -15.215368 20.250000
v 219.669327 -15.320628 20.250000
v 232.213623 -7.777795 20.250000
v 232.091827 -7.762775 20.250000
v 231.969452 -7.753748 20.250000
v 232.334518 -7.798773 20.250000
v 232.454239 -7.825658 20.250000
v 232.572495 -7.858386 20.250000
v 234.239136 -9.525024 20.250000
v 234.319733 -9.883910 20.250000
v 234.298752 -9.763011 20.250000
v 234.271866 -9.643286 20.250000
v 232.689011 -7.896876 20.250000
v 234.200653 -9.408512 20.250000
v 234.334747 -10.005693 20.250000
v 232.803497 -7.941038 20.250000
v 234.156494 -9.294028 20.250000
v 234.343781 -10.128067 20.250000
v 232.915680 -7.990763 20.250000
v 233.025284 -8.045934 20.250000
v 233.132050 -8.106415 20.250000
v 233.235718 -8.172063 20.250000
v 233.925461 -8.861811 20.250000
v 234.051590 -9.072245 20.250000
v 233.991104 -8.965480 20.250000
v 233.854813 -8.761488 20.250000
v 233.432770 -8.318211 20.250000
v 233.336044 -8.242718 20.250000
v 233.779312 -8.664753 20.250000
v 233.699173 -8.571839 20.250000
v 234.106766 -9.181849 20.250000
v 233.525681 -8.398358 20.250000
v 233.614563 -8.482969 20.250000
v 227.846786 -7.750737 18.000000
v 231.846786 -7.750737 18.000000
v 227.846786 -41.750736 18.000000
v 231.846786 -41.750736 18.000000
v 234.346786 -10.250736 18.000000
v 234.346786 -39.250736 18.000000
v 214.346786 -39.250736 18.000000
v 216.607162 -36.668968 18.000000
v 216.654175 -36.717155 18.000000
v 216.703506 -36.762939 18.000000
v 216.562637 -36.618500 18.000000
v 216.755081 -36.806210 18.000000
v 216.520660 -36.565872 18.000000
v 216.808731 -36.846851 18.000000
v 216.481369 -36.511219 18.000000
v 216.864349 -36.884773 18.000000
v 216.444855 -36.454674 18.000000
v 216.921783 -36.919872 18.000000
v 216.411194 -36.396378 18.000000
v 216.980911 -36.952065 18.000000
v 216.380478 -36.336479 18.000000
v 217.041550 -36.981270 18.000000
v 216.352798 -36.275124 18.000000
v 217.103577 -37.007416 18.000000
v 216.328201 -36.212463 18.000000
v 217.166840 -37.030437 18.000000
v 216.306763 -36.148655 18.000000
v 217.231155 -37.050278 18.000000
v 216.288528 -36.083858 18.000000
v 217.296387 -37.066891 18.000000
v 216.273560 -36.018234 18.000000
v 217.362366 -37.080227 18.000000
v 216.261871 -35.951942 18.000000
v 217.428925 -37.090260 18.000000
v 216.253494 -35.885155 18.000000
v 217.495911 -37.096962 18.000000
v 216.248474 -35.818027 18.000000
v 217.563141 -37.100315 18.000000
v 216.246796 -35.750736 18.000000
v 217.630447 -37.100315 18.000000
v 216.248474 -35.683445 18.000000
v 217.697678 -37.096962 18.000000
v 216.253494 -35.616322 18.000000
v 217.764648 -37.090260 18.000000
v 216.261871 -35.549530 18.000000
v 217.831207 -37.080227 18.000000
v 216.273560 -35.483238 18.000000
v 217.897186 -37.066891 18.000000
v 216.288528 -35.417614 18.000000
v 217.962418 -37.050278 18.000000
v 216.306763 -35.352818 18.000000
v 216.328201 -35.289009 18.000000
v 216.352798 -35.226349 18.000000
v 218.586411 -34.832504 18.000000
v 227.846786 -39.250736 18.000000
v 218.630951 -34.882973 18.000000
v 218.672913 -34.935600 18.000000
v 218.712219 -34.990253 18.000000
v 218.748734 -35.046799 18.000000
v 218.782394 -35.105095 18.000000
v 218.813095 -35.164993 18.000000
v 218.840790 -35.226349 18.000000
v 218.865372 -35.289009 18.000000
v 218.886810 -35.352818 18.000000
v 218.905045 -35.417614 18.000000
v 218.920029 -35.483238 18.000000
v 218.931717 -35.549530 18.000000
v 218.940079 -35.616322 18.000000
v 218.945114 -35.683445 18.000000
v 218.946793 -35.750736 18.000000
v 218.945114 -35.818027 18.000000
v 218.940079 -35.885155 18.000000
v 218.931717 -35.951942 18.000000
v 218.920029 -36.018234 18.000000
v 218.905045 -36.083858 18.000000
v 218.886810 -36.148655 18.000000
v 218.865372 -36.212463 18.000000
v 218.840790 -36.275124 18.000000
v 218.813095 -36.336479 18.000000
v 218.782394 -36.396378 18.000000
v 218.748734 -36.454674 18.000000
v 218.712219 -36.511219 18.000000
v 218.672913 -36.565872 18.000000
v 218.630951 -36.618500 18.000000
v 218.586411 -36.668968 18.000000
v 232.213623 -41.723679 18.000000
v 231.969452 -41.747726 18.000000
v 232.091827 -41.738697 18.000000
v 232.572495 -41.643089 18.000000
v 232.334518 -41.702702 18.000000
v 232.454239 -41.675816 18.000000
v 232.689011 -41.604595 18.000000
v 232.803497 -41.560436 18.000000
v 233.025284 -41.455540 18.000000
v 232.915680 -41.510712 18.000000
v 233.132050 -41.395058 18.000000
v 233.336044 -41.258755 18.000000
v 233.235718 -41.329411 18.000000
v 233.525681 -41.103115 18.000000
v 233.432770 -41.183262 18.000000
v 233.699173 -40.929634 18.000000
v 233.614563 -41.018505 18.000000
v 233.854813 -40.739986 18.000000
v 233.779312 -40.836720 18.000000
v 233.991104 -40.535992 18.000000
v 233.925461 -40.639664 18.000000
v 234.051590 -40.429230 18.000000
v 234.156494 -40.207447 18.000000
v 234.106766 -40.319626 18.000000
v 234.200653 -40.092960 18.000000
v 234.271866 -39.858189 18.000000
v 234.239136 -39.976448 18.000000
v 234.298752 -39.738461 18.000000
v 234.319733 -39.617561 18.000000
v 234.343781 -39.373405 18.000000
v 234.334747 -39.495781 18.000000
v 216.654175 -34.784317 18.000000
v 216.607162 -14.668970 18.000000
v 216.654175 -14.717156 18.000000
v 216.562637 -34.882973 18.000000
v 216.607162 -34.832504 18.000000
v 216.703506 -14.762941 18.000000
v 216.703506 -34.738533 18.000000
v 216.562637 -14.618500 18.000000
v 216.520660 -34.935600 18.000000
v 216.755081 -14.806209 18.000000
v 216.755081 -34.695263 18.000000
v 216.520660 -14.565872 18.000000
v 216.808731 -14.846853 18.000000
v 216.808731 -34.654621 18.000000
v 216.481369 -14.511219 18.000000
v 216.481369 -34.990253 18.000000
v 216.864349 -14.884771 18.000000
v 216.864349 -34.616703 18.000000
v 216.444855 -14.454674 18.000000
v 216.411194 -35.105095 18.000000
v 216.444855 -35.046799 18.000000
v 216.921783 -14.919871 18.000000
v 216.921783 -34.581604 18.000000
v 216.980911 -34.549408 18.000000
v 216.411194 -14.396379 18.000000
v 216.380478 -35.164993 18.000000
v 216.980911 -14.952064 18.000000
v 216.380478 -14.336479 18.000000
v 217.041550 -14.981270 18.000000
v 217.041550 -34.520203 18.000000
v 216.352798 -14.275124 18.000000
v 217.103577 -15.007416 18.000000
v 217.103577 -34.494057 18.000000
v 217.166840 -34.471035 18.000000
v 217.166840 -15.030438 18.000000
v 217.231155 -15.050280 18.000000
v 217.231155 -34.451195 18.000000
v 217.296387 -15.066889 18.000000
v 217.296387 -34.434586 18.000000
v 217.362366 -15.080227 18.000000
v 217.362366 -34.421246 18.000000
v 217.428925 -15.090260 18.000000
v 217.428925 -34.411213 18.000000
v 217.495911 -15.096962 18.000000
v 217.495911 -34.404510 18.000000
v 217.563141 -15.100317 18.000000
v 217.563141 -34.401157 18.000000
v 217.630447 -15.100317 18.000000
v 217.630447 -34.401157 18.000000
v 217.697678 -15.096962 18.000000
v 217.697678 -34.404510 18.000000
v 217.764648 -15.090260 18.000000
v 217.764648 -34.411213 18.000000
v 217.831207 -34.421246 18.000000
v 217.831207 -15.080227 18.000000
v 217.897186 -15.066889 18.000000
v 217.897186 -34.434586 18.000000
v 217.962418 -15.050280 18.000000
v 217.962418 -34.451195 18.000000
v 218.026749 -15.030438 18.000000
v 218.026749 -34.471035 18.000000
v 218.089996 -15.007416 18.000000
v 218.089996 -34.494057 18.000000
v 218.152023 -14.981270 18.000000
v 218.152023 -34.520203 18.000000
v 218.212677 -14.952064 18.000000
v 218.212677 -34.549408 18.000000
v 218.271790 -14.919871 18.000000
v 218.271790 -34.581604 18.000000
v 218.329224 -34.616703 18.000000
v 218.329224 -14.884771 18.000000
v 218.384842 -14.846853 18.000000
v 218.384842 -34.654621 18.000000
v 218.438507 -14.806209 18.000000
v 218.438507 -34.695263 18.000000
v 218.490067 -34.738533 18.000000
v 218.490067 -14.762941 18.000000
v 218.539413 -14.717156 18.000000
v 218.539413 -34.784317 18.000000
v 218.586411 -14.668970 18.000000
v 216.261871 -13.549529 18.000000
v 214.346786 -10.250736 18.000000
v 216.273560 -13.483239 18.000000
v 216.288528 -13.417614 18.000000
v 216.306763 -13.352818 18.000000
v 216.328201 -13.289009 18.000000
v 216.352798 -13.226350 18.000000
v 216.380478 -13.164993 18.000000
v 216.411194 -13.105094 18.000000
v 216.444855 -13.046799 18.000000
v 216.481369 -12.990254 18.000000
v 216.520660 -12.935600 18.000000
v 216.562637 -12.882974 18.000000
v 216.607162 -12.832503 18.000000
v 216.654175 -12.784316 18.000000
v 216.703506 -12.738532 18.000000
v 216.328201 -14.212463 18.000000
v 216.755081 -12.695264 18.000000
v 216.306763 -14.148656 18.000000
v 216.288528 -14.083859 18.000000
v 216.273560 -14.018234 18.000000
v 216.261871 -13.951943 18.000000
v 216.253494 -13.885153 18.000000
v 216.248474 -13.818028 18.000000
v 216.246796 -13.750736 18.000000
v 216.248474 -13.683445 18.000000
v 216.253494 -13.616320 18.000000
v 216.808731 -12.654620 18.000000
v 216.864349 -12.616701 18.000000
v 216.921783 -12.581602 18.000000
v 216.980911 -12.549410 18.000000
v 217.041550 -12.520204 18.000000
v 217.103577 -12.494057 18.000000
v 217.166840 -12.471035 18.000000
v 217.231155 -12.451194 18.000000
v 217.296387 -12.434584 18.000000
v 217.362366 -12.421247 18.000000
v 217.428925 -12.411214 18.000000
v 217.495911 -12.404511 18.000000
v 217.563141 -12.401156 18.000000
v 217.630447 -12.401156 18.000000
v 217.697678 -12.404511 18.000000
v 217.764648 -12.411214 18.000000
v 217.831207 -12.421247 18.000000
v 217.897186 -12.434584 18.000000
v 217.962418 -12.451194 18.000000
v 218.586411 -12.832503 18.000000
v 227.846786 -10.250736 18.000000
v 218.630951 -12.882974 18.000000
v 218.672913 -12.935600 18.000000
v 218.712219 -12.990254 18.000000
v 218.748734 -13.046799 18.000000
v 218.782394 -13.105094 18.000000
v 218.813095 -13.164993 18.000000
v 218.840790 -13.226350 18.000000
v 218.865372 -13.289009 18.000000
v 218.886810 -13.352818 18.000000
v 218.905045 -13.417614 18.000000
v 218.920029 -13.483239 18.000000
v 218.931717 -13.549529 18.000000
v 218.940079 -13.616320 18.000000
v 218.945114 -13.683445 18.000000
v 218.946793 -13.750736 18.000000
v 218.945114 -13.818028 18.000000
v 218.940079 -13.885153 18.000000
v 218.931717 -13.951943 18.000000
v 218.920029 -14.018234 18.000000
v 218.905045 -14.083859 18.000000
v 218.886810 -14.148656 18.000000
v 218.865372 -14.212463 18.000000
v 218.840790 -14.275124 18.000000
v 218.813095 -14.336479 18.000000
v 218.782394 -14.396379 18.000000
v 218.748734 -14.454674 18.000000
v 218.712219 -14.511219 18.000000
v 218.672913 -14.565872 18.000000
v 218.630951 -14.618500 18.000000
v 231.969452 -7.753748 18.000000
v 232.091827 -7.762775 18.000000
v 234.334747 -10.005693 18.000000
v 234.343781 -10.128067 18.000000
v 234.319733 -9.883910 18.000000
v 234.298752 -9.763011 18.000000
v 232.454239 -7.825658 18.000000
v 232.334518 -7.798773 18.000000
v 232.213623 -7.777795 18.000000
v 234.239136 -9.525024 18.000000
v 234.271866 -9.643286 18.000000
v 232.572495 -7.858386 18.000000
v 232.689011 -7.896876 18.000000
v 232.803497 -7.941038 18.000000
v 234.051590 -9.072245 18.000000
v 234.200653 -9.408512 18.000000
v 234.156494 -9.294028 18.000000
v 234.106766 -9.181849 18.000000
v 233.925461 -8.861811 18.000000
v 233.991104 -8.965480 18.000000
v 233.132050 -8.106415 18.000000
v 233.235718 -8.172063 18.000000
v 233.025284 -8.045934 18.000000
v 232.915680 -7.990763 18.000000
v 233.854813 -8.761488 18.000000
v 233.336044 -8.242718 18.000000
v 233.779312 -8.664753 18.000000
v 233.525681 -8.398358 18.000000
v 233.432770 -8.318211 18.000000
v 233.614563 -8.482969 18.000000
v 233.699173 -8.571839 18.000000
v 218.026749 -12.471035 18.000000
v 218.089996 -12.494057 18.000000
v 218.152023 -12.520204 18.000000
v 218.212677 -12.549410 18.000000
v 218.271790 -12.581602 18.000000
v 218.329224 -12.616701 18.000000
v 218.384842 -12.654620 18.000000
v 218.438507 -12.695264 18.000000
v 218.490067 -12.738532 18.000000
v 218.539413 -12.784316 18.000000
v 218.026749 -37.030437 18.000000
v 218.089996 -37.007416 18.000000
v 218.152023 -36.981270 18.000000
v 218.212677 -36.952065 18.000000
v 218.271790 -36.919872 18.000000
v 218.329224 -36.884773 18.000000
v 218.384842 -36.846851 18.000000
v 218.438507 -36.806210 18.000000
v 218.490067 -36.762939 18.000000
v 218.539413 -36.717155 18.000000
v -9.370211 -80.870735 -22.750000
v 18.629789 -80.870735 -22.750000
v 18.629789 -80.870735 22.750000
v -9.370211 -80.870735 22.750000
v -6.870210 -90.870735 20.250000
v 16.129789 -90.870735 20.250000
v -6.870210 -90.870735 -20.250000
v 16.129789 -90.870735 -20.250000
v -2.730556 -90.870735 -13.466104
v -2.801944 -90.870735 -13.396474
v -2.869773 -90.870735 -13.323372
v -2.655785 -90.870735 -13.532089
v -2.933873 -90.870735 -13.246980
v -2.577819 -90.870735 -13.594265
v -2.994086 -90.870735 -13.167487
v -2.496850 -90.870735 -13.652477
v -3.050262 -90.870735 -13.085093
v -2.413081 -90.870735 -13.706582
v -3.102261 -90.870735 -13.000000
v -2.326718 -90.870735 -13.756443
v -3.149954 -90.870735 -12.912421
v -2.237978 -90.870735 -13.801938
v -3.193222 -90.870735 -12.822575
v -2.147080 -90.870735 -13.842953
v -3.231958 -90.870735 -12.730682
v -2.054250 -90.870735 -13.879385
v -3.266065 -90.870735 -12.636973
v -1.959720 -90.870735 -13.911145
v -3.295459 -90.870735 -12.541681
v -1.863725 -90.870735 -13.938154
v -3.320066 -90.870735 -12.445042
v -1.766502 -90.870735 -13.960345
v -3.339826 -90.870735 -12.347297
v -1.668295 -90.870735 -13.977662
v -3.354689 -90.870735 -12.248688
v -1.569346 -90.870735 -13.990062
v -3.364618 -90.870735 -12.149460
v -1.469902 -90.870735 -13.997514
v -3.369589 -90.870735 -12.049861
v -1.370210 -90.870735 -14.000000
v -3.369589 -90.870735 -11.950139
v -1.270518 -90.870735 -13.997514
v -3.364618 -90.870735 -11.850540
v -1.171075 -90.870735 -13.990062
v -3.354689 -90.870735 -11.751312
v -1.072126 -90.870735 -13.977662
v -3.339826 -90.870735 -11.652703
v -0.973918 -90.870735 -13.960345
v -3.320066 -90.870735 -11.554958
v -0.876695 -90.870735 -13.938154
v -3.295459 -90.870735 -11.458319
v -0.780700 -90.870735 -13.911145
v -0.686170 -90.870735 -13.879385
v -0.593341 -90.870735 -13.842953
v -0.502443 -90.870735 -13.801938
v 9.198056 -90.870735 -13.396474
v 0.061524 -90.870735 -13.396474
v -0.009865 -90.870735 -13.466104
v 9.269444 -90.870735 -13.466104
v 9.130227 -90.870735 -13.323372
v 0.129352 -90.870735 -13.323372
v 9.344214 -90.870735 -13.532089
v -0.084635 -90.870735 -13.532089
v 9.066127 -90.870735 -13.246980
v 0.193453 -90.870735 -13.246980
v 9.422181 -90.870735 -13.594265
v -0.162601 -90.870735 -13.594265
v 9.005914 -90.870735 -13.167487
v 0.253666 -90.870735 -13.167487
v 9.503150 -90.870735 -13.652477
v -0.243570 -90.870735 -13.652477
v -0.327340 -90.870735 -13.706582
v 8.949738 -90.870735 -13.085093
v 0.309842 -90.870735 -13.085093
v 9.586920 -90.870735 -13.706582
v 8.897739 -90.870735 -13.000000
v 0.409533 -90.870735 -12.912421
v 0.361841 -90.870735 -13.000000
v 9.673282 -90.870735 -13.756443
v -0.413702 -90.870735 -13.756443
v 8.850046 -90.870735 -12.912421
v 9.762022 -90.870735 -13.801938
v 8.806778 -90.870735 -12.822575
v 0.452802 -90.870735 -12.822575
v 9.852921 -90.870735 -13.842953
v 8.768043 -90.870735 -12.730682
v 0.491537 -90.870735 -12.730682
v 9.945749 -90.870735 -13.879385
v 8.733935 -90.870735 -12.636973
v 0.525645 -90.870735 -12.636973
v 10.040279 -90.870735 -13.911145
v 8.704541 -90.870735 -12.541681
v 0.555038 -90.870735 -12.541681
v 10.136275 -90.870735 -13.938154
v 8.679934 -90.870735 -12.445042
v 0.579646 -90.870735 -12.445042
v 10.233498 -90.870735 -13.960345
v 8.660174 -90.870735 -12.347297
v 0.599405 -90.870735 -12.347297
v 10.331705 -90.870735 -13.977662
v 8.645311 -90.870735 -12.248688
v 0.614268 -90.870735 -12.248688
v 10.430655 -90.870735 -13.990062
v 8.635383 -90.870735 -12.149460
v 0.624197 -90.870735 -12.149460
v 10.530098 -90.870735 -13.997514
v 8.630411 -90.870735 -12.049861
v 0.629168 -90.870735 -12.049861
v 10.629789 -90.870735 -14.000000
v 8.630411 -90.870735 -11.950139
v 0.629168 -90.870735 -11.950139
v 10.729482 -90.870735 -13.997514
v 8.635383 -90.870735 -11.850540
v 0.624197 -90.870735 -11.850540
v 10.828925 -90.870735 -13.990062
v 8.645311 -90.870735 -11.751312
v 0.614268 -90.870735 -11.751312
v 10.927875 -90.870735 -13.977662
v 8.660174 -90.870735 -11.652703
v 0.599405 -90.870735 -11.652703
v 11.026082 -90.870735 -13.960345
v 8.679934 -90.870735 -11.554958
v 0.579646 -90.870735 -11.554958
v 11.123304 -90.870735 -13.938154
v 8.704541 -90.870735 -11.458319
v 0.555038 -90.870735 -11.458319
v 11.219300 -90.870735 -13.911145
v 8.733935 -90.870735 -11.363027
v 0.525645 -90.870735 -11.363027
v 11.313830 -90.870735 -13.879385
v 8.768043 -90.870735 -11.269318
v 0.491537 -90.870735 -11.269318
v 0.452802 -90.870735 -11.177425
v 11.406659 -90.870735 -13.842953
v 8.806778 -90.870735 -11.177425
v 11.497558 -90.870735 -13.801938
v 8.850046 -90.870735 -11.087579
v 0.409533 -90.870735 -11.087579
v 11.586298 -90.870735 -13.756443
v 8.897739 -90.870735 -11.000000
v 0.361841 -90.870735 -11.000000
v 11.672660 -90.870735 -13.706582
v 8.949738 -90.870735 -10.914907
v 0.309842 -90.870735 -10.914907
v 11.756430 -90.870735 -13.652477
v 9.005914 -90.870735 -10.832513
v 0.253666 -90.870735 -10.832513
v 11.837399 -90.870735 -13.594265
v 9.066127 -90.870735 -10.753020
v 0.193453 -90.870735 -10.753020
v 11.915365 -90.870735 -13.532089
v 9.130227 -90.870735 -10.676628
v 0.129352 -90.870735 -10.676628
v 11.990135 -90.870735 -13.466104
v 9.198056 -90.870735 -10.603526
v 0.061524 -90.870735 -10.603526
v 12.061523 -90.870735 -13.396474
v 9.269444 -90.870735 -10.533896
v -0.009865 -90.870735 -10.533896
v 12.129353 -90.870735 -13.323372
v 9.344214 -90.870735 -10.467911
v -0.084635 -90.870735 -10.467911
v 12.193453 -90.870735 -13.246980
v 9.422181 -90.870735 -10.405735
v -0.162601 -90.870735 -10.405735
v 12.253666 -90.870735 -13.167487
v 9.503150 -90.870735 -10.347523
v -0.243570 -90.870735 -10.347523
v 12.309842 -90.870735 -13.085093
v 9.586920 -90.870735 -10.293418
v -0.327340 -90.870735 -10.293418
v 12.361840 -90.870735 -13.000000
v 9.673282 -90.870735 -10.243557
v -0.413702 -90.870735 -10.243557
v 12.409534 -90.870735 -12.912421
v 9.762022 -90.870735 -10.198062
v -0.502443 -90.870735 -10.198062
v 12.452802 -90.870735 -12.822575
v 12.491537 -90.870735 -12.730682
v 12.525644 -90.870735 -12.636973
v 12.555038 -90.870735 -12.541681
v 12.579646 -90.870735 -12.445042
v 12.599405 -90.870735 -12.347297
v 12.614268 -90.870735 -12.248688
v 12.624197 -90.870735 -12.149460
v 12.629169 -90.870735 -12.049861
v 12.629169 -90.870735 -11.950139
v 12.624197 -90.870735 -11.850540
v 12.614268 -90.870735 -11.751312
v 12.599405 -90.870735 -11.652703
v 12.579646 -90.870735 -11.554958
v 12.555038 -90.870735 -11.458319
v -2.801944 -90.870735 10.603526
v -2.801944 -90.870735 -10.603526
v -2.730556 -90.870735 -10.533896
v -2.869773 -90.870735 -10.676628
v -2.730556 -90.870735 10.533896
v -2.869773 -90.870735 10.676628
v -2.655785 -90.870735 10.467911
v -2.655785 -90.870735 -10.467911
v -2.577819 -90.870735 -10.405735
v -2.933873 -90.870735 10.753020
v -2.933873 -90.870735 -10.753020
v -2.994086 -90.870735 -10.832513
v -2.577819 -90.870735 10.405735
v -2.994086 -90.870735 10.832513
v -3.050262 -90.870735 -10.914907
v -2.496850 -90.870735 10.347523
v -2.496850 -90.870735 -10.347523
v -3.050262 -90.870735 10.914907
v -2.413081 -90.870735 10.293418
v -2.413081 -90.870735 -10.293418
v -2.326718 -90.870735 -10.243557
v -3.102261 -90.870735 11.000000
v -3.102261 -90.870735 -11.000000
v -2.326718 -90.870735 10.243557
v -3.149954 -90.870735 11.087579
v -3.149954 -90.870735 -11.087579
v -2.237978 -90.870735 10.198062
v -2.237978 -90.870735 -10.198062
v -2.147080 -90.870735 -10.157047
v -3.193222 -90.870735 11.177425
v -3.193222 -90.870735 -11.177425
v -2.147080 -90.870735 10.157047
v -3.231958 -90.870735 11.269318
v -3.231958 -90.870735 -11.269318
v -2.054250 -90.870735 10.120615
v -2.054250 -90.870735 -10.120615
v -3.266065 -90.870735 11.363027
v -3.266065 -90.870735 -11.363027
v -1.959720 -90.870735 10.088855
v -1.959720 -90.870735 -10.088855
v -1.863725 -90.870735 -10.061846
v -3.295459 -90.870735 11.458319
v -1.863725 -90.870735 10.061846
v -1.766502 -90.870735 10.039655
v -1.766502 -90.870735 -10.039655
v -1.668295 -90.870735 -10.022338
v -1.668295 -90.870735 10.022338
v -1.569346 -90.870735 -10.009938
v -1.569346 -90.870735 10.009938
v -1.469902 -90.870735 10.002486
v -1.469902 -90.870735 -10.002486
v -1.370210 -90.870735 10.000000
v -1.370210 -90.870735 -10.000000
v -1.270518 -90.870735 -10.002486
v -1.270518 -90.870735 10.002486
v -1.171075 -90.870735 10.009938
v -1.171075 -90.870735 -10.009938
v -1.072126 -90.870735 10.022338
v -1.072126 -90.870735 -10.022338
v -0.973918 -90.870735 10.039655
v -0.973918 -90.870735 -10.039655
v -0.876695 -90.870735 10.061846
v -0.876695 -90.870735 -10.061846
v -0.780700 -90.870735 10.088855
v -0.780700 -90.870735 -10.088855
v -0.686170 -90.870735 10.120615
v -0.686170 -90.870735 -10.120615
v -0.593341 -90.870735 10.157047
v -0.593341 -90.870735 -10.157047
v -0.502443 -90.870735 10.198062
v -2.237978 -90.870735 13.801938
v -2.147080 -90.870735 13.842953
v -2.326718 -90.870735 13.756443
v -2.413081 -90.870735 13.706582
v -2.496850 -90.870735 13.652477
v -2.577819 -90.870735 13.594265
v -2.655785 -90.870735 13.532089
v -2.730556 -90.870735 13.466104
v -2.801944 -90.870735 13.396474
v -2.869773 -90.870735 13.323372
v -2.933873 -90.870735 13.246980
v -2.994086 -90.870735 13.167487
v -3.050262 -90.870735 13.085093
v -3.102261 -90.870735 13.000000
v -3.149954 -90.870735 12.912421
v -3.193222 -90.870735 12.822575
v -3.231958 -90.870735 12.730682
v -3.266065 -90.870735 12.636973
v -3.295459 -90.870735 12.541681
v -3.320066 -90.870735 12.445042
v -3.339826 -90.870735 12.347297
v -3.354689 -90.870735 12.248688
v -3.364618 -90.870735 12.149460
v -3.369589 -90.870735 12.049861
v -3.369589 -90.870735 11.950139
v -3.364618 -90.870735 11.850540
v -3.354689 -90.870735 11.751312
v -3.339826 -90.870735 11.652703
v -3.320066 -90.870735 11.554958
v -0.593341 -90.870735 13.842953
v -0.502443 -90.870735 13.801938
v -0.686170 -90.870735 13.879385
v -0.780700 -90.870735 13.911145
v -0.876695 -90.870735 13.938154
v -0.973918 -90.870735 13.960345
v -1.072126 -90.870735 13.977662
v -1.171075 -90.870735 13.990062
v -1.270518 -90.870735 13.997514
v -1.370210 -90.870735 14.000000
v -1.469902 -90.870735 13.997514
v -1.569346 -90.870735 13.990062
v -1.668295 -90.870735 13.977662
v -1.766502 -90.870735 13.960345
v -1.863725 -90.870735 13.938154
v -1.959720 -90.870735 13.911145
v -2.054250 -90.870735 13.879385
v 9.269444 -90.870735 10.533896
v 0.061524 -90.870735 10.603526
v -0.009865 -90.870735 10.533896
v 9.198056 -90.870735 10.603526
v 9.130227 -90.870735 10.676628
v 0.129352 -90.870735 10.676628
v 9.344214 -90.870735 10.467911
v -0.084635 -90.870735 10.467911
v 9.066127 -90.870735 10.753020
v 0.193453 -90.870735 10.753020
v 9.422181 -90.870735 10.405735
v -0.162601 -90.870735 10.405735
v 9.005914 -90.870735 10.832513
v 0.253666 -90.870735 10.832513
v 9.503150 -90.870735 10.347523
v -0.243570 -90.870735 10.347523
v -0.327340 -90.870735 10.293418
v 8.949738 -90.870735 10.914907
v 0.309842 -90.870735 10.914907
v 9.586920 -90.870735 10.293418
v 8.897739 -90.870735 11.000000
v 0.361841 -90.870735 11.000000
v 9.673282 -90.870735 10.243557
v -0.413702 -90.870735 10.243557
v 8.850046 -90.870735 11.087579
v 0.409533 -90.870735 11.087579
v 0.452802 -90.870735 11.177425
v 9.762022 -90.870735 10.198062
v 9.852921 -90.870735 -10.157047
v 8.806778 -90.870735 11.177425
v 9.852921 -90.870735 10.157047
v 9.945749 -90.870735 -10.120615
v 8.768043 -90.870735 11.269318
v 0.491537 -90.870735 11.269318
v 9.945749 -90.870735 10.120615
v 8.733935 -90.870735 11.363027
v 0.525645 -90.870735 11.363027
v 10.040279 -90.870735 10.088855
v 10.040279 -90.870735 -10.088855
v 10.136275 -90.870735 -10.061846
v 8.704541 -90.870735 11.458319
v 0.555038 -90.870735 11.458319
v 0.579646 -90.870735 11.554958
v 10.136275 -90.870735 10.061846
v 10.233498 -90.870735 -10.039655
v 8.679934 -90.870735 11.554958
v 10.233498 -90.870735 10.039655
v 8.660174 -90.870735 11.652703
v 0.599405 -90.870735 11.652703
v 10.331705 -90.870735 10.022338
v 10.331705 -90.870735 -10.022338
v 10.430655 -90.870735 -10.009938
v 8.645311 -90.870735 11.751312
v 0.614268 -90.870735 11.751312
v 10.430655 -90.870735 10.009938
v 8.635383 -90.870735 11.850540
v 0.624197 -90.870735 11.850540
v 0.629168 -90.870735 11.950139
v 10.530098 -90.870735 10.002486
v 10.530098 -90.870735 -10.002486
v 10.629789 -90.870735 -10.000000
v 8.630411 -90.870735 11.950139
v 10.629789 -90.870735 10.000000
v 10.729482 -90.870735 -10.002486
v 8.630411 -90.870735 12.049861
v 0.629168 -90.870735 12.049861
v 10.729482 -90.870735 10.002486
v 8.635383 -90.870735 12.149460
v 0.624197 -90.870735 12.149460
v 10.828925 -90.870735 10.009938
v 10.828925 -90.870735 -10.009938
v 10.927875 -90.870735 -10.022338
v 8.645311 -90.870735 12.248688
v 0.614268 -90.870735 12.248688
v 0.599405 -90.870735 12.347297
v 10.927875 -90.870735 10.022338
v 8.660174 -90.870735 12.347297
v 11.026082 -90.870735 10.039655
v 11.026082 -90.870735 -10.039655
v 11.123304 -90.870735 -10.061846
v 8.679934 -90.870735 12.445042
v 0.579646 -90.870735 12.445042
v 11.123304 -90.870735 10.061846
v 11.219300 -90.870735 -10.088855
v 8.704541 -90.870735 12.541681
v 0.555038 -90.870735 12.541681
v 11.219300 -90.870735 10.088855
v 8.733935 -90.870735 12.636973
v 0.525645 -90.870735 12.636973
v 11.313830 -90.870735 10.120615
v 11.313830 -90.870735 -10.120615
v 8.768043 -90.870735 12.730682
v 0.491537 -90.870735 12.730682
v 0.452802 -90.870735 12.822575
v 11.406659 -90.870735 10.157047
v 11.406659 -90.870735 -10.157047
v 8.806778 -90.870735 12.822575
v 11.497558 -90.870735 10.198062
v 11.497558 -90.870735 -10.198062
v 11.586298 -90.870735 -10.243557
v 8.850046 -90.870735 12.912421
v 0.409533 -90.870735 12.912421
v 0.361841 -90.870735 13.000000
v 11.586298 -90.870735 10.243557
v 8.897739 -90.870735 13.000000
v 11.672660 -90.870735 10.293418
v 11.672660 -90.870735 -10.293418
v 8.949738 -90.870735 13.085093
v 0.309842 -90.870735 13.085093
v 11.756430 -90.870735 10.347523
v 11.756430 -90.870735 -10.347523
v 9.005914 -90.870735 13.167487
v 0.253666 -90.870735 13.167487
v 11.837399 -90.870735 10.405735
v 11.837399 -90.870735 -10.405735
v 11.915365 -90.870735 -10.467911
v 9.066127 -90.870735 13.246980
v 0.193453 -90.870735 13.246980
v 11.915365 -90.870735 10.467911
v 11.990135 -90.870735 -10.533896
v 9.130227 -90.870735 13.323372
v 0.129352 -90.870735 13.323372
v 11.990135 -90.870735 10.533896
v 9.198056 -90.870735 13.396474
v 0.061524 -90.870735 13.396474
v -0.009865 -90.870735 13.466104
v 12.061523 -90.870735 10.603526
v 12.061523 -90.870735 -10.603526
v 9.269444 -90.870735 13.466104
v -0.084635 -90.870735 13.532089
v 12.129353 -90.870735 10.676628
v 12.129353 -90.870735 -10.676628
v 9.344214 -90.870735 13.532089
v -0.162601 -90.870735 13.594265
v 12.193453 -90.870735 10.753020
v 12.193453 -90.870735 -10.753020
v 12.253666 -90.870735 -10.832513
v 9.422181 -90.870735 13.594265
v 12.253666 -90.870735 10.832513
v 9.503150 -90.870735 13.652477
v -0.243570 -90.870735 13.652477
v 12.309842 -90.870735 10.914907
v 12.309842 -90.870735 -10.914907
v 12.361840 -90.870735 -11.000000
v 9.586920 -90.870735 13.706582
v -0.327340 -90.870735 13.706582
v 12.361840 -90.870735 11.000000
v 9.673282 -90.870735 13.756443
v -0.413702 -90.870735 13.756443
v 12.409534 -90.870735 11.087579
v 12.409534 -90.870735 -11.087579
v 9.762022 -90.870735 13.801938
v 12.452802 -90.870735 11.177425
v 12.452802 -90.870735 -11.177425
v 12.491537 -90.870735 -11.269318
v 12.491537 -90.870735 11.269318
v 12.525644 -90.870735 11.363027
v 12.525644 -90.870735 -11.363027
v 12.555038 -90.870735 11.458319
v 12.061523 -90.870735 13.396474
v 12.129353 -90.870735 13.323372
v 11.990135 -90.870735 13.466104
v 11.915365 -90.870735 13.532089
v 11.837399 -90.870735 13.594265
v 11.756430 -90.870735 13.652477
v 11.672660 -90.870735 13.706582
v 11.586298 -90.870735 13.756443
v 11.497558 -90.870735 13.801938
v 11.406659 -90.870735 13.842953
v 11.313830 -90.870735 13.879385
v 11.219300 -90.870735 13.911145
v 11.123304 -90.870735 13.938154
v 11.026082 -90.870735 13.960345
v 10.927875 -90.870735 13.977662
v 10.828925 -90.870735 13.990062
v 10.729482 -90.870735 13.997514
v 10.629789 -90.870735 14.000000
v 10.530098 -90.870735 13.997514
v 10.430655 -90.870735 13.990062
v 10.331705 -90.870735 13.977662
v 10.233498 -90.870735 13.960345
v 10.136275 -90.870735 13.938154
v 10.040279 -90.870735 13.911145
v 9.945749 -90.870735 13.879385
v 9.852921 -90.870735 13.842953
v 12.579646 -90.870735 11.554958
v 12.599405 -90.870735 11.652703
v 12.614268 -90.870735 11.751312
v 12.624197 -90.870735 11.850540
v 12.629169 -90.870735 11.950139
v 12.629169 -90.870735 12.049861
v 12.624197 -90.870735 12.149460
v 12.614268 -90.870735 12.248688
v 12.599405 -90.870735 12.347297
v 12.579646 -90.870735 12.445042
v 12.555038 -90.870735 12.541681
v 12.525644 -90.870735 12.636973
v 12.491537 -90.870735 12.730682
v 12.452802 -90.870735 12.822575
v 12.409534 -90.870735 12.912421
v 12.361840 -90.870735 13.000000
v 12.309842 -90.870735 13.085093
v 12.253666 -90.870735 13.167487
v 12.193453 -90.870735 13.246980
v 216.246796 -13.750736 19.000000
v 216.248474 -13.683445 19.000000
v 216.253494 -13.616320 19.000000
v 216.261871 -13.549529 19.000000
v 216.273560 -13.483239 19.000000
v 216.288528 -13.417614 19.000000
v 216.306763 -13.352818 19.000000
v 216.328201 -13.289009 19.000000
v 216.352798 -13.226350 19.000000
v 216.380478 -13.164993 19.000000
v 216.411194 -13.105094 19.000000
v 216.444855 -13.046799 19.000000
v 216.481369 -12.990254 19.000000
v 216.520660 -12.935600 19.000000
v 216.562637 -12.882974 19.000000
v 216.607162 -12.832503 19.000000
v 216.654175 -12.784316 19.000000
v 216.703506 -12.738532 19.000000
v 216.755081 -12.695264 19.000000
v 216.808731 -12.654620 19.000000
v 216.864349 -12.616701 19.000000
v 216.921783 -12.581602 19.000000
v 216.980911 -12.549410 19.000000
v 217.041550 -12.520204 19.000000
v 217.103577 -12.494057 19.000000
v 217.166840 -12.471035 19.000000
v 217.231155 -12.451194 19.000000
v 217.296387 -12.434584 19.000000
v 217.362366 -12.421247 19.000000
v 217.428925 -12.411214 19.000000
v 217.495911 -12.404511 19.000000
v 217.563141 -12.401156 19.000000
v 217.630447 -12.401156 19.000000
v 217.697678 -12.404511 19.000000
v 217.764648 -12.411214 19.000000
v 217.831207 -12.421247 19.000000
v 217.897186 -12.434584 19.000000
v 217.962418 -12.451194 19.000000
v 218.026749 -12.471035 19.000000
v 218.089996 -12.494057 19.000000
v 218.152023 -12.520204 19.000000
v 218.212677 -12.549410 19.000000
v 218.271790 -12.581602 19.000000
v 218.329224 -12.616701 19.000000
v 218.384842 -12.654620 19.000000
v 218.438507 -12.695264 19.000000
v 218.490067 -12.738532 19.000000
v 218.539413 -12.784316 19.000000
v 218.586411 -12.832503 19.000000
v 218.630951 -12.882974 19.000000
v 218.672913 -12.935600 19.000000
v 218.712219 -12.990254 19.000000
v 218.748734 -13.046799 19.000000
v 218.782394 -13.105094 19.000000
v 218.813095 -13.164993 19.000000
v 218.840790 -13.226350 19.000000
v 218.865372 -13.289009 19.000000
v 218.886810 -13.352818 19.000000
v 218.905045 -13.417614 19.000000
v 218.920029 -13.483239 19.000000
v 218.931717 -13.549529 19.000000
v 218.940079 -13.616320 19.000000
v 218.945114 -13.683445 19.000000
v 218.946793 -13.750736 19.000000
v 218.945114 -13.818028 19.000000
v 218.940079 -13.885153 19.000000
v 218.931717 -13.951943 19.000000
v 218.920029 -14.018234 19.000000
v 218.905045 -14.083859 19.000000
v 218.886810 -14.148656 19.000000
v 218.865372 -14.212463 19.000000
v 218.840790 -14.275124 19.000000
v 218.813095 -14.336479 19.000000
v 218.782394 -14.396379 19.000000
v 218.748734 -14.454674 19.000000
v 218.712219 -14.511219 19.000000
v 218.672913 -14.565872 19.000000
v 218.630951 -14.618500 19.000000
v 218.586411 -14.668970 19.000000
v 218.539413 -14.717156 19.000000
v 218.490067 -14.762941 19.000000
v 218.438507 -14.806209 19.000000
v 218.384842 -14.846853 19.000000
v 218.329224 -14.884771 19.000000
v 218.271790 -14.919871 19.000000
v 218.212677 -14.952064 19.000000
v 218.152023 -14.981270 19.000000
v 218.089996 -15.007416 19.000000
v 218.026749 -15.030438 19.000000
v 217.962418 -15.050280 19.000000
v 217.897186 -15.066889 19.000000
v 217.831207 -15.080227 19.000000
v 217.764648 -15.090260 19.000000
v 217.697678 -15.096962 19.000000
v 217.630447 -15.100317 19.000000
v 217.563141 -15.100317 19.000000
v 217.495911 -15.096962 19.000000
v 217.428925 -15.090260 19.000000
v 217.362366 -15.080227 19.000000
v 217.296387 -15.066889 19.000000
v 217.231155 -15.050280 19.000000
v 217.166840 -15.030438 19.000000
v 217.103577 -15.007416 19.000000
v 217.041550 -14.981270 19.000000
v 216.980911 -14.952064 19.000000
v 216.921783 -14.919871 19.000000
v 216.864349 -14.884771 19.000000
v 216.808731 -14.846853 19.000000
v 216.755081 -14.806209 19.000000
v 216.703506 -14.762941 19.000000
v 216.654175 -14.717156 19.000000
v 216.607162 -14.668970 19.000000
v 216.562637 -14.618500 19.000000
v 216.520660 -14.565872 19.000000
v 216.481369 -14.511219 19.000000
v 216.444855 -14.454674 19.000000
v 216.411194 -14.396379 19.000000
v 216.380478 -14.336479 19.000000
v 216.352798 -14.275124 19.000000
v 216.328201 -14.212463 19.000000
v 216.306763 -14.148656 19.000000
v 216.288528 -14.083859 19.000000
v 216.273560 -14.018234 19.000000
v 216.261871 -13.951943 19.000000
v 216.253494 -13.885153 19.000000
v 216.248474 -13.818028 19.000000
v 216.136749 -14.545834 19.312500
v 216.223175 -14.687256 19.312500
v 216.008148 -14.240767 19.312500
v 215.776871 -14.517896 19.625000
v 216.064835 -14.396509 19.312500
v 215.709534 -14.332878 19.625000
v 215.631607 -13.947383 19.625000
v 215.354645 -14.203996 19.937500
v 215.660950 -14.142076 19.625000
v 215.320663 -13.978498 19.937500
v 215.934296 -13.750736 19.312500
v 216.323242 -14.819371 19.312500
v 215.862305 -14.695288 19.625000
v 215.410919 -14.424989 19.937500
v 216.435974 -14.940866 19.312500
v 215.964966 -14.863294 19.625000
v 215.488907 -14.639281 19.937500
v 216.560242 -15.050531 19.312500
v 216.083847 -15.020242 19.625000
v 215.309296 -13.750736 19.937500
v 215.587860 -14.844743 19.937500
v 216.694809 -15.147280 19.312500
v 216.217773 -15.164574 19.625000
v 215.706772 -15.039331 19.937500
v 216.838333 -15.230148 19.312500
v 216.365402 -15.294854 19.625000
v 215.844467 -15.221113 19.937500
v 216.989410 -15.298314 19.312500
v 216.525269 -15.409788 19.625000
v 215.999573 -15.388282 19.937500
v 217.146515 -15.351099 19.312500
v 216.695770 -15.508233 19.625000
v 216.170563 -15.539176 19.937500
v 217.308105 -15.387980 19.312500
v 216.875244 -15.589212 19.625000
v 216.355713 -15.672296 19.937500
v 217.472549 -15.408587 19.312500
v 217.061874 -15.651919 19.625000
v 216.553207 -15.786319 19.937500
v 217.638245 -15.412720 19.312500
v 217.253830 -15.695732 19.625000
v 216.761078 -15.880111 19.937500
v 217.803513 -15.400334 19.312500
v 217.449203 -15.720214 19.625000
v 216.977249 -15.952740 19.937500
v 217.966736 -15.371554 19.312500
v 217.646027 -15.725122 19.625000
v 217.199570 -16.003485 19.937500
v 218.126266 -15.326666 19.312500
v 217.842361 -15.710409 19.625000
v 217.425842 -16.031839 19.937500
v 218.280548 -15.266115 19.312500
v 218.036270 -15.676219 19.625000
v 217.653824 -16.037525 19.937500
v 218.428040 -15.190504 19.312500
v 218.225800 -15.622893 19.625000
v 217.881226 -16.020483 19.937500
v 218.567261 -15.100583 19.312500
v 218.409088 -15.550961 19.625000
v 218.105804 -15.980885 19.937500
v 218.696838 -14.997248 19.312500
v 218.584290 -15.461137 19.625000
v 218.325333 -15.919121 19.937500
v 218.815491 -14.881524 19.312500
v 218.749680 -15.354314 19.625000
v 218.537613 -15.835806 19.937500
v 218.922028 -14.754561 19.312500
v 218.903625 -15.231554 19.625000
v 218.740540 -15.731770 19.937500
v 219.015381 -14.617622 19.312500
v 219.044571 -15.094078 19.625000
v 218.932098 -15.608045 19.937500
v 219.094650 -14.472068 19.312500
v 219.171127 -14.943251 19.625000
v 219.110397 -15.465861 19.937500
v 219.159027 -14.319345 19.312500
v 219.282043 -14.780571 19.625000
v 219.273651 -15.306632 19.937500
v 219.207886 -14.160971 19.312500
v 219.376205 -14.607656 19.625000
v 219.420227 -15.131939 19.937500
v 219.240723 -13.998519 19.312500
v 219.452682 -14.426227 19.625000
v 219.548691 -14.943520 19.937500
v 219.257217 -13.833606 19.312500
v 219.510712 -14.238083 19.625000
v 219.657761 -14.743246 19.937500
v 219.257217 -13.667868 19.312500
v 219.549728 -14.045095 19.625000
v 219.746338 -14.533108 19.937500
v 219.240723 -13.502954 19.312500
v 219.569336 -13.849182 19.625000
v 219.813553 -14.315194 19.937500
v 219.207886 -13.340503 19.312500
v 219.569336 -13.652291 19.625000
v 219.858734 -14.091671 19.937500
v 219.159027 -13.182128 19.312500
v 219.549728 -13.456378 19.625000
v 219.881439 -13.864759 19.937500
v 219.094650 -13.029405 19.312500
v 219.510712 -13.263391 19.625000
v 219.881439 -13.636714 19.937500
v 219.015381 -12.883850 19.312500
v 219.452682 -13.075247 19.625000
v 219.858734 -13.409802 19.937500
v 218.922028 -12.746912 19.312500
v 219.376205 -12.893816 19.625000
v 219.813553 -13.186279 19.937500
v 218.815491 -12.619949 19.312500
v 219.282043 -12.720902 19.625000
v 219.746338 -12.968366 19.937500
v 218.696838 -12.504226 19.312500
v 219.171127 -12.558223 19.625000
v 219.657761 -12.758227 19.937500
v 218.567261 -12.400889 19.312500
v 219.044571 -12.407395 19.625000
v 219.548691 -12.557954 19.937500
v 218.428040 -12.310969 19.312500
v 218.903625 -12.269918 19.625000
v 219.420227 -12.369534 19.937500
v 218.280548 -12.235358 19.312500
v 218.749680 -12.147159 19.625000
v 219.273651 -12.194841 19.937500
v 218.126266 -12.174808 19.312500
v 218.584290 -12.040337 19.625000
v 219.110397 -12.035612 19.937500
v 217.966736 -12.129919 19.312500
v 218.409088 -11.950513 19.625000
v 218.932098 -11.893429 19.937500
v 217.803513 -12.101139 19.312500
v 218.225800 -11.878580 19.625000
v 218.740540 -11.769704 19.937500
v 217.638245 -12.088754 19.312500
v 218.036270 -11.825253 19.625000
v 218.537613 -11.665667 19.937500
v 217.472549 -12.092885 19.312500
v 217.842361 -11.791064 19.625000
v 218.325333 -11.582353 19.937500
v 217.308105 -12.113494 19.312500
v 217.646027 -11.776350 19.625000
v 218.105804 -11.520589 19.937500
v 217.146515 -12.150373 19.312500
v 217.449203 -11.781260 19.625000
v 217.881226 -11.480989 19.937500
v 216.989410 -12.203159 19.312500
v 217.253830 -11.805741 19.625000
v 217.653824 -11.463947 19.937500
v 216.838333 -12.271325 19.312500
v 217.061874 -11.849554 19.625000
v 217.425842 -11.469633 19.937500
v 216.694809 -12.354194 19.312500
v 216.875244 -11.912261 19.625000
v 217.199570 -11.497989 19.937500
v 216.560242 -12.450942 19.312500
v 216.695770 -11.993239 19.625000
v 216.977249 -11.548734 19.937500
v 216.435974 -12.560608 19.312500
v 216.525269 -12.091685 19.625000
v 216.761078 -11.621363 19.937500
v 216.323242 -12.682102 19.312500
v 216.365402 -12.206619 19.625000
v 216.553207 -11.715155 19.937500
v 216.223175 -12.814217 19.312500
v 216.217773 -12.336900 19.625000
v 216.355713 -11.829177 19.937500
v 216.136749 -12.955639 19.312500
v 216.083847 -12.481231 19.625000
v 216.170563 -11.962297 19.937500
v 216.064835 -13.104963 19.312500
v 215.964966 -12.638180 19.625000
v 215.999573 -12.113192 19.937500
v 216.008148 -13.260706 19.312500
v 215.862305 -12.806185 19.625000
v 215.844467 -12.280360 19.937500
v 215.967255 -13.421319 19.312500
v 215.776871 -12.983578 19.625000
v 215.706772 -12.462142 19.937500
v 215.942551 -13.585205 19.312500
v 215.709534 -13.168595 19.625000
v 215.587860 -12.656731 19.937500
v 215.660950 -13.359398 19.625000
v 215.488907 -12.862192 19.937500
v 215.631607 -13.554090 19.625000
v 215.621796 -13.750736 19.625000
v 215.410919 -13.076484 19.937500
v 215.354645 -13.297478 19.937500
v 215.320663 -13.522975 19.937500
v 215.942551 -13.916268 19.312500
v 215.967255 -14.080154 19.312500
v 216.246796 -35.750736 19.000000
v 216.248474 -35.683445 19.000000
v 216.253494 -35.616322 19.000000
v 216.261871 -35.549530 19.000000
v 216.273560 -35.483238 19.000000
v 216.288528 -35.417614 19.000000
v 216.306763 -35.352818 19.000000
v 216.328201 -35.289009 19.000000
v 216.352798 -35.226349 19.000000
v 216.380478 -35.164993 19.000000
v 216.411194 -35.105095 19.000000
v 216.444855 -35.046799 19.000000
v 216.481369 -34.990253 19.000000
v 216.520660 -34.935600 19.000000
v 216.562637 -34.882973 19.000000
v 216.607162 -34.832504 19.000000
v 216.654175 -34.784317 19.000000
v 216.703506 -34.738533 19.000000
v 216.755081 -34.695263 19.000000
v 216.808731 -34.654621 19.000000
v 216.864349 -34.616703 19.000000
v 216.921783 -34.581604 19.000000
v 216.980911 -34.549408 19.000000
v 217.041550 -34.520203 19.000000
v 217.103577 -34.494057 19.000000
v 217.166840 -34.471035 19.000000
v 217.231155 -34.451195 19.000000
v 217.296387 -34.434586 19.000000
v 217.362366 -34.421246 19.000000
v 217.428925 -34.411213 19.000000
v 217.495911 -34.404510 19.000000
v 217.563141 -34.401157 19.000000
v 217.630447 -34.401157 19.000000
v 217.697678 -34.404510 19.000000
v 217.764648 -34.411213 19.000000
v 217.831207 -34.421246 19.000000
v 217.897186 -34.434586 19.000000
v 217.962418 -34.451195 19.000000
v 218.026749 -34.471035 19.000000
v 218.089996 -34.494057 19.000000
v 218.152023 -34.520203 19.000000
v 218.212677 -34.549408 19.000000
v 218.271790 -34.581604 19.000000
v 218.329224 -34.616703 19.000000
v 218.384842 -34.654621 19.000000
v 218.438507 -34.695263 19.000000
v 218.490067 -34.738533 19.000000
v 218.539413 -34.784317 19.000000
v 218.586411 -34.832504 19.000000
v 218.630951 -34.882973 19.000000
v 218.672913 -34.935600 19.000000
v 218.712219 -34.990253 19.000000
v 218.748734 -35.046799 19.000000
v 218.782394 -35.105095 19.000000
v 218.813095 -35.164993 19.000000
v 218.840790 -35.226349 19.000000
v 218.865372 -35.289009 19.000000
v 218.886810 -35.352818 19.000000
v 218.905045 -35.417614 19.000000
v 218.920029 -35.483238 19.000000
v 218.931717 -35.549530 19.000000
v 218.940079 -35.616322 19.000000
v 218.945114 -35.683445 19.000000
v 218.946793 -35.750736 19.000000
v 218.945114 -35.818027 19.000000
v 218.940079 -35.885155 19.000000
v 218.931717 -35.951942 19.000000
v 218.920029 -36.018234 19.000000
v 218.905045 -36.083858 19.000000
v 218.886810 -36.148655 19.000000
v 218.865372 -36.212463 19.000000
v 218.840790 -36.275124 19.000000
v 218.813095 -36.336479 19.000000
v 218.782394 -36.396378 19.000000
v 218.748734 -36.454674 19.000000
v 218.712219 -36.511219 19.000000
v 218.672913 -36.565872 19.000000
v 218.630951 -36.618500 19.000000
v 218.586411 -36.668968 19.000000
v 218.539413 -36.717155 19.000000
v 218.490067 -36.762939 19.000000
v 218.438507 -36.806210 19.000000
v 218.384842 -36.846851 19.000000
v 218.329224 -36.884773 19.000000
v 218.271790 -36.919872 19.000000
v 218.212677 -36.952065 19.000000
v 218.152023 -36.981270 19.000000
v 218.089996 -37.007416 19.000000
v 218.026749 -37.030437 19.000000
v 217.962418 -37.050278 19.000000
v 217.897186 -37.066891 19.000000
v 217.831207 -37.080227 19.000000
v 217.764648 -37.090260 19.000000
v 217.697678 -37.096962 19.000000
v 217.630447 -37.100315 19.000000
v 217.563141 -37.100315 19.000000
v 217.495911 -37.096962 19.000000
v 217.428925 -37.090260 19.000000
v 217.362366 -37.080227 19.000000
v 217.296387 -37.066891 19.000000
v 217.231155 -37.050278 19.000000
v 217.166840 -37.030437 19.000000
v 217.103577 -37.007416 19.000000
v 217.041550 -36.981270 19.000000
v 216.980911 -36.952065 19.000000
v 216.921783 -36.919872 19.000000
v 216.864349 -36.884773 19.000000
v 216.808731 -36.846851 19.000000
v 216.755081 -36.806210 19.000000
v 216.703506 -36.762939 19.000000
v 216.654175 -36.717155 19.000000
v 216.607162 -36.668968 19.000000
v 216.562637 -36.618500 19.000000
v 216.520660 -36.565872 19.000000
v 216.481369 -36.511219 19.000000
v 216.444855 -36.454674 19.000000
v 216.411194 -36.396378 19.000000
v 216.380478 -36.336479 19.000000
v 216.352798 -36.275124 19.000000
v 216.328201 -36.212463 19.000000
v 216.306763 -36.148655 19.000000
v 216.288528 -36.083858 19.000000
v 216.273560 -36.018234 19.000000
v 216.261871 -35.951942 19.000000
v 216.253494 -35.885155 19.000000
v 216.248474 -35.818027 19.000000
v 216.136749 -36.545834 19.312500
v 216.223175 -36.687256 19.312500
v 216.008148 -36.240768 19.312500
v 215.776871 -36.517895 19.625000
v 216.064835 -36.396511 19.312500
v 215.709534 -36.332878 19.625000
v 215.631607 -35.947384 19.625000
v 215.354645 -36.203995 19.937500
v 215.660950 -36.142075 19.625000
v 215.320663 -35.978497 19.937500
v 215.934296 -35.750736 19.312500
v 216.323242 -36.819370 19.312500
v 215.862305 -36.695290 19.625000
v 215.410919 -36.424988 19.937500
v 216.435974 -36.940865 19.312500
v 215.964966 -36.863293 19.625000
v 215.488907 -36.639282 19.937500
v 216.560242 -37.050533 19.312500
v 216.083847 -37.020241 19.625000
v 215.309296 -35.750736 19.937500
v 215.587860 -36.844742 19.937500
v 216.694809 -37.147278 19.312500
v 216.217773 -37.164574 19.625000
v 215.706772 -37.039330 19.937500
v 216.838333 -37.230148 19.312500
v 216.365402 -37.294853 19.625000
v 215.844467 -37.221115 19.937500
v 216.989410 -37.298313 19.312500
v 216.525269 -37.409786 19.625000
v 215.999573 -37.388283 19.937500
v 217.146515 -37.351101 19.312500
v 216.695770 -37.508232 19.625000
v 216.170563 -37.539177 19.937500
v 217.308105 -37.387978 19.312500
v 216.875244 -37.589211 19.625000
v 216.355713 -37.672295 19.937500
v 217.472549 -37.408588 19.312500
v 217.061874 -37.651920 19.625000
v 216.553207 -37.786320 19.937500
v 217.638245 -37.412720 19.312500
v 217.253830 -37.695732 19.625000
v 216.761078 -37.880112 19.937500
v 217.803513 -37.400333 19.312500
v 217.449203 -37.720215 19.625000
v 216.977249 -37.952740 19.937500
v 217.966736 -37.371555 19.312500
v 217.646027 -37.725124 19.625000
v 217.199570 -38.003483 19.937500
v 218.126266 -37.326664 19.312500
v 217.842361 -37.710407 19.625000
v 217.425842 -38.031841 19.937500
v 218.280548 -37.266113 19.312500
v 218.036270 -37.676220 19.625000
v 217.653824 -38.037525 19.937500
v 218.428040 -37.190502 19.312500
v 218.225800 -37.622894 19.625000
v 217.881226 -38.020485 19.937500
v 218.567261 -37.100582 19.312500
v 218.409088 -37.550961 19.625000
v 218.105804 -37.980885 19.937500
v 218.696838 -36.997250 19.312500
v 218.584290 -37.461136 19.625000
v 218.325333 -37.919121 19.937500
v 218.815491 -36.881523 19.312500
v 218.749680 -37.354313 19.625000
v 218.537613 -37.835808 19.937500
v 218.922028 -36.754562 19.312500
v 218.903625 -37.231556 19.625000
v 218.740540 -37.731770 19.937500
v 219.015381 -36.617622 19.312500
v 219.044571 -37.094078 19.625000
v 218.932098 -37.608044 19.937500
v 219.094650 -36.472069 19.312500
v 219.171127 -36.943249 19.625000
v 219.110397 -37.465862 19.937500
v 219.159027 -36.319344 19.312500
v 219.282043 -36.780571 19.625000
v 219.273651 -37.306633 19.937500
v 219.207886 -36.160973 19.312500
v 219.376205 -36.607658 19.625000
v 219.420227 -37.131939 19.937500
v 219.240723 -35.998520 19.312500
v 219.452682 -36.426228 19.625000
v 219.548691 -36.943520 19.937500
v 219.257217 -35.833607 19.312500
v 219.510712 -36.238083 19.625000
v 219.657761 -36.743244 19.937500
v 219.257217 -35.667870 19.312500
v 219.549728 -36.045094 19.625000
v 219.746338 -36.533108 19.937500
v 219.240723 -35.502953 19.312500
v 219.569336 -35.849182 19.625000
v 219.813553 -36.315193 19.937500
v 219.207886 -35.340504 19.312500
v 219.569336 -35.652290 19.625000
v 219.858734 -36.091671 19.937500
v 219.159027 -35.182129 19.312500
v 219.549728 -35.456379 19.625000
v 219.881439 -35.864758 19.937500
v 219.094650 -35.029404 19.312500
v 219.510712 -35.263390 19.625000
v 219.881439 -35.636715 19.937500
v 219.015381 -34.883850 19.312500
v 219.452682 -35.075245 19.625000
v 219.858734 -35.409801 19.937500
v 218.922028 -34.746910 19.312500
v 219.376205 -34.893818 19.625000
v 219.813553 -35.186279 19.937500
v 218.815491 -34.619949 19.312500
v 219.282043 -34.720901 19.625000
v 219.746338 -34.968365 19.937500
v 218.696838 -34.504227 19.312500
v 219.171127 -34.558224 19.625000
v 219.657761 -34.758228 19.937500
v 218.567261 -34.400890 19.312500
v 219.044571 -34.407394 19.625000
v 219.548691 -34.557953 19.937500
v 218.428040 -34.310970 19.312500
v 218.903625 -34.269920 19.625000
v 219.420227 -34.369534 19.937500
v 218.280548 -34.235359 19.312500
v 218.749680 -34.147160 19.625000
v 219.273651 -34.194843 19.937500
v 218.126266 -34.174809 19.312500
v 218.584290 -34.040337 19.625000
v 219.110397 -34.035610 19.937500
v 217.966736 -34.129917 19.312500
v 218.409088 -33.950512 19.625000
v 218.932098 -33.893429 19.937500
v 217.803513 -34.101139 19.312500
v 218.225800 -33.878578 19.625000
v 218.740540 -33.769703 19.937500
v 217.638245 -34.088753 19.312500
v 218.036270 -33.825253 19.625000
v 218.537613 -33.665668 19.937500
v 217.472549 -34.092884 19.312500
v 217.842361 -33.791065 19.625000
v 218.325333 -33.582352 19.937500
v 217.308105 -34.113495 19.312500
v 217.646027 -33.776352 19.625000
v 218.105804 -33.520588 19.937500
v 217.146515 -34.150375 19.312500
v 217.449203 -33.781258 19.625000
v 217.881226 -33.480988 19.937500
v 216.989410 -34.203159 19.312500
v 217.253830 -33.805740 19.625000
v 217.653824 -33.463947 19.937500
v 216.838333 -34.271324 19.312500
v 217.061874 -33.849552 19.625000
v 217.425842 -33.469631 19.937500
v 216.694809 -34.354195 19.312500
v 216.875244 -33.912262 19.625000
v 217.199570 -33.497990 19.937500
v 216.560242 -34.450943 19.312500
v 216.695770 -33.993240 19.625000
v 216.977249 -33.548733 19.937500
v 216.435974 -34.560608 19.312500
v 216.525269 -34.091686 19.625000
v 216.761078 -33.621365 19.937500
v 216.323242 -34.682102 19.312500
v 216.365402 -34.206619 19.625000
v 216.553207 -33.715157 19.937500
v 216.223175 -34.814217 19.312500
v 216.217773 -34.336899 19.625000
v 216.355713 -33.829178 19.937500
v 216.136749 -34.955639 19.312500
v 216.083847 -34.481232 19.625000
v 216.170563 -33.962296 19.937500
v 216.064835 -35.104965 19.312500
v 215.964966 -34.638180 19.625000
v 215.999573 -34.113190 19.937500
v 216.008148 -35.260708 19.312500
v 215.862305 -34.806187 19.625000
v 215.844467 -34.280361 19.937500
v 215.967255 -35.421318 19.312500
v 215.776871 -34.983578 19.625000
v 215.706772 -34.462143 19.937500
v 215.942551 -35.585205 19.312500
v 215.709534 -35.168594 19.625000
v 215.587860 -34.656731 19.937500
v 215.660950 -35.359398 19.625000
v 215.488907 -34.862190 19.937500
v 215.631607 -35.554089 19.625000
v 215.621796 -35.750736 19.625000
v 215.410919 -35.076485 19.937500
v 215.354645 -35.297478 19.937500
v 215.320663 -35.522976 19.937500
v 215.942551 -35.916267 19.312500
v 215.967255 -36.080154 19.312500
v -0.167193 -89.956856 10.566300
v -0.030421 -89.956856 10.693206
v -0.194712 -89.652229 10.599096
v -0.061069 -89.652229 10.723100
v 0.059564 -89.652229 10.859793
v -0.434177 -90.566109 10.281156
v -0.609970 -90.566109 10.196498
v -0.626600 -90.261482 10.235949
v -0.454653 -90.261482 10.318754
v 0.079860 -89.347603 10.957470
v 0.165987 -89.652229 11.007818
v 0.130024 -89.347603 11.031046
v 0.176457 -89.347603 11.107031
v -1.370210 -89.347603 10.214063
v -1.370210 -89.652229 10.171250
v -1.281188 -89.347603 10.216283
v -0.291804 -90.261482 10.418269
v -0.139674 -90.261482 10.533504
v -0.315921 -89.956856 10.453643
v 0.093036 -89.956856 10.833100
v -0.267687 -90.566109 10.382895
v 0.257143 -89.652229 11.165705
v 0.219045 -89.347603 11.185236
v 0.257682 -89.347603 11.265467
v 0.000227 -90.261482 10.663313
v 0.201951 -89.956856 10.984591
v -0.112154 -90.566109 10.500708
v 0.332125 -89.652229 11.331882
v 0.292272 -89.347603 11.347524
v 0.322729 -89.347603 11.431203
v -1.370210 -90.566109 10.042812
v 0.126508 -90.261482 10.806407
v 0.295241 -89.956856 11.146173
v 0.030875 -90.566109 10.633420
v 0.390189 -89.652229 11.504701
v 0.348977 -89.347603 11.516295
v 0.370950 -89.347603 11.602592
v 0.237914 -90.261482 10.961363
v 0.371978 -89.956856 11.316241
v 0.159981 -90.566109 10.779714
v 0.430757 -89.652229 11.682441
v 0.388595 -89.347603 11.689876
v 0.401867 -89.347603 11.777930
v 0.333338 -90.261482 11.126641
v 0.431401 -89.956856 11.493105
v 0.273878 -90.566109 10.938135
v 0.453426 -89.652229 11.863338
v 0.410733 -89.347603 11.866537
v 0.415172 -89.347603 11.955476
v 0.411831 -90.261482 11.300600
v 0.472919 -89.956856 11.675007
v 0.371436 -90.566109 11.107110
v 0.457971 -89.652229 12.045592
v 0.415172 -89.347603 12.044524
v 0.410733 -89.347603 12.133463
v 0.472614 -90.261482 11.481510
v 0.496119 -89.956856 11.860138
v 0.451684 -90.566109 11.284959
v 0.444347 -89.652229 12.227393
v 0.401867 -89.347603 12.222070
v 0.388595 -89.347603 12.310124
v 0.515081 -90.261482 11.667572
v 0.500771 -89.956856 12.046659
v 0.513826 -90.566109 11.469914
v 0.412689 -89.652229 12.406935
v 0.370950 -89.347603 12.397408
v 0.348977 -89.347603 12.483705
v 0.538812 -90.261482 11.856938
v 0.486828 -89.956856 12.232717
v 0.557243 -90.566109 11.660138
v 0.363312 -89.652229 12.582433
v 0.322729 -89.347603 12.568797
v 0.292272 -89.347603 12.652476
v 0.543570 -90.261482 12.047727
v 0.454428 -89.956856 12.416462
v 0.581505 -90.566109 11.853739
v 0.296706 -89.652229 12.752141
v 0.257682 -89.347603 12.734533
v 0.219045 -89.347603 12.814764
v 0.529308 -90.261482 12.238041
v 0.403895 -89.956856 12.596067
v 0.586369 -90.566109 12.048794
v 0.213534 -89.652229 12.914375
v 0.176457 -89.347603 12.892969
v 0.130024 -89.347603 12.968954
v 0.496167 -90.261482 12.425988
v 0.335730 -89.956856 12.769750
v 0.571788 -90.566109 12.243364
v 0.114621 -89.652229 13.067521
v 0.079860 -89.347603 13.042530
v 0.026092 -89.347603 13.113514
v 0.444478 -90.261482 12.609703
v 0.250611 -89.956856 12.935781
v 0.537907 -90.566109 12.435515
v 0.000952 -89.652229 13.210058
v -0.031148 -89.347603 13.181729
v -0.091717 -89.347603 13.247007
v 0.374754 -90.261482 12.787357
v 0.149383 -89.956856 13.092513
v 0.485061 -90.566109 12.623338
v -0.126344 -89.652229 13.340569
v -0.155464 -89.347603 13.309185
v -0.222232 -89.347603 13.368108
v 0.287687 -90.261482 12.957188
v 0.033052 -89.956856 13.238386
v 0.413778 -90.566109 12.804966
v -0.266003 -89.652229 13.457756
v -0.291853 -89.347603 13.423629
v -0.364156 -89.347603 13.475611
v 0.184144 -90.261482 13.117504
v -0.097224 -89.956856 13.371952
v 0.324764 -90.566109 12.978594
v -0.416636 -89.652229 13.560455
v -0.438959 -89.347603 13.523924
v -0.516078 -89.347603 13.568449
v 0.065152 -90.261482 13.266715
v -0.240152 -89.956856 13.491883
v 0.218905 -90.566109 13.142496
v -0.576745 -89.652229 13.647647
v -0.595321 -89.347603 13.609074
v -0.676490 -89.347603 13.645699
v -0.068104 -90.261482 13.403337
v -0.394312 -89.956856 13.596987
v 0.097252 -90.566109 13.295043
v -0.744741 -89.652229 13.718463
v -0.759384 -89.347603 13.678232
v -0.843796 -89.347603 13.706594
v -0.214302 -90.261482 13.526011
v -0.558170 -89.956856 13.686219
v -0.038985 -90.566109 13.434720
v -0.918953 -89.652229 13.772200
v -0.929517 -89.347603 13.730712
v -1.016334 -89.347603 13.750526
v -0.371988 -90.261482 13.633519
v -0.730098 -89.956856 13.758694
v -0.188452 -90.566109 13.560138
v -1.097649 -89.652229 13.808325
v -1.104030 -89.347603 13.765990
v -1.192388 -89.347603 13.777062
v -0.539594 -90.261482 13.724792
v -0.908388 -89.956856 13.813688
v -0.349664 -90.566109 13.670051
v -1.279055 -89.652229 13.826477
v -1.281188 -89.347603 13.783717
v -1.370210 -89.347603 13.785937
v -0.715455 -90.261482 13.798924
v -1.091268 -89.956856 13.850658
v -0.521018 -90.566109 13.763365
v -1.461366 -89.652229 13.826477
v -1.459232 -89.347603 13.783717
v -1.548032 -89.347603 13.777062
v -0.897824 -90.261482 13.855177
v -1.276920 -89.956856 13.869236
v -0.700813 -90.566109 13.839154
v -1.642771 -89.652229 13.808325
v -1.636390 -89.347603 13.765990
v -1.724087 -89.347603 13.750526
v -1.084887 -90.261482 13.892993
v -1.463500 -89.956856 13.869236
v -0.887260 -90.566109 13.896666
v -1.821468 -89.652229 13.772200
v -1.810903 -89.347603 13.730712
v -1.896624 -89.347603 13.706594
v -1.274786 -90.261482 13.911995
v -1.649152 -89.956856 13.850658
v -1.078506 -90.566109 13.935328
v -1.981037 -89.347603 13.678232
v -1.995679 -89.652229 13.718463
v -2.063931 -89.347603 13.645699
v -1.465634 -90.261482 13.911995
v -1.832032 -89.956856 13.813688
v -1.272652 -90.566109 13.954755
v -2.163675 -89.652229 13.647647
v -2.145099 -89.347603 13.609074
v -2.224342 -89.347603 13.568449
v -1.655533 -90.261482 13.892993
v -2.010322 -89.956856 13.758694
v -1.467768 -90.566109 13.954755
v -2.323785 -89.652229 13.560455
v -2.301461 -89.347603 13.523924
v -2.376265 -89.347603 13.475611
v -1.842596 -90.261482 13.855177
v -2.182251 -89.956856 13.686219
v -1.661914 -90.566109 13.935328
v -2.474417 -89.652229 13.457756
v -2.448567 -89.347603 13.423629
v -2.518189 -89.347603 13.368108
v -2.024965 -90.261482 13.798924
v -2.346109 -89.956856 13.596987
v -1.853161 -90.566109 13.896666
v -2.614076 -89.652229 13.340569
v -2.584956 -89.347603 13.309185
v -2.648704 -89.347603 13.247007
v -2.200826 -90.261482 13.724792
v -2.500268 -89.956856 13.491883
v -2.039608 -90.566109 13.839154
v -2.741373 -89.652229 13.210058
v -2.709273 -89.347603 13.181729
v -2.766512 -89.347603 13.113514
v -2.368433 -90.261482 13.633519
v -2.643196 -89.956856 13.371952
v -2.219402 -90.566109 13.763365
v -2.855042 -89.652229 13.067521
v -2.820281 -89.347603 13.042530
v -2.870444 -89.347603 12.968954
v -2.526118 -90.261482 13.526011
v -2.773473 -89.956856 13.238386
v -2.390757 -90.566109 13.670051
v -2.953954 -89.652229 12.914375
v -2.916878 -89.347603 12.892969
v -2.959466 -89.347603 12.814764
v -2.672316 -90.261482 13.403337
v -2.889803 -89.956856 13.092513
v -2.551969 -90.566109 13.560138
v -3.037127 -89.652229 12.752141
v -2.998103 -89.347603 12.734533
v -3.032692 -89.347603 12.652476
v -2.805573 -90.261482 13.266715
v -2.991031 -89.956856 12.935781
v -2.701436 -90.566109 13.434720
v -3.103732 -89.652229 12.582433
v -3.063149 -89.347603 12.568797
v -3.089397 -89.347603 12.483705
v -2.924564 -90.261482 13.117504
v -3.076150 -89.956856 12.769750
v -2.837672 -90.566109 13.295043
v -3.153110 -89.652229 12.406935
v -3.111371 -89.347603 12.397408
v -3.129015 -89.347603 12.310124
v -3.028108 -90.261482 12.957188
v -3.144315 -89.956856 12.596067
v -2.959325 -90.566109 13.142496
v -3.184768 -89.652229 12.227393
v -3.142287 -89.347603 12.222070
v -3.151154 -89.347603 12.133463
v -3.115174 -90.261482 12.787357
v -3.194849 -89.956856 12.416462
v -3.065184 -90.566109 12.978594
v -3.198392 -89.652229 12.045592
v -3.155593 -89.347603 12.044524
v -3.155593 -89.347603 11.955476
v -3.184899 -90.261482 12.609703
v -3.227248 -89.956856 12.232717
v -3.154198 -90.566109 12.804966
v -3.193847 -89.652229 11.863338
v -3.151154 -89.347603 11.866537
v -3.142287 -89.347603 11.777930
v -3.236588 -90.261482 12.425988
v -3.241191 -89.956856 12.046659
v -3.225482 -90.566109 12.623338
v -3.171177 -89.652229 11.682441
v -3.129015 -89.347603 11.689876
v -3.111371 -89.347603 11.602592
v -3.269728 -90.261482 12.238041
v -3.236539 -89.956856 11.860138
v -3.278327 -90.566109 12.435515
v -3.130609 -89.652229 11.504701
v -3.089397 -89.347603 11.516295
v -3.063149 -89.347603 11.431203
v -3.283990 -90.261482 12.047727
v -3.213339 -89.956856 11.675007
v -3.312208 -90.566109 12.243364
v -3.072546 -89.652229 11.331882
v -3.032692 -89.347603 11.347524
v -2.998103 -89.347603 11.265467
v -3.279232 -90.261482 11.856938
v -3.171822 -89.956856 11.493105
v -3.326789 -90.566109 12.048794
v -2.997563 -89.652229 11.165705
v -2.959466 -89.347603 11.185236
v -2.916878 -89.347603 11.107031
v -3.255502 -90.261482 11.667572
v -3.112399 -89.956856 11.316241
v -3.321925 -90.566109 11.853739
v -2.906408 -89.652229 11.007818
v -2.870444 -89.347603 11.031046
v -2.820281 -89.347603 10.957470
v -3.213034 -90.261482 11.481510
v -3.035661 -89.956856 11.146173
v -3.297664 -90.566109 11.660138
v -2.799984 -89.652229 10.859793
v -2.766512 -89.347603 10.886486
v -2.709273 -89.347603 10.818271
v -3.152252 -90.261482 11.300600
v -2.942371 -89.956856 10.984591
v -3.254246 -90.566109 11.469914
v -2.679352 -89.652229 10.723100
v -2.648704 -89.347603 10.752993
v -2.584956 -89.347603 10.690815
v -3.073759 -90.261482 11.126641
v -2.833457 -89.956856 10.833100
v -3.192105 -90.566109 11.284959
v -2.545708 -89.652229 10.599096
v -2.518189 -89.347603 10.631892
v -2.448567 -89.347603 10.576371
v -2.978335 -90.261482 10.961363
v -2.710000 -89.956856 10.693206
v -3.111856 -90.566109 11.107110
v -2.400382 -89.652229 10.489016
v -2.376265 -89.347603 10.524389
v -2.301461 -89.347603 10.476076
v -2.866929 -90.261482 10.806407
v -2.573227 -89.956856 10.566300
v -3.014298 -90.566109 10.938135
v -2.244817 -89.652229 10.393952
v -2.224342 -89.347603 10.431551
v -2.145099 -89.347603 10.390926
v -2.740648 -90.261482 10.663313
v -2.424499 -89.956856 10.453643
v -2.900401 -90.566109 10.779714
v -2.080560 -89.652229 10.314851
v -2.063931 -89.347603 10.354301
v -1.981037 -89.347603 10.321768
v -2.600747 -90.261482 10.533504
v -2.265292 -89.956856 10.356354
v -2.771296 -90.566109 10.633420
v -1.909244 -89.652229 10.252496
v -1.896624 -89.347603 10.293406
v -1.810903 -89.347603 10.269288
v -2.448616 -90.261482 10.418269
v -2.097190 -89.956856 10.275399
v -2.628266 -90.566109 10.500708
v -1.732570 -89.652229 10.207510
v -1.724087 -89.347603 10.249474
v -1.636390 -89.347603 10.234010
v -2.285768 -90.261482 10.318754
v -1.921863 -89.956856 10.211586
v -2.472733 -90.566109 10.382895
v -1.552295 -89.652229 10.180338
v -1.459232 -89.347603 10.216283
v -1.548032 -89.347603 10.222938
v -2.113820 -90.261482 10.235949
v -1.741053 -89.956856 10.165545
v -2.306243 -90.566109 10.281156
v -1.934482 -90.261482 10.170675
v -1.556558 -89.956856 10.137737
v -1.370210 -89.956856 10.128437
v -2.130450 -90.566109 10.196498
v -1.749536 -90.261482 10.123582
v -1.947101 -90.566109 10.129765
v -1.560820 -90.261482 10.095138
v -1.370210 -90.261482 10.085625
v -1.758019 -90.566109 10.081618
v -1.565083 -90.566109 10.052538
v -1.188125 -89.652229 10.180338
v -1.192388 -89.347603 10.222938
v -1.104030 -89.347603 10.234010
v -1.007850 -89.652229 10.207510
v -1.016334 -89.347603 10.249474
v -0.929517 -89.347603 10.269288
v -1.183863 -89.956856 10.137737
v -0.831177 -89.652229 10.252496
v -0.843796 -89.347603 10.293406
v -0.759384 -89.347603 10.321768
v -0.999367 -89.956856 10.165545
v -0.659860 -89.652229 10.314851
v -0.676490 -89.347603 10.354301
v -0.595321 -89.347603 10.390926
v -1.179600 -90.261482 10.095138
v -0.818557 -89.956856 10.211586
v -0.495603 -89.652229 10.393952
v -0.516078 -89.347603 10.431551
v -0.438959 -89.347603 10.476076
v -0.990884 -90.261482 10.123582
v -0.643230 -89.956856 10.275399
v -1.175337 -90.566109 10.052538
v -0.340039 -89.652229 10.489016
v -0.364156 -89.347603 10.524389
v -0.291853 -89.347603 10.576371
v -0.805938 -90.261482 10.170675
v -0.475128 -89.956856 10.356354
v -0.982401 -90.566109 10.081618
v -0.222232 -89.347603 10.631892
v -0.155464 -89.347603 10.690815
v -0.793319 -90.566109 10.129765
v -0.091717 -89.347603 10.752993
v -0.031148 -89.347603 10.818271
v 0.026092 -89.347603 10.886486
v 11.832807 -89.956856 10.566300
v 11.969580 -89.956856 10.693206
v 11.805287 -89.652229 10.599096
v 11.565823 -90.566109 10.281156
v 11.390030 -90.566109 10.196498
v 11.373400 -90.261482 10.235949
v 11.545347 -90.261482 10.318754
v 12.059565 -89.652229 10.859793
v 12.165987 -89.652229 11.007818
v 12.079861 -89.347603 10.957470
v 12.130024 -89.347603 11.031046
v 12.176457 -89.347603 11.107031
v 10.629789 -89.347603 10.214063
v 10.629789 -89.652229 10.171250
v 10.718811 -89.347603 10.216283
v 11.708196 -90.261482 10.418269
v 11.860327 -90.261482 10.533504
v 11.684078 -89.956856 10.453643
v 12.093037 -89.956856 10.833100
v 11.938931 -89.652229 10.723100
v 11.732313 -90.566109 10.382895
v 12.257143 -89.652229 11.165705
v 12.219046 -89.347603 11.185236
v 12.257682 -89.347603 11.265467
v 12.000227 -90.261482 10.663313
v 12.201951 -89.956856 10.984591
v 11.887846 -90.566109 10.500708
v 12.332126 -89.652229 11.331882
v 12.292273 -89.347603 11.347524
v 10.629789 -90.566109 10.042812
v 12.322729 -89.347603 11.431203
v 12.126509 -90.261482 10.806407
v 12.295240 -89.956856 11.146173
v 12.030875 -90.566109 10.633420
v 12.390189 -89.652229 11.504701
v 12.348976 -89.347603 11.516295
v 12.370950 -89.347603 11.602592
v 12.237914 -90.261482 10.961363
v 12.371978 -89.956856 11.316241
v 12.159981 -90.566109 10.779714
v 12.430757 -89.652229 11.682441
v 12.388595 -89.347603 11.689876
v 12.401867 -89.347603 11.777930
v 12.333338 -90.261482 11.126641
v 12.431401 -89.956856 11.493105
v 12.273878 -90.566109 10.938135
v 12.453426 -89.652229 11.863338
v 12.410733 -89.347603 11.866537
v 12.415173 -89.347603 11.955476
v 12.411831 -90.261482 11.300600
v 12.472919 -89.956856 11.675007
v 12.371436 -90.566109 11.107110
v 12.457972 -89.652229 12.045592
v 12.415173 -89.347603 12.044524
v 12.410733 -89.347603 12.133463
v 12.472613 -90.261482 11.481510
v 12.496119 -89.956856 11.860138
v 12.451684 -90.566109 11.284959
v 12.444347 -89.652229 12.227393
v 12.401867 -89.347603 12.222070
v 12.388595 -89.347603 12.310124
v 12.515081 -90.261482 11.667572
v 12.500771 -89.956856 12.046659
v 12.513826 -90.566109 11.469914
v 12.412689 -89.652229 12.406935
v 12.370950 -89.347603 12.397408
v 12.348976 -89.347603 12.483705
v 12.538812 -90.261482 11.856938
v 12.486828 -89.956856 12.232717
v 12.557243 -90.566109 11.660138
v 12.363312 -89.652229 12.582433
v 12.322729 -89.347603 12.568797
v 12.292273 -89.347603 12.652476
v 12.543570 -90.261482 12.047727
v 12.454429 -89.956856 12.416462
v 12.581505 -90.566109 11.853739
v 12.296706 -89.652229 12.752141
v 12.257682 -89.347603 12.734533
v 12.219046 -89.347603 12.814764
v 12.529307 -90.261482 12.238041
v 12.403895 -89.956856 12.596067
v 12.586369 -90.566109 12.048794
v 12.213533 -89.652229 12.914375
v 12.176457 -89.347603 12.892969
v 12.130024 -89.347603 12.968954
v 12.496167 -90.261482 12.425988
v 12.335730 -89.956856 12.769750
v 12.571788 -90.566109 12.243364
v 12.114621 -89.652229 13.067521
v 12.079861 -89.347603 13.042530
v 12.026092 -89.347603 13.113514
v 12.444478 -90.261482 12.609703
v 12.250610 -89.956856 12.935781
v 12.537907 -90.566109 12.435515
v 12.000952 -89.652229 13.210058
v 11.968852 -89.347603 13.181729
v 11.908283 -89.347603 13.247007
v 12.374754 -90.261482 12.787357
v 12.149383 -89.956856 13.092513
v 12.485062 -90.566109 12.623338
v 11.873655 -89.652229 13.340569
v 11.844536 -89.347603 13.309185
v 11.777768 -89.347603 13.368108
v 12.287687 -90.261482 12.957188
v 12.033052 -89.956856 13.238386
v 12.413777 -90.566109 12.804966
v 11.733997 -89.652229 13.457756
v 11.708147 -89.347603 13.423629
v 11.635844 -89.347603 13.475611
v 12.184144 -90.261482 13.117504
v 11.902776 -89.956856 13.371952
v 12.324764 -90.566109 12.978594
v 11.583364 -89.652229 13.560455
v 11.561041 -89.347603 13.523924
v 11.483922 -89.347603 13.568449
v 12.065152 -90.261482 13.266715
v 11.759848 -89.956856 13.491883
v 12.218904 -90.566109 13.142496
v 11.423255 -89.652229 13.647647
v 11.404679 -89.347603 13.609074
v 11.323510 -89.347603 13.645699
v 11.931895 -90.261482 13.403337
v 11.605688 -89.956856 13.596987
v 12.097252 -90.566109 13.295043
v 11.255260 -89.652229 13.718463
v 11.240617 -89.347603 13.678232
v 11.156204 -89.347603 13.706594
v 11.785698 -90.261482 13.526011
v 11.441831 -89.956856 13.686219
v 11.961016 -90.566109 13.434720
v 11.081047 -89.652229 13.772200
v 11.070483 -89.347603 13.730712
v 10.983666 -89.347603 13.750526
v 11.628013 -90.261482 13.633519
v 11.269902 -89.956856 13.758694
v 11.811548 -90.566109 13.560138
v 10.902350 -89.652229 13.808325
v 10.895970 -89.347603 13.765990
v 10.807611 -89.347603 13.777062
v 11.460406 -90.261482 13.724792
v 11.091612 -89.956856 13.813688
v 11.650336 -90.566109 13.670051
v 10.720945 -89.652229 13.826477
v 10.718811 -89.347603 13.783717
v 10.629789 -89.347603 13.785937
v 11.284545 -90.261482 13.798924
v 10.908731 -89.956856 13.850658
v 11.478982 -90.566109 13.763365
v 10.538634 -89.652229 13.826477
v 10.540769 -89.347603 13.783717
v 10.451968 -89.347603 13.777062
v 11.102176 -90.261482 13.855177
v 10.723080 -89.956856 13.869236
v 11.299188 -90.566109 13.839154
v 10.357229 -89.652229 13.808325
v 10.363609 -89.347603 13.765990
v 10.275913 -89.347603 13.750526
v 10.915112 -90.261482 13.892993
v 10.536500 -89.956856 13.869236
v 11.112741 -90.566109 13.896666
v 10.178533 -89.652229 13.772200
v 10.189096 -89.347603 13.730712
v 10.103375 -89.347603 13.706594
v 10.725214 -90.261482 13.911995
v 10.350848 -89.956856 13.850658
v 10.921494 -90.566109 13.935328
v 10.018963 -89.347603 13.678232
v 10.004320 -89.652229 13.718463
v 9.936069 -89.347603 13.645699
v 10.534366 -90.261482 13.911995
v 10.167968 -89.956856 13.813688
v 10.727347 -90.566109 13.954755
v 9.836325 -89.652229 13.647647
v 9.854900 -89.347603 13.609074
v 9.775658 -89.347603 13.568449
v 10.344467 -90.261482 13.892993
v 9.989677 -89.956856 13.758694
v 10.532232 -90.566109 13.954755
v 9.676215 -89.652229 13.560455
v 9.698539 -89.347603 13.523924
v 9.623735 -89.347603 13.475611
v 10.157404 -90.261482 13.855177
v 9.817749 -89.956856 13.686219
v 10.338086 -90.566109 13.935328
v 9.525582 -89.652229 13.457756
v 9.551433 -89.347603 13.423629
v 9.481812 -89.347603 13.368108
v 9.975035 -90.261482 13.798924
v 9.653892 -89.956856 13.596987
v 10.146839 -90.566109 13.896666
v 9.385924 -89.652229 13.340569
v 9.415044 -89.347603 13.309185
v 9.351296 -89.347603 13.247007
v 9.799173 -90.261482 13.724792
v 9.499732 -89.956856 13.491883
v 9.960392 -90.566109 13.839154
v 9.258628 -89.652229 13.210058
v 9.290728 -89.347603 13.181729
v 9.233488 -89.347603 13.113514
v 9.631567 -90.261482 13.633519
v 9.356804 -89.956856 13.371952
v 9.780598 -90.566109 13.763365
v 9.144958 -89.652229 13.067521
v 9.179719 -89.347603 13.042530
v 9.129556 -89.347603 12.968954
v 9.473882 -90.261482 13.526011
v 9.226527 -89.956856 13.238386
v 9.609243 -90.566109 13.670051
v 9.046046 -89.652229 12.914375
v 9.083122 -89.347603 12.892969
v 9.040534 -89.347603 12.814764
v 9.327684 -90.261482 13.403337
v 9.110197 -89.956856 13.092513
v 9.448031 -90.566109 13.560138
v 8.962873 -89.652229 12.752141
v 9.001898 -89.347603 12.734533
v 8.967307 -89.347603 12.652476
v 9.194427 -90.261482 13.266715
v 9.008969 -89.956856 12.935781
v 9.298564 -90.566109 13.434720
v 8.896268 -89.652229 12.582433
v 8.936851 -89.347603 12.568797
v 8.910604 -89.347603 12.483705
v 9.075436 -90.261482 13.117504
v 8.923850 -89.956856 12.769750
v 9.162328 -90.566109 13.295043
v 8.846890 -89.652229 12.406935
v 8.888630 -89.347603 12.397408
v 8.870985 -89.347603 12.310124
v 8.971892 -90.261482 12.957188
v 8.855684 -89.956856 12.596067
v 9.040675 -90.566109 13.142496
v 8.815232 -89.652229 12.227393
v 8.857713 -89.347603 12.222070
v 8.848846 -89.347603 12.133463
v 8.884826 -90.261482 12.787357
v 8.805151 -89.956856 12.416462
v 8.934815 -90.566109 12.978594
v 8.801608 -89.652229 12.045592
v 8.844407 -89.347603 12.044524
v 8.844407 -89.347603 11.955476
v 8.815102 -90.261482 12.609703
v 8.772752 -89.956856 12.232717
v 8.845802 -90.566109 12.804966
v 8.806153 -89.652229 11.863338
v 8.848846 -89.347603 11.866537
v 8.857713 -89.347603 11.777930
v 8.763412 -90.261482 12.425988
v 8.758809 -89.956856 12.046659
v 8.774518 -90.566109 12.623338
v 8.828823 -89.652229 11.682441
v 8.870985 -89.347603 11.689876
v 8.888630 -89.347603 11.602592
v 8.730272 -90.261482 12.238041
v 8.763460 -89.956856 11.860138
v 8.721673 -90.566109 12.435515
v 8.869390 -89.652229 11.504701
v 8.910604 -89.347603 11.516295
v 8.936851 -89.347603 11.431203
v 8.716010 -90.261482 12.047727
v 8.786660 -89.956856 11.675007
v 8.687792 -90.566109 12.243364
v 8.927454 -89.652229 11.331882
v 8.967307 -89.347603 11.347524
v 9.001898 -89.347603 11.265467
v 8.720768 -90.261482 11.856938
v 8.828178 -89.956856 11.493105
v 8.673211 -90.566109 12.048794
v 9.002437 -89.652229 11.165705
v 9.040534 -89.347603 11.185236
v 9.083122 -89.347603 11.107031
v 8.744498 -90.261482 11.667572
v 8.887602 -89.956856 11.316241
v 8.678075 -90.566109 11.853739
v 9.093593 -89.652229 11.007818
v 9.129556 -89.347603 11.031046
v 9.179719 -89.347603 10.957470
v 8.786966 -90.261482 11.481510
v 8.964339 -89.956856 11.146173
v 8.702336 -90.566109 11.660138
v 9.200015 -89.652229 10.859793
v 9.233488 -89.347603 10.886486
v 9.290728 -89.347603 10.818271
v 8.847749 -90.261482 11.300600
v 9.057629 -89.956856 10.984591
v 8.745753 -90.566109 11.469914
v 9.320648 -89.652229 10.723100
v 9.351296 -89.347603 10.752993
v 9.415044 -89.347603 10.690815
v 8.926242 -90.261482 11.126641
v 9.166543 -89.956856 10.833100
v 8.807896 -90.566109 11.284959
v 9.454292 -89.652229 10.599096
v 9.481812 -89.347603 10.631892
v 9.551433 -89.347603 10.576371
v 9.021666 -90.261482 10.961363
v 9.290000 -89.956856 10.693206
v 8.888144 -90.566109 11.107110
v 9.599618 -89.652229 10.489016
v 9.623735 -89.347603 10.524389
v 9.698539 -89.347603 10.476076
v 9.133071 -90.261482 10.806407
v 9.426773 -89.956856 10.566300
v 8.985702 -90.566109 10.938135
v 9.755183 -89.652229 10.393952
v 9.775658 -89.347603 10.431551
v 9.854900 -89.347603 10.390926
v 9.259353 -90.261482 10.663313
v 9.575501 -89.956856 10.453643
v 9.099599 -90.566109 10.779714
v 9.919439 -89.652229 10.314851
v 9.936069 -89.347603 10.354301
v 10.018963 -89.347603 10.321768
v 9.399253 -90.261482 10.533504
v 9.734708 -89.956856 10.356354
v 9.228704 -90.566109 10.633420
v 10.090756 -89.652229 10.252496
v 10.103375 -89.347603 10.293406
v 10.189096 -89.347603 10.269288
v 9.551384 -90.261482 10.418269
v 9.902810 -89.956856 10.275399
v 9.371734 -90.566109 10.500708
v 10.267430 -89.652229 10.207510
v 10.275913 -89.347603 10.249474
v 10.363609 -89.347603 10.234010
v 9.714232 -90.261482 10.318754
v 10.078137 -89.956856 10.211586
v 9.527267 -90.566109 10.382895
v 10.447705 -89.652229 10.180338
v 10.540769 -89.347603 10.216283
v 10.451968 -89.347603 10.222938
v 10.629789 -89.956856 10.128437
v 9.886180 -90.261482 10.235949
v 10.258947 -89.956856 10.165545
v 9.693757 -90.566109 10.281156
v 10.065517 -90.261482 10.170675
v 10.443442 -89.956856 10.137737
v 9.869550 -90.566109 10.196498
v 10.250463 -90.261482 10.123582
v 10.052898 -90.566109 10.129765
v 10.439179 -90.261482 10.095138
v 10.629789 -90.261482 10.085625
v 10.241981 -90.566109 10.081618
v 10.434916 -90.566109 10.052538
v 10.811874 -89.652229 10.180338
v 10.807611 -89.347603 10.222938
v 10.895970 -89.347603 10.234010
v 10.992149 -89.652229 10.207510
v 10.983666 -89.347603 10.249474
v 11.070483 -89.347603 10.269288
v 10.816137 -89.956856 10.137737
v 11.168823 -89.652229 10.252496
v 11.156204 -89.347603 10.293406
v 11.240617 -89.347603 10.321768
v 11.000632 -89.956856 10.165545
v 11.340140 -89.652229 10.314851
v 11.323510 -89.347603 10.354301
v 11.404679 -89.347603 10.390926
v 10.820400 -90.261482 10.095138
v 11.181442 -89.956856 10.211586
v 11.504396 -89.652229 10.393952
v 11.483922 -89.347603 10.431551
v 11.561041 -89.347603 10.476076
v 11.009116 -90.261482 10.123582
v 11.356770 -89.956856 10.275399
v 10.824663 -90.566109 10.052538
v 11.659962 -89.652229 10.489016
v 11.635844 -89.347603 10.524389
v 11.708147 -89.347603 10.576371
v 11.194062 -90.261482 10.170675
v 11.524872 -89.956856 10.356354
v 11.017599 -90.566109 10.081618
v 11.777768 -89.347603 10.631892
v 11.844536 -89.347603 10.690815
v 11.206681 -90.566109 10.129765
v 11.908283 -89.347603 10.752993
v 11.968852 -89.347603 10.818271
v 12.026092 -89.347603 10.886486
v 11.832807 -89.956856 -13.433700
v 11.969580 -89.956856 -13.306794
v 11.805287 -89.652229 -13.400904
v 11.565823 -90.566109 -13.718844
v 11.390030 -90.566109 -13.803502
v 11.373400 -90.261482 -13.764051
v 11.545347 -90.261482 -13.681246
v 12.059565 -89.652229 -13.140207
v 12.165987 -89.652229 -12.992182
v 12.079861 -89.347603 -13.042530
v 12.130024 -89.347603 -12.968954
v 12.176457 -89.347603 -12.892969
v 10.629789 -89.347603 -13.785937
v 10.629789 -89.652229 -13.828750
v 10.718811 -89.347603 -13.783717
v 11.708196 -90.261482 -13.581731
v 11.860327 -90.261482 -13.466496
v 11.684078 -89.956856 -13.546357
v 12.093037 -89.956856 -13.166900
v 11.938931 -89.652229 -13.276900
v 11.732313 -90.566109 -13.617105
v 12.257143 -89.652229 -12.834295
v 12.219046 -89.347603 -12.814764
v 12.257682 -89.347603 -12.734533
v 12.000227 -90.261482 -13.336687
v 12.201951 -89.956856 -13.015409
v 11.887846 -90.566109 -13.499292
v 12.332126 -89.652229 -12.668118
v 12.292273 -89.347603 -12.652476
v 10.629789 -90.566109 -13.957188
v 12.322729 -89.347603 -12.568797
v 12.126509 -90.261482 -13.193593
v 12.295240 -89.956856 -12.853827
v 12.030875 -90.566109 -13.366580
v 12.390189 -89.652229 -12.495299
v 12.348976 -89.347603 -12.483705
v 12.370950 -89.347603 -12.397408
v 12.237914 -90.261482 -13.038637
v 12.371978 -89.956856 -12.683759
v 12.159981 -90.566109 -13.220286
v 12.430757 -89.652229 -12.317559
v 12.388595 -89.347603 -12.310124
v 12.401867 -89.347603 -12.222070
v 12.333338 -90.261482 -12.873359
v 12.431401 -89.956856 -12.506895
v 12.273878 -90.566109 -13.061865
v 12.453426 -89.652229 -12.136662
v 12.410733 -89.347603 -12.133463
v 12.415173 -89.347603 -12.044524
v 12.411831 -90.261482 -12.699400
v 12.472919 -89.956856 -12.324993
v 12.371436 -90.566109 -12.892890
v 12.457972 -89.652229 -11.954408
v 12.415173 -89.347603 -11.955476
v 12.410733 -89.347603 -11.866537
v 12.472613 -90.261482 -12.518490
v 12.496119 -89.956856 -12.139862
v 12.451684 -90.566109 -12.715041
v 12.444347 -89.652229 -11.772607
v 12.401867 -89.347603 -11.777930
v 12.388595 -89.347603 -11.689876
v 12.515081 -90.261482 -12.332428
v 12.500771 -89.956856 -11.953341
v 12.513826 -90.566109 -12.530086
v 12.412689 -89.652229 -11.593065
v 12.370950 -89.347603 -11.602592
v 12.348976 -89.347603 -11.516295
v 12.538812 -90.261482 -12.143062
v 12.486828 -89.956856 -11.767283
v 12.557243 -90.566109 -12.339862
v 12.363312 -89.652229 -11.417567
v 12.322729 -89.347603 -11.431203
v 12.292273 -89.347603 -11.347524
v 12.543570 -90.261482 -11.952273
v 12.454429 -89.956856 -11.583538
v 12.581505 -90.566109 -12.146261
v 12.296706 -89.652229 -11.247859
v 12.257682 -89.347603 -11.265467
v 12.219046 -89.347603 -11.185236
v 12.529307 -90.261482 -11.761959
v 12.403895 -89.956856 -11.403933
v 12.586369 -90.566109 -11.951206
v 12.213533 -89.652229 -11.085625
v 12.176457 -89.347603 -11.107031
v 12.130024 -89.347603 -11.031046
v 12.496167 -90.261482 -11.574012
v 12.335730 -89.956856 -11.230250
v 12.571788 -90.566109 -11.756636
v 12.114621 -89.652229 -10.932479
v 12.079861 -89.347603 -10.957470
v 12.026092 -89.347603 -10.886486
v 12.444478 -90.261482 -11.390297
v 12.250610 -89.956856 -11.064219
v 12.537907 -90.566109 -11.564485
v 12.000952 -89.652229 -10.789942
v 11.968852 -89.347603 -10.818271
v 11.908283 -89.347603 -10.752993
v 12.374754 -90.261482 -11.212643
v 12.149383 -89.956856 -10.907487
v 12.485062 -90.566109 -11.376662
v 11.873655 -89.652229 -10.659431
v 11.844536 -89.347603 -10.690815
v 11.777768 -89.347603 -10.631892
v 12.287687 -90.261482 -11.042812
v 12.033052 -89.956856 -10.761614
v 12.413777 -90.566109 -11.195034
v 11.733997 -89.652229 -10.542244
v 11.708147 -89.347603 -10.576371
v 11.635844 -89.347603 -10.524389
v 12.184144 -90.261482 -10.882496
v 11.902776 -89.956856 -10.628048
v 12.324764 -90.566109 -11.021406
v 11.583364 -89.652229 -10.439545
v 11.561041 -89.347603 -10.476076
v 11.483922 -89.347603 -10.431551
v 12.065152 -90.261482 -10.733285
v 11.759848 -89.956856 -10.508117
v 12.218904 -90.566109 -10.857504
v 11.423255 -89.652229 -10.352353
v 11.404679 -89.347603 -10.390926
v 11.323510 -89.347603 -10.354301
v 11.931895 -90.261482 -10.596663
v 11.605688 -89.956856 -10.403013
v 12.097252 -90.566109 -10.704957
v 11.255260 -89.652229 -10.281537
v 11.240617 -89.347603 -10.321768
v 11.156204 -89.347603 -10.293406
v 11.785698 -90.261482 -10.473989
v 11.441831 -89.956856 -10.313781
v 11.961016 -90.566109 -10.565280
v 11.081047 -89.652229 -10.227800
v 11.070483 -89.347603 -10.269288
v 10.983666 -89.347603 -10.249474
v 11.628013 -90.261482 -10.366481
v 11.269902 -89.956856 -10.241306
v 11.811548 -90.566109 -10.439862
v 10.902350 -89.652229 -10.191675
v 10.895970 -89.347603 -10.234010
v 10.807611 -89.347603 -10.222938
v 11.460406 -90.261482 -10.275208
v 11.091612 -89.956856 -10.186312
v 11.650336 -90.566109 -10.329949
v 10.720945 -89.652229 -10.173523
v 10.718811 -89.347603 -10.216283
v 10.629789 -89.347603 -10.214063
v 11.284545 -90.261482 -10.201076
v 10.908731 -89.956856 -10.149342
v 11.478982 -90.566109 -10.236635
v 10.538634 -89.652229 -10.173523
v 10.540769 -89.347603 -10.216283
v 10.451968 -89.347603 -10.222938
v 11.102176 -90.261482 -10.144823
v 10.723080 -89.956856 -10.130764
v 11.299188 -90.566109 -10.160846
v 10.357229 -89.652229 -10.191675
v 10.363609 -89.347603 -10.234010
v 10.275913 -89.347603 -10.249474
v 10.915112 -90.261482 -10.107007
v 10.536500 -89.956856 -10.130764
v 11.112741 -90.566109 -10.103334
v 10.178533 -89.652229 -10.227800
v 10.189096 -89.347603 -10.269288
v 10.103375 -89.347603 -10.293406
v 10.725214 -90.261482 -10.088005
v 10.350848 -89.956856 -10.149342
v 10.921494 -90.566109 -10.064672
v 10.018963 -89.347603 -10.321768
v 10.004320 -89.652229 -10.281537
v 9.936069 -89.347603 -10.354301
v 10.534366 -90.261482 -10.088005
v 10.167968 -89.956856 -10.186312
v 10.727347 -90.566109 -10.045245
v 9.836325 -89.652229 -10.352353
v 9.854900 -89.347603 -10.390926
v 9.775658 -89.347603 -10.431551
v 10.344467 -90.261482 -10.107007
v 9.989677 -89.956856 -10.241306
v 10.532232 -90.566109 -10.045245
v 9.676215 -89.652229 -10.439545
v 9.698539 -89.347603 -10.476076
v 9.623735 -89.347603 -10.524389
v 10.157404 -90.261482 -10.144823
v 9.817749 -89.956856 -10.313781
v 10.338086 -90.566109 -10.064672
v 9.525582 -89.652229 -10.542244
v 9.551433 -89.347603 -10.576371
v 9.481812 -89.347603 -10.631892
v 9.975035 -90.261482 -10.201076
v 9.653892 -89.956856 -10.403013
v 10.146839 -90.566109 -10.103334
v 9.385924 -89.652229 -10.659431
v 9.415044 -89.347603 -10.690815
v 9.351296 -89.347603 -10.752993
v 9.799173 -90.261482 -10.275208
v 9.499732 -89.956856 -10.508117
v 9.960392 -90.566109 -10.160846
v 9.258628 -89.652229 -10.789942
v 9.290728 -89.347603 -10.818271
v 9.233488 -89.347603 -10.886486
v 9.631567 -90.261482 -10.366481
v 9.356804 -89.956856 -10.628048
v 9.780598 -90.566109 -10.236635
v 9.144958 -89.652229 -10.932479
v 9.179719 -89.347603 -10.957470
v 9.129556 -89.347603 -11.031046
v 9.473882 -90.261482 -10.473989
v 9.226527 -89.956856 -10.761614
v 9.609243 -90.566109 -10.329949
v 9.046046 -89.652229 -11.085625
v 9.083122 -89.347603 -11.107031
v 9.040534 -89.347603 -11.185236
v 9.327684 -90.261482 -10.596663
v 9.110197 -89.956856 -10.907487
v 9.448031 -90.566109 -10.439862
v 8.962873 -89.652229 -11.247859
v 9.001898 -89.347603 -11.265467
v 8.967307 -89.347603 -11.347524
v 9.194427 -90.261482 -10.733285
v 9.008969 -89.956856 -11.064219
v 9.298564 -90.566109 -10.565280
v 8.896268 -89.652229 -11.417567
v 8.936851 -89.347603 -11.431203
v 8.910604 -89.347603 -11.516295
v 9.075436 -90.261482 -10.882496
v 8.923850 -89.956856 -11.230250
v 9.162328 -90.566109 -10.704957
v 8.846890 -89.652229 -11.593065
v 8.888630 -89.347603 -11.602592
v 8.870985 -89.347603 -11.689876
v 8.971892 -90.261482 -11.042812
v 8.855684 -89.956856 -11.403933
v 9.040675 -90.566109 -10.857504
v 8.815232 -89.652229 -11.772607
v 8.857713 -89.347603 -11.777930
v 8.848846 -89.347603 -11.866537
v 8.884826 -90.261482 -11.212643
v 8.805151 -89.956856 -11.583538
v 8.934815 -90.566109 -11.021406
v 8.801608 -89.652229 -11.954408
v 8.844407 -89.347603 -11.955476
v 8.844407 -89.347603 -12.044524
v 8.815102 -90.261482 -11.390297
v 8.772752 -89.956856 -11.767283
v 8.845802 -90.566109 -11.195034
v 8.806153 -89.652229 -12.136662
v 8.848846 -89.347603 -12.133463
v 8.857713 -89.347603 -12.222070
v 8.763412 -90.261482 -11.574012
v 8.758809 -89.956856 -11.953341
v 8.774518 -90.566109 -11.376662
v 8.828823 -89.652229 -12.317559
v 8.870985 -89.347603 -12.310124
v 8.888630 -89.347603 -12.397408
v 8.730272 -90.261482 -11.761959
v 8.763460 -89.956856 -12.139862
v 8.721673 -90.566109 -11.564485
v 8.869390 -89.652229 -12.495299
v 8.910604 -89.347603 -12.483705
v 8.936851 -89.347603 -12.568797
v 8.716010 -90.261482 -11.952273
v 8.786660 -89.956856 -12.324993
v 8.687792 -90.566109 -11.756636
v 8.927454 -89.652229 -12.668118
v 8.967307 -89.347603 -12.652476
v 9.001898 -89.347603 -12.734533
v 8.720768 -90.261482 -12.143062
v 8.828178 -89.956856 -12.506895
v 8.673211 -90.566109 -11.951206
v 9.002437 -89.652229 -12.834295
v 9.040534 -89.347603 -12.814764
v 9.083122 -89.347603 -12.892969
v 8.744498 -90.261482 -12.332428
v 8.887602 -89.956856 -12.683759
v 8.678075 -90.566109 -12.146261
v 9.093593 -89.652229 -12.992182
v 9.129556 -89.347603 -12.968954
v 9.179719 -89.347603 -13.042530
v 8.786966 -90.261482 -12.518490
v 8.964339 -89.956856 -12.853827
v 8.702336 -90.566109 -12.339862
v 9.200015 -89.652229 -13.140207
v 9.233488 -89.347603 -13.113514
v 9.290728 -89.347603 -13.181729
v 8.847749 -90.261482 -12.699400
v 9.057629 -89.956856 -13.015409
v 8.745753 -90.566109 -12.530086
v 9.320648 -89.652229 -13.276900
v 9.351296 -89.347603 -13.247007
v 9.415044 -89.347603 -13.309185
v 8.926242 -90.261482 -12.873359
v 9.166543 -89.956856 -13.166900
v 8.807896 -90.566109 -12.715041
v 9.454292 -89.652229 -13.400904
v 9.481812 -89.347603 -13.368108
v 9.551433 -89.347603 -13.423629
v 9.021666 -90.261482 -13.038637
v 9.290000 -89.956856 -13.306794
v 8.888144 -90.566109 -12.892890
v 9.599618 -89.652229 -13.510984
v 9.623735 -89.347603 -13.475611
v 9.698539 -89.347603 -13.523924
v 9.133071 -90.261482 -13.193593
v 9.426773 -89.956856 -13.433700
v 8.985702 -90.566109 -13.061865
v 9.755183 -89.652229 -13.606048
v 9.775658 -89.347603 -13.568449
v 9.854900 -89.347603 -13.609074
v 9.259353 -90.261482 -13.336687
v 9.575501 -89.956856 -13.546357
v 9.099599 -90.566109 -13.220286
v 9.919439 -89.652229 -13.685149
v 9.936069 -89.347603 -13.645699
v 10.018963 -89.347603 -13.678232
v 9.399253 -90.261482 -13.466496
v 9.734708 -89.956856 -13.643646
v 9.228704 -90.566109 -13.366580
v 10.090756 -89.652229 -13.747504
v 10.103375 -89.347603 -13.706594
v 10.189096 -89.347603 -13.730712
v 9.551384 -90.261482 -13.581731
v 9.902810 -89.956856 -13.724601
v 9.371734 -90.566109 -13.499292
v 10.267430 -89.652229 -13.792490
v 10.275913 -89.347603 -13.750526
v 10.363609 -89.347603 -13.765990
v 9.714232 -90.261482 -13.681246
v 10.078137 -89.956856 -13.788414
v 9.527267 -90.566109 -13.617105
v 10.447705 -89.652229 -13.819662
v 10.540769 -89.347603 -13.783717
v 10.451968 -89.347603 -13.777062
v 10.629789 -89.956856 -13.871563
v 9.886180 -90.261482 -13.764051
v 10.258947 -89.956856 -13.834455
v 9.693757 -90.566109 -13.718844
v 10.065517 -90.261482 -13.829325
v 10.443442 -89.956856 -13.862263
v 9.869550 -90.566109 -13.803502
v 10.250463 -90.261482 -13.876418
v 10.052898 -90.566109 -13.870235
v 10.439179 -90.261482 -13.904862
v 10.629789 -90.261482 -13.914375
v 10.241981 -90.566109 -13.918382
v 10.434916 -90.566109 -13.947462
v 10.811874 -89.652229 -13.819662
v 10.807611 -89.347603 -13.777062
v 10.895970 -89.347603 -13.765990
v 10.992149 -89.652229 -13.792490
v 10.983666 -89.347603 -13.750526
v 11.070483 -89.347603 -13.730712
v 10.816137 -89.956856 -13.862263
v 11.168823 -89.652229 -13.747504
v 11.156204 -89.347603 -13.706594
v 11.240617 -89.347603 -13.678232
v 11.000632 -89.956856 -13.834455
v 11.340140 -89.652229 -13.685149
v 11.323510 -89.347603 -13.645699
v 11.404679 -89.347603 -13.609074
v 10.820400 -90.261482 -13.904862
v 11.181442 -89.956856 -13.788414
v 11.504396 -89.652229 -13.606048
v 11.483922 -89.347603 -13.568449
v 11.561041 -89.347603 -13.523924
v 11.009116 -90.261482 -13.876418
v 11.356770 -89.956856 -13.724601
v 10.824663 -90.566109 -13.947462
v 11.659962 -89.652229 -13.510984
v 11.635844 -89.347603 -13.475611
v 11.708147 -89.347603 -13.423629
v 11.194062 -90.261482 -13.829325
v 11.524872 -89.956856 -13.643646
v 11.017599 -90.566109 -13.918382
v 11.777768 -89.347603 -13.368108
v 11.844536 -89.347603 -13.309185
v 11.206681 -90.566109 -13.870235
v 11.908283 -89.347603 -13.247007
v 11.968852 -89.347603 -13.181729
v 12.026092 -89.347603 -13.113514
v -0.167193 -89.956856 -13.433700
v -0.030421 -89.956856 -13.306794
v -0.194712 -89.652229 -13.400904
v -0.061069 -89.652229 -13.276900
v 0.059564 -89.652229 -13.140207
v -0.434177 -90.566109 -13.718844
v -0.609970 -90.566109 -13.803502
v -0.626600 -90.261482 -13.764051
v -0.454653 -90.261482 -13.681246
v 0.079860 -89.347603 -13.042530
v 0.165987 -89.652229 -12.992182
v 0.130024 -89.347603 -12.968954
v 0.176457 -89.347603 -12.892969
v -1.370210 -89.347603 -13.785937
v -1.370210 -89.652229 -13.828750
v -1.281188 -89.347603 -13.783717
v -0.291804 -90.261482 -13.581731
v -0.139674 -90.261482 -13.466496
v -0.315921 -89.956856 -13.546357
v 0.093036 -89.956856 -13.166900
v -0.267687 -90.566109 -13.617105
v 0.257143 -89.652229 -12.834295
v 0.219045 -89.347603 -12.814764
v 0.257682 -89.347603 -12.734533
v 0.000227 -90.261482 -13.336687
v 0.201951 -89.956856 -13.015409
v -0.112154 -90.566109 -13.499292
v 0.332125 -89.652229 -12.668118
v 0.292272 -89.347603 -12.652476
v 0.322729 -89.347603 -12.568797
v -1.370210 -90.566109 -13.957188
v 0.126508 -90.261482 -13.193593
v 0.295241 -89.956856 -12.853827
v 0.030875 -90.566109 -13.366580
v 0.390189 -89.652229 -12.495299
v 0.348977 -89.347603 -12.483705
v 0.370950 -89.347603 -12.397408
v 0.237914 -90.261482 -13.038637
v 0.371978 -89.956856 -12.683759
v 0.159981 -90.566109 -13.220286
v 0.430757 -89.652229 -12.317559
v 0.388595 -89.347603 -12.310124
v 0.401867 -89.347603 -12.222070
v 0.333338 -90.261482 -12.873359
v 0.431401 -89.956856 -12.506895
v 0.273878 -90.566109 -13.061865
v 0.453426 -89.652229 -12.136662
v 0.410733 -89.347603 -12.133463
v 0.415172 -89.347603 -12.044524
v 0.411831 -90.261482 -12.699400
v 0.472919 -89.956856 -12.324993
v 0.371436 -90.566109 -12.892890
v 0.457971 -89.652229 -11.954408
v 0.415172 -89.347603 -11.955476
v 0.410733 -89.347603 -11.866537
v 0.472614 -90.261482 -12.518490
v 0.496119 -89.956856 -12.139862
v 0.451684 -90.566109 -12.715041
v 0.444347 -89.652229 -11.772607
v 0.401867 -89.347603 -11.777930
v 0.388595 -89.347603 -11.689876
v 0.515081 -90.261482 -12.332428
v 0.500771 -89.956856 -11.953341
v 0.513826 -90.566109 -12.530086
v 0.412689 -89.652229 -11.593065
v 0.370950 -89.347603 -11.602592
v 0.348977 -89.347603 -11.516295
v 0.538812 -90.261482 -12.143062
v 0.486828 -89.956856 -11.767283
v 0.557243 -90.566109 -12.339862
v 0.363312 -89.652229 -11.417567
v 0.322729 -89.347603 -11.431203
v 0.292272 -89.347603 -11.347524
v 0.543570 -90.261482 -11.952273
v 0.454428 -89.956856 -11.583538
v 0.581505 -90.566109 -12.146261
v 0.296706 -89.652229 -11.247859
v 0.257682 -89.347603 -11.265467
v 0.219045 -89.347603 -11.185236
v 0.529308 -90.261482 -11.761959
v 0.403895 -89.956856 -11.403933
v 0.586369 -90.566109 -11.951206
v 0.213534 -89.652229 -11.085625
v 0.176457 -89.347603 -11.107031
v 0.130024 -89.347603 -11.031046
v 0.496167 -90.261482 -11.574012
v 0.335730 -89.956856 -11.230250
v 0.571788 -90.566109 -11.756636
v 0.114621 -89.652229 -10.932479
v 0.079860 -89.347603 -10.957470
v 0.026092 -89.347603 -10.886486
v 0.444478 -90.261482 -11.390297
v 0.250611 -89.956856 -11.064219
v 0.537907 -90.566109 -11.564485
v 0.000952 -89.652229 -10.789942
v -0.031148 -89.347603 -10.818271
v -0.091717 -89.347603 -10.752993
v 0.374754 -90.261482 -11.212643
v 0.149383 -89.956856 -10.907487
v 0.485061 -90.566109 -11.376662
v -0.126344 -89.652229 -10.659431
v -0.155464 -89.347603 -10.690815
v -0.222232 -89.347603 -10.631892
v 0.287687 -90.261482 -11.042812
v 0.033052 -89.956856 -10.761614
v 0.413778 -90.566109 -11.195034
v -0.266003 -89.652229 -10.542244
v -0.291853 -89.347603 -10.576371
v -0.364156 -89.347603 -10.524389
v 0.184144 -90.261482 -10.882496
v -0.097224 -89.956856 -10.628048
v 0.324764 -90.566109 -11.021406
v -0.416636 -89.652229 -10.439545
v -0.438959 -89.347603 -10.476076
v -0.516078 -89.347603 -10.431551
v 0.065152 -90.261482 -10.733285
v -0.240152 -89.956856 -10.508117
v 0.218905 -90.566109 -10.857504
v -0.576745 -89.652229 -10.352353
v -0.595321 -89.347603 -10.390926
v -0.676490 -89.347603 -10.354301
v -0.068104 -90.261482 -10.596663
v -0.394312 -89.956856 -10.403013
v 0.097252 -90.566109 -10.704957
v -0.744741 -89.652229 -10.281537
v -0.759384 -89.347603 -10.321768
v -0.843796 -89.347603 -10.293406
v -0.214302 -90.261482 -10.473989
v -0.558170 -89.956856 -10.313781
v -0.038985 -90.566109 -10.565280
v -0.918953 -89.652229 -10.227800
v -0.929517 -89.347603 -10.269288
v -1.016334 -89.347603 -10.249474
v -0.371988 -90.261482 -10.366481
v -0.730098 -89.956856 -10.241306
v -0.188452 -90.566109 -10.439862
v -1.097649 -89.652229 -10.191675
v -1.104030 -89.347603 -10.234010
v -1.192388 -89.347603 -10.222938
v -0.539594 -90.261482 -10.275208
v -0.908388 -89.956856 -10.186312
v -0.349664 -90.566109 -10.329949
v -1.279055 -89.652229 -10.173523
v -1.281188 -89.347603 -10.216283
v -1.370210 -89.347603 -10.214063
v -0.715455 -90.261482 -10.201076
v -1.091268 -89.956856 -10.149342
v -0.521018 -90.566109 -10.236635
v -1.461366 -89.652229 -10.173523
v -1.459232 -89.347603 -10.216283
v -1.548032 -89.347603 -10.222938
v -0.897824 -90.261482 -10.144823
v -1.276920 -89.956856 -10.130764
v -0.700813 -90.566109 -10.160846
v -1.642771 -89.652229 -10.191675
v -1.636390 -89.347603 -10.234010
v -1.724087 -89.347603 -10.249474
v -1.084887 -90.261482 -10.107007
v -1.463500 -89.956856 -10.130764
v -0.887260 -90.566109 -10.103334
v -1.821468 -89.652229 -10.227800
v -1.810903 -89.347603 -10.269288
v -1.896624 -89.347603 -10.293406
v -1.274786 -90.261482 -10.088005
v -1.649152 -89.956856 -10.149342
v -1.078506 -90.566109 -10.064672
v -1.981037 -89.347603 -10.321768
v -1.995679 -89.652229 -10.281537
v -2.063931 -89.347603 -10.354301
v -1.465634 -90.261482 -10.088005
v -1.832032 -89.956856 -10.186312
v -1.272652 -90.566109 -10.045245
v -2.163675 -89.652229 -10.352353
v -2.145099 -89.347603 -10.390926
v -2.224342 -89.347603 -10.431551
v -1.655533 -90.261482 -10.107007
v -2.010322 -89.956856 -10.241306
v -1.467768 -90.566109 -10.045245
v -2.323785 -89.652229 -10.439545
v -2.301461 -89.347603 -10.476076
v -2.376265 -89.347603 -10.524389
v -1.842596 -90.261482 -10.144823
v -2.182251 -89.956856 -10.313781
v -1.661914 -90.566109 -10.064672
v -2.474417 -89.652229 -10.542244
v -2.448567 -89.347603 -10.576371
v -2.518189 -89.347603 -10.631892
v -2.024965 -90.261482 -10.201076
v -2.346109 -89.956856 -10.403013
v -1.853161 -90.566109 -10.103334
v -2.614076 -89.652229 -10.659431
v -2.584956 -89.347603 -10.690815
v -2.648704 -89.347603 -10.752993
v -2.200826 -90.261482 -10.275208
v -2.500268 -89.956856 -10.508117
v -2.039608 -90.566109 -10.160846
v -2.741373 -89.652229 -10.789942
v -2.709273 -89.347603 -10.818271
v -2.766512 -89.347603 -10.886486
v -2.368433 -90.261482 -10.366481
v -2.643196 -89.956856 -10.628048
v -2.219402 -90.566109 -10.236635
v -2.855042 -89.652229 -10.932479
v -2.820281 -89.347603 -10.957470
v -2.870444 -89.347603 -11.031046
v -2.526118 -90.261482 -10.473989
v -2.773473 -89.956856 -10.761614
v -2.390757 -90.566109 -10.329949
v -2.953954 -89.652229 -11.085625
v -2.916878 -89.347603 -11.107031
v -2.959466 -89.347603 -11.185236
v -2.672316 -90.261482 -10.596663
v -2.889803 -89.956856 -10.907487
v -2.551969 -90.566109 -10.439862
v -3.037127 -89.652229 -11.247859
v -2.998103 -89.347603 -11.265467
v -3.032692 -89.347603 -11.347524
v -2.805573 -90.261482 -10.733285
v -2.991031 -89.956856 -11.064219
v -2.701436 -90.566109 -10.565280
v -3.103732 -89.652229 -11.417567
v -3.063149 -89.347603 -11.431203
v -3.089397 -89.347603 -11.516295
v -2.924564 -90.261482 -10.882496
v -3.076150 -89.956856 -11.230250
v -2.837672 -90.566109 -10.704957
v -3.153110 -89.652229 -11.593065
v -3.111371 -89.347603 -11.602592
v -3.129015 -89.347603 -11.689876
v -3.028108 -90.261482 -11.042812
v -3.144315 -89.956856 -11.403933
v -2.959325 -90.566109 -10.857504
v -3.184768 -89.652229 -11.772607
v -3.142287 -89.347603 -11.777930
v -3.151154 -89.347603 -11.866537
v -3.115174 -90.261482 -11.212643
v -3.194849 -89.956856 -11.583538
v -3.065184 -90.566109 -11.021406
v -3.198392 -89.652229 -11.954408
v -3.155593 -89.347603 -11.955476
v -3.155593 -89.347603 -12.044524
v -3.184899 -90.261482 -11.390297
v -3.227248 -89.956856 -11.767283
v -3.154198 -90.566109 -11.195034
v -3.193847 -89.652229 -12.136662
v -3.151154 -89.347603 -12.133463
v -3.142287 -89.347603 -12.222070
v -3.236588 -90.261482 -11.574012
v -3.241191 -89.956856 -11.953341
v -3.225482 -90.566109 -11.376662
v -3.171177 -89.652229 -12.317559
v -3.129015 -89.347603 -12.310124
v -3.111371 -89.347603 -12.397408
v -3.269728 -90.261482 -11.761959
v -3.236539 -89.956856 -12.139862
v -3.278327 -90.566109 -11.564485
v -3.130609 -89.652229 -12.495299
v -3.089397 -89.347603 -12.483705
v -3.063149 -89.347603 -12.568797
v -3.283990 -90.261482 -11.952273
v -3.213339 -89.956856 -12.324993
v -3.312208 -90.566109 -11.756636
v -3.072546 -89.652229 -12.668118
v -3.032692 -89.347603 -12.652476
v -2.998103 -89.347603 -12.734533
v -3.279232 -90.261482 -12.143062
v -3.171822 -89.956856 -12.506895
v -3.326789 -90.566109 -11.951206
v -2.997563 -89.652229 -12.834295
v -2.959466 -89.347603 -12.814764
v -2.916878 -89.347603 -12.892969
v -3.255502 -90.261482 -12.332428
v -3.112399 -89.956856 -12.683759
v -3.321925 -90.566109 -12.146261
v -2.906408 -89.652229 -12.992182
v -2.870444 -89.347603 -12.968954
v -2.820281 -89.347603 -13.042530
v -3.213034 -90.261482 -12.518490
v -3.035661 -89.956856 -12.853827
v -3.297664 -90.566109 -12.339862
v -2.799984 -89.652229 -13.140207
v -2.766512 -89.347603 -13.113514
v -2.709273 -89.347603 -13.181729
v -3.152252 -90.261482 -12.699400
v -2.942371 -89.956856 -13.015409
v -3.254246 -90.566109 -12.530086
v -2.679352 -89.652229 -13.276900
v -2.648704 -89.347603 -13.247007
v -2.584956 -89.347603 -13.309185
v -3.073759 -90.261482 -12.873359
v -2.833457 -89.956856 -13.166900
v -3.192105 -90.566109 -12.715041
v -2.545708 -89.652229 -13.400904
v -2.518189 -89.347603 -13.368108
v -2.448567 -89.347603 -13.423629
v -2.978335 -90.261482 -13.038637
v -2.710000 -89.956856 -13.306794
v -3.111856 -90.566109 -12.892890
v -2.400382 -89.652229 -13.510984
v -2.376265 -89.347603 -13.475611
v -2.301461 -89.347603 -13.523924
v -2.866929 -90.261482 -13.193593
v -2.573227 -89.956856 -13.433700
v -3.014298 -90.566109 -13.061865
v -2.244817 -89.652229 -13.606048
v -2.224342 -89.347603 -13.568449
v -2.145099 -89.347603 -13.609074
v -2.740648 -90.261482 -13.336687
v -2.424499 -89.956856 -13.546357
v -2.900401 -90.566109 -13.220286
v -2.080560 -89.652229 -13.685149
v -2.063931 -89.347603 -13.645699
v -1.981037 -89.347603 -13.678232
v -2.600747 -90.261482 -13.466496
v -2.265292 -89.956856 -13.643646
v -2.771296 -90.566109 -13.366580
v -1.909244 -89.652229 -13.747504
v -1.896624 -89.347603 -13.706594
v -1.810903 -89.347603 -13.730712
v -2.448616 -90.261482 -13.581731
v -2.097190 -89.956856 -13.724601
v -2.628266 -90.566109 -13.499292
v -1.732570 -89.652229 -13.792490
v -1.724087 -89.347603 -13.750526
v -1.636390 -89.347603 -13.765990
v -2.285768 -90.261482 -13.681246
v -1.921863 -89.956856 -13.788414
v -2.472733 -90.566109 -13.617105
v -1.552295 -89.652229 -13.819662
v -1.459232 -89.347603 -13.783717
v -1.548032 -89.347603 -13.777062
v -2.113820 -90.261482 -13.764051
v -1.741053 -89.956856 -13.834455
v -2.306243 -90.566109 -13.718844
v -1.934482 -90.261482 -13.829325
v -1.556558 -89.956856 -13.862263
v -1.370210 -89.956856 -13.871563
v -2.130450 -90.566109 -13.803502
v -1.749536 -90.261482 -13.876418
v -1.947101 -90.566109 -13.870235
v -1.560820 -90.261482 -13.904862
v -1.370210 -90.261482 -13.914375
v -1.758019 -90.566109 -13.918382
v -1.565083 -90.566109 -13.947462
v -1.188125 -89.652229 -13.819662
v -1.192388 -89.347603 -13.777062
v -1.104030 -89.347603 -13.765990
v -1.007850 -89.652229 -13.792490
v -1.016334 -89.347603 -13.750526
v -0.929517 -89.347603 -13.730712
v -1.183863 -89.956856 -13.862263
v -0.831177 -89.652229 -13.747504
v -0.843796 -89.347603 -13.706594
v -0.759384 -89.347603 -13.678232
v -0.999367 -89.956856 -13.834455
v -0.659860 -89.652229 -13.685149
v -0.676490 -89.347603 -13.645699
v -0.595321 -89.347603 -13.609074
v -1.179600 -90.261482 -13.904862
v -0.818557 -89.956856 -13.788414
v -0.495603 -89.652229 -13.606048
v -0.516078 -89.347603 -13.568449
v -0.438959 -89.347603 -13.523924
v -0.990884 -90.261482 -13.876418
v -0.643230 -89.956856 -13.724601
v -1.175337 -90.566109 -13.947462
v -0.340039 -89.652229 -13.510984
v -0.364156 -89.347603 -13.475611
v -0.291853 -89.347603 -13.423629
v -0.805938 -90.261482 -13.829325
v -0.475128 -89.956856 -13.643646
v -0.982401 -90.566109 -13.918382
v -0.222232 -89.347603 -13.368108
v -0.155464 -89.347603 -13.309185
v -0.793319 -90.566109 -13.870235
v -0.091717 -89.347603 -13.247007
v -0.031148 -89.347603 -13.181729
v 0.026092 -89.347603 -13.113514
v -2.518189 -84.770737 10.631892
v -2.648704 -84.770737 10.752993
v -2.584956 -84.770737 10.690815
v -2.820281 -84.770737 10.957470
v -2.766512 -84.770737 10.886486
v -2.709273 -84.770737 10.818271
v -2.301461 -84.770737 10.476076
v -2.448567 -84.770737 10.576371
v -2.376265 -84.770737 10.524389
v -2.916878 -84.770737 11.107031
v -2.870444 -84.770737 11.031046
v -2.998103 -84.770737 11.265467
v -2.959466 -84.770737 11.185236
v -1.896624 -84.770737 10.293406
v -2.145099 -84.770737 10.390926
v -2.063931 -84.770737 10.354301
v -1.981037 -84.770737 10.321768
v -3.089397 -84.770737 11.516295
v -3.063149 -84.770737 11.431203
v -3.032692 -84.770737 11.347524
v -3.129015 -84.770737 11.689876
v -3.111371 -84.770737 11.602592
v -1.548032 -84.770737 10.222938
v -1.724087 -84.770737 10.249474
v -1.636390 -84.770737 10.234010
v -3.155593 -84.770737 11.955476
v -3.151154 -84.770737 11.866537
v -3.142287 -84.770737 11.777930
v -1.370210 -84.770737 10.214063
v -1.459232 -84.770737 10.216283
v -3.151154 -84.770737 12.133463
v -3.155593 -84.770737 12.044524
v -3.142287 -84.770737 12.222070
v -1.104030 -84.770737 10.234010
v -1.281188 -84.770737 10.216283
v -1.192388 -84.770737 10.222938
v -2.224342 -84.770737 10.431551
v -1.810903 -84.770737 10.269288
v -0.929517 -84.770737 10.269288
v -1.016334 -84.770737 10.249474
v -3.089397 -84.770737 12.483705
v -3.111371 -84.770737 12.397408
v -3.129015 -84.770737 12.310124
v -0.759384 -84.770737 10.321768
v -0.843796 -84.770737 10.293406
v -3.032692 -84.770737 12.652476
v -3.063149 -84.770737 12.568797
v -0.595321 -84.770737 10.390926
v -0.676490 -84.770737 10.354301
v -2.916878 -84.770737 12.892969
v -2.959466 -84.770737 12.814764
v -2.998103 -84.770737 12.734533
v -0.438959 -84.770737 10.476076
v -0.516078 -84.770737 10.431551
v -2.870444 -84.770737 12.968954
v -0.291853 -84.770737 10.576371
v -0.364156 -84.770737 10.524389
v -2.766512 -84.770737 13.113514
v -2.820281 -84.770737 13.042530
v -2.709273 -84.770737 13.181729
v -2.648704 -84.770737 13.247007
v -0.091717 -84.770737 10.752993
v -0.222232 -84.770737 10.631892
v -0.155464 -84.770737 10.690815
v -2.518189 -84.770737 13.368108
v -2.584956 -84.770737 13.309185
v 0.130024 -84.770737 11.031046
v -0.031148 -84.770737 10.818271
v 0.026092 -84.770737 10.886486
v 0.079860 -84.770737 10.957470
v -2.301461 -84.770737 13.523924
v -2.376265 -84.770737 13.475611
v -2.448567 -84.770737 13.423629
v -2.145099 -84.770737 13.609074
v -2.224342 -84.770737 13.568449
v 0.322729 -84.770737 11.431203
v 0.257682 -84.770737 11.265467
v 0.292272 -84.770737 11.347524
v -1.896624 -84.770737 13.706594
v -1.981037 -84.770737 13.678232
v -2.063931 -84.770737 13.645699
v 0.348977 -84.770737 11.516295
v 0.176457 -84.770737 11.107031
v 0.219045 -84.770737 11.185236
v -1.724087 -84.770737 13.750526
v -1.810903 -84.770737 13.730712
v 0.401867 -84.770737 11.777930
v 0.370950 -84.770737 11.602592
v 0.388595 -84.770737 11.689876
v -1.548032 -84.770737 13.777062
v -1.636390 -84.770737 13.765990
v 0.415172 -84.770737 11.955476
v 0.410733 -84.770737 11.866537
v -1.370210 -84.770737 13.785937
v -1.459232 -84.770737 13.783717
v 0.415172 -84.770737 12.044524
v -1.281188 -84.770737 13.783717
v 0.401867 -84.770737 12.222070
v 0.410733 -84.770737 12.133463
v 0.388595 -84.770737 12.310124
v -1.016334 -84.770737 13.750526
v -1.104030 -84.770737 13.765990
v -1.192388 -84.770737 13.777062
v 0.348977 -84.770737 12.483705
v 0.370950 -84.770737 12.397408
v -0.843796 -84.770737 13.706594
v -0.929517 -84.770737 13.730712
v 0.292272 -84.770737 12.652476
v 0.322729 -84.770737 12.568797
v -0.676490 -84.770737 13.645699
v -0.759384 -84.770737 13.678232
v -0.516078 -84.770737 13.568449
v -0.595321 -84.770737 13.609074
v 0.176457 -84.770737 12.892969
v 0.257682 -84.770737 12.734533
v 0.219045 -84.770737 12.814764
v -0.438959 -84.770737 13.523924
v 0.130024 -84.770737 12.968954
v -0.222232 -84.770737 13.368108
v -0.291853 -84.770737 13.423629
v -0.364156 -84.770737 13.475611
v -0.155464 -84.770737 13.309185
v -0.091717 -84.770737 13.247007
v 0.079860 -84.770737 13.042530
v 0.026092 -84.770737 13.113514
v -0.031148 -84.770737 13.181729
v 9.481812 -84.770737 10.631892
v 9.351296 -84.770737 10.752993
v 9.415044 -84.770737 10.690815
v 9.179719 -84.770737 10.957470
v 9.233488 -84.770737 10.886486
v 9.290728 -84.770737 10.818271
v 9.698539 -84.770737 10.476076
v 9.551433 -84.770737 10.576371
v 9.623735 -84.770737 10.524389
v 9.083122 -84.770737 11.107031
v 9.129556 -84.770737 11.031046
v 9.040534 -84.770737 11.185236
v 9.001898 -84.770737 11.265467
v 9.936069 -84.770737 10.354301
v 9.775658 -84.770737 10.431551
v 9.854900 -84.770737 10.390926
v 8.910604 -84.770737 11.516295
v 8.936851 -84.770737 11.431203
v 8.967307 -84.770737 11.347524
v 10.189096 -84.770737 10.269288
v 10.018963 -84.770737 10.321768
v 10.103375 -84.770737 10.293406
v 8.870985 -84.770737 11.689876
v 8.888630 -84.770737 11.602592
v 10.451968 -84.770737 10.222938
v 10.275913 -84.770737 10.249474
v 10.363609 -84.770737 10.234010
v 8.848846 -84.770737 11.866537
v 8.857713 -84.770737 11.777930
v 10.629789 -84.770737 10.214063
v 10.540769 -84.770737 10.216283
v 8.844407 -84.770737 12.044524
v 8.844407 -84.770737 11.955476
v 8.857713 -84.770737 12.222070
v 8.848846 -84.770737 12.133463
v 10.895970 -84.770737 10.234010
v 10.718811 -84.770737 10.216283
v 10.807611 -84.770737 10.222938
v 8.888630 -84.770737 12.397408
v 8.870985 -84.770737 12.310124
v 11.070483 -84.770737 10.269288
v 10.983666 -84.770737 10.249474
v 8.936851 -84.770737 12.568797
v 8.910604 -84.770737 12.483705
v 11.404679 -84.770737 10.390926
v 11.156204 -84.770737 10.293406
v 11.240617 -84.770737 10.321768
v 11.323510 -84.770737 10.354301
v 9.040534 -84.770737 12.814764
v 9.001898 -84.770737 12.734533
v 8.967307 -84.770737 12.652476
v 11.483922 -84.770737 10.431551
v 9.129556 -84.770737 12.968954
v 9.083122 -84.770737 12.892969
v 9.233488 -84.770737 13.113514
v 9.179719 -84.770737 13.042530
v 11.777768 -84.770737 10.631892
v 11.635844 -84.770737 10.524389
v 11.708147 -84.770737 10.576371
v 9.351296 -84.770737 13.247007
v 9.290728 -84.770737 13.181729
v 11.908283 -84.770737 10.752993
v 11.561041 -84.770737 10.476076
v 11.844536 -84.770737 10.690815
v 9.481812 -84.770737 13.368108
v 9.415044 -84.770737 13.309185
v 9.551433 -84.770737 13.423629
v 12.130024 -84.770737 11.031046
v 11.968852 -84.770737 10.818271
v 12.026092 -84.770737 10.886486
v 12.079861 -84.770737 10.957470
v 9.698539 -84.770737 13.523924
v 9.623735 -84.770737 13.475611
v 12.176457 -84.770737 11.107031
v 9.854900 -84.770737 13.609074
v 9.775658 -84.770737 13.568449
v 12.257682 -84.770737 11.265467
v 12.219046 -84.770737 11.185236
v 10.018963 -84.770737 13.678232
v 9.936069 -84.770737 13.645699
v 12.322729 -84.770737 11.431203
v 12.292273 -84.770737 11.347524
v 10.189096 -84.770737 13.730712
v 10.103375 -84.770737 13.706594
v 12.370950 -84.770737 11.602592
v 12.348976 -84.770737 11.516295
v 10.451968 -84.770737 13.777062
v 10.363609 -84.770737 13.765990
v 10.275913 -84.770737 13.750526
v 12.415173 -84.770737 11.955476
v 12.388595 -84.770737 11.689876
v 12.401867 -84.770737 11.777930
v 12.410733 -84.770737 11.866537
v 10.629789 -84.770737 13.785937
v 10.540769 -84.770737 13.783717
v 10.718811 -84.770737 13.783717
v 12.401867 -84.770737 12.222070
v 12.415173 -84.770737 12.044524
v 12.410733 -84.770737 12.133463
v 10.983666 -84.770737 13.750526
v 10.895970 -84.770737 13.765990
v 10.807611 -84.770737 13.777062
v 12.370950 -84.770737 12.397408
v 12.388595 -84.770737 12.310124
v 11.156204 -84.770737 13.706594
v 11.070483 -84.770737 13.730712
v 11.240617 -84.770737 13.678232
v 11.323510 -84.770737 13.645699
v 12.257682 -84.770737 12.734533
v 12.348976 -84.770737 12.483705
v 12.322729 -84.770737 12.568797
v 12.292273 -84.770737 12.652476
v 11.483922 -84.770737 13.568449
v 11.404679 -84.770737 13.609074
v 12.130024 -84.770737 12.968954
v 12.219046 -84.770737 12.814764
v 12.176457 -84.770737 12.892969
v 11.635844 -84.770737 13.475611
v 11.561041 -84.770737 13.523924
v 12.079861 -84.770737 13.042530
v 11.777768 -84.770737 13.368108
v 11.708147 -84.770737 13.423629
v 11.844536 -84.770737 13.309185
v 11.908283 -84.770737 13.247007
v 12.026092 -84.770737 13.113514
v 11.968852 -84.770737 13.181729
v 9.481812 -84.770737 -13.368108
v 9.351296 -84.770737 -13.247007
v 9.415044 -84.770737 -13.309185
v 9.179719 -84.770737 -13.042530
v 9.233488 -84.770737 -13.113514
v 9.290728 -84.770737 -13.181729
v 9.698539 -84.770737 -13.523924
v 9.551433 -84.770737 -13.423629
v 9.623735 -84.770737 -13.475611
v 9.083122 -84.770737 -12.892969
v 9.129556 -84.770737 -12.968954
v 9.040534 -84.770737 -12.814764
v 9.001898 -84.770737 -12.734533
v 9.936069 -84.770737 -13.645699
v 9.775658 -84.770737 -13.568449
v 9.854900 -84.770737 -13.609074
v 8.910604 -84.770737 -12.483705
v 8.936851 -84.770737 -12.568797
v 8.967307 -84.770737 -12.652476
v 10.189096 -84.770737 -13.730712
v 10.018963 -84.770737 -13.678232
v 10.103375 -84.770737 -13.706594
v 8.870985 -84.770737 -12.310124
v 8.888630 -84.770737 -12.397408
v 10.451968 -84.770737 -13.777062
v 10.275913 -84.770737 -13.750526
v 10.363609 -84.770737 -13.765990
v 8.848846 -84.770737 -12.133463
v 8.857713 -84.770737 -12.222070
v 10.629789 -84.770737 -13.785937
v 10.540769 -84.770737 -13.783717
v 8.844407 -84.770737 -11.955476
v 8.844407 -84.770737 -12.044524
v 8.857713 -84.770737 -11.777930
v 8.848846 -84.770737 -11.866537
v 10.895970 -84.770737 -13.765990
v 10.718811 -84.770737 -13.783717
v 10.807611 -84.770737 -13.777062
v 8.888630 -84.770737 -11.602592
v 8.870985 -84.770737 -11.689876
v 11.070483 -84.770737 -13.730712
v 10.983666 -84.770737 -13.750526
v 8.936851 -84.770737 -11.431203
v 8.910604 -84.770737 -11.516295
v 11.404679 -84.770737 -13.609074
v 11.156204 -84.770737 -13.706594
v 11.240617 -84.770737 -13.678232
v 11.323510 -84.770737 -13.645699
v 9.040534 -84.770737 -11.185236
v 9.001898 -84.770737 -11.265467
v 8.967307 -84.770737 -11.347524
v 11.483922 -84.770737 -13.568449
v 9.129556 -84.770737 -11.031046
v 9.083122 -84.770737 -11.107031
v 9.233488 -84.770737 -10.886486
v 9.179719 -84.770737 -10.957470
v 11.777768 -84.770737 -13.368108
v 11.635844 -84.770737 -13.475611
v 11.708147 -84.770737 -13.423629
v 9.351296 -84.770737 -10.752993
v 9.290728 -84.770737 -10.818271
v 11.908283 -84.770737 -13.247007
v 11.561041 -84.770737 -13.523924
v 11.844536 -84.770737 -13.309185
v 9.481812 -84.770737 -10.631892
v 9.415044 -84.770737 -10.690815
v 9.551433 -84.770737 -10.576371
v 12.130024 -84.770737 -12.968954
v 11.968852 -84.770737 -13.181729
v 12.026092 -84.770737 -13.113514
v 12.079861 -84.770737 -13.042530
v 9.698539 -84.770737 -10.476076
v 9.623735 -84.770737 -10.524389
v 12.176457 -84.770737 -12.892969
v 9.854900 -84.770737 -10.390926
v 9.775658 -84.770737 -10.431551
v 12.257682 -84.770737 -12.734533
v 12.219046 -84.770737 -12.814764
v 10.018963 -84.770737 -10.321768
v 9.936069 -84.770737 -10.354301
v 12.322729 -84.770737 -12.568797
v 12.292273 -84.770737 -12.652476
v 10.189096 -84.770737 -10.269288
v 10.103375 -84.770737 -10.293406
v 12.370950 -84.770737 -12.397408
v 12.348976 -84.770737 -12.483705
v 10.451968 -84.770737 -10.222938
v 10.363609 -84.770737 -10.234010
v 10.275913 -84.770737 -10.249474
v 12.415173 -84.770737 -12.044524
v 12.388595 -84.770737 -12.310124
v 12.401867 -84.770737 -12.222070
v 12.410733 -84.770737 -12.133463
v 10.629789 -84.770737 -10.214063
v 10.540769 -84.770737 -10.216283
v 10.718811 -84.770737 -10.216283
v 12.401867 -84.770737 -11.777930
v 12.415173 -84.770737 -11.955476
v 12.410733 -84.770737 -11.866537
v 10.983666 -84.770737 -10.249474
v 10.895970 -84.770737 -10.234010
v 10.807611 -84.770737 -10.222938
v 12.370950 -84.770737 -11.602592
v 12.388595 -84.770737 -11.689876
v 11.156204 -84.770737 -10.293406
v 11.070483 -84.770737 -10.269288
v 11.240617 -84.770737 -10.321768
v 11.323510 -84.770737 -10.354301
v 12.257682 -84.770737 -11.265467
v 12.348976 -84.770737 -11.516295
v 12.322729 -84.770737 -11.431203
v 12.292273 -84.770737 -11.347524
v 11.483922 -84.770737 -10.431551
v 11.404679 -84.770737 -10.390926
v 12.130024 -84.770737 -11.031046
v 12.219046 -84.770737 -11.185236
v 12.176457 -84.770737 -11.107031
v 11.635844 -84.770737 -10.524389
v 11.561041 -84.770737 -10.476076
v 12.079861 -84.770737 -10.957470
v 11.777768 -84.770737 -10.631892
v 11.708147 -84.770737 -10.576371
v 11.844536 -84.770737 -10.690815
v 11.908283 -84.770737 -10.752993
v 12.026092 -84.770737 -10.886486
v 11.968852 -84.770737 -10.818271
v -2.518189 -84.770737 -13.368108
v -2.648704 -84.770737 -13.247007
v -2.584956 -84.770737 -13.309185
v -2.820281 -84.770737 -13.042530
v -2.766512 -84.770737 -13.113514
v -2.709273 -84.770737 -13.181729
v -2.301461 -84.770737 -13.523924
v -2.448567 -84.770737 -13.423629
v -2.376265 -84.770737 -13.475611
v -2.916878 -84.770737 -12.892969
v -2.870444 -84.770737 -12.968954
v -2.959466 -84.770737 -12.814764
v -2.998103 -84.770737 -12.734533
v -2.063931 -84.770737 -13.645699
v -2.224342 -84.770737 -13.568449
v -2.145099 -84.770737 -13.609074
v -3.089397 -84.770737 -12.483705
v -3.063149 -84.770737 -12.568797
v -3.032692 -84.770737 -12.652476
v -1.810903 -84.770737 -13.730712
v -1.981037 -84.770737 -13.678232
v -1.896624 -84.770737 -13.706594
v -3.129015 -84.770737 -12.310124
v -3.111371 -84.770737 -12.397408
v -1.548032 -84.770737 -13.777062
v -1.724087 -84.770737 -13.750526
v -1.636390 -84.770737 -13.765990
v -3.151154 -84.770737 -12.133463
v -3.142287 -84.770737 -12.222070
v -1.370210 -84.770737 -13.785937
v -1.459232 -84.770737 -13.783717
v -3.155593 -84.770737 -11.955476
v -3.155593 -84.770737 -12.044524
v -3.142287 -84.770737 -11.777930
v -3.151154 -84.770737 -11.866537
v -1.104030 -84.770737 -13.765990
v -1.281188 -84.770737 -13.783717
v -1.192388 -84.770737 -13.777062
v -3.111371 -84.770737 -11.602592
v -3.129015 -84.770737 -11.689876
v -0.929517 -84.770737 -13.730712
v -1.016334 -84.770737 -13.750526
v -3.063149 -84.770737 -11.431203
v -3.089397 -84.770737 -11.516295
v -0.595321 -84.770737 -13.609074
v -0.843796 -84.770737 -13.706594
v -0.759384 -84.770737 -13.678232
v -0.676490 -84.770737 -13.645699
v -2.959466 -84.770737 -11.185236
v -2.998103 -84.770737 -11.265467
v -3.032692 -84.770737 -11.347524
v -0.516078 -84.770737 -13.568449
v -2.870444 -84.770737 -11.031046
v -2.916878 -84.770737 -11.107031
v -2.766512 -84.770737 -10.886486
v -2.820281 -84.770737 -10.957470
v -0.222232 -84.770737 -13.368108
v -0.364156 -84.770737 -13.475611
v -0.291853 -84.770737 -13.423629
v -2.648704 -84.770737 -10.752993
v -2.709273 -84.770737 -10.818271
v -0.091717 -84.770737 -13.247007
v -0.438959 -84.770737 -13.523924
v -0.155464 -84.770737 -13.309185
v -2.518189 -84.770737 -10.631892
v -2.584956 -84.770737 -10.690815
v -2.448567 -84.770737 -10.576371
v 0.130024 -84.770737 -12.968954
v -0.031148 -84.770737 -13.181729
v 0.026092 -84.770737 -13.113514
v 0.079860 -84.770737 -13.042530
v -2.301461 -84.770737 -10.476076
v -2.376265 -84.770737 -10.524389
v 0.176457 -84.770737 -12.892969
v -2.145099 -84.770737 -10.390926
v -2.224342 -84.770737 -10.431551
v 0.257682 -84.770737 -12.734533
v 0.219045 -84.770737 -12.814764
v -1.981037 -84.770737 -10.321768
v -2.063931 -84.770737 -10.354301
v 0.322729 -84.770737 -12.568797
v 0.292272 -84.770737 -12.652476
v -1.810903 -84.770737 -10.269288
v -1.896624 -84.770737 -10.293406
v 0.370950 -84.770737 -12.397408
v 0.348977 -84.770737 -12.483705
v -1.548032 -84.770737 -10.222938
v -1.636390 -84.770737 -10.234010
v -1.724087 -84.770737 -10.249474
v 0.415172 -84.770737 -12.044524
v 0.388595 -84.770737 -12.310124
v 0.401867 -84.770737 -12.222070
v 0.410733 -84.770737 -12.133463
v -1.370210 -84.770737 -10.214063
v -1.459232 -84.770737 -10.216283
v -1.281188 -84.770737 -10.216283
v 0.401867 -84.770737 -11.777930
v 0.415172 -84.770737 -11.955476
v 0.410733 -84.770737 -11.866537
v -1.016334 -84.770737 -10.249474
v -1.104030 -84.770737 -10.234010
v -1.192388 -84.770737 -10.222938
v 0.370950 -84.770737 -11.602592
v 0.388595 -84.770737 -11.689876
v -0.843796 -84.770737 -10.293406
v -0.929517 -84.770737 -10.269288
v -0.759384 -84.770737 -10.321768
v -0.676490 -84.770737 -10.354301
v 0.257682 -84.770737 -11.265467
v 0.348977 -84.770737 -11.516295
v 0.322729 -84.770737 -11.431203
v 0.292272 -84.770737 -11.347524
v -0.516078 -84.770737 -10.431551
v -0.595321 -84.770737 -10.390926
v 0.130024 -84.770737 -11.031046
v 0.219045 -84.770737 -11.185236
v 0.176457 -84.770737 -11.107031
v -0.364156 -84.770737 -10.524389
v -0.438959 -84.770737 -10.476076
v 0.079860 -84.770737 -10.957470
v -0.222232 -84.770737 -10.631892
v -0.291853 -84.770737 -10.576371
v -0.155464 -84.770737 -10.690815
v -0.091717 -84.770737 -10.752993
v 0.026092 -84.770737 -10.886486
v -0.031148 -84.770737 -10.818271
vn 0.605356 -0.369944 -0.704760
vn 0.664882 -0.241984 -0.706665
vn 0.664873 -0.241997 -0.706670
vn 0.699644 -0.105445 -0.706668
vn 0.696476 -0.122780 -0.706998
vn 0.689476 -0.157406 -0.706998
vn 0.699650 -0.105434 -0.706664
vn 0.696039 -0.104890 -0.710302
vn 0.565540 -0.428356 -0.704753
vn 0.706997 -0.017635 -0.706997
vn 0.552875 -0.440994 -0.707004
vn 0.530332 -0.467861 -0.707004
vn 0.637467 -0.307010 -0.706669
vn 0.637470 -0.307006 -0.706667
vn 0.685665 -0.174599 -0.706668
vn 0.685669 -0.174592 -0.706665
vn 0.680788 -0.191538 -0.706995
vn 0.670389 -0.225249 -0.706994
vn 0.682133 -0.173700 -0.710297
vn 0.506209 -0.493867 -0.706999
vn 0.481090 -0.518368 -0.706999
vn 0.520065 -0.482557 -0.704749
vn 0.603727 -0.368949 -0.706676
vn 0.603750 -0.368927 -0.706667
vn 0.664885 -0.241973 -0.706666
vn 0.661463 -0.240728 -0.710293
vn 0.658341 -0.258381 -0.706984
vn 0.644653 -0.290853 -0.706984
vn 0.664878 -0.241982 -0.706669
vn 0.454540 -0.541802 -0.706996
vn 0.427057 -0.563718 -0.706996
vn 0.469435 -0.531939 -0.704749
vn 0.564007 -0.427208 -0.706675
vn 0.564016 -0.427201 -0.706672
vn 0.706998 -0.017564 -0.706998
vn 0.629331 -0.322641 -0.706997
vn 0.612469 -0.353606 -0.706997
vn 0.637468 -0.307010 -0.706668
vn 0.637466 -0.307013 -0.706669
vn 0.634183 -0.305432 -0.710298
vn 0.398385 -0.584337 -0.706993
vn 0.368783 -0.603456 -0.706993
vn 0.414142 -0.576031 -0.704752
vn 0.518652 -0.481264 -0.706672
vn 0.518664 -0.481257 -0.706668
vn 0.594093 -0.383662 -0.707006
vn 0.574190 -0.412855 -0.707006
vn 0.600626 -0.367039 -0.710303
vn 0.603755 -0.368931 -0.706661
vn 0.603741 -0.368942 -0.706667
vn 0.338169 -0.621118 -0.707004
vn 0.306884 -0.637157 -0.707003
vn 0.354741 -0.614394 -0.704754
vn 0.468171 -0.530507 -0.706666
vn 0.468167 -0.530509 -0.706668
vn 0.564021 -0.427218 -0.706658
vn 0.552929 -0.440928 -0.707002
vn 0.530242 -0.467965 -0.707002
vn 0.564011 -0.427225 -0.706662
vn 0.561096 -0.425017 -0.710304
vn 0.291777 -0.646671 -0.704757
vn 0.274711 -0.651684 -0.706995
vn 0.241845 -0.664582 -0.706995
vn 0.413031 -0.574484 -0.706664
vn 0.413021 -0.574488 -0.706666
vn 0.518655 -0.481266 -0.706668
vn 0.506283 -0.493792 -0.706999
vn 0.481029 -0.518425 -0.706999
vn 0.515999 -0.478764 -0.710302
vn 0.518680 -0.481252 -0.706659
vn 0.225955 -0.672501 -0.704760
vn 0.208479 -0.675789 -0.706998
vn 0.174513 -0.685346 -0.706998
vn 0.353792 -0.612745 -0.706665
vn 0.353789 -0.612745 -0.706666
vn 0.465747 -0.527774 -0.710306
vn 0.468169 -0.530511 -0.706666
vn 0.468164 -0.530513 -0.706668
vn 0.454565 -0.541780 -0.706997
vn 0.427039 -0.563732 -0.706997
vn 0.157857 -0.691664 -0.704756
vn 0.140124 -0.693197 -0.706996
vn 0.105411 -0.699317 -0.706996
vn 0.290995 -0.644938 -0.706666
vn 0.290995 -0.644938 -0.706666
vn 0.410908 -0.571510 -0.710303
vn 0.398383 -0.584339 -0.706993
vn 0.368795 -0.603449 -0.706993
vn 0.413017 -0.574482 -0.706674
vn 0.413040 -0.574475 -0.706666
vn 0.070410 -0.703702 -0.706998
vn 0.035249 -0.706337 -0.706998
vn 0.088221 -0.703942 -0.704757
vn 0.225352 -0.670700 -0.706666
vn 0.225350 -0.670700 -0.706667
vn 0.351944 -0.609592 -0.710305
vn 0.353792 -0.612745 -0.706665
vn 0.338208 -0.621106 -0.706995
vn 0.306841 -0.637186 -0.706995
vn 0.353767 -0.612750 -0.706673
vn 0.000000 -0.707217 -0.706997
vn -0.035249 -0.706337 -0.706997
vn 0.017683 -0.709228 -0.704757
vn 0.157444 -0.689807 -0.706667
vn 0.157433 -0.689806 -0.706670
vn 0.289498 -0.641612 -0.710300
vn 0.290998 -0.644938 -0.706665
vn 0.290995 -0.644938 -0.706666
vn 0.274734 -0.651666 -0.707002
vn 0.241871 -0.664565 -0.707002
vn -0.053018 -0.707465 -0.704757
vn -0.070426 -0.703700 -0.706998
vn -0.105410 -0.699316 -0.706998
vn 0.087985 -0.702056 -0.706665
vn 0.087973 -0.702055 -0.706668
vn 0.157445 -0.689809 -0.706664
vn 0.225354 -0.670704 -0.706662
vn 0.208446 -0.675799 -0.706998
vn 0.174515 -0.685345 -0.706998
vn 0.224179 -0.667241 -0.710305
vn 0.225342 -0.670704 -0.706666
vn -0.123191 -0.698669 -0.704759
vn -0.140124 -0.693194 -0.706999
vn -0.174512 -0.685344 -0.707000
vn 0.017643 -0.707327 -0.706666
vn 0.017636 -0.707325 -0.706668
vn 0.156637 -0.686247 -0.710303
vn 0.140129 -0.693196 -0.706996
vn 0.105406 -0.699318 -0.706996
vn 0.157449 -0.689807 -0.706666
vn -0.208435 -0.675807 -0.706994
vn -0.241897 -0.664565 -0.706993
vn -0.192161 -0.682927 -0.704759
vn -0.052876 -0.705569 -0.706666
vn -0.052878 -0.705568 -0.706667
vn 0.087973 -0.702055 -0.706668
vn 0.087525 -0.698435 -0.710302
vn 0.087979 -0.702056 -0.706666
vn 0.070415 -0.703703 -0.706996
vn 0.035254 -0.706338 -0.706997
vn -0.259190 -0.660409 -0.704755
vn -0.274711 -0.651683 -0.706996
vn -0.306825 -0.637194 -0.706996
vn -0.122857 -0.696800 -0.706665
vn -0.122861 -0.696798 -0.706667
vn 0.017643 -0.707327 -0.706666
vn 0.017550 -0.703678 -0.710302
vn 0.017641 -0.707326 -0.706667
vn -0.000000 -0.707217 -0.706997
vn -0.035250 -0.706338 -0.706996
vn -0.338239 -0.621087 -0.706997
vn -0.368782 -0.603454 -0.706997
vn -0.323648 -0.631327 -0.704754
vn -0.191646 -0.681095 -0.706669
vn -0.191637 -0.681101 -0.706666
vn -0.052877 -0.705567 -0.706667
vn -0.070415 -0.703702 -0.706998
vn -0.105405 -0.699316 -0.706998
vn -0.052605 -0.701929 -0.710302
vn -0.052878 -0.705567 -0.706668
vn -0.384913 -0.595952 -0.704758
vn -0.398384 -0.584335 -0.706996
vn -0.426980 -0.563776 -0.706997
vn -0.258492 -0.658632 -0.706672
vn -0.258486 -0.658637 -0.706670
vn -0.122857 -0.696800 -0.706666
vn -0.122864 -0.696796 -0.706668
vn -0.140145 -0.693193 -0.706996
vn -0.174496 -0.685353 -0.706996
vn -0.122231 -0.693202 -0.710303
vn -0.454621 -0.541738 -0.706993
vn -0.481014 -0.518446 -0.706993
vn -0.442343 -0.554672 -0.704750
vn -0.322796 -0.629615 -0.706673
vn -0.322779 -0.629632 -0.706666
vn -0.208470 -0.675795 -0.706994
vn -0.241874 -0.664573 -0.706994
vn -0.190638 -0.677589 -0.710303
vn -0.191636 -0.681098 -0.706669
vn -0.191627 -0.681104 -0.706666
vn -0.495352 -0.507888 -0.704753
vn -0.506290 -0.493785 -0.706998
vn -0.530257 -0.467955 -0.706998
vn -0.383881 -0.594355 -0.706666
vn -0.441153 -0.553179 -0.706666
vn -0.383881 -0.594355 -0.706667
vn -0.258495 -0.658634 -0.706670
vn -0.257163 -0.655241 -0.710301
vn -0.258488 -0.658640 -0.706666
vn -0.274707 -0.651685 -0.706996
vn -0.306841 -0.637186 -0.706996
vn -0.552950 -0.440893 -0.707007
vn -0.574142 -0.412917 -0.707008
vn -0.543462 -0.456030 -0.704759
vn -0.441126 -0.553190 -0.706674
vn -0.322799 -0.629621 -0.706667
vn -0.321131 -0.626373 -0.710304
vn -0.338242 -0.621085 -0.706998
vn -0.368755 -0.603468 -0.706998
vn -0.322798 -0.629623 -0.706666
vn -0.586199 -0.399623 -0.704750
vn -0.594113 -0.383657 -0.706992
vn -0.612454 -0.353643 -0.706991
vn -0.494020 -0.506523 -0.706668
vn -0.494034 -0.506498 -0.706675
vn -0.383882 -0.594355 -0.706666
vn -0.381901 -0.591283 -0.710307
vn -0.383884 -0.594353 -0.706666
vn -0.398419 -0.584310 -0.706997
vn -0.426999 -0.563762 -0.706997
vn -0.629363 -0.322572 -0.707000
vn -0.623052 -0.339316 -0.704749
vn -0.644591 -0.290951 -0.707000
vn -0.542016 -0.454795 -0.706668
vn -0.542009 -0.454811 -0.706663
vn -0.441139 -0.553191 -0.706666
vn -0.441133 -0.553199 -0.706663
vn -0.438861 -0.550335 -0.710305
vn -0.454608 -0.541749 -0.706993
vn -0.481033 -0.518429 -0.706993
vn -0.653750 -0.275573 -0.704749
vn -0.658363 -0.258283 -0.707000
vn -0.670388 -0.225240 -0.706998
vn -0.621366 -0.338398 -0.706676
vn -0.584600 -0.398584 -0.706663
vn -0.584614 -0.398542 -0.706676
vn -0.494031 -0.506518 -0.706663
vn -0.494039 -0.506503 -0.706668
vn -0.542016 -0.454795 -0.706668
vn -0.491485 -0.503907 -0.710296
vn -0.506242 -0.493835 -0.706998
vn -0.530287 -0.467921 -0.706998
vn -0.677917 -0.209138 -0.704762
vn -0.680770 -0.191574 -0.707001
vn -0.689467 -0.157425 -0.707003
vn -0.621383 -0.338381 -0.706669
vn -0.539232 -0.452444 -0.710297
vn -0.552936 -0.440934 -0.706993
vn -0.574200 -0.412863 -0.706993
vn -0.542027 -0.454789 -0.706664
vn -0.695388 -0.140562 -0.704754
vn -0.696478 -0.122803 -0.706993
vn -0.701744 -0.087855 -0.706991
vn -0.651988 -0.274830 -0.706668
vn -0.651988 -0.274827 -0.706669
vn -0.581584 -0.396520 -0.710304
vn -0.584604 -0.398579 -0.706663
vn -0.594055 -0.383721 -0.707005
vn -0.612461 -0.353602 -0.707006
vn -0.584602 -0.398586 -0.706661
vn -0.705245 -0.052904 -0.706987
vn -0.707006 -0.017635 -0.706988
vn -0.705926 -0.070607 -0.704758
vn -0.676117 -0.208535 -0.706668
vn -0.676116 -0.208582 -0.706655
vn -0.621383 -0.338381 -0.706669
vn -0.621379 -0.338406 -0.706661
vn -0.618164 -0.336655 -0.710307
vn -0.629329 -0.322640 -0.706999
vn -0.644640 -0.290847 -0.706999
vn -0.709458 -0.000000 -0.704747
vn -0.707006 0.017635 -0.706988
vn -0.705245 0.052905 -0.706987
vn -0.693524 -0.140185 -0.706663
vn -0.693526 -0.140212 -0.706655
vn -0.651989 -0.274826 -0.706669
vn -0.651989 -0.274828 -0.706669
vn -0.648629 -0.273409 -0.710301
vn -0.658328 -0.258376 -0.706998
vn -0.670385 -0.225248 -0.706998
vn -0.701744 0.087855 -0.706991
vn -0.696478 0.122801 -0.706993
vn -0.705926 0.070607 -0.704758
vn -0.707538 -0.000000 -0.706675
vn -0.704025 -0.070417 -0.706675
vn -0.704033 -0.070462 -0.706663
vn -0.672622 -0.207469 -0.710307
vn -0.676113 -0.208533 -0.706672
vn -0.676113 -0.208546 -0.706668
vn -0.680781 -0.191536 -0.707002
vn -0.689491 -0.157326 -0.707001
vn -0.689467 0.157425 -0.707003
vn -0.680770 0.191574 -0.707001
vn -0.695388 0.140561 -0.704754
vn -0.707539 -0.000000 -0.706675
vn -0.689945 -0.139460 -0.710301
vn -0.693520 -0.140210 -0.706662
vn -0.693516 -0.140182 -0.706671
vn -0.696451 -0.122859 -0.707009
vn -0.701720 -0.087901 -0.707009
vn -0.677917 0.209138 -0.704762
vn -0.670387 0.225242 -0.706999
vn -0.658364 0.258279 -0.707000
vn -0.704039 0.070419 -0.706662
vn -0.704022 0.070460 -0.706674
vn -0.693524 0.140184 -0.706663
vn -0.700394 -0.070082 -0.710308
vn -0.704035 -0.070447 -0.706662
vn -0.705231 -0.052857 -0.707005
vn -0.706988 -0.017647 -0.707005
vn -0.704039 -0.070462 -0.706657
vn -0.653750 0.275574 -0.704749
vn -0.644589 0.290955 -0.707000
vn -0.629365 0.322568 -0.707000
vn -0.676116 0.208582 -0.706655
vn -0.693526 0.140212 -0.706655
vn -0.703886 0.000000 -0.710313
vn -0.707556 -0.000000 -0.706658
vn -0.707556 -0.000000 -0.706657
vn -0.706988 0.017647 -0.707005
vn -0.705231 0.052857 -0.707005
vn -0.623052 0.339316 -0.704749
vn -0.612451 0.353648 -0.706991
vn -0.594116 0.383652 -0.706992
vn -0.676117 0.208535 -0.706668
vn -0.704040 0.070447 -0.706658
vn -0.704033 0.070462 -0.706663
vn -0.701720 0.087901 -0.707009
vn -0.700394 0.070082 -0.710308
vn -0.696451 0.122859 -0.707009
vn -0.586200 0.399621 -0.704750
vn -0.574138 0.412921 -0.707009
vn -0.552954 0.440888 -0.707008
vn -0.651987 0.274831 -0.706669
vn -0.651988 0.274829 -0.706668
vn -0.693510 0.140209 -0.706672
vn -0.693524 0.140184 -0.706663
vn -0.689945 0.139460 -0.710301
vn -0.689491 0.157327 -0.707001
vn -0.680781 0.191535 -0.707002
vn -0.543462 0.456030 -0.704759
vn -0.530257 0.467955 -0.706998
vn -0.506285 0.493790 -0.706998
vn -0.621384 0.338379 -0.706669
vn -0.621366 0.338398 -0.706677
vn -0.676110 0.208544 -0.706672
vn -0.676117 0.208535 -0.706668
vn -0.651988 0.274829 -0.706668
vn -0.672622 0.207469 -0.710307
vn -0.670385 0.225248 -0.706998
vn -0.658327 0.258378 -0.706998
vn -0.495351 0.507887 -0.704754
vn -0.481019 0.518441 -0.706993
vn -0.454615 0.541743 -0.706993
vn -0.584590 0.398578 -0.706675
vn -0.584626 0.398548 -0.706662
vn -0.542009 0.454811 -0.706663
vn -0.644641 0.290845 -0.706999
vn -0.629329 0.322640 -0.706999
vn -0.648629 0.273409 -0.710301
vn -0.651989 0.274826 -0.706670
vn -0.442340 0.554673 -0.704750
vn -0.426987 0.563772 -0.706996
vn -0.398377 0.584340 -0.706995
vn -0.542016 0.454795 -0.706668
vn -0.612461 0.353602 -0.707006
vn -0.594054 0.383724 -0.707005
vn -0.621391 0.338384 -0.706661
vn -0.621372 0.338402 -0.706669
vn -0.618164 0.336655 -0.710307
vn -0.384915 0.595949 -0.704758
vn -0.368789 0.603449 -0.706996
vn -0.338239 0.621087 -0.706997
vn -0.494015 0.506517 -0.706675
vn -0.494037 0.506505 -0.706668
vn -0.574201 0.412860 -0.706994
vn -0.552936 0.440933 -0.706994
vn -0.584601 0.398585 -0.706663
vn -0.584605 0.398582 -0.706661
vn -0.581583 0.396522 -0.710304
vn -0.323648 0.631327 -0.704754
vn -0.306825 0.637194 -0.706996
vn -0.274702 0.651687 -0.706995
vn -0.441126 0.553191 -0.706673
vn -0.383884 0.594353 -0.706667
vn -0.441150 0.553181 -0.706666
vn -0.542028 0.454788 -0.706663
vn -0.530287 0.467921 -0.706998
vn -0.506240 0.493838 -0.706998
vn -0.542016 0.454795 -0.706668
vn -0.494037 0.506505 -0.706668
vn -0.539233 0.452443 -0.710298
vn -0.259190 0.660408 -0.704756
vn -0.241906 0.664562 -0.706993
vn -0.208435 0.675807 -0.706994
vn -0.383884 0.594353 -0.706667
vn -0.481036 0.518426 -0.706993
vn -0.454608 0.541749 -0.706993
vn -0.441133 0.553199 -0.706663
vn -0.491485 0.503907 -0.710295
vn -0.494031 0.506517 -0.706664
vn -0.192161 0.682927 -0.704759
vn -0.174503 0.685346 -0.707001
vn -0.140133 0.693191 -0.707000
vn -0.258492 0.658632 -0.706672
vn -0.322776 0.629625 -0.706674
vn -0.322799 0.629621 -0.706667
vn -0.426999 0.563762 -0.706997
vn -0.398419 0.584310 -0.706997
vn -0.438861 0.550335 -0.710305
vn -0.441138 0.553190 -0.706667
vn -0.123191 0.698669 -0.704759
vn -0.105410 0.699316 -0.706998
vn -0.070426 0.703700 -0.706998
vn -0.258486 0.658637 -0.706670
vn -0.368755 0.603468 -0.706998
vn -0.338242 0.621085 -0.706998
vn -0.381901 0.591283 -0.710307
vn -0.383884 0.594353 -0.706666
vn -0.322799 0.629621 -0.706667
vn -0.383884 0.594353 -0.706667
vn -0.053018 0.707465 -0.704757
vn -0.035249 0.706338 -0.706997
vn 0.000000 0.707217 -0.706997
vn -0.191647 0.681099 -0.706665
vn -0.191633 0.681099 -0.706669
vn -0.306837 0.637188 -0.706996
vn -0.274712 0.651683 -0.706996
vn -0.322796 0.629625 -0.706665
vn -0.321129 0.626373 -0.710305
vn 0.017687 0.709228 -0.704757
vn 0.035249 0.706338 -0.706997
vn 0.070410 0.703703 -0.706997
vn -0.122860 0.696799 -0.706666
vn -0.122862 0.696799 -0.706665
vn -0.258499 0.658636 -0.706666
vn -0.241870 0.664575 -0.706993
vn -0.208470 0.675796 -0.706993
vn -0.257166 0.655239 -0.710301
vn -0.258486 0.658637 -0.706670
vn 0.088217 0.703943 -0.704756
vn 0.105411 0.699317 -0.706996
vn 0.140134 0.693195 -0.706996
vn -0.052876 0.705569 -0.706666
vn -0.052875 0.705569 -0.706666
vn -0.191626 0.681101 -0.706669
vn -0.191633 0.681101 -0.706666
vn -0.174501 0.685351 -0.706996
vn -0.140145 0.693193 -0.706996
vn -0.190638 0.677590 -0.710302
vn 0.208479 0.675790 -0.706997
vn 0.157861 0.691663 -0.704757
vn 0.174504 0.685350 -0.706997
vn 0.017640 0.707326 -0.706667
vn 0.087981 0.702056 -0.706666
vn 0.017640 0.707326 -0.706667
vn -0.122862 0.696798 -0.706667
vn -0.122228 0.693202 -0.710304
vn -0.105405 0.699315 -0.706999
vn -0.070410 0.703701 -0.706999
vn -0.122860 0.696797 -0.706667
vn 0.241853 0.664578 -0.706996
vn 0.274702 0.651686 -0.706996
vn 0.225951 0.672502 -0.704760
vn 0.087973 0.702055 -0.706668
vn -0.035250 0.706338 -0.706996
vn 0.000000 0.707217 -0.706997
vn -0.052875 0.705568 -0.706667
vn -0.052605 0.701929 -0.710302
vn -0.052877 0.705568 -0.706666
vn 0.306884 0.637157 -0.707003
vn 0.338169 0.621118 -0.707004
vn 0.291777 0.646671 -0.704757
vn 0.157438 0.689807 -0.706668
vn 0.157444 0.689804 -0.706670
vn 0.035254 0.706338 -0.706997
vn 0.070410 0.703703 -0.706996
vn 0.017640 0.707327 -0.706666
vn 0.017550 0.703678 -0.710302
vn 0.017641 0.707327 -0.706667
vn 0.368790 0.603451 -0.706994
vn 0.398378 0.584341 -0.706994
vn 0.354741 0.614394 -0.704754
vn 0.225347 0.670702 -0.706666
vn 0.225352 0.670699 -0.706668
vn 0.087973 0.702057 -0.706666
vn 0.105406 0.699318 -0.706996
vn 0.140129 0.693196 -0.706996
vn 0.087976 0.702055 -0.706667
vn 0.087522 0.698435 -0.710302
vn 0.157445 0.689808 -0.706666
vn 0.427063 0.563713 -0.706997
vn 0.454534 0.541806 -0.706997
vn 0.414142 0.576031 -0.704752
vn 0.290998 0.644937 -0.706666
vn 0.290995 0.644939 -0.706665
vn 0.353790 0.612746 -0.706665
vn 0.174520 0.685345 -0.706997
vn 0.208446 0.675800 -0.706997
vn 0.157450 0.689808 -0.706664
vn 0.156637 0.686247 -0.710303
vn 0.481094 0.518362 -0.707000
vn 0.506204 0.493871 -0.707000
vn 0.469435 0.531939 -0.704749
vn 0.353790 0.612746 -0.706665
vn 0.225352 0.670700 -0.706666
vn 0.241867 0.664567 -0.707002
vn 0.274739 0.651664 -0.707002
vn 0.225343 0.670707 -0.706663
vn 0.224179 0.667242 -0.710304
vn 0.530332 0.467861 -0.707004
vn 0.552879 0.440989 -0.707003
vn 0.520065 0.482557 -0.704749
vn 0.413029 0.574482 -0.706667
vn 0.413023 0.574490 -0.706664
vn 0.306837 0.637188 -0.706995
vn 0.338208 0.621106 -0.706995
vn 0.290998 0.644937 -0.706666
vn 0.290998 0.644937 -0.706666
vn 0.289498 0.641612 -0.710299
vn 0.353789 0.612745 -0.706665
vn 0.574228 0.412826 -0.706991
vn 0.594117 0.383653 -0.706990
vn 0.565541 0.428353 -0.704753
vn 0.468171 0.530506 -0.706668
vn 0.518664 0.481257 -0.706668
vn 0.468168 0.530510 -0.706667
vn 0.368794 0.603448 -0.706994
vn 0.398382 0.584338 -0.706994
vn 0.351946 0.609590 -0.710305
vn 0.353770 0.612749 -0.706672
vn 0.612447 0.353645 -0.706997
vn 0.629302 0.322696 -0.706998
vn 0.605356 0.369944 -0.704760
vn 0.518654 0.481262 -0.706671
vn 0.413034 0.574471 -0.706672
vn 0.427039 0.563732 -0.706997
vn 0.454565 0.541780 -0.706997
vn 0.410906 0.571511 -0.710304
vn 0.413022 0.574489 -0.706666
vn 0.644650 0.290822 -0.707000
vn 0.658309 0.258418 -0.707000
vn 0.639189 0.307834 -0.704752
vn 0.564008 0.427211 -0.706672
vn 0.564014 0.427197 -0.706676
vn 0.518656 0.481264 -0.706668
vn 0.468165 0.530514 -0.706666
vn 0.481032 0.518423 -0.706998
vn 0.506281 0.493795 -0.706998
vn 0.465747 0.527774 -0.710306
vn 0.468167 0.530509 -0.706668
vn 0.670391 0.225244 -0.706995
vn 0.680776 0.191576 -0.706995
vn 0.666664 0.242650 -0.704755
vn 0.637470 0.307006 -0.706667
vn 0.603735 0.368953 -0.706667
vn 0.603743 0.368921 -0.706676
vn 0.518680 0.481251 -0.706660
vn 0.530242 0.467965 -0.707002
vn 0.552929 0.440928 -0.707002
vn 0.515999 0.478764 -0.710302
vn 0.687522 0.175049 -0.704749
vn 0.689505 0.157274 -0.706999
vn 0.696473 0.122800 -0.706998
vn 0.637466 0.307011 -0.706669
vn 0.561096 0.425017 -0.710304
vn 0.564013 0.427226 -0.706659
vn 0.574192 0.412853 -0.707005
vn 0.594092 0.383665 -0.707005
vn 0.564016 0.427217 -0.706662
vn 0.701724 0.088012 -0.706992
vn 0.705252 0.052745 -0.706992
vn 0.701521 0.105746 -0.704760
vn 0.708564 0.035336 -0.704761
vn 0.664878 0.241982 -0.706670
vn 0.664877 0.242000 -0.706665
vn 0.600626 0.367039 -0.710303
vn 0.603750 0.368926 -0.706668
vn 0.637467 0.307011 -0.706668
vn 0.612469 0.353606 -0.706997
vn 0.629331 0.322641 -0.706997
vn 0.603746 0.368945 -0.706662
vn 0.685669 0.174578 -0.706668
vn 0.685670 0.174592 -0.706665
vn 0.699641 0.105463 -0.706668
vn 0.637466 0.307013 -0.706669
vn 0.644655 0.290851 -0.706984
vn 0.658341 0.258383 -0.706983
vn 0.634183 0.305432 -0.710298
vn 0.706667 0.035258 -0.706667
vn 0.706673 0.035241 -0.706662
vn 0.699649 0.105446 -0.706663
vn 0.664882 0.241984 -0.706665
vn 0.664883 0.241971 -0.706669
vn 0.670389 0.225249 -0.706995
vn 0.680788 0.191536 -0.706995
vn 0.661463 0.240727 -0.710294
vn 0.685666 0.174591 -0.706668
vn 0.682133 0.173701 -0.710297
vn 0.689476 0.157407 -0.706998
vn 0.696476 0.122780 -0.706998
vn 0.685667 0.174601 -0.706665
vn 0.706667 0.035270 -0.706667
vn 0.706672 0.035258 -0.706663
vn 0.701710 0.087983 -0.707009
vn 0.705225 0.052857 -0.707010
vn 0.699649 0.105446 -0.706663
vn 0.699646 0.105433 -0.706667
vn 0.696039 0.104890 -0.710302
vn 0.703008 0.035088 -0.710316
vn 0.706997 0.017635 -0.706997
vn 0.706998 0.017564 -0.706998
vn 0.705252 -0.052744 -0.706992
vn 0.701724 -0.088012 -0.706992
vn 0.708564 -0.035336 -0.704761
vn 0.696472 -0.122802 -0.706998
vn 0.689505 -0.157274 -0.706999
vn 0.701521 -0.105746 -0.704760
vn 0.687522 -0.175049 -0.704749
vn 0.680776 -0.191576 -0.706995
vn 0.670392 -0.225241 -0.706995
vn 0.706667 -0.035258 -0.706667
vn 0.706673 -0.035242 -0.706662
vn 0.658307 -0.258421 -0.707000
vn 0.644651 -0.290818 -0.707000
vn 0.666665 -0.242649 -0.704755
vn 0.699641 -0.105463 -0.706668
vn 0.699649 -0.105446 -0.706663
vn 0.629299 -0.322700 -0.706998
vn 0.639189 -0.307834 -0.704752
vn 0.612449 -0.353641 -0.706997
vn 0.685666 -0.174591 -0.706668
vn 0.685673 -0.174579 -0.706664
vn 0.703008 -0.035088 -0.710316
vn 0.705225 -0.052857 -0.707010
vn 0.701710 -0.087983 -0.707009
vn 0.706667 -0.035270 -0.706667
vn 0.706672 -0.035259 -0.706663
vn 0.594113 -0.383657 -0.706991
vn 0.574231 -0.412820 -0.706992
vn 0.999689 0.024935 0.000000
vn 0.999689 0.024935 0.000000
vn 0.997215 0.074580 -0.000000
vn 0.997215 0.074580 0.000000
vn 0.992226 0.124448 0.000000
vn 0.992226 0.124448 0.000000
vn 0.984809 0.173639 -0.000000
vn 0.984809 0.173639 0.000000
vn 0.974959 0.222385 -0.000000
vn 0.974959 0.222385 0.000000
vn 0.962611 0.270887 0.000000
vn 0.962611 0.270887 0.000000
vn 0.930849 0.365403 -0.000000
vn 0.947925 0.318492 0.000000
vn 0.947925 0.318492 0.000000
vn 0.930849 0.365403 0.000000
vn 0.911535 0.411222 0.000000
vn 0.911535 0.411222 0.000000
vn 0.889831 0.456291 -0.000000
vn 0.889831 0.456291 0.000000
vn 0.865995 0.500052 0.000000
vn 0.840070 0.542478 -0.000000
vn 0.865995 0.500052 -0.000000
vn 0.840070 0.542478 0.000000
vn 0.811949 0.583728 0.000000
vn 0.811949 0.583728 -0.000000
vn 0.781775 0.623561 0.000000
vn 0.781775 0.623561 0.000000
vn 0.749893 0.661559 0.000000
vn 0.749893 0.661559 0.000000
vn 0.715772 0.698334 0.000000
vn 0.715772 0.698334 -0.000000
vn 0.680267 0.732964 0.000000
vn 0.680267 0.732964 0.000000
vn 0.642709 0.766111 0.000000
vn 0.642709 0.766111 -0.000000
vn 0.603865 0.797087 -0.000000
vn 0.603865 0.797087 0.000000
vn 0.563302 0.826251 0.000000
vn 0.563302 0.826251 0.000000
vn 0.478173 0.878266 -0.000000
vn 0.521465 0.853273 -0.000000
vn 0.521465 0.853273 0.000000
vn 0.433936 0.900944 -0.000000
vn 0.478173 0.878266 -0.000000
vn 0.388427 0.921480 -0.000000
vn 0.433936 0.900944 0.000000
vn 0.341978 0.939708 -0.000000
vn 0.388427 0.921480 0.000000
vn 0.341978 0.939708 -0.000000
vn 0.294788 0.955563 -0.000000
vn 0.294788 0.955563 0.000000
vn 0.246747 0.969080 0.000000
vn 0.246747 0.969080 0.000000
vn 0.198148 0.980172 0.000000
vn 0.198148 0.980172 0.000000
vn 0.099560 0.995032 -0.000000
vn 0.149050 0.988830 0.000000
vn 0.149050 0.988830 0.000000
vn 0.099560 0.995032 0.000000
vn 0.000000 1.000000 0.000000
vn 0.049842 0.998757 0.000000
vn 0.049842 0.998757 0.000000
vn -0.000000 1.000000 0.000000
vn -0.049842 0.998757 0.000000
vn -0.049842 0.998757 0.000000
vn -0.099582 0.995029 0.000000
vn -0.099582 0.995029 0.000000
vn -0.198148 0.980172 0.000000
vn -0.149050 0.988830 0.000000
vn -0.149050 0.988830 0.000000
vn -0.198148 0.980172 0.000000
vn -0.246747 0.969080 0.000000
vn -0.246747 0.969080 0.000000
vn -0.294724 0.955582 0.000000
vn -0.294724 0.955582 0.000000
vn -0.388427 0.921480 0.000000
vn -0.342051 0.939681 -0.000000
vn -0.342051 0.939681 0.000000
vn -0.388427 0.921480 0.000000
vn -0.433848 0.900986 -0.000000
vn -0.433848 0.900986 0.000000
vn -0.521465 0.853273 0.000000
vn -0.478268 0.878214 0.000000
vn -0.478268 0.878214 0.000000
vn -0.521465 0.853273 0.000000
vn -0.603756 0.797169 0.000000
vn -0.563302 0.826251 0.000000
vn -0.563302 0.826251 0.000000
vn -0.642820 0.766017 0.000000
vn -0.603756 0.797169 -0.000000
vn -0.642820 0.766017 -0.000000
vn -0.680154 0.733069 0.000000
vn -0.680154 0.733069 0.000000
vn -0.715886 0.698218 -0.000000
vn -0.715886 0.698218 0.000000
vn -0.749781 0.661686 0.000000
vn -0.749781 0.661686 0.000000
vn -0.811842 0.583878 0.000000
vn -0.781885 0.623423 0.000000
vn -0.781885 0.623423 0.000000
vn -0.811842 0.583878 0.000000
vn -0.840070 0.542478 -0.000000
vn -0.840070 0.542478 0.000000
vn -0.865995 0.500052 0.000000
vn -0.865995 0.500052 0.000000
vn -0.889922 0.456112 0.000000
vn -0.889922 0.456112 0.000000
vn -0.911450 0.411411 0.000000
vn -0.911450 0.411411 0.000000
vn -0.930926 0.365207 0.000000
vn -0.930926 0.365207 0.000000
vn -0.947925 0.318492 0.000000
vn -0.947925 0.318492 -0.000000
vn -0.962611 0.270887 0.000000
vn -0.962611 0.270887 0.000000
vn -0.974910 0.222600 -0.000000
vn -0.974910 0.222600 0.000000
vn -0.984809 0.173639 0.000000
vn -0.984809 0.173639 0.000000
vn -0.992254 0.124225 0.000000
vn -0.992254 0.124225 0.000000
vn -0.997198 0.074806 0.000000
vn -0.997198 0.074806 0.000000
vn -0.999689 0.024935 0.000000
vn -0.999689 0.024935 0.000000
vn -0.999689 -0.024936 -0.000000
vn -0.999689 -0.024936 0.000000
vn -0.997198 -0.074805 -0.000000
vn -0.997198 -0.074805 0.000000
vn -0.992254 -0.124225 -0.000000
vn -0.992254 -0.124225 0.000000
vn -0.984809 -0.173641 -0.000000
vn -0.974910 -0.222600 0.000000
vn -0.984809 -0.173641 0.000000
vn -0.974910 -0.222600 0.000000
vn -0.962611 -0.270887 -0.000000
vn -0.962611 -0.270887 0.000000
vn -0.947927 -0.318488 -0.000000
vn -0.930924 -0.365212 0.000000
vn -0.947927 -0.318488 0.000000
vn -0.930924 -0.365212 0.000000
vn -0.911453 -0.411405 -0.000000
vn -0.911453 -0.411405 0.000000
vn -0.889920 -0.456118 -0.000000
vn -0.889920 -0.456118 0.000000
vn -0.865999 -0.500046 -0.000000
vn -0.840066 -0.542484 0.000000
vn -0.865999 -0.500046 -0.000000
vn -0.840066 -0.542484 -0.000000
vn -0.811846 -0.583871 -0.000000
vn -0.811846 -0.583871 0.000000
vn -0.781880 -0.623429 -0.000000
vn -0.749781 -0.661686 0.000000
vn -0.781880 -0.623429 -0.000000
vn -0.749781 -0.661686 -0.000000
vn -0.715892 -0.698211 -0.000000
vn -0.680147 -0.733076 0.000000
vn -0.715892 -0.698211 0.000000
vn -0.680147 -0.733076 0.000000
vn -0.642828 -0.766010 0.000000
vn -0.642828 -0.766010 -0.000000
vn -0.603747 -0.797176 -0.000000
vn -0.603747 -0.797176 -0.000000
vn -0.563311 -0.826245 0.000000
vn -0.563311 -0.826245 -0.000000
vn -0.478268 -0.878214 0.000000
vn -0.521455 -0.853279 0.000000
vn -0.521455 -0.853279 -0.000000
vn -0.433848 -0.900986 0.000000
vn -0.478268 -0.878214 0.000000
vn -0.388439 -0.921474 0.000000
vn -0.433848 -0.900986 0.000000
vn -0.388439 -0.921474 -0.000000
vn -0.342039 -0.939686 -0.000000
vn -0.342039 -0.939686 0.000000
vn -0.294724 -0.955582 -0.000000
vn -0.294724 -0.955582 0.000000
vn -0.246760 -0.969077 -0.000000
vn -0.246760 -0.969077 -0.000000
vn -0.198135 -0.980175 -0.000000
vn -0.198135 -0.980175 0.000000
vn -0.149050 -0.988830 -0.000000
vn -0.099582 -0.995029 0.000000
vn -0.149050 -0.988830 0.000000
vn -0.099582 -0.995029 0.000000
vn -0.049842 -0.998757 0.000000
vn -0.049842 -0.998757 0.000000
vn -0.000000 -1.000000 -0.000000
vn 0.000000 -1.000000 0.000000
vn 0.049842 -0.998757 0.000000
vn 0.099560 -0.995032 0.000000
vn 0.049842 -0.998757 0.000000
vn 0.099560 -0.995032 0.000000
vn 0.149050 -0.988830 0.000000
vn 0.149050 -0.988830 0.000000
vn 0.198135 -0.980175 0.000000
vn 0.246760 -0.969077 0.000000
vn 0.198135 -0.980175 0.000000
vn 0.246760 -0.969077 0.000000
vn 0.294788 -0.955563 0.000000
vn 0.294788 -0.955563 0.000000
vn 0.388439 -0.921474 0.000000
vn 0.341966 -0.939712 0.000000
vn 0.341966 -0.939712 0.000000
vn 0.388439 -0.921474 0.000000
vn 0.478173 -0.878266 0.000000
vn 0.433936 -0.900944 -0.000000
vn 0.433936 -0.900944 0.000000
vn 0.478173 -0.878266 0.000000
vn 0.521455 -0.853279 0.000000
vn 0.521455 -0.853279 0.000000
vn 0.563311 -0.826245 -0.000000
vn 0.563311 -0.826245 0.000000
vn 0.603856 -0.797093 -0.000000
vn 0.603856 -0.797093 0.000000
vn 0.642717 -0.766104 0.000000
vn 0.642717 -0.766104 0.000000
vn 0.715779 -0.698327 0.000000
vn 0.680260 -0.732971 0.000000
vn 0.680260 -0.732971 0.000000
vn 0.715779 -0.698327 0.000000
vn 0.749893 -0.661559 -0.000000
vn 0.749893 -0.661559 0.000000
vn 0.781769 -0.623568 0.000000
vn 0.811954 -0.583722 0.000000
vn 0.781769 -0.623568 0.000000
vn 0.811954 -0.583722 0.000000
vn 0.840066 -0.542484 0.000000
vn 0.865999 -0.500046 0.000000
vn 0.840066 -0.542484 0.000000
vn 0.865999 -0.500046 0.000000
vn 0.889827 -0.456297 0.000000
vn 0.889827 -0.456297 -0.000000
vn 0.911537 -0.411217 0.000000
vn 0.911537 -0.411217 -0.000000
vn 0.930847 -0.365408 0.000000
vn 0.930847 -0.365408 0.000000
vn 0.947927 -0.318488 -0.000000
vn 0.947927 -0.318488 0.000000
vn 0.962611 -0.270887 0.000000
vn 0.962611 -0.270887 0.000000
vn 0.974959 -0.222385 0.000000
vn 0.974959 -0.222385 0.000000
vn 0.992226 -0.124448 0.000000
vn 0.984809 -0.173641 0.000000
vn 0.984809 -0.173641 0.000000
vn 0.997215 -0.074579 0.000000
vn 0.992226 -0.124448 -0.000000
vn 0.997215 -0.074579 0.000000
vn 0.999689 -0.024936 0.000000
vn 0.999689 -0.024936 0.000000
vn 0.605356 -0.369944 -0.704760
vn 0.664881 -0.241984 -0.706666
vn 0.664872 -0.241997 -0.706670
vn 0.699644 -0.105446 -0.706668
vn 0.696476 -0.122780 -0.706998
vn 0.689476 -0.157407 -0.706997
vn 0.699651 -0.105433 -0.706663
vn 0.696039 -0.104889 -0.710301
vn 0.565540 -0.428356 -0.704753
vn 0.706997 -0.017635 -0.706997
vn 0.552879 -0.440989 -0.707003
vn 0.530324 -0.467871 -0.707003
vn 0.637465 -0.307012 -0.706670
vn 0.637473 -0.307003 -0.706666
vn 0.685664 -0.174600 -0.706668
vn 0.685670 -0.174591 -0.706664
vn 0.680788 -0.191538 -0.706994
vn 0.670390 -0.225246 -0.706994
vn 0.682134 -0.173701 -0.710297
vn 0.506209 -0.493866 -0.707000
vn 0.481089 -0.518367 -0.707000
vn 0.520064 -0.482556 -0.704750
vn 0.603727 -0.368949 -0.706676
vn 0.603753 -0.368925 -0.706666
vn 0.664887 -0.241971 -0.706665
vn 0.661464 -0.240725 -0.710293
vn 0.658341 -0.258384 -0.706983
vn 0.644655 -0.290851 -0.706983
vn 0.664877 -0.241983 -0.706670
vn 0.454553 -0.541793 -0.706995
vn 0.427046 -0.563729 -0.706994
vn 0.469433 -0.531941 -0.704749
vn 0.564006 -0.427209 -0.706675
vn 0.564016 -0.427201 -0.706672
vn 0.706998 -0.017564 -0.706998
vn 0.629333 -0.322636 -0.706998
vn 0.612466 -0.353608 -0.706998
vn 0.637466 -0.307012 -0.706669
vn 0.637464 -0.307015 -0.706670
vn 0.634182 -0.305434 -0.710298
vn 0.398378 -0.584341 -0.706994
vn 0.368783 -0.603455 -0.706994
vn 0.414142 -0.576031 -0.704752
vn 0.518656 -0.481261 -0.706671
vn 0.518663 -0.481256 -0.706669
vn 0.594089 -0.383670 -0.707005
vn 0.574197 -0.412846 -0.707005
vn 0.600625 -0.367039 -0.710304
vn 0.603757 -0.368928 -0.706661
vn 0.603740 -0.368943 -0.706668
vn 0.338200 -0.621102 -0.707003
vn 0.306876 -0.637161 -0.707002
vn 0.354747 -0.614389 -0.704756
vn 0.468169 -0.530509 -0.706667
vn 0.468165 -0.530510 -0.706668
vn 0.564019 -0.427220 -0.706658
vn 0.552921 -0.440938 -0.707002
vn 0.530245 -0.467963 -0.707002
vn 0.564011 -0.427225 -0.706661
vn 0.561094 -0.425015 -0.710306
vn 0.291774 -0.646673 -0.704756
vn 0.274703 -0.651687 -0.706995
vn 0.241845 -0.664582 -0.706995
vn 0.413031 -0.574484 -0.706664
vn 0.413018 -0.574489 -0.706667
vn 0.518658 -0.481262 -0.706669
vn 0.506283 -0.493796 -0.706996
vn 0.481042 -0.518417 -0.706996
vn 0.516004 -0.478761 -0.710301
vn 0.518684 -0.481247 -0.706659
vn 0.225948 -0.672504 -0.704759
vn 0.208470 -0.675793 -0.706997
vn 0.174504 -0.685350 -0.706997
vn 0.353792 -0.612745 -0.706665
vn 0.353797 -0.612744 -0.706663
vn 0.465747 -0.527774 -0.710306
vn 0.468166 -0.530511 -0.706667
vn 0.468163 -0.530512 -0.706668
vn 0.454557 -0.541790 -0.706995
vn 0.427044 -0.563731 -0.706994
vn 0.157861 -0.691663 -0.704757
vn 0.140154 -0.693193 -0.706994
vn 0.105411 -0.699319 -0.706994
vn 0.290992 -0.644940 -0.706665
vn 0.290996 -0.644940 -0.706664
vn 0.410903 -0.571515 -0.710303
vn 0.398382 -0.584338 -0.706994
vn 0.368798 -0.603446 -0.706994
vn 0.413014 -0.574483 -0.706674
vn 0.413033 -0.574478 -0.706668
vn 0.070410 -0.703702 -0.706998
vn 0.035229 -0.706338 -0.706997
vn 0.088230 -0.703942 -0.704756
vn 0.225362 -0.670698 -0.706666
vn 0.225341 -0.670699 -0.706671
vn 0.351941 -0.609591 -0.710307
vn 0.353793 -0.612746 -0.706664
vn 0.338207 -0.621104 -0.706998
vn 0.306836 -0.637186 -0.706998
vn 0.353765 -0.612751 -0.706673
vn 0.000000 -0.707215 -0.706999
vn -0.035229 -0.706336 -0.707000
vn 0.017683 -0.709226 -0.704760
vn 0.157440 -0.689803 -0.706671
vn 0.157437 -0.689803 -0.706672
vn 0.289497 -0.641610 -0.710302
vn 0.290999 -0.644938 -0.706664
vn 0.290996 -0.644939 -0.706665
vn 0.274738 -0.651662 -0.707005
vn 0.241866 -0.664564 -0.707005
vn -0.053022 -0.707465 -0.704756
vn -0.070426 -0.703701 -0.706997
vn -0.105411 -0.699317 -0.706997
vn 0.087993 -0.702055 -0.706666
vn 0.087976 -0.702052 -0.706671
vn 0.157442 -0.689811 -0.706663
vn 0.225363 -0.670702 -0.706661
vn 0.208446 -0.675800 -0.706997
vn 0.174520 -0.685345 -0.706997
vn 0.224187 -0.667238 -0.710306
vn 0.225351 -0.670702 -0.706665
vn -0.123183 -0.698670 -0.704759
vn -0.140152 -0.693184 -0.707004
vn -0.174502 -0.685343 -0.707004
vn 0.017630 -0.707327 -0.706667
vn 0.017636 -0.707329 -0.706665
vn 0.156631 -0.686247 -0.710304
vn 0.140129 -0.693194 -0.706998
vn 0.105405 -0.699316 -0.706998
vn 0.157444 -0.689810 -0.706664
vn -0.208426 -0.675811 -0.706993
vn -0.241897 -0.664566 -0.706992
vn -0.192172 -0.682922 -0.704760
vn -0.052880 -0.705569 -0.706665
vn -0.052875 -0.705571 -0.706664
vn 0.087976 -0.702054 -0.706668
vn 0.087534 -0.698433 -0.710302
vn 0.087988 -0.702057 -0.706665
vn 0.070400 -0.703709 -0.706992
vn 0.035255 -0.706342 -0.706993
vn -0.259190 -0.660410 -0.704754
vn -0.274703 -0.651689 -0.706993
vn -0.306817 -0.637199 -0.706994
vn -0.122851 -0.696802 -0.706665
vn -0.122854 -0.696800 -0.706665
vn 0.017630 -0.707325 -0.706669
vn 0.017544 -0.703681 -0.710299
vn 0.017635 -0.707326 -0.706667
vn -0.000000 -0.707219 -0.706995
vn -0.035250 -0.706340 -0.706994
vn -0.338270 -0.621069 -0.706998
vn -0.368781 -0.603453 -0.706997
vn -0.323649 -0.631329 -0.704751
vn -0.191656 -0.681089 -0.706673
vn -0.191634 -0.681102 -0.706665
vn -0.052871 -0.705566 -0.706669
vn -0.070400 -0.703704 -0.706996
vn -0.105405 -0.699317 -0.706997
vn -0.052599 -0.701932 -0.710299
vn -0.052875 -0.705564 -0.706671
vn -0.384912 -0.595951 -0.704759
vn -0.398377 -0.584339 -0.706996
vn -0.426967 -0.563786 -0.706997
vn -0.258492 -0.658630 -0.706674
vn -0.258488 -0.658633 -0.706673
vn -0.122850 -0.696801 -0.706665
vn -0.122867 -0.696792 -0.706671
vn -0.140145 -0.693193 -0.706996
vn -0.174501 -0.685351 -0.706996
vn -0.122233 -0.693202 -0.710303
vn -0.454633 -0.541728 -0.706994
vn -0.481014 -0.518446 -0.706993
vn -0.442344 -0.554673 -0.704748
vn -0.322798 -0.629612 -0.706675
vn -0.322779 -0.629631 -0.706667
vn -0.208470 -0.675796 -0.706993
vn -0.241870 -0.664575 -0.706993
vn -0.190638 -0.677590 -0.710302
vn -0.191633 -0.681100 -0.706668
vn -0.191627 -0.681104 -0.706666
vn -0.495349 -0.507890 -0.704753
vn -0.506289 -0.493785 -0.706999
vn -0.530247 -0.467964 -0.706999
vn -0.383881 -0.594355 -0.706666
vn -0.441153 -0.553179 -0.706666
vn -0.383883 -0.594352 -0.706667
vn -0.258503 -0.658632 -0.706668
vn -0.257170 -0.655236 -0.710302
vn -0.258492 -0.658642 -0.706663
vn -0.274711 -0.651681 -0.706998
vn -0.306836 -0.637186 -0.706998
vn -0.552953 -0.440888 -0.707008
vn -0.574138 -0.412921 -0.707009
vn -0.543459 -0.456034 -0.704759
vn -0.441129 -0.553189 -0.706673
vn -0.322802 -0.629619 -0.706668
vn -0.321124 -0.626375 -0.710306
vn -0.338242 -0.621085 -0.706998
vn -0.368759 -0.603466 -0.706998
vn -0.322792 -0.629629 -0.706664
vn -0.586201 -0.399619 -0.704750
vn -0.594116 -0.383652 -0.706992
vn -0.612456 -0.353639 -0.706991
vn -0.494017 -0.506524 -0.706668
vn -0.494029 -0.506504 -0.706675
vn -0.383884 -0.594353 -0.706667
vn -0.381903 -0.591282 -0.710307
vn -0.383885 -0.594351 -0.706667
vn -0.398419 -0.584310 -0.706997
vn -0.427002 -0.563760 -0.706997
vn -0.629360 -0.322576 -0.707001
vn -0.623050 -0.339317 -0.704750
vn -0.644589 -0.290955 -0.707001
vn -0.542019 -0.454792 -0.706669
vn -0.542008 -0.454816 -0.706661
vn -0.441134 -0.553193 -0.706667
vn -0.441133 -0.553195 -0.706666
vn -0.438858 -0.550339 -0.710303
vn -0.454599 -0.541757 -0.706993
vn -0.481044 -0.518419 -0.706993
vn -0.653752 -0.275570 -0.704748
vn -0.658364 -0.258280 -0.706999
vn -0.670389 -0.225240 -0.706998
vn -0.621365 -0.338399 -0.706677
vn -0.584599 -0.398589 -0.706662
vn -0.584616 -0.398538 -0.706677
vn -0.494035 -0.506510 -0.706666
vn -0.494035 -0.506510 -0.706666
vn -0.542021 -0.454793 -0.706666
vn -0.491492 -0.503902 -0.710295
vn -0.506239 -0.493837 -0.706998
vn -0.530289 -0.467918 -0.706998
vn -0.677918 -0.209138 -0.704762
vn -0.680771 -0.191574 -0.707001
vn -0.689467 -0.157428 -0.707002
vn -0.621387 -0.338377 -0.706668
vn -0.539231 -0.452448 -0.710297
vn -0.552927 -0.440943 -0.706994
vn -0.574206 -0.412852 -0.706994
vn -0.542024 -0.454792 -0.706665
vn -0.695388 -0.140564 -0.704754
vn -0.696478 -0.122799 -0.706993
vn -0.701744 -0.087853 -0.706992
vn -0.651988 -0.274826 -0.706670
vn -0.651987 -0.274833 -0.706668
vn -0.581584 -0.396522 -0.710303
vn -0.584602 -0.398580 -0.706664
vn -0.594051 -0.383728 -0.707005
vn -0.612460 -0.353604 -0.707006
vn -0.584600 -0.398589 -0.706661
vn -0.705245 -0.052905 -0.706987
vn -0.707006 -0.017635 -0.706988
vn -0.705926 -0.070606 -0.704758
vn -0.676116 -0.208533 -0.706669
vn -0.676115 -0.208582 -0.706655
vn -0.621385 -0.338376 -0.706670
vn -0.621380 -0.338403 -0.706661
vn -0.618165 -0.336652 -0.710308
vn -0.629331 -0.322636 -0.707000
vn -0.644640 -0.290845 -0.706999
vn -0.709459 -0.000000 -0.704747
vn -0.707006 0.017635 -0.706988
vn -0.705245 0.052902 -0.706987
vn -0.693524 -0.140187 -0.706662
vn -0.693526 -0.140210 -0.706656
vn -0.651988 -0.274828 -0.706670
vn -0.651987 -0.274833 -0.706668
vn -0.648628 -0.273412 -0.710301
vn -0.658327 -0.258378 -0.706998
vn -0.670387 -0.225245 -0.706998
vn -0.701743 0.087858 -0.706992
vn -0.696478 0.122799 -0.706993
vn -0.705926 0.070607 -0.704758
vn -0.707539 -0.000000 -0.706675
vn -0.704025 -0.070416 -0.706676
vn -0.704033 -0.070462 -0.706663
vn -0.672623 -0.207468 -0.710306
vn -0.676113 -0.208533 -0.706672
vn -0.676114 -0.208545 -0.706668
vn -0.680781 -0.191536 -0.707002
vn -0.689491 -0.157327 -0.707001
vn -0.689466 0.157427 -0.707003
vn -0.680770 0.191574 -0.707002
vn -0.695388 0.140560 -0.704754
vn -0.707538 -0.000000 -0.706675
vn -0.689945 -0.139461 -0.710300
vn -0.693520 -0.140209 -0.706663
vn -0.693516 -0.140183 -0.706671
vn -0.696452 -0.122859 -0.707008
vn -0.701720 -0.087902 -0.707009
vn -0.677916 0.209142 -0.704762
vn -0.670389 0.225240 -0.706998
vn -0.658364 0.258280 -0.706999
vn -0.704039 0.070419 -0.706662
vn -0.704022 0.070461 -0.706674
vn -0.693525 0.140184 -0.706662
vn -0.700394 -0.070082 -0.710308
vn -0.704035 -0.070446 -0.706663
vn -0.705231 -0.052857 -0.707005
vn -0.706988 -0.017647 -0.707005
vn -0.704039 -0.070463 -0.706657
vn -0.653752 0.275570 -0.704748
vn -0.644589 0.290955 -0.707001
vn -0.629360 0.322576 -0.707001
vn -0.676115 0.208587 -0.706654
vn -0.693527 0.140211 -0.706655
vn -0.703886 0.000000 -0.710313
vn -0.707556 -0.000000 -0.706658
vn -0.707556 -0.000000 -0.706658
vn -0.706988 0.017647 -0.707005
vn -0.705231 0.052857 -0.707005
vn -0.623050 0.339317 -0.704750
vn -0.612456 0.353639 -0.706991
vn -0.594116 0.383652 -0.706992
vn -0.676116 0.208533 -0.706669
vn -0.704040 0.070447 -0.706657
vn -0.704033 0.070462 -0.706663
vn -0.701720 0.087902 -0.707009
vn -0.700394 0.070082 -0.710308
vn -0.696452 0.122859 -0.707008
vn -0.586201 0.399619 -0.704750
vn -0.574138 0.412921 -0.707009
vn -0.552953 0.440888 -0.707008
vn -0.651988 0.274826 -0.706670
vn -0.651988 0.274827 -0.706670
vn -0.693510 0.140207 -0.706672
vn -0.693524 0.140184 -0.706663
vn -0.689945 0.139461 -0.710300
vn -0.689491 0.157322 -0.707002
vn -0.680780 0.191536 -0.707003
vn -0.543459 0.456034 -0.704759
vn -0.530247 0.467964 -0.706999
vn -0.506289 0.493785 -0.706999
vn -0.621382 0.338382 -0.706670
vn -0.621365 0.338399 -0.706677
vn -0.676110 0.208544 -0.706672
vn -0.676117 0.208534 -0.706668
vn -0.651989 0.274828 -0.706668
vn -0.672622 0.207468 -0.710307
vn -0.670385 0.225251 -0.706998
vn -0.658327 0.258378 -0.706998
vn -0.495357 0.507881 -0.704755
vn -0.481012 0.518444 -0.706996
vn -0.454631 0.541725 -0.706997
vn -0.584588 0.398581 -0.706675
vn -0.584629 0.398547 -0.706660
vn -0.542008 0.454816 -0.706661
vn -0.644640 0.290845 -0.706999
vn -0.629331 0.322636 -0.707000
vn -0.648628 0.273412 -0.710301
vn -0.651989 0.274828 -0.706668
vn -0.442333 0.554679 -0.704750
vn -0.426967 0.563786 -0.706997
vn -0.398404 0.584320 -0.706997
vn -0.542019 0.454792 -0.706669
vn -0.612460 0.353604 -0.707006
vn -0.594057 0.383719 -0.707005
vn -0.621390 0.338386 -0.706661
vn -0.621375 0.338400 -0.706667
vn -0.618165 0.336652 -0.710308
vn -0.384914 0.595954 -0.704755
vn -0.368783 0.603456 -0.706994
vn -0.338241 0.621090 -0.706994
vn -0.494021 0.506511 -0.706675
vn -0.494040 0.506501 -0.706669
vn -0.574199 0.412862 -0.706994
vn -0.552935 0.440933 -0.706994
vn -0.584597 0.398587 -0.706664
vn -0.584605 0.398582 -0.706661
vn -0.581582 0.396521 -0.710305
vn -0.323649 0.631329 -0.704751
vn -0.306817 0.637199 -0.706994
vn -0.274703 0.651689 -0.706993
vn -0.441120 0.553196 -0.706673
vn -0.383881 0.594355 -0.706666
vn -0.441142 0.553187 -0.706666
vn -0.542029 0.454786 -0.706665
vn -0.530282 0.467930 -0.706996
vn -0.506252 0.493829 -0.706995
vn -0.542019 0.454792 -0.706669
vn -0.494040 0.506501 -0.706669
vn -0.539234 0.452441 -0.710298
vn -0.259190 0.660410 -0.704754
vn -0.241897 0.664566 -0.706992
vn -0.208426 0.675811 -0.706993
vn -0.383883 0.594352 -0.706667
vn -0.481033 0.518429 -0.706993
vn -0.454599 0.541757 -0.706993
vn -0.441127 0.553205 -0.706662
vn -0.491485 0.503907 -0.710296
vn -0.494031 0.506518 -0.706663
vn -0.192172 0.682922 -0.704760
vn -0.174541 0.685337 -0.706999
vn -0.140114 0.693196 -0.706999
vn -0.258492 0.658630 -0.706674
vn -0.322775 0.629624 -0.706676
vn -0.322802 0.629619 -0.706668
vn -0.427002 0.563760 -0.706997
vn -0.398419 0.584310 -0.706997
vn -0.438858 0.550339 -0.710303
vn -0.441134 0.553193 -0.706667
vn -0.123183 0.698670 -0.704759
vn -0.105411 0.699317 -0.706997
vn -0.070426 0.703701 -0.706997
vn -0.258488 0.658633 -0.706673
vn -0.368759 0.603466 -0.706998
vn -0.338242 0.621085 -0.706998
vn -0.381903 0.591282 -0.710307
vn -0.383883 0.594352 -0.706667
vn -0.322802 0.629619 -0.706668
vn -0.383886 0.594352 -0.706667
vn -0.053022 0.707465 -0.704756
vn -0.035229 0.706336 -0.706999
vn 0.000000 0.707215 -0.706999
vn -0.191658 0.681096 -0.706665
vn -0.191632 0.681096 -0.706672
vn -0.306837 0.637190 -0.706994
vn -0.274712 0.651685 -0.706994
vn -0.322800 0.629621 -0.706667
vn -0.321134 0.626372 -0.710304
vn 0.017683 0.709226 -0.704760
vn 0.035229 0.706338 -0.706997
vn 0.070410 0.703702 -0.706998
vn -0.122850 0.696801 -0.706665
vn -0.122854 0.696801 -0.706664
vn -0.258493 0.658637 -0.706668
vn -0.241870 0.664575 -0.706993
vn -0.208470 0.675796 -0.706993
vn -0.257161 0.655242 -0.710300
vn -0.258490 0.658637 -0.706669
vn 0.088230 0.703942 -0.704756
vn 0.105411 0.699319 -0.706994
vn 0.140115 0.693201 -0.706994
vn -0.052880 0.705566 -0.706668
vn -0.052889 0.705568 -0.706665
vn -0.191627 0.681102 -0.706668
vn -0.191634 0.681102 -0.706665
vn -0.174501 0.685351 -0.706996
vn -0.140145 0.693193 -0.706996
vn -0.190638 0.677590 -0.710302
vn 0.208468 0.675789 -0.707001
vn 0.157846 0.691668 -0.704755
vn 0.174540 0.685335 -0.707002
vn 0.017636 0.707327 -0.706667
vn 0.087993 0.702055 -0.706666
vn 0.017643 0.707324 -0.706669
vn -0.122868 0.696798 -0.706666
vn -0.122233 0.693202 -0.710303
vn -0.105405 0.699318 -0.706997
vn -0.070420 0.703702 -0.706997
vn -0.122849 0.696795 -0.706672
vn 0.241845 0.664582 -0.706995
vn 0.274703 0.651687 -0.706995
vn 0.225962 0.672497 -0.704761
vn 0.087976 0.702052 -0.706671
vn -0.035250 0.706336 -0.706998
vn 0.000000 0.707215 -0.706999
vn -0.052889 0.705569 -0.706665
vn -0.052599 0.701928 -0.710303
vn -0.052871 0.705564 -0.706671
vn 0.306876 0.637161 -0.707002
vn 0.338169 0.621119 -0.707003
vn 0.291774 0.646673 -0.704756
vn 0.157422 0.689812 -0.706666
vn 0.157440 0.689802 -0.706672
vn 0.035254 0.706338 -0.706997
vn 0.070420 0.703703 -0.706996
vn 0.017643 0.707326 -0.706667
vn 0.017544 0.703677 -0.710303
vn 0.017635 0.707329 -0.706665
vn 0.368785 0.603459 -0.706990
vn 0.398408 0.584326 -0.706990
vn 0.354748 0.614392 -0.704752
vn 0.225358 0.670699 -0.706666
vn 0.225362 0.670697 -0.706667
vn 0.087977 0.702058 -0.706664
vn 0.105405 0.699316 -0.706998
vn 0.140129 0.693194 -0.706998
vn 0.087987 0.702053 -0.706668
vn 0.087534 0.698433 -0.710302
vn 0.157442 0.689810 -0.706664
vn 0.427044 0.563727 -0.706998
vn 0.454551 0.541791 -0.706998
vn 0.414131 0.576037 -0.704753
vn 0.290996 0.644939 -0.706665
vn 0.290992 0.644942 -0.706664
vn 0.353797 0.612744 -0.706663
vn 0.174520 0.685345 -0.706997
vn 0.208446 0.675800 -0.706997
vn 0.157444 0.689811 -0.706663
vn 0.156631 0.686247 -0.710304
vn 0.481089 0.518367 -0.707000
vn 0.506209 0.493866 -0.707000
vn 0.469441 0.531932 -0.704751
vn 0.353792 0.612745 -0.706665
vn 0.225361 0.670694 -0.706670
vn 0.241867 0.664568 -0.707001
vn 0.274739 0.651665 -0.707001
vn 0.225341 0.670709 -0.706662
vn 0.224177 0.667243 -0.710304
vn 0.530324 0.467871 -0.707003
vn 0.552879 0.440989 -0.707003
vn 0.520064 0.482556 -0.704750
vn 0.413020 0.574492 -0.706664
vn 0.413020 0.574491 -0.706664
vn 0.306837 0.637189 -0.706994
vn 0.338209 0.621107 -0.706994
vn 0.290997 0.644934 -0.706669
vn 0.290994 0.644936 -0.706668
vn 0.289498 0.641613 -0.710298
vn 0.353791 0.612742 -0.706667
vn 0.574228 0.412826 -0.706991
vn 0.594117 0.383653 -0.706990
vn 0.565540 0.428356 -0.704753
vn 0.468177 0.530499 -0.706669
vn 0.518663 0.481256 -0.706669
vn 0.468168 0.530513 -0.706664
vn 0.368798 0.603446 -0.706994
vn 0.398382 0.584338 -0.706994
vn 0.351951 0.609588 -0.710305
vn 0.353774 0.612746 -0.706673
vn 0.612451 0.353636 -0.706998
vn 0.629297 0.322704 -0.706999
vn 0.605356 0.369944 -0.704760
vn 0.518656 0.481261 -0.706671
vn 0.413030 0.574473 -0.706674
vn 0.427044 0.563731 -0.706994
vn 0.454557 0.541790 -0.706995
vn 0.410903 0.571515 -0.710303
vn 0.413018 0.574489 -0.706667
vn 0.644649 0.290822 -0.707001
vn 0.658309 0.258418 -0.707001
vn 0.639187 0.307837 -0.704753
vn 0.564008 0.427211 -0.706672
vn 0.564013 0.427199 -0.706676
vn 0.518658 0.481262 -0.706669
vn 0.468164 0.530513 -0.706668
vn 0.481029 0.518425 -0.706999
vn 0.506291 0.493784 -0.706998
vn 0.465747 0.527774 -0.710306
vn 0.468165 0.530510 -0.706668
vn 0.670391 0.225240 -0.706996
vn 0.680776 0.191576 -0.706996
vn 0.666664 0.242649 -0.704756
vn 0.637468 0.307009 -0.706668
vn 0.603734 0.368953 -0.706668
vn 0.603741 0.368926 -0.706675
vn 0.518677 0.481251 -0.706662
vn 0.530236 0.467973 -0.707001
vn 0.552929 0.440928 -0.707002
vn 0.516000 0.478768 -0.710300
vn 0.687522 0.175048 -0.704750
vn 0.689505 0.157276 -0.706999
vn 0.696473 0.122799 -0.706998
vn 0.637469 0.307007 -0.706668
vn 0.561100 0.425011 -0.710305
vn 0.564016 0.427220 -0.706661
vn 0.574188 0.412854 -0.707007
vn 0.594093 0.383659 -0.707007
vn 0.564017 0.427218 -0.706661
vn 0.701724 0.088016 -0.706992
vn 0.705253 0.052743 -0.706991
vn 0.701521 0.105746 -0.704760
vn 0.708564 0.035336 -0.704761
vn 0.664879 0.241983 -0.706668
vn 0.664878 0.241999 -0.706664
vn 0.600625 0.367039 -0.710304
vn 0.603749 0.368931 -0.706666
vn 0.637470 0.307008 -0.706667
vn 0.612466 0.353608 -0.706998
vn 0.629333 0.322636 -0.706998
vn 0.603746 0.368946 -0.706661
vn 0.685670 0.174577 -0.706668
vn 0.685670 0.174591 -0.706664
vn 0.699641 0.105462 -0.706668
vn 0.637464 0.307015 -0.706670
vn 0.644655 0.290851 -0.706983
vn 0.658341 0.258384 -0.706983
vn 0.634182 0.305434 -0.710298
vn 0.706667 0.035258 -0.706667
vn 0.706673 0.035242 -0.706662
vn 0.699648 0.105447 -0.706663
vn 0.664882 0.241985 -0.706665
vn 0.664883 0.241969 -0.706670
vn 0.670387 0.225252 -0.706995
vn 0.680787 0.191538 -0.706995
vn 0.661464 0.240725 -0.710293
vn 0.685667 0.174590 -0.706668
vn 0.682133 0.173701 -0.710298
vn 0.689477 0.157402 -0.706997
vn 0.696476 0.122780 -0.706998
vn 0.685667 0.174601 -0.706665
vn 0.706667 0.035271 -0.706667
vn 0.706672 0.035258 -0.706663
vn 0.701709 0.087984 -0.707010
vn 0.705225 0.052857 -0.707010
vn 0.699649 0.105447 -0.706663
vn 0.699646 0.105433 -0.706667
vn 0.696039 0.104889 -0.710301
vn 0.703008 0.035088 -0.710316
vn 0.706997 0.017635 -0.706997
vn 0.706998 0.017564 -0.706998
vn 0.705252 -0.052746 -0.706992
vn 0.701724 -0.088011 -0.706992
vn 0.708564 -0.035336 -0.704761
vn 0.696473 -0.122799 -0.706998
vn 0.689505 -0.157276 -0.706999
vn 0.701521 -0.105746 -0.704760
vn 0.687521 -0.175052 -0.704749
vn 0.680777 -0.191576 -0.706995
vn 0.670392 -0.225241 -0.706994
vn 0.706667 -0.035258 -0.706667
vn 0.706673 -0.035242 -0.706662
vn 0.658310 -0.258419 -0.706999
vn 0.644651 -0.290822 -0.706999
vn 0.666665 -0.242649 -0.704754
vn 0.699641 -0.105462 -0.706668
vn 0.699648 -0.105447 -0.706663
vn 0.629297 -0.322704 -0.706999
vn 0.639191 -0.307831 -0.704752
vn 0.612451 -0.353636 -0.706998
vn 0.685667 -0.174590 -0.706668
vn 0.685672 -0.174581 -0.706665
vn 0.703008 -0.035088 -0.710316
vn 0.705225 -0.052857 -0.707010
vn 0.701709 -0.087984 -0.707010
vn 0.706667 -0.035271 -0.706667
vn 0.706672 -0.035258 -0.706663
vn 0.594117 -0.383653 -0.706990
vn 0.574228 -0.412826 -0.706991
vn 0.999689 0.024936 0.000000
vn 0.999689 0.024936 0.000000
vn 0.997215 0.074577 0.000000
vn 0.997215 0.074577 0.000000
vn 0.992225 0.124453 0.000000
vn 0.992225 0.124453 0.000000
vn 0.984810 0.173637 0.000000
vn 0.984810 0.173637 0.000000
vn 0.974958 0.222388 0.000000
vn 0.974958 0.222388 0.000000
vn 0.962611 0.270887 0.000000
vn 0.962611 0.270887 0.000000
vn 0.930849 0.365403 -0.000000
vn 0.947927 0.318488 0.000000
vn 0.947927 0.318488 0.000000
vn 0.930849 0.365403 0.000000
vn 0.911535 0.411222 0.000000
vn 0.911535 0.411222 0.000000
vn 0.889825 0.456303 0.000000
vn 0.889825 0.456303 0.000000
vn 0.866003 0.500040 0.000000
vn 0.840070 0.542478 -0.000000
vn 0.866003 0.500040 0.000000
vn 0.840070 0.542478 0.000000
vn 0.811949 0.583728 0.000000
vn 0.811949 0.583728 -0.000000
vn 0.781775 0.623561 0.000000
vn 0.781775 0.623561 0.000000
vn 0.749881 0.661573 0.000000
vn 0.749881 0.661573 0.000000
vn 0.715779 0.698327 0.000000
vn 0.715779 0.698327 0.000000
vn 0.680260 0.732971 0.000000
vn 0.680260 0.732971 -0.000000
vn 0.642734 0.766090 0.000000
vn 0.642734 0.766090 0.000000
vn 0.603838 0.797107 0.000000
vn 0.603838 0.797107 0.000000
vn 0.563340 0.826225 -0.000000
vn 0.563340 0.826225 0.000000
vn 0.478173 0.878266 -0.000000
vn 0.521455 0.853279 0.000000
vn 0.521455 0.853279 0.000000
vn 0.433925 0.900949 -0.000000
vn 0.478173 0.878266 -0.000000
vn 0.388427 0.921480 -0.000000
vn 0.433925 0.900949 0.000000
vn 0.341966 0.939712 -0.000000
vn 0.388427 0.921480 0.000000
vn 0.341966 0.939712 0.000000
vn 0.294775 0.955567 0.000000
vn 0.294775 0.955567 0.000000
vn 0.246800 0.969066 -0.000000
vn 0.246800 0.969066 0.000000
vn 0.198121 0.980178 0.000000
vn 0.198121 0.980178 0.000000
vn 0.099560 0.995032 -0.000000
vn 0.149050 0.988830 0.000000
vn 0.149050 0.988830 0.000000
vn 0.099560 0.995032 0.000000
vn 0.000000 1.000000 0.000000
vn 0.049813 0.998759 0.000000
vn 0.049813 0.998759 0.000000
vn -0.000000 1.000000 0.000000
vn -0.049813 0.998759 0.000000
vn -0.049813 0.998759 0.000000
vn -0.099582 0.995029 0.000000
vn -0.099582 0.995029 0.000000
vn -0.198121 0.980178 0.000000
vn -0.149050 0.988830 0.000000
vn -0.149050 0.988830 0.000000
vn -0.198121 0.980178 0.000000
vn -0.246800 0.969066 0.000000
vn -0.246800 0.969066 0.000000
vn -0.294711 0.955586 0.000000
vn -0.294711 0.955586 0.000000
vn -0.388427 0.921480 0.000000
vn -0.342039 0.939686 -0.000000
vn -0.342039 0.939686 0.000000
vn -0.388427 0.921480 0.000000
vn -0.433836 0.900992 0.000000
vn -0.433836 0.900992 0.000000
vn -0.521455 0.853279 0.000000
vn -0.478268 0.878214 0.000000
vn -0.478268 0.878214 0.000000
vn -0.521455 0.853279 0.000000
vn -0.603729 0.797190 0.000000
vn -0.563340 0.826225 0.000000
vn -0.563340 0.826225 0.000000
vn -0.642845 0.765996 0.000000
vn -0.603729 0.797190 -0.000000
vn -0.642845 0.765996 0.000000
vn -0.680147 0.733076 0.000000
vn -0.680147 0.733076 0.000000
vn -0.715892 0.698211 0.000000
vn -0.715892 0.698211 0.000000
vn -0.749768 0.661700 0.000000
vn -0.749768 0.661700 0.000000
vn -0.811842 0.583878 0.000000
vn -0.781885 0.623423 0.000000
vn -0.781885 0.623423 0.000000
vn -0.811842 0.583878 0.000000
vn -0.840070 0.542478 -0.000000
vn -0.840070 0.542478 0.000000
vn -0.866003 0.500040 0.000000
vn -0.866003 0.500040 0.000000
vn -0.889917 0.456123 0.000000
vn -0.889917 0.456123 0.000000
vn -0.911450 0.411411 0.000000
vn -0.911450 0.411411 0.000000
vn -0.930926 0.365207 0.000000
vn -0.930926 0.365207 0.000000
vn -0.947927 0.318488 0.000000
vn -0.947927 0.318488 -0.000000
vn -0.962611 0.270887 0.000000
vn -0.962611 0.270887 0.000000
vn -0.974909 0.222603 0.000000
vn -0.974909 0.222603 0.000000
vn -0.984810 0.173637 0.000000
vn -0.984810 0.173637 0.000000
vn -0.992253 0.124230 0.000000
vn -0.992253 0.124230 0.000000
vn -0.997198 0.074803 0.000000
vn -0.997198 0.074803 0.000000
vn -0.999689 0.024936 0.000000
vn -0.999689 0.024936 0.000000
vn -0.999689 -0.024936 -0.000000
vn -0.999689 -0.024936 0.000000
vn -0.997198 -0.074807 -0.000000
vn -0.997198 -0.074807 0.000000
vn -0.992254 -0.124223 -0.000000
vn -0.992254 -0.124223 0.000000
vn -0.984810 -0.173637 -0.000000
vn -0.974909 -0.222603 0.000000
vn -0.984810 -0.173637 0.000000
vn -0.974909 -0.222603 0.000000
vn -0.962611 -0.270887 -0.000000
vn -0.962611 -0.270887 0.000000
vn -0.947927 -0.318488 -0.000000
vn -0.930926 -0.365207 0.000000
vn -0.947927 -0.318488 0.000000
vn -0.930926 -0.365207 0.000000
vn -0.911450 -0.411411 -0.000000
vn -0.911450 -0.411411 0.000000
vn -0.889917 -0.456123 -0.000000
vn -0.889917 -0.456123 0.000000
vn -0.866003 -0.500040 -0.000000
vn -0.840070 -0.542478 0.000000
vn -0.866003 -0.500040 0.000000
vn -0.840070 -0.542478 0.000000
vn -0.811842 -0.583878 -0.000000
vn -0.811842 -0.583878 0.000000
vn -0.781885 -0.623423 -0.000000
vn -0.749768 -0.661700 0.000000
vn -0.781885 -0.623423 0.000000
vn -0.749768 -0.661700 -0.000000
vn -0.715892 -0.698211 -0.000000
vn -0.680147 -0.733076 0.000000
vn -0.715892 -0.698211 0.000000
vn -0.680147 -0.733076 0.000000
vn -0.642845 -0.765996 -0.000000
vn -0.642845 -0.765996 -0.000000
vn -0.603729 -0.797190 0.000000
vn -0.603729 -0.797190 -0.000000
vn -0.563302 -0.826251 0.000000
vn -0.563302 -0.826251 -0.000000
vn -0.478312 -0.878190 0.000000
vn -0.521455 -0.853279 0.000000
vn -0.521455 -0.853279 -0.000000
vn -0.433836 -0.900992 0.000000
vn -0.478312 -0.878190 0.000000
vn -0.388427 -0.921480 0.000000
vn -0.433836 -0.900992 0.000000
vn -0.388427 -0.921480 0.000000
vn -0.342039 -0.939686 -0.000000
vn -0.342039 -0.939686 0.000000
vn -0.294711 -0.955586 -0.000000
vn -0.294711 -0.955586 0.000000
vn -0.246747 -0.969080 -0.000000
vn -0.246747 -0.969080 0.000000
vn -0.198175 -0.980167 -0.000000
vn -0.198175 -0.980167 0.000000
vn -0.149050 -0.988830 -0.000000
vn -0.099582 -0.995029 0.000000
vn -0.149050 -0.988830 0.000000
vn -0.099582 -0.995029 0.000000
vn -0.049813 -0.998759 0.000000
vn -0.049813 -0.998759 0.000000
vn -0.000000 -1.000000 -0.000000
vn 0.000000 -1.000000 0.000000
vn 0.049813 -0.998759 0.000000
vn 0.099560 -0.995032 0.000000
vn 0.049813 -0.998759 0.000000
vn 0.099560 -0.995032 0.000000
vn 0.149050 -0.988830 0.000000
vn 0.149050 -0.988830 0.000000
vn 0.198175 -0.980167 0.000000
vn 0.246747 -0.969080 0.000000
vn 0.198175 -0.980167 0.000000
vn 0.246747 -0.969080 0.000000
vn 0.294775 -0.955567 -0.000000
vn 0.294775 -0.955567 0.000000
vn 0.388427 -0.921480 0.000000
vn 0.341966 -0.939712 0.000000
vn 0.341966 -0.939712 0.000000
vn 0.388427 -0.921480 0.000000
vn 0.478217 -0.878242 0.000000
vn 0.433925 -0.900949 0.000000
vn 0.433925 -0.900949 0.000000
vn 0.478217 -0.878242 0.000000
vn 0.521455 -0.853279 0.000000
vn 0.521455 -0.853279 0.000000
vn 0.563302 -0.826251 0.000000
vn 0.563302 -0.826251 0.000000
vn 0.603838 -0.797107 0.000000
vn 0.603838 -0.797107 0.000000
vn 0.642734 -0.766090 0.000000
vn 0.642734 -0.766090 0.000000
vn 0.715779 -0.698327 0.000000
vn 0.680260 -0.732971 0.000000
vn 0.680260 -0.732971 0.000000
vn 0.715779 -0.698327 0.000000
vn 0.749881 -0.661573 0.000000
vn 0.749881 -0.661573 0.000000
vn 0.781775 -0.623561 0.000000
vn 0.811949 -0.583728 0.000000
vn 0.781775 -0.623561 0.000000
vn 0.811949 -0.583728 0.000000
vn 0.840070 -0.542478 0.000000
vn 0.866003 -0.500040 0.000000
vn 0.840070 -0.542478 -0.000000
vn 0.866003 -0.500040 0.000000
vn 0.889825 -0.456303 0.000000
vn 0.889825 -0.456303 0.000000
vn 0.911535 -0.411222 0.000000
vn 0.911535 -0.411222 0.000000
vn 0.930849 -0.365403 0.000000
vn 0.930849 -0.365403 0.000000
vn 0.947927 -0.318488 -0.000000
vn 0.947927 -0.318488 0.000000
vn 0.962611 -0.270887 0.000000
vn 0.962611 -0.270887 0.000000
vn 0.974958 -0.222388 -0.000000
vn 0.974958 -0.222388 0.000000
vn 0.992226 -0.124446 0.000000
vn 0.984810 -0.173637 0.000000
vn 0.984810 -0.173637 0.000000
vn 0.997215 -0.074581 0.000000
vn 0.992226 -0.124446 0.000000
vn 0.997215 -0.074581 0.000000
vn 0.999689 -0.024936 0.000000
vn 0.999689 -0.024936 0.000000
vn 0.000000 -1.000000 -0.000000
vn -0.000000 -1.000000 0.000000
vn 0.000000 -1.000000 0.000000
vn -0.000000 -1.000000 -0.000000
vn 0.000000 -1.000000 0.000000
vn 0.000000 -1.000000 0.000000
vn 0.000000 -1.000000 -0.000000
vn -0.000000 -1.000000 0.000000
vn 0.000000 0.000000 1.000000
vn 0.000000 -0.000000 1.000000
vn 0.000000 0.000000 1.000000
vn 0.000000 -0.000000 1.000000
vn 0.000000 0.000000 1.000000
vn 0.000000 -0.000000 1.000000
vn 0.000000 0.000000 1.000000
vn 0.000000 -0.000000 1.000000
vn 0.000000 0.000000 1.000000
vn 0.000000 -0.000000 1.000000
vn 0.000000 0.000000 1.000000
vn 0.000000 -0.000000 1.000000
vn 0.000000 0.000000 1.000000
vn 0.000000 -0.000000 1.000000
vn 0.000000 0.000000 1.000000
vn 0.000000 -0.000000 1.000000
vn 0.000000 0.000000 1.000000
vn 0.000000 -0.000000 1.000000
vn 0.000000 0.000000 1.000000
vn 0.000000 -0.000000 1.000000
vn 0.000000 0.000000 1.000000
vn 0.000000 -0.000000 1.000000
vn 0.000000 0.000000 1.000000
vn 0.000000 -0.000000 1.000000
vn 0.000000 0.000000 1.000000
vn 0.000000 -0.000000 1.000000
vn 0.000000 0.000000 1.000000
vn 0.000000 -0.000000 1.000000
vn 0.000000 0.000000 1.000000
vn 0.000000 -0.000000 1.000000
vn 0.000000 0.000000 1.000000
vn 0.000000 -0.000000 1.000000
vn 0.000000 0.000000 1.000000
vn -0.000000 -0.000000 1.000000
vn 0.000000 0.000000 1.000000
vn -0.000000 -0.000000 1.000000
vn 0.000000 0.000000 1.000000
vn -0.000000 -0.000000 1.000000
vn 0.000000 0.000000 1.000000
vn -0.000000 -0.000000 1.000000
vn 0.000000 0.000000 1.000000
vn -0.000000 -0.000000 1.000000
vn 0.000000 0.000000 1.000000
vn 0.000000 0.000000 1.000000
vn 0.000000 0.000000 1.000000
vn 0.000000 -0.000000 1.000000
vn 0.000000 -0.000000 1.000000
vn 0.000000 -0.000000 1.000000
vn 0.000000 -0.000000 1.000000
vn 0.000000 -0.000000 1.000000
vn 0.000000 -0.000000 1.000000
vn 0.000000 -0.000000 1.000000
vn 0.000000 -0.000000 1.000000
vn 0.000000 -0.000000 1.000000
vn 0.000000 -0.000000 1.000000
vn 0.000000 -0.000000 1.000000
vn 0.000000 -0.000000 1.000000
vn 0.000000 -0.000000 1.000000
vn 0.000000 -0.000000 1.000000
vn 0.000000 -0.000000 1.000000
vn 0.000000 0.000000 1.000000
vn 0.000000 0.000000 1.000000
vn 0.000000 0.000000 1.000000
vn 0.000000 0.000000 1.000000
vn 0.000000 0.000000 1.000000
vn 0.000000 0.000000 1.000000
vn 0.000000 0.000000 1.000000
vn 0.000000 0.000000 1.000000
vn 0.000000 0.000000 1.000000
vn 0.000000 0.000000 1.000000
vn 0.000000 0.000000 1.000000
vn 0.000000 0.000000 1.000000
vn 0.000000 0.000000 1.000000
vn 0.000000 0.000000 1.000000
vn 0.000000 0.000000 1.000000
vn 0.000000 0.000000 1.000000
vn 0.000000 0.000000 1.000000
vn 0.000000 0.000000 1.000000
vn 0.000000 0.000000 1.000000
vn 0.000000 0.000000 1.000000
vn 0.000000 0.000000 1.000000
vn 0.000000 0.000000 1.000000
vn 0.000000 0.000000 1.000000
vn 0.000000 0.000000 1.000000
vn 0.000000 0.000000 1.000000
vn 0.000000 0.000000 1.000000
vn 0.000000 0.000000 1.000000
vn 0.000000 0.000000 1.000000
vn 0.000000 0.000000 1.000000
vn 0.000000 0.000000 1.000000
vn 0.000000 0.000000 1.000000
vn 0.000000 0.000000 1.000000
vn 0.000000 0.000000 1.000000
vn 0.000000 0.000000 1.000000
vn 0.000000 0.000000 1.000000
vn 0.000000 0.000000 1.000000
vn 0.000000 0.000000 1.000000
vn 0.000000 0.000000 1.000000
vn 0.000000 0.000000 1.000000
vn 0.000000 0.000000 1.000000
vn 0.000000 0.000000 1.000000
vn 0.000000 0.000000 1.000000
vn 0.000000 0.000000 1.000000
vn 0.000000 0.000000 1.000000
vn 0.000000 0.000000 1.000000
vn 0.000000 0.000000 1.000000
vn 0.000000 0.000000 1.000000
vn 0.000000 0.000000 1.000000
vn 0.000000 0.000000 1.000000
vn 0.000000 0.000000 1.000000
vn 0.000000 0.000000 1.000000
vn 0.000000 0.000000 1.000000
vn 0.000000 0.000000 1.000000
vn 0.000000 0.000000 1.000000
vn 0.000000 0.000000 1.000000
vn 0.000000 0.000000 1.000000
vn 0.000000 0.000000 1.000000
vn 0.000000 0.000000 1.000000
vn 0.000000 0.000000 1.000000
vn 0.000000 0.000000 1.000000
vn 0.000000 0.000000 1.000000
vn 0.000000 0.000000 1.000000
vn 0.000000 0.000000 1.000000
vn 0.000000 0.000000 1.000000
vn 0.000000 0.000000 1.000000
vn 0.000000 0.000000 1.000000
vn 0.000000 0.000000 1.000000
vn 0.000000 0.000000 1.000000
vn 0.000000 0.000000 1.000000
vn 0.000000 0.000000 1.000000
vn 0.000000 0.000000 1.000000
vn 0.000000 0.000000 1.000000
vn 0.000000 0.000000 1.000000
vn 0.000000 0.000000 1.000000
vn 0.000000 0.000000 1.000000
vn 0.000000 0.000000 1.000000
vn 0.000000 0.000000 1.000000
vn 0.000000 0.000000 1.000000
vn 0.000000 0.000000 1.000000
vn 0.000000 0.000000 1.000000
vn 0.000000 0.000000 1.000000
vn 0.000000 0.000000 1.000000
vn 0.000000 0.000000 1.000000
vn 0.000000 0.000000 1.000000
vn 0.000000 0.000000 1.000000
vn 0.000000 0.000000 1.000000
vn 0.000000 0.000000 1.000000
vn 0.000000 0.000000 1.000000
vn 0.000000 0.000000 1.000000
vn 0.000000 0.000000 1.000000
vn 0.000000 0.000000 1.000000
vn 0.000000 0.000000 1.000000
vn 0.000000 0.000000 1.000000
vn 0.000000 0.000000 1.000000
vn 0.000000 0.000000 1.000000
vn -0.000000 0.000000 1.000000
vn -0.000000 0.000000 1.000000
vn -0.000000 0.000000 1.000000
vn -0.000000 0.000000 1.000000
vn -0.000000 0.000000 1.000000
vn -0.000000 0.000000 1.000000
vn -0.000000 0.000000 1.000000
vn -0.000000 0.000000 1.000000
vn -0.000000 0.000000 1.000000
vn -0.000000 0.000000 1.000000
vn -0.000000 0.000000 1.000000
vn -0.000000 0.000000 1.000000
vn -0.000000 0.000000 1.000000
vn -0.000000 0.000000 1.000000
vn -0.000000 0.000000 1.000000
vn -0.000000 0.000000 1.000000
vn -0.000000 0.000000 1.000000
vn -0.000000 0.000000 1.000000
vn -0.000000 0.000000 1.000000
vn -0.000000 0.000000 1.000000
vn -0.000000 0.000000 1.000000
vn -0.000000 0.000000 1.000000
vn -0.000000 0.000000 1.000000
vn -0.000000 0.000000 1.000000
vn -0.000000 0.000000 1.000000
vn -0.000000 0.000000 1.000000
vn -0.000000 0.000000 1.000000
vn -0.000000 0.000000 1.000000
vn -0.000000 0.000000 1.000000
vn -0.000000 0.000000 1.000000
vn -0.000000 0.000000 1.000000
vn -0.000000 0.000000 1.000000
vn -0.000000 0.000000 1.000000
vn 0.000000 0.000000 1.000000
vn 0.000000 0.000000 1.000000
vn 0.000000 0.000000 1.000000
vn 0.000000 0.000000 1.000000
vn 0.000000 0.000000 1.000000
vn 0.000000 0.000000 1.000000
vn 0.000000 0.000000 1.000000
vn 0.000000 0.000000 1.000000
vn 0.000000 0.000000 1.000000
vn 0.000000 0.000000 1.000000
vn 0.000000 0.000000 1.000000
vn 0.000000 0.000000 1.000000
vn 0.000000 0.000000 1.000000
vn 0.000000 0.000000 1.000000
vn 0.000000 0.000000 1.000000
vn 0.000000 0.000000 1.000000
vn 0.000000 0.000000 1.000000
vn 0.000000 0.000000 1.000000
vn 0.000000 0.000000 1.000000
vn 0.000000 0.000000 1.000000
vn 0.000000 0.000000 1.000000
vn 0.000000 0.000000 1.000000
vn 0.000000 0.000000 1.000000
vn 0.000000 0.000000 1.000000
vn 0.000000 0.000000 1.000000
vn 0.000000 0.000000 1.000000
vn 0.000000 0.000000 1.000000
vn 0.000000 0.000000 1.000000
vn 0.000000 0.000000 1.000000
vn 0.000000 0.000000 1.000000
vn 0.000000 0.000000 1.000000
vn 0.000000 0.000000 1.000000
vn 0.000000 0.000000 1.000000
vn 0.000000 0.000000 1.000000
vn 0.000000 0.000000 1.000000
vn 0.000000 0.000000 1.000000
vn 0.000000 0.000000 1.000000
vn 0.000000 0.000000 1.000000
vn 0.000000 0.000000 1.000000
vn 0.000000 0.000000 1.000000
vn 0.000000 0.000000 1.000000
vn 0.000000 0.000000 1.000000
vn 0.000000 0.000000 1.000000
vn 0.000000 0.000000 1.000000
vn 0.000000 0.000000 1.000000
vn 0.000000 0.000000 1.000000
vn 0.000000 0.000000 1.000000
vn -0.000000 -0.000000 1.000000
vn -0.000000 -0.000000 1.000000
vn -0.000000 -0.000000 1.000000
vn -0.000000 -0.000000 1.000000
vn -0.000000 -0.000000 1.000000
vn -0.000000 -0.000000 1.000000
vn -0.000000 -0.000000 1.000000
vn -0.000000 -0.000000 1.000000
vn -0.000000 -0.000000 1.000000
vn -0.000000 -0.000000 1.000000
vn -0.000000 -0.000000 1.000000
vn -0.000000 -0.000000 1.000000
vn -0.000000 -0.000000 1.000000
vn -0.000000 -0.000000 1.000000
vn -0.000000 -0.000000 1.000000
vn -0.000000 0.000000 1.000000
vn -0.000000 0.000000 1.000000
vn -0.000000 0.000000 1.000000
vn -0.000000 0.000000 1.000000
vn -0.000000 0.000000 1.000000
vn -0.000000 0.000000 1.000000
vn -0.000000 0.000000 1.000000
vn -0.000000 0.000000 1.000000
vn -0.000000 0.000000 1.000000
vn -0.000000 0.000000 1.000000
vn -0.000000 0.000000 1.000000
vn -0.000000 0.000000 1.000000
vn -0.000000 0.000000 1.000000
vn -0.000000 0.000000 1.000000
vn -0.000000 0.000000 1.000000
vn -0.000000 0.000000 1.000000
vn -0.000000 0.000000 1.000000
vn 0.000000 0.000000 1.000000
vn -0.000000 0.000000 1.000000
vn 0.000000 0.000000 1.000000
vn -0.000000 0.000000 1.000000
vn 0.000000 -0.000000 1.000000
vn 0.000000 -0.000000 1.000000
vn 0.000000 0.000000 1.000000
vn 0.000000 0.000000 1.000000
vn 0.000000 0.000000 1.000000
vn 0.000000 -0.000000 1.000000
vn 0.000000 -0.000000 1.000000
vn 0.000000 0.000000 1.000000
vn 0.000000 0.000000 1.000000
vn 0.000000 0.000000 1.000000
vn 0.000000 -0.000000 1.000000
vn 0.000000 0.000000 1.000000
vn 0.000000 0.000000 1.000000
vn 0.000000 0.000000 1.000000
vn 0.000000 0.000000 1.000000
vn 0.000000 0.000000 1.000000
vn 0.000000 -0.000000 1.000000
vn 0.000000 -0.000000 1.000000
vn 0.000000 -0.000000 1.000000
vn 0.000000 0.000000 1.000000
vn 0.000000 0.000000 1.000000
vn 0.000000 0.000000 1.000000
vn 0.000000 -0.000000 1.000000
vn 0.000000 -0.000000 1.000000
vn 0.000000 0.000000 1.000000
vn 0.000000 -0.000000 1.000000
vn 0.000000 -0.000000 1.000000
vn 0.000000 0.000000 1.000000
vn 0.000000 0.000000 1.000000
vn 0.000000 0.000000 1.000000
vn 0.000000 -0.000000 1.000000
vn 0.000000 0.000000 1.000000
vn -0.000000 0.000000 1.000000
vn -0.000000 0.000000 1.000000
vn -0.000000 0.000000 1.000000
vn -0.000000 0.000000 1.000000
vn -0.000000 0.000000 1.000000
vn -0.000000 0.000000 1.000000
vn -0.000000 0.000000 1.000000
vn -0.000000 0.000000 1.000000
vn -0.000000 0.000000 1.000000
vn -0.000000 0.000000 1.000000
vn -0.000000 0.000000 1.000000
vn 0.000000 0.000000 1.000000
vn 0.000000 0.000000 1.000000
vn 0.000000 0.000000 1.000000
vn 0.000000 0.000000 1.000000
vn 0.000000 0.000000 1.000000
vn 0.000000 0.000000 1.000000
vn 0.000000 0.000000 1.000000
vn 0.000000 0.000000 1.000000
vn 0.000000 0.000000 1.000000
vn 0.000000 0.000000 1.000000
vn 0.000000 0.000000 1.000000
vn 0.000000 0.000000 1.000000
vn 0.000000 -1.000000 0.000000
vn -0.000000 -1.000000 0.000000
vn 0.000000 -1.000000 0.000000
vn 0.000000 -1.000000 0.000000
vn 0.000000 -1.000000 0.000000
vn -0.000000 -1.000000 0.000000
vn 0.000000 -1.000000 0.000000
vn 0.000000 -1.000000 0.000000
vn -0.000000 -1.000000 0.000000
vn -0.000000 -1.000000 0.000000
vn 0.000000 -1.000000 0.000000
vn 0.000000 -1.000000 0.000000
vn 0.000000 -1.000000 0.000000
vn 0.000000 -1.000000 0.000000
vn 0.000000 -1.000000 0.000000
vn -0.000000 -1.000000 0.000000
vn -0.000000 -1.000000 0.000000
vn 0.000000 -1.000000 0.000000
vn 0.000000 -1.000000 0.000000
vn 0.000000 -1.000000 0.000000
vn 0.000000 -1.000000 0.000000
vn 0.000000 -1.000000 0.000000
vn -0.000000 -1.000000 0.000000
vn 0.000000 -1.000000 0.000000
vn -0.000000 -1.000000 0.000000
vn 0.000000 -1.000000 0.000000
vn -0.000000 -1.000000 0.000000
vn 0.000000 -1.000000 0.000000
vn 0.000000 -1.000000 0.000000
vn 0.000000 -1.000000 0.000000
vn -0.000000 -1.000000 0.000000
vn 0.000000 -1.000000 0.000000
vn 0.000000 -1.000000 0.000000
vn -0.000000 -1.000000 0.000000
vn 0.000000 -1.000000 0.000000
vn 0.000000 -1.000000 0.000000
vn -0.000000 -1.000000 0.000000
vn 0.000000 -1.000000 0.000000
vn 0.000000 -1.000000 0.000000
vn -0.000000 -1.000000 0.000000
vn 0.000000 -1.000000 0.000000
vn -0.000000 -1.000000 0.000000
vn 0.000000 -1.000000 0.000000
vn 0.000000 -1.000000 0.000000
vn 0.000000 -1.000000 0.000000
vn -0.000000 -1.000000 0.000000
vn 0.000000 -1.000000 0.000000
vn 0.000000 -1.000000 0.000000
vn -0.000000 -1.000000 0.000000
vn 0.000000 -1.000000 0.000000
vn 0.000000 -1.000000 0.000000
vn 0.000000 -1.000000 0.000000
vn 0.000000 -1.000000 0.000000
vn 0.000000 -1.000000 0.000000
vn -0.000000 -1.000000 0.000000
vn -0.000000 -1.000000 0.000000
vn 0.000000 -1.000000 0.000000
vn -0.000000 -1.000000 0.000000
vn 0.000000 -1.000000 0.000000
vn -0.000000 -1.000000 0.000000
vn 0.000000 -1.000000 0.000000
vn -0.000000 -1.000000 0.000000
vn 0.000000 -1.000000 0.000000
vn 0.000000 -1.000000 0.000000
vn -0.000000 -1.000000 0.000000
vn 0.000000 -1.000000 0.000000
vn 0.000000 -1.000000 0.000000
vn 0.000000 -1.000000 0.000000
vn 0.000000 -1.000000 0.000000
vn 0.000000 -1.000000 0.000000
vn -0.000000 -1.000000 0.000000
vn 0.000000 -1.000000 0.000000
vn 0.000000 -1.000000 0.000000
vn -0.000000 -1.000000 0.000000
vn 0.000000 -1.000000 0.000000
vn -0.000000 -1.000000 0.000000
vn 0.000000 -1.000000 0.000000
vn 0.000000 -1.000000 0.000000
vn 0.000000 -1.000000 0.000000
vn 0.000000 -1.000000 0.000000
vn 0.000000 -1.000000 0.000000
vn 0.000000 -1.000000 0.000000
vn 0.000000 -1.000000 0.000000
vn 0.000000 -1.000000 0.000000
vn 0.000000 -1.000000 0.000000
vn 0.000000 -1.000000 0.000000
vn 0.000000 -1.000000 0.000000
vn 0.000000 -1.000000 0.000000
vn -0.000000 -1.000000 0.000000
vn -0.000000 -1.000000 0.000000
vn 0.000000 -1.000000 0.000000
vn 0.000000 -1.000000 0.000000
vn -0.000000 -1.000000 0.000000
vn 0.000000 -1.000000 0.000000
vn 0.000000 -1.000000 0.000000
vn 0.000000 -1.000000 0.000000
vn 0.000000 -1.000000 0.000000
vn 0.000000 -1.000000 0.000000
vn 0.000000 -1.000000 0.000000
vn 0.000000 -1.000000 0.000000
vn 0.000000 -1.000000 0.000000
vn 0.000000 -1.000000 0.000000
vn 0.000000 -1.000000 0.000000
vn 0.000000 -1.000000 0.000000
vn 0.000000 -1.000000 0.000000
vn -0.000000 -1.000000 0.000000
vn 0.000000 -1.000000 0.000000
vn 0.000000 -1.000000 0.000000
vn 0.000000 -1.000000 0.000000
vn 0.000000 -1.000000 0.000000
vn 0.000000 -1.000000 0.000000
vn 0.000000 -1.000000 0.000000
vn 0.000000 -1.000000 0.000000
vn 0.000000 1.000000 0.000000
vn 0.000000 1.000000 0.000000
vn 0.000000 1.000000 0.000000
vn 0.000000 1.000000 -0.000000
vn 0.000000 1.000000 0.000000
vn 0.000000 1.000000 0.000000
vn 0.000000 1.000000 0.000000
vn -0.000000 1.000000 0.000000
vn 0.000000 1.000000 0.000000
vn 0.000000 1.000000 0.000000
vn 0.000000 1.000000 0.000000
vn -0.000000 1.000000 0.000000
vn -0.000000 1.000000 0.000000
vn 0.000000 1.000000 0.000000
vn 0.000000 1.000000 0.000000
vn 0.000000 1.000000 0.000000
vn 0.000000 1.000000 0.000000
vn 0.000000 1.000000 0.000000
vn 0.000000 1.000000 0.000000
vn -0.000000 1.000000 0.000000
vn 0.000000 1.000000 0.000000
vn 0.000000 1.000000 0.000000
vn 0.000000 1.000000 0.000000
vn 0.000000 1.000000 0.000000
vn 0.000000 1.000000 0.000000
vn 0.000000 1.000000 0.000000
vn 0.000000 1.000000 0.000000
vn -0.000000 1.000000 0.000000
vn 0.000000 1.000000 0.000000
vn -0.000000 1.000000 0.000000
vn 0.000000 1.000000 0.000000
vn -0.000000 1.000000 0.000000
vn 0.000000 1.000000 0.000000
vn 0.000000 1.000000 0.000000
vn 0.000000 1.000000 0.000000
vn 0.000000 1.000000 0.000000
vn 0.000000 1.000000 0.000000
vn -0.000000 1.000000 0.000000
vn 0.000000 1.000000 0.000000
vn 0.000000 1.000000 0.000000
vn 0.000000 1.000000 0.000000
vn 0.000000 1.000000 0.000000
vn 0.000000 1.000000 0.000000
vn 0.000000 1.000000 0.000000
vn -0.000000 1.000000 0.000000
vn 0.000000 1.000000 0.000000
vn 0.000000 1.000000 0.000000
vn 0.000000 1.000000 0.000000
vn 0.000000 1.000000 0.000000
vn 0.000000 1.000000 0.000000
vn -0.000000 1.000000 0.000000
vn 0.000000 1.000000 0.000000
vn 0.000000 1.000000 0.000000
vn 0.000000 1.000000 0.000000
vn 0.000000 1.000000 0.000000
vn 0.000000 1.000000 0.000000
vn 0.000000 1.000000 0.000000
vn 0.000000 1.000000 0.000000
vn 0.000000 1.000000 0.000000
vn 0.000000 1.000000 0.000000
vn -0.000000 1.000000 0.000000
vn 0.000000 1.000000 0.000000
vn 0.000000 1.000000 0.000000
vn 0.000000 1.000000 0.000000
vn 0.000000 1.000000 0.000000
vn 0.000000 1.000000 0.000000
vn -0.000000 1.000000 0.000000
vn 0.000000 1.000000 0.000000
vn 0.000000 1.000000 0.000000
vn 0.000000 1.000000 0.000000
vn 0.000000 1.000000 0.000000
vn 0.000000 1.000000 0.000000
vn 0.000000 1.000000 0.000000
vn 0.000000 1.000000 0.000000
vn 0.000000 1.000000 0.000000
vn 0.000000 1.000000 0.000000
vn -0.000000 1.000000 0.000000
vn 0.000000 1.000000 0.000000
vn 0.000000 1.000000 0.000000
vn -0.000000 1.000000 0.000000
vn 0.000000 1.000000 0.000000
vn 0.000000 1.000000 0.000000
vn 0.000000 1.000000 0.000000
vn 0.000000 1.000000 0.000000
vn 0.000000 1.000000 0.000000
vn 0.000000 1.000000 0.000000
vn 0.000000 1.000000 0.000000
vn 0.000000 1.000000 0.000000
vn 0.000000 1.000000 0.000000
vn 0.000000 1.000000 0.000000
vn 0.000000 1.000000 0.000000
vn 0.000000 1.000000 0.000000
vn 0.000000 1.000000 0.000000
vn 0.000000 1.000000 0.000000
vn 0.000000 1.000000 0.000000
vn 0.000000 1.000000 0.000000
vn 0.000000 1.000000 0.000000
vn 0.000000 1.000000 0.000000
vn 0.000000 1.000000 0.000000
vn 0.000000 1.000000 0.000000
vn 0.000000 1.000000 0.000000
vn 0.000000 1.000000 0.000000
vn 0.000000 1.000000 0.000000
vn 0.000000 1.000000 0.000000
vn 0.000000 1.000000 0.000000
vn 0.000000 1.000000 0.000000
vn 0.000000 1.000000 0.000000
vn 0.000000 1.000000 0.000000
vn -0.000000 1.000000 0.000000
vn 0.000000 1.000000 0.000000
vn 0.000000 1.000000 0.000000
vn 0.000000 1.000000 0.000000
vn 0.000000 1.000000 0.000000
vn 0.000000 1.000000 0.000000
vn 0.000000 1.000000 0.000000
vn 0.032687 -0.999466 0.000000
vn 0.032687 -0.999466 -0.000000
vn 0.097931 -0.995193 0.000000
vn 0.097931 -0.995193 0.000000
vn 0.162744 -0.986668 0.000000
vn 0.162744 -0.986668 0.000000
vn 0.226879 -0.973923 -0.000000
vn 0.226879 -0.973923 0.000000
vn 0.290025 -0.957019 0.000000
vn 0.290025 -0.957019 -0.000000
vn 0.351942 -0.936022 0.000000
vn 0.351942 -0.936022 0.000000
vn 0.409368 -0.912369 -0.000000
vn 0.409368 -0.912369 0.000000
vn 0.459723 -0.888062 -0.000000
vn 0.459723 -0.888062 0.000000
vn 0.506085 -0.862484 0.000000
vn 0.506085 -0.862484 0.000000
vn 0.551041 -0.834478 0.000000
vn 0.551041 -0.834478 0.000000
vn 0.594439 -0.804141 -0.000000
vn 0.594439 -0.804141 0.000000
vn 0.636181 -0.771540 -0.000000
vn 0.636181 -0.771540 0.000000
vn 0.669239 -0.743048 0.000000
vn 0.669239 -0.743048 0.000000
vn 0.694353 -0.719634 0.000000
vn 0.694353 -0.719634 0.000000
vn 0.714138 -0.700004 -0.000000
vn 0.714139 -0.700005 0.000000
vn 0.728982 -0.684533 -0.000000
vn 0.728982 -0.684533 0.000000
vn 0.746255 -0.665660 -0.000000
vn 0.746255 -0.665660 0.000000
vn 0.765706 -0.643191 -0.000000
vn 0.765706 -0.643191 0.000000
vn 0.784479 -0.620156 0.000000
vn 0.784479 -0.620156 0.000000
vn 0.802579 -0.596545 -0.000000
vn 0.802579 -0.596545 0.000000
vn 0.819943 -0.572446 0.000000
vn 0.819943 -0.572446 0.000000
vn 0.836610 -0.547800 0.000000
vn 0.836610 -0.547800 -0.000000
vn 0.852523 -0.522690 0.000000
vn 0.852523 -0.522690 0.000000
vn 0.867679 -0.497125 0.000000
vn 0.867679 -0.497125 0.000000
vn 0.882078 -0.471103 -0.000000
vn 0.882078 -0.471103 0.000000
vn 0.895691 -0.444676 -0.000000
vn 0.895691 -0.444676 0.000000
vn 0.908510 -0.417864 0.000000
vn 0.908510 -0.417864 0.000000
vn 0.931736 -0.363137 0.000000
vn 0.920532 -0.390668 -0.000000
vn 0.920532 -0.390668 0.000000
vn 0.942123 -0.335268 0.000000
vn 0.931736 -0.363137 0.000000
vn 0.942123 -0.335268 -0.000000
vn 0.951669 -0.307125 0.000000
vn 0.951669 -0.307125 -0.000000
vn 0.960379 -0.278698 0.000000
vn 0.960379 -0.278698 -0.000000
vn 0.968239 -0.250028 0.000000
vn 0.975243 -0.221137 0.000000
vn 0.968239 -0.250028 -0.000000
vn 0.975243 -0.221137 0.000000
vn 0.981387 -0.192038 0.000000
vn 0.986660 -0.162792 0.000000
vn 0.981387 -0.192038 -0.000000
vn 0.986660 -0.162792 0.000000
vn 0.991064 -0.133385 -0.000000
vn 0.991064 -0.133385 0.000000
vn 0.994591 -0.103871 -0.000000
vn 0.994591 -0.103871 0.000000
vn 0.999006 -0.044576 0.000000
vn 0.997239 -0.074256 -0.000000
vn 0.997239 -0.074256 0.000000
vn 0.999889 -0.014872 0.000000
vn 0.999006 -0.044576 0.000000
vn 0.999889 -0.014872 -0.000000
vn 0.024544 -0.999699 0.000000
vn 0.024544 -0.999699 -0.000000
vn 0.073570 -0.997290 0.000000
vn 0.122409 -0.992480 0.000000
vn 0.073570 -0.997290 0.000000
vn 0.122409 -0.992480 -0.000000
vn 0.170954 -0.985279 -0.000000
vn 0.219107 -0.975701 0.000000
vn 0.170954 -0.985279 0.000000
vn 0.219107 -0.975701 -0.000000
vn 0.266705 -0.963778 -0.000000
vn 0.266705 -0.963778 0.000000
vn 0.313680 -0.949529 -0.000000
vn 0.313680 -0.949529 0.000000
vn 0.359905 -0.932989 -0.000000
vn 0.405233 -0.914214 0.000000
vn 0.359905 -0.932989 0.000000
vn 0.405233 -0.914214 0.000000
vn 0.449612 -0.893224 0.000000
vn 0.449612 -0.893224 0.000000
vn 0.492901 -0.870085 -0.000000
vn 0.492901 -0.870085 0.000000
vn 0.534994 -0.844856 -0.000000
vn 0.575811 -0.817583 0.000000
vn 0.534994 -0.844856 0.000000
vn 0.575811 -0.817583 -0.000000
vn 0.615232 -0.788346 0.000000
vn 0.615232 -0.788346 0.000000
vn 0.653177 -0.757205 0.000000
vn 0.653177 -0.757205 0.000000
vn 0.689535 -0.724253 -0.000000
vn 0.689535 -0.724253 0.000000
vn 0.724245 -0.689543 -0.000000
vn 0.724245 -0.689543 0.000000
vn 0.757213 -0.653169 0.000000
vn 0.788346 -0.615232 0.000000
vn 0.757213 -0.653169 0.000000
vn 0.788346 -0.615232 0.000000
vn 0.817586 -0.575806 0.000000
vn 0.817586 -0.575806 0.000000
vn 0.844850 -0.535003 -0.000000
vn 0.870090 -0.492892 0.000000
vn 0.844850 -0.535003 0.000000
vn 0.870090 -0.492892 -0.000000
vn 0.893224 -0.449612 0.000000
vn 0.914207 -0.405248 0.000000
vn 0.893224 -0.449612 0.000000
vn 0.914207 -0.405248 0.000000
vn 0.932995 -0.359889 0.000000
vn 0.932995 -0.359889 0.000000
vn 0.949529 -0.313680 -0.000000
vn 0.949529 -0.313680 0.000000
vn 0.963776 -0.266712 0.000000
vn 0.963776 -0.266712 0.000000
vn 0.975700 -0.219109 0.000000
vn 0.975700 -0.219109 0.000000
vn 0.985278 -0.170959 -0.000000
vn 0.985278 -0.170959 0.000000
vn 0.992480 -0.122410 -0.000000
vn 0.992480 -0.122410 0.000000
vn 0.997291 -0.073562 -0.000000
vn 0.997291 -0.073562 0.000000
vn 0.999699 -0.024544 -0.000000
vn 0.999699 -0.024544 0.000000
vn 0.024544 -0.999699 0.000000
vn 0.024544 -0.999699 -0.000000
vn 0.073570 -0.997290 0.000000
vn 0.073570 -0.997290 0.000000
vn 0.122409 -0.992480 -0.000000
vn 0.122409 -0.992480 0.000000
vn 0.170954 -0.985279 -0.000000
vn 0.170954 -0.985279 0.000000
vn 0.219107 -0.975701 -0.000000
vn 0.219107 -0.975701 0.000000
vn 0.266705 -0.963778 -0.000000
vn 0.266705 -0.963778 0.000000
vn 0.313680 -0.949529 -0.000000
vn 0.313680 -0.949529 0.000000
vn 0.359905 -0.932989 -0.000000
vn 0.405233 -0.914214 0.000000
vn 0.359905 -0.932989 0.000000
vn 0.405233 -0.914214 0.000000
vn 0.449612 -0.893224 0.000000
vn 0.449612 -0.893224 0.000000
vn 0.492901 -0.870085 0.000000
vn 0.492901 -0.870085 -0.000000
vn 0.534994 -0.844856 0.000000
vn 0.534994 -0.844856 -0.000000
vn 0.575811 -0.817583 0.000000
vn 0.575811 -0.817583 -0.000000
vn 0.615232 -0.788346 0.000000
vn 0.615232 -0.788346 0.000000
vn 0.653177 -0.757205 0.000000
vn 0.653177 -0.757205 0.000000
vn 0.689535 -0.724253 0.000000
vn 0.689535 -0.724253 -0.000000
vn 0.724245 -0.689543 0.000000
vn 0.724245 -0.689543 -0.000000
vn 0.757213 -0.653169 0.000000
vn 0.757213 -0.653169 0.000000
vn 0.788346 -0.615232 0.000000
vn 0.788346 -0.615232 0.000000
vn 0.817586 -0.575806 0.000000
vn 0.817586 -0.575806 0.000000
vn 0.844850 -0.535003 -0.000000
vn 0.844850 -0.535003 0.000000
vn 0.870090 -0.492892 0.000000
vn 0.870090 -0.492892 -0.000000
vn 0.893224 -0.449612 0.000000
vn 0.893224 -0.449612 0.000000
vn 0.914207 -0.405248 0.000000
vn 0.932995 -0.359889 0.000000
vn 0.914207 -0.405248 0.000000
vn 0.932995 -0.359889 0.000000
vn 0.949529 -0.313680 -0.000000
vn 0.949529 -0.313680 0.000000
vn 0.963776 -0.266712 0.000000
vn 0.963776 -0.266712 0.000000
vn 0.975700 -0.219109 0.000000
vn 0.975700 -0.219109 0.000000
vn 0.985278 -0.170959 -0.000000
vn 0.985278 -0.170959 0.000000
vn 0.992480 -0.122410 -0.000000
vn 0.992480 -0.122410 0.000000
vn 0.997291 -0.073562 -0.000000
vn 0.999699 -0.024544 0.000000
vn 0.997291 -0.073562 0.000000
vn 0.999699 -0.024544 -0.000000
vn 1.000000 0.000000 0.000000
vn 1.000000 0.000000 0.000000
vn 1.000000 0.000000 0.000000
vn 1.000000 0.000000 0.000000
vn 1.000000 0.000000 0.000000
vn 1.000000 0.000000 0.000000
vn 1.000000 0.000000 0.000000
vn 1.000000 0.000000 0.000000
vn 1.000000 0.000000 0.000000
vn 1.000000 0.000000 0.000000
vn -0.024542 0.999699 0.000000
vn -0.024542 0.999699 0.000000
vn -0.024542 0.999699 0.000000
vn -0.024542 0.999699 0.000000
vn -0.024542 0.999699 0.000000
vn -0.073564 0.997290 0.000000
vn -0.024542 0.999699 0.000000
vn -0.122411 0.992479 0.000000
vn -0.073564 0.997290 0.000000
vn -0.122411 0.992479 0.000000
vn -0.170962 0.985278 0.000000
vn -0.219101 0.975702 0.000000
vn -0.170962 0.985278 -0.000000
vn -0.219101 0.975702 0.000000
vn -0.266713 0.963776 0.000000
vn -0.266713 0.963776 0.000000
vn -0.313682 0.949528 -0.000000
vn -0.313682 0.949528 0.000000
vn -0.359895 0.932993 0.000000
vn -0.359895 0.932993 0.000000
vn -0.405241 0.914210 0.000000
vn -0.405241 0.914210 0.000000
vn -0.449611 0.893224 0.000000
vn -0.449611 0.893224 0.000000
vn -0.492898 0.870087 0.000000
vn -0.492898 0.870087 0.000000
vn -0.534998 0.844853 0.000000
vn -0.534998 0.844853 0.000000
vn -0.575808 0.817585 -0.000000
vn -0.575808 0.817585 0.000000
vn -0.615231 0.788347 0.000000
vn -0.615231 0.788347 0.000000
vn -0.653172 0.757209 0.000000
vn -0.653172 0.757209 0.000000
vn -0.689540 0.724247 -0.000000
vn -0.689540 0.724247 0.000000
vn -0.724247 0.689540 0.000000
vn -0.724247 0.689540 0.000000
vn -0.757209 0.653173 0.000000
vn -0.788346 0.615232 0.000000
vn -0.757209 0.653173 0.000000
vn -0.788346 0.615232 0.000000
vn -0.817585 0.575808 0.000000
vn -0.844853 0.534998 0.000000
vn -0.817585 0.575808 0.000000
vn -0.844853 0.534998 0.000000
vn -0.870087 0.492898 0.000000
vn -0.870087 0.492898 0.000000
vn -0.893224 0.449611 0.000000
vn -0.893224 0.449611 -0.000000
vn -0.914210 0.405241 -0.000000
vn -0.914210 0.405241 0.000000
vn -0.932993 0.359895 0.000000
vn -0.932993 0.359895 0.000000
vn -0.949528 0.313682 0.000000
vn -0.949528 0.313682 -0.000000
vn -0.963776 0.266712 0.000000
vn -0.963776 0.266712 0.000000
vn -0.975702 0.219101 0.000000
vn -0.975702 0.219101 -0.000000
vn -0.985278 0.170962 0.000000
vn -0.985278 0.170962 0.000000
vn -0.992479 0.122411 -0.000000
vn -0.992479 0.122411 0.000000
vn -0.997290 0.073564 0.000000
vn -0.997290 0.073564 0.000000
vn -0.999699 0.024541 0.000000
vn -0.999699 0.024541 0.000000
vn -1.000000 0.000000 0.000000
vn -1.000000 0.000000 0.000000
vn 0.000000 0.000000 -1.000000
vn 0.000000 0.000000 -1.000000
vn 0.000000 0.000000 -1.000000
vn 0.000000 0.000000 -1.000000
vn 0.000000 0.000000 -1.000000
vn 0.000000 0.000000 -1.000000
vn 0.000000 0.000000 -1.000000
vn 0.000000 -0.000000 -1.000000
vn 0.000000 0.000000 -1.000000
vn 0.000000 -0.000000 -1.000000
vn 0.000000 0.000000 -1.000000
vn 0.000000 -0.000000 -1.000000
vn 0.000000 -0.000000 -1.000000
vn 0.000000 0.000000 -1.000000
vn 0.000000 -0.000000 -1.000000
vn 0.000000 0.000000 -1.000000
vn 0.000000 -0.000000 -1.000000
vn 0.000000 -0.000000 -1.000000
vn 0.000000 0.000000 -1.000000
vn 0.000000 -0.000000 -1.000000
vn 0.000000 -0.000000 -1.000000
vn 0.000000 0.000000 -1.000000
vn 0.000000 -0.000000 -1.000000
vn 0.000000 0.000000 -1.000000
vn 0.000000 -0.000000 -1.000000
vn 0.000000 -0.000000 -1.000000
vn 0.000000 0.000000 -1.000000
vn 0.000000 -0.000000 -1.000000
vn 0.000000 0.000000 -1.000000
vn 0.000000 -0.000000 -1.000000
vn 0.000000 -0.000000 -1.000000
vn 0.000000 0.000000 -1.000000
vn 0.000000 -0.000000 -1.000000
vn 0.000000 0.000000 -1.000000
vn 0.000000 0.000000 -1.000000
vn 0.000000 0.000000 -1.000000
vn 0.000000 0.000000 -1.000000
vn 0.000000 0.000000 -1.000000
vn 0.000000 0.000000 -1.000000
vn 0.000000 0.000000 -1.000000
vn 0.000000 0.000000 -1.000000
vn 0.000000 0.000000 -1.000000
vn 0.000000 0.000000 -1.000000
vn 0.000000 0.000000 -1.000000
vn 0.000000 0.000000 -1.000000
vn 0.000000 0.000000 -1.000000
vn 0.000000 0.000000 -1.000000
vn 0.000000 0.000000 -1.000000
vn 0.000000 0.000000 -1.000000
vn 0.000000 0.000000 -1.000000
vn 0.000000 0.000000 -1.000000
vn 0.000000 0.000000 -1.000000
vn 0.000000 0.000000 -1.000000
vn 0.000000 0.000000 -1.000000
vn 0.000000 0.000000 -1.000000
vn 0.000000 0.000000 -1.000000
vn 0.000000 0.000000 -1.000000
vn 0.000000 0.000000 -1.000000
vn 0.000000 0.000000 -1.000000
vn 0.000000 0.000000 -1.000000
vn 0.000000 0.000000 -1.000000
vn 0.000000 0.000000 -1.000000
vn 0.000000 0.000000 -1.000000
vn 0.000000 0.000000 -1.000000
vn 0.000000 0.000000 -1.000000
vn 0.000000 0.000000 -1.000000
vn 0.000000 0.000000 -1.000000
vn 0.000000 0.000000 -1.000000
vn 0.000000 0.000000 -1.000000
vn 0.000000 0.000000 -1.000000
vn 0.000000 0.000000 -1.000000
vn 0.000000 0.000000 -1.000000
vn 0.000000 0.000000 -1.000000
vn 0.000000 0.000000 -1.000000
vn 0.000000 0.000000 -1.000000
vn 0.000000 0.000000 -1.000000
vn 0.000000 0.000000 -1.000000
vn 0.000000 0.000000 -1.000000
vn 0.000000 0.000000 -1.000000
vn 0.000000 0.000000 -1.000000
vn 0.000000 0.000000 -1.000000
vn 0.000000 0.000000 -1.000000
vn 0.000000 0.000000 -1.000000
vn 0.000000 0.000000 -1.000000
vn 0.000000 0.000000 -1.000000
vn 0.000000 0.000000 -1.000000
vn 0.000000 0.000000 -1.000000
vn 0.000000 0.000000 -1.000000
vn 0.000000 0.000000 -1.000000
vn 0.000000 0.000000 -1.000000
vn 0.000000 0.000000 -1.000000
vn 0.000000 0.000000 -1.000000
vn 0.000000 0.000000 -1.000000
vn 0.000000 0.000000 -1.000000
vn 0.000000 0.000000 -1.000000
vn 0.000000 0.000000 -1.000000
vn 0.000000 0.000000 -1.000000
vn 0.000000 0.000000 -1.000000
vn 0.000000 0.000000 -1.000000
vn 0.000000 -0.000000 -1.000000
vn 0.000000 0.000000 -1.000000
vn 0.000000 -0.000000 -1.000000
vn 0.000000 0.000000 -1.000000
vn 0.000000 -0.000000 -1.000000
vn 0.000000 0.000000 -1.000000
vn 0.000000 -0.000000 -1.000000
vn 0.000000 0.000000 -1.000000
vn 0.000000 -0.000000 -1.000000
vn 0.000000 0.000000 -1.000000
vn 0.000000 0.000000 -1.000000
vn 0.000000 0.000000 -1.000000
vn 0.000000 -0.000000 -1.000000
vn 0.000000 0.000000 -1.000000
vn 0.000000 0.000000 -1.000000
vn 0.000000 -0.000000 -1.000000
vn 0.000000 0.000000 -1.000000
vn 0.000000 0.000000 -1.000000
vn 0.000000 -0.000000 -1.000000
vn 0.000000 0.000000 -1.000000
vn 0.000000 0.000000 -1.000000
vn 0.000000 -0.000000 -1.000000
vn 0.000000 0.000000 -1.000000
vn 0.000000 0.000000 -1.000000
vn 0.000000 0.000000 -1.000000
vn 0.000000 -0.000000 -1.000000
vn 0.000000 0.000000 -1.000000
vn 0.000000 0.000000 -1.000000
vn 0.000000 -0.000000 -1.000000
vn 0.000000 0.000000 -1.000000
vn 0.000000 0.000000 -1.000000
vn 0.000000 -0.000000 -1.000000
vn 0.000000 0.000000 -1.000000
vn 0.000000 0.000000 -1.000000
vn 0.000000 -0.000000 -1.000000
vn 0.000000 0.000000 -1.000000
vn 0.000000 0.000000 -1.000000
vn 0.000000 -0.000000 -1.000000
vn 0.000000 0.000000 -1.000000
vn 0.000000 0.000000 -1.000000
vn 0.000000 -0.000000 -1.000000
vn 0.000000 0.000000 -1.000000
vn 0.000000 0.000000 -1.000000
vn 0.000000 -0.000000 -1.000000
vn 0.000000 0.000000 -1.000000
vn 0.000000 0.000000 -1.000000
vn 0.000000 -0.000000 -1.000000
vn 0.000000 0.000000 -1.000000
vn 0.000000 0.000000 -1.000000
vn 0.000000 -0.000000 -1.000000
vn 0.000000 0.000000 -1.000000
vn 0.000000 0.000000 -1.000000
vn 0.000000 -0.000000 -1.000000
vn 0.000000 0.000000 -1.000000
vn 0.000000 0.000000 -1.000000
vn 0.000000 -0.000000 -1.000000
vn 0.000000 0.000000 -1.000000
vn 0.000000 0.000000 -1.000000
vn 0.000000 0.000000 -1.000000
vn 0.000000 0.000000 -1.000000
vn 0.000000 0.000000 -1.000000
vn 0.000000 0.000000 -1.000000
vn 0.000000 0.000000 -1.000000
vn 0.000000 0.000000 -1.000000
vn 0.000000 0.000000 -1.000000
vn 0.000000 0.000000 -1.000000
vn 0.000000 0.000000 -1.000000
vn 0.000000 0.000000 -1.000000
vn 0.000000 0.000000 -1.000000
vn 0.000000 0.000000 -1.000000
vn 0.000000 0.000000 -1.000000
vn 0.000000 0.000000 -1.000000
vn 0.000000 0.000000 -1.000000
vn 0.000000 0.000000 -1.000000
vn 0.000000 0.000000 -1.000000
vn 0.000000 0.000000 -1.000000
vn 0.000000 0.000000 -1.000000
vn 0.000000 0.000000 -1.000000
vn 0.000000 0.000000 -1.000000
vn 0.000000 0.000000 -1.000000
vn 0.000000 0.000000 -1.000000
vn 0.000000 0.000000 -1.000000
vn 0.000000 0.000000 -1.000000
vn 0.000000 0.000000 -1.000000
vn 0.000000 -0.000000 -1.000000
vn 0.000000 -0.000000 -1.000000
vn 0.000000 -0.000000 -1.000000
vn 0.000000 -0.000000 -1.000000
vn 0.000000 -0.000000 -1.000000
vn 0.000000 -0.000000 -1.000000
vn 0.000000 -0.000000 -1.000000
vn 0.000000 -0.000000 -1.000000
vn 0.000000 -0.000000 -1.000000
vn 0.000000 -0.000000 -1.000000
vn 0.000000 -0.000000 -1.000000
vn 0.000000 -0.000000 -1.000000
vn 0.000000 -0.000000 -1.000000
vn 0.000000 -0.000000 -1.000000
vn 0.000000 -0.000000 -1.000000
vn 0.000000 -0.000000 -1.000000
vn 0.000000 -0.000000 -1.000000
vn 0.000000 -0.000000 -1.000000
vn 0.000000 -0.000000 -1.000000
vn 0.000000 -0.000000 -1.000000
vn 0.000000 -0.000000 -1.000000
vn 0.000000 -0.000000 -1.000000
vn 0.000000 -0.000000 -1.000000
vn 0.000000 -0.000000 -1.000000
vn 0.000000 -0.000000 -1.000000
vn 0.000000 -0.000000 -1.000000
vn 0.000000 -0.000000 -1.000000
vn 0.000000 -0.000000 -1.000000
vn 0.000000 0.000000 -1.000000
vn 0.000000 0.000000 -1.000000
vn 0.000000 0.000000 -1.000000
vn 0.000000 0.000000 -1.000000
vn 0.000000 0.000000 -1.000000
vn 0.000000 0.000000 -1.000000
vn 0.000000 0.000000 -1.000000
vn 0.000000 0.000000 -1.000000
vn 0.000000 0.000000 -1.000000
vn 0.000000 0.000000 -1.000000
vn 0.000000 0.000000 -1.000000
vn 0.000000 0.000000 -1.000000
vn 0.000000 0.000000 -1.000000
vn 0.000000 0.000000 -1.000000
vn 0.000000 0.000000 -1.000000
vn 0.000000 0.000000 -1.000000
vn 0.000000 0.000000 -1.000000
vn 0.000000 0.000000 -1.000000
vn 0.000000 0.000000 -1.000000
vn 0.000000 0.000000 -1.000000
vn 0.000000 0.000000 -1.000000
vn 0.000000 0.000000 -1.000000
vn 0.000000 0.000000 -1.000000
vn 0.000000 0.000000 -1.000000
vn 0.000000 0.000000 -1.000000
vn 0.000000 0.000000 -1.000000
vn 0.000000 0.000000 -1.000000
vn 0.000000 0.000000 -1.000000
vn 0.000000 0.000000 -1.000000
vn 0.000000 0.000000 -1.000000
vn 0.000000 0.000000 -1.000000
vn 0.000000 0.000000 -1.000000
vn 0.000000 0.000000 -1.000000
vn 0.000000 0.000000 -1.000000
vn 0.000000 0.000000 -1.000000
vn 0.000000 0.000000 -1.000000
vn 0.000000 0.000000 -1.000000
vn 0.000000 0.000000 -1.000000
vn 0.000000 0.000000 -1.000000
vn 0.000000 0.000000 -1.000000
vn 0.000000 0.000000 -1.000000
vn 0.000000 0.000000 -1.000000
vn 0.000000 0.000000 -1.000000
vn 0.000000 0.000000 -1.000000
vn 0.000000 0.000000 -1.000000
vn 0.000000 0.000000 -1.000000
vn 0.000000 0.000000 -1.000000
vn 0.000000 0.000000 -1.000000
vn 0.000000 0.000000 -1.000000
vn 0.000000 0.000000 -1.000000
vn 0.000000 0.000000 -1.000000
vn 0.000000 0.000000 -1.000000
vn 0.000000 0.000000 -1.000000
vn 0.000000 -0.000000 -1.000000
vn 0.000000 -0.000000 -1.000000
vn 0.000000 -0.000000 -1.000000
vn 0.000000 -0.000000 -1.000000
vn 0.000000 -0.000000 -1.000000
vn 0.000000 -0.000000 -1.000000
vn 0.000000 -0.000000 -1.000000
vn 0.000000 0.000000 -1.000000
vn -0.000000 -0.000000 -1.000000
vn 0.000000 -0.000000 -1.000000
vn 0.000000 0.000000 -1.000000
vn 0.000000 -0.000000 -1.000000
vn 0.000000 0.000000 -1.000000
vn 0.000000 0.000000 -1.000000
vn -0.000000 -0.000000 -1.000000
vn 0.000000 0.000000 -1.000000
vn 0.000000 -0.000000 -1.000000
vn 0.000000 0.000000 -1.000000
vn 0.000000 0.000000 -1.000000
vn 0.000000 -0.000000 -1.000000
vn 0.000000 0.000000 -1.000000
vn 0.000000 -0.000000 -1.000000
vn 0.000000 -0.000000 -1.000000
vn 0.000000 0.000000 -1.000000
vn 0.000000 0.000000 -1.000000
vn 0.000000 -0.000000 -1.000000
vn 0.000000 0.000000 -1.000000
vn 0.000000 0.000000 -1.000000
vn 0.000000 0.000000 -1.000000
vn 0.000000 0.000000 -1.000000
vn 0.000000 -0.000000 -1.000000
vn 0.000000 0.000000 -1.000000
vn 0.000000 0.000000 -1.000000
vn 0.000000 0.000000 -1.000000
vn 0.000000 -0.000000 -1.000000
vn 0.000000 0.000000 -1.000000
vn 0.000000 0.000000 -1.000000
vn 0.000000 -0.000000 -1.000000
vn 0.000000 0.000000 -1.000000
vn 0.000000 0.000000 -1.000000
vn 0.000000 0.000000 -1.000000
vn 0.000000 0.000000 -1.000000
vn 0.000000 0.000000 -1.000000
vn 0.000000 -0.000000 -1.000000
vn 0.000000 0.000000 -1.000000
vn 0.000000 0.000000 -1.000000
vn 0.000000 0.000000 -1.000000
vn 0.000000 -0.000000 -1.000000
vn 0.000000 0.000000 -1.000000
vn 0.000000 0.000000 -1.000000
vn 0.000000 -0.000000 -1.000000
vn 0.000000 0.000000 -1.000000
vn 0.000000 0.000000 -1.000000
vn 0.000000 -0.000000 -1.000000
vn 0.000000 -0.000000 -1.000000
vn 0.000000 -0.000000 -1.000000
vn 0.000000 0.000000 -1.000000
vn 0.000000 0.000000 -1.000000
vn 0.000000 0.000000 -1.000000
vn 0.000000 0.000000 -1.000000
vn 0.000000 0.000000 -1.000000
vn 0.000000 -0.000000 -1.000000
vn 0.000000 -0.000000 -1.000000
vn 0.000000 0.000000 -1.000000
vn 0.000000 0.000000 -1.000000
vn 0.000000 0.000000 -1.000000
vn 0.000000 -0.000000 -1.000000
vn 0.000000 0.000000 -1.000000
vn 0.000000 0.000000 -1.000000
vn 0.000000 -0.000000 -1.000000
vn 0.000000 0.000000 -1.000000
vn 0.000000 -0.000000 -1.000000
vn 0.000000 0.000000 -1.000000
vn 0.000000 0.000000 -1.000000
vn 0.000000 -0.000000 -1.000000
vn 0.000000 -0.000000 -1.000000
vn 0.000000 0.000000 -1.000000
vn 0.000000 0.000000 -1.000000
vn 0.000000 0.000000 -1.000000
vn 0.000000 0.000000 -1.000000
vn 0.000000 -0.000000 -1.000000
vn 0.000000 -0.000000 -1.000000
vn 0.000000 0.000000 -1.000000
vn 0.000000 0.000000 -1.000000
vn 0.000000 -0.000000 -1.000000
vn 0.000000 0.000000 -1.000000
vn 0.000000 0.000000 -1.000000
vn 0.000000 0.000000 -1.000000
vn 0.000000 -0.000000 -1.000000
vn 0.000000 0.000000 -1.000000
vn 0.000000 -0.000000 -1.000000
vn 0.000000 0.000000 -1.000000
vn 0.000000 -0.000000 -1.000000
vn 0.000000 0.000000 -1.000000
vn 0.000000 0.000000 -1.000000
vn 0.000000 0.000000 -1.000000
vn 0.000000 0.000000 -1.000000
vn 0.000000 -0.000000 -1.000000
vn 0.000000 -0.000000 -1.000000
vn 0.000000 -0.000000 -1.000000
vn 0.000000 0.000000 -1.000000
vn 0.000000 -0.000000 -1.000000
vn 0.000000 0.000000 -1.000000
vn 0.000000 0.000000 -1.000000
vn 0.000000 -0.000000 -1.000000
vn 0.000000 0.000000 -1.000000
vn 0.000000 -0.000000 -1.000000
vn 0.000000 -0.000000 -1.000000
vn 0.000000 0.000000 -1.000000
vn 0.000000 0.000000 -1.000000
vn 0.000000 0.000000 -1.000000
vn 0.000000 -0.000000 -1.000000
vn 0.000000 0.000000 -1.000000
vn 0.000000 -0.000000 -1.000000
vn 0.000000 0.000000 -1.000000
vn 0.000000 0.000000 -1.000000
vn 0.000000 0.000000 -1.000000
vn 0.000000 0.000000 -1.000000
vn 0.000000 -0.000000 -1.000000
vn 0.000000 -0.000000 -1.000000
vn 0.000000 0.000000 -1.000000
vn 0.000000 -0.000000 -1.000000
vn 0.000000 0.000000 -1.000000
vn 0.000000 -0.000000 -1.000000
vn 0.000000 0.000000 -1.000000
vn 0.000000 -0.000000 -1.000000
vn 0.000000 0.000000 -1.000000
vn 0.000000 0.000000 -1.000000
vn 0.000000 0.000000 -1.000000
vn 0.000000 -0.000000 -1.000000
vn 0.000000 -0.000000 -1.000000
vn 0.000000 0.000000 -1.000000
vn 0.000000 0.000000 -1.000000
vn 0.000000 0.000000 -1.000000
vn 0.000000 -0.000000 -1.000000
vn 0.000000 0.000000 -1.000000
vn 0.000000 0.000000 -1.000000
vn 0.000000 0.000000 -1.000000
vn 0.000000 -0.000000 -1.000000
vn 0.000000 -0.000000 -1.000000
vn 0.000000 -0.000000 -1.000000
vn 0.000000 0.000000 -1.000000
vn 0.000000 0.000000 -1.000000
vn 0.000000 -0.000000 -1.000000
vn 0.000000 0.000000 -1.000000
vn 0.000000 0.000000 -1.000000
vn 0.000000 -0.000000 -1.000000
vn 0.000000 0.000000 -1.000000
vn 0.000000 0.000000 -1.000000
vn 0.000000 -0.000000 -1.000000
vn 0.000000 -0.000000 -1.000000
vn 0.000000 0.000000 -1.000000
vn 0.000000 0.000000 -1.000000
vn 0.000000 0.000000 -1.000000
vn 0.000000 0.000000 -1.000000
vn 0.000000 0.000000 -1.000000
vn 0.000000 0.000000 -1.000000
vn 0.000000 0.000000 -1.000000
vn 0.000000 0.000000 -1.000000
vn 0.000000 0.000000 -1.000000
vn 0.000000 0.000000 -1.000000
vn 0.000000 0.000000 -1.000000
vn 0.000000 0.000000 -1.000000
vn 0.000000 0.000000 -1.000000
vn 0.000000 0.000000 -1.000000
vn 0.000000 0.000000 -1.000000
vn 0.000000 0.000000 -1.000000
vn 0.000000 0.000000 -1.000000
vn 0.000000 0.000000 -1.000000
vn 0.000000 0.000000 -1.000000
vn 0.000000 0.000000 -1.000000
vn 0.000000 0.000000 -1.000000
vn 0.000000 0.000000 -1.000000
vn 0.000000 0.000000 -1.000000
vn 0.000000 0.000000 -1.000000
vn 0.000000 0.000000 -1.000000
vn 0.000000 0.000000 -1.000000
vn 0.000000 0.000000 -1.000000
vn 0.000000 0.000000 -1.000000
vn 0.000000 0.000000 -1.000000
vn 0.000000 0.000000 -1.000000
vn 0.000000 0.000000 -1.000000
vn 0.000000 0.000000 -1.000000
vn 0.000000 0.000000 -1.000000
vn 0.000000 0.000000 -1.000000
vn 0.000000 0.000000 -1.000000
vn 0.000000 0.000000 -1.000000
vn 0.000000 0.000000 -1.000000
vn 0.000000 0.000000 -1.000000
vn 0.000000 0.000000 -1.000000
vn 0.000000 0.000000 -1.000000
vn 0.000000 0.000000 -1.000000
vn 0.000000 0.000000 -1.000000
vn 0.000000 0.000000 -1.000000
vn 0.000000 0.000000 -1.000000
vn 0.000000 0.000000 -1.000000
vn 0.000000 0.000000 -1.000000
vn 0.000000 0.000000 -1.000000
vn 0.000000 0.000000 -1.000000
vn 0.000000 0.000000 -1.000000
vn 0.000000 0.000000 -1.000000
vn 0.000000 0.000000 -1.000000
vn 0.000000 0.000000 -1.000000
vn 0.000000 0.000000 -1.000000
vn 0.000000 0.000000 -1.000000
vn 0.000000 0.000000 -1.000000
vn 0.000000 0.000000 -1.000000
vn 0.000000 0.000000 -1.000000
vn 0.000000 -0.000000 -1.000000
vn 0.000000 0.000000 -1.000000
vn 0.000000 -0.000000 -1.000000
vn 0.000000 -0.000000 -1.000000
vn 0.000000 -0.000000 -1.000000
vn 0.000000 -0.000000 -1.000000
vn 0.000000 -0.000000 -1.000000
vn 0.000000 -0.000000 -1.000000
vn 0.000000 -0.000000 -1.000000
vn 0.000000 -0.000000 -1.000000
vn 0.000000 -0.000000 -1.000000
vn 0.000000 -0.000000 -1.000000
vn 0.000000 -0.000000 -1.000000
vn 0.000000 -0.000000 -1.000000
vn 0.000000 -0.000000 -1.000000
vn 0.000000 -0.000000 -1.000000
vn 0.000000 0.000000 -1.000000
vn -0.000000 -0.000000 -1.000000
vn -0.000000 -0.000000 -1.000000
vn -0.000000 -0.000000 -1.000000
vn -0.000000 -0.000000 -1.000000
vn -0.000000 -0.000000 -1.000000
vn -0.000000 -0.000000 -1.000000
vn -0.000000 -0.000000 -1.000000
vn 0.000000 0.000000 -1.000000
vn 0.000000 0.000000 -1.000000
vn 0.000000 0.000000 -1.000000
vn 0.000000 0.000000 -1.000000
vn 0.000000 0.000000 -1.000000
vn 0.000000 0.000000 -1.000000
vn 0.000000 0.000000 -1.000000
vn -0.000000 -0.000000 -1.000000
vn -0.000000 -0.000000 -1.000000
vn -0.000000 -0.000000 -1.000000
vn 0.000000 0.000000 -1.000000
vn -0.000000 -0.000000 -1.000000
vn 0.000000 0.000000 -1.000000
vn 0.000000 0.000000 -1.000000
vn -0.000000 -0.000000 -1.000000
vn 0.000000 0.000000 -1.000000
vn 0.000000 0.000000 -1.000000
vn 0.000000 0.000000 -1.000000
vn 0.000000 0.000000 -1.000000
vn -0.000000 -0.000000 -1.000000
vn -0.000000 -0.000000 -1.000000
vn -0.000000 -0.000000 -1.000000
vn 0.000000 0.000000 -1.000000
vn 0.000000 0.000000 -1.000000
vn 0.000000 0.000000 1.000000
vn 0.000000 0.000000 1.000000
vn 0.000000 0.000000 1.000000
vn 0.000000 0.000000 1.000000
vn 0.000000 0.000000 1.000000
vn 0.000000 0.000000 1.000000
vn 0.000000 0.000000 1.000000
vn 0.000000 0.000000 1.000000
vn 0.000000 0.000000 1.000000
vn 0.000000 0.000000 1.000000
vn 0.000000 0.000000 1.000000
vn 0.000000 0.000000 1.000000
vn 0.000000 0.000000 1.000000
vn 0.000000 0.000000 1.000000
vn 0.000000 0.000000 1.000000
vn 0.000000 0.000000 1.000000
vn 0.000000 0.000000 1.000000
vn 0.000000 0.000000 1.000000
vn 0.000000 0.000000 1.000000
vn 0.000000 0.000000 1.000000
vn 0.000000 0.000000 1.000000
vn 0.000000 0.000000 1.000000
vn 0.000000 0.000000 1.000000
vn 0.000000 0.000000 1.000000
vn 0.000000 0.000000 1.000000
vn 0.000000 0.000000 1.000000
vn 0.000000 0.000000 1.000000
vn 0.000000 0.000000 1.000000
vn 0.000000 0.000000 1.000000
vn 0.000000 0.000000 1.000000
vn 0.000000 0.000000 1.000000
vn 0.000000 0.000000 1.000000
vn 0.000000 0.000000 1.000000
vn 0.000000 0.000000 1.000000
vn 0.000000 0.000000 1.000000
vn 0.000000 0.000000 1.000000
vn 0.000000 0.000000 1.000000
vn 0.000000 0.000000 1.000000
vn 0.000000 0.000000 1.000000
vn 0.000000 0.000000 1.000000
vn 0.000000 0.000000 1.000000
vn 0.000000 0.000000 1.000000
vn 0.000000 0.000000 1.000000
vn 0.000000 0.000000 1.000000
vn 0.000000 0.000000 1.000000
vn 0.000000 0.000000 1.000000
vn 0.000000 0.000000 1.000000
vn 0.000000 0.000000 1.000000
vn 0.000000 0.000000 1.000000
vn 0.000000 0.000000 1.000000
vn 0.000000 0.000000 1.000000
vn 0.000000 0.000000 1.000000
vn 0.000000 0.000000 1.000000
vn 0.000000 0.000000 1.000000
vn 0.000000 0.000000 1.000000
vn 0.000000 0.000000 1.000000
vn 0.000000 0.000000 1.000000
vn 0.000000 0.000000 1.000000
vn 0.000000 0.000000 1.000000
vn 0.000000 0.000000 1.000000
vn 0.000000 0.000000 1.000000
vn 0.000000 0.000000 1.000000
vn 0.000000 0.000000 1.000000
vn 0.000000 0.000000 1.000000
vn 0.000000 0.000000 1.000000
vn 0.000000 0.000000 1.000000
vn 0.000000 0.000000 1.000000
vn 0.000000 0.000000 1.000000
vn 0.000000 0.000000 1.000000
vn 0.000000 0.000000 1.000000
vn 0.000000 0.000000 1.000000
vn 0.000000 0.000000 1.000000
vn 0.000000 0.000000 1.000000
vn 0.000000 0.000000 1.000000
vn 0.000000 0.000000 1.000000
vn 0.000000 0.000000 1.000000
vn 0.000000 0.000000 1.000000
vn 0.000000 0.000000 1.000000
vn 0.000000 0.000000 1.000000
vn 0.000000 0.000000 1.000000
vn 0.000000 0.000000 1.000000
vn 0.000000 0.000000 1.000000
vn 0.000000 0.000000 1.000000
vn 0.000000 0.000000 1.000000
vn 0.000000 0.000000 1.000000
vn 0.000000 0.000000 1.000000
vn 0.000000 0.000000 1.000000
vn 0.000000 0.000000 1.000000
vn 0.000000 0.000000 1.000000
vn 0.000000 0.000000 1.000000
vn 0.000000 0.000000 1.000000
vn 0.000000 0.000000 1.000000
vn 0.000000 0.000000 1.000000
vn 0.000000 0.000000 1.000000
vn 0.000000 0.000000 1.000000
vn 0.000000 0.000000 1.000000
vn 0.000000 0.000000 1.000000
vn 0.000000 0.000000 1.000000
vn 0.000000 0.000000 1.000000
vn 0.000000 0.000000 1.000000
vn 0.000000 0.000000 1.000000
vn 0.000000 0.000000 1.000000
vn 0.000000 0.000000 1.000000
vn 0.000000 0.000000 1.000000
vn 0.000000 0.000000 1.000000
vn 0.000000 0.000000 1.000000
vn 0.000000 0.000000 1.000000
vn 0.000000 0.000000 1.000000
vn 0.000000 0.000000 1.000000
vn 0.000000 0.000000 1.000000
vn 0.000000 0.000000 1.000000
vn 0.000000 0.000000 1.000000
vn 0.000000 0.000000 1.000000
vn 0.000000 0.000000 1.000000
vn 0.000000 0.000000 1.000000
vn 0.000000 0.000000 1.000000
vn 0.000000 0.000000 1.000000
vn 0.000000 0.000000 1.000000
vn 0.000000 0.000000 1.000000
vn 0.000000 0.000000 1.000000
vn 0.000000 0.000000 1.000000
vn 0.000000 0.000000 1.000000
vn 0.000000 0.000000 1.000000
vn 0.000000 0.000000 1.000000
vn 0.000000 0.000000 1.000000
vn 0.000000 0.000000 1.000000
vn 0.000000 0.000000 1.000000
vn 0.000000 0.000000 1.000000
vn 0.000000 0.000000 1.000000
vn 0.000000 0.000000 1.000000
vn 0.000000 0.000000 1.000000
vn 0.000000 0.000000 1.000000
vn 0.000000 0.000000 1.000000
vn 0.000000 0.000000 1.000000
vn 0.000000 0.000000 1.000000
vn 0.000000 0.000000 1.000000
vn 0.000000 0.000000 1.000000
vn 0.000000 0.000000 1.000000
vn 0.000000 0.000000 1.000000
vn 0.000000 0.000000 1.000000
vn 0.000000 0.000000 1.000000
vn 0.000000 0.000000 1.000000
vn 0.000000 0.000000 1.000000
vn 0.000000 0.000000 1.000000
vn 0.000000 0.000000 1.000000
vn 0.000000 0.000000 1.000000
vn 0.000000 0.000000 1.000000
vn 0.000000 0.000000 1.000000
vn 0.000000 0.000000 1.000000
vn 0.000000 0.000000 1.000000
vn 0.000000 0.000000 1.000000
vn 0.000000 0.000000 1.000000
vn 0.000000 0.000000 1.000000
vn 0.000000 0.000000 1.000000
vn 0.000000 0.000000 1.000000
vn 0.000000 0.000000 1.000000
vn 0.000000 0.000000 1.000000
vn 0.000000 0.000000 1.000000
vn 0.000000 0.000000 1.000000
vn 0.000000 0.000000 1.000000
vn 0.000000 0.000000 1.000000
vn 0.000000 0.000000 1.000000
vn 0.000000 0.000000 1.000000
vn 0.000000 0.000000 1.000000
vn 0.000000 0.000000 1.000000
vn 0.000000 0.000000 1.000000
vn 0.000000 0.000000 1.000000
vn 0.000000 0.000000 1.000000
vn 0.000000 0.000000 1.000000
vn 0.000000 0.000000 1.000000
vn 0.000000 0.000000 1.000000
vn 0.000000 0.000000 1.000000
vn 0.000000 0.000000 1.000000
vn 0.000000 0.000000 1.000000
vn 0.000000 0.000000 1.000000
vn 0.000000 0.000000 1.000000
vn 0.000000 0.000000 1.000000
vn 0.000000 0.000000 1.000000
vn 0.000000 0.000000 1.000000
vn 0.000000 0.000000 1.000000
vn 0.000000 0.000000 1.000000
vn 0.000000 0.000000 1.000000
vn 0.000000 0.000000 1.000000
vn 0.000000 0.000000 1.000000
vn 0.000000 0.000000 1.000000
vn 0.000000 0.000000 1.000000
vn 0.000000 0.000000 1.000000
vn 0.000000 0.000000 1.000000
vn 0.000000 0.000000 1.000000
vn 0.000000 0.000000 1.000000
vn 0.000000 0.000000 1.000000
vn 0.000000 0.000000 1.000000
vn 0.000000 0.000000 1.000000
vn 0.000000 0.000000 1.000000
vn 0.000000 0.000000 1.000000
vn 0.000000 0.000000 1.000000
vn 0.000000 0.000000 1.000000
vn 0.000000 0.000000 1.000000
vn 0.000000 0.000000 1.000000
vn 0.000000 0.000000 1.000000
vn 0.000000 0.000000 1.000000
vn 0.000000 0.000000 1.000000
vn 0.000000 0.000000 1.000000
vn 0.000000 0.000000 1.000000
vn 0.000000 0.000000 1.000000
vn 0.000000 0.000000 1.000000
vn 0.000000 0.000000 1.000000
vn 0.000000 0.000000 1.000000
vn 0.000000 0.000000 1.000000
vn 0.000000 0.000000 1.000000
vn 0.000000 0.000000 1.000000
vn 0.000000 0.000000 1.000000
vn 0.000000 0.000000 1.000000
vn 0.000000 0.000000 1.000000
vn 0.000000 0.000000 1.000000
vn 0.000000 0.000000 1.000000
vn 0.000000 0.000000 1.000000
vn 0.000000 0.000000 1.000000
vn 0.000000 0.000000 1.000000
vn 0.000000 0.000000 1.000000
vn 0.000000 0.000000 1.000000
vn 0.000000 0.000000 1.000000
vn 0.000000 0.000000 1.000000
vn 0.000000 0.000000 1.000000
vn 0.000000 0.000000 1.000000
vn 0.000000 0.000000 1.000000
vn 0.000000 0.000000 1.000000
vn 0.000000 0.000000 1.000000
vn 0.000000 0.000000 1.000000
vn 0.000000 0.000000 1.000000
vn 0.000000 0.000000 1.000000
vn 0.000000 0.000000 1.000000
vn 0.000000 0.000000 1.000000
vn 0.000000 0.000000 1.000000
vn 0.000000 0.000000 1.000000
vn 0.000000 0.000000 1.000000
vn 0.000000 0.000000 1.000000
vn 0.000000 0.000000 1.000000
vn 0.000000 0.000000 1.000000
vn 0.000000 0.000000 1.000000
vn 0.000000 0.000000 1.000000
vn 0.000000 0.000000 1.000000
vn 0.000000 0.000000 1.000000
vn 0.000000 0.000000 1.000000
vn 0.000000 0.000000 1.000000
vn 0.000000 0.000000 1.000000
vn 0.000000 0.000000 1.000000
vn 0.000000 0.000000 1.000000
vn 0.000000 0.000000 1.000000
vn 0.000000 0.000000 1.000000
vn 0.000000 0.000000 1.000000
vn 0.000000 0.000000 1.000000
vn 0.000000 0.000000 1.000000
vn 0.000000 0.000000 1.000000
vn 0.000000 0.000000 1.000000
vn 0.000000 0.000000 1.000000
vn 0.000000 0.000000 1.000000
vn 0.000000 0.000000 1.000000
vn 0.000000 0.000000 1.000000
vn 0.000000 0.000000 1.000000
vn 0.000000 0.000000 1.000000
vn 0.000000 0.000000 1.000000
vn 0.000000 0.000000 1.000000
vn 0.000000 0.000000 1.000000
vn 0.000000 0.000000 1.000000
vn 0.000000 0.000000 1.000000
vn 0.000000 0.000000 1.000000
vn 0.000000 0.000000 1.000000
vn 0.000000 0.000000 1.000000
vn 0.000000 0.000000 1.000000
vn 0.000000 0.000000 1.000000
vn 0.000000 0.000000 1.000000
vn 0.000000 0.000000 1.000000
vn 0.000000 0.000000 1.000000
vn 0.000000 0.000000 1.000000
vn 0.000000 0.000000 1.000000
vn 0.000000 0.000000 1.000000
vn 0.000000 0.000000 1.000000
vn 0.000000 0.000000 1.000000
vn 0.000000 0.000000 1.000000
vn 0.000000 0.000000 1.000000
vn 0.000000 0.000000 1.000000
vn 0.000000 0.000000 1.000000
vn 0.000000 0.000000 1.000000
vn 0.000000 0.000000 1.000000
vn 0.000000 0.000000 1.000000
vn 0.000000 0.000000 1.000000
vn 0.000000 0.000000 1.000000
vn 0.000000 0.000000 1.000000
vn 0.000000 0.000000 1.000000
vn 0.000000 0.000000 1.000000
vn 0.000000 0.000000 1.000000
vn 0.000000 0.000000 1.000000
vn 0.000000 0.000000 1.000000
vn 0.000000 0.000000 1.000000
vn 0.000000 0.000000 1.000000
vn 0.000000 0.000000 1.000000
vn 0.000000 0.000000 1.000000
vn 0.000000 0.000000 1.000000
vn 0.000000 0.000000 1.000000
vn 0.000000 0.000000 1.000000
vn 0.000000 0.000000 1.000000
vn 0.000000 0.000000 1.000000
vn 0.000000 0.000000 1.000000
vn 0.000000 0.000000 1.000000
vn 0.000000 0.000000 1.000000
vn 0.000000 0.000000 1.000000
vn 0.000000 0.000000 1.000000
vn 0.000000 0.000000 1.000000
vn 0.000000 0.000000 1.000000
vn 0.000000 0.000000 1.000000
vn 0.000000 0.000000 1.000000
vn 0.000000 0.000000 1.000000
vn 0.000000 0.000000 1.000000
vn 0.000000 0.000000 1.000000
vn 0.000000 0.000000 1.000000
vn 0.000000 0.000000 1.000000
vn 0.000000 0.000000 1.000000
vn 0.000000 0.000000 1.000000
vn 0.000000 0.000000 1.000000
vn 0.000000 0.000000 1.000000
vn 0.000000 0.000000 1.000000
vn 0.000000 0.000000 1.000000
vn 0.000000 0.000000 1.000000
vn 0.000000 0.000000 1.000000
vn 0.000000 0.000000 1.000000
vn 0.000000 0.000000 1.000000
vn 0.000000 0.000000 1.000000
vn 0.000000 0.000000 1.000000
vn 0.000000 0.000000 1.000000
vn 0.000000 0.000000 1.000000
vn 0.000000 0.000000 1.000000
vn 0.000000 0.000000 1.000000
vn 0.000000 0.000000 1.000000
vn 0.000000 0.000000 1.000000
vn 0.000000 0.000000 1.000000
vn 0.000000 0.000000 1.000000
vn 0.000000 0.000000 1.000000
vn 0.000000 0.000000 1.000000
vn 0.000000 0.000000 1.000000
vn 0.000000 0.000000 1.000000
vn 0.000000 0.000000 1.000000
vn 0.000000 0.000000 1.000000
vn 0.000000 0.000000 1.000000
vn 0.000000 0.000000 1.000000
vn 0.000000 0.000000 1.000000
vn 0.000000 0.000000 1.000000
vn 0.000000 0.000000 1.000000
vn 0.000000 0.000000 1.000000
vn 0.000000 0.000000 1.000000
vn 0.000000 0.000000 1.000000
vn 0.000000 0.000000 1.000000
vn 0.000000 0.000000 1.000000
vn 0.000000 0.000000 1.000000
vn 0.000000 0.000000 1.000000
vn 0.000000 0.000000 1.000000
vn 0.000000 0.000000 1.000000
vn 0.000000 0.000000 1.000000
vn 0.000000 0.000000 1.000000
vn 0.000000 0.000000 1.000000
vn 0.000000 0.000000 1.000000
vn 0.000000 0.000000 1.000000
vn 0.000000 0.000000 1.000000
vn 0.000000 0.000000 1.000000
vn 0.000000 0.000000 1.000000
vn 0.000000 0.000000 1.000000
vn 0.000000 0.000000 1.000000
vn 0.000000 0.000000 1.000000
vn 0.000000 0.000000 1.000000
vn 0.000000 0.000000 1.000000
vn 0.000000 0.000000 1.000000
vn 0.000000 0.000000 1.000000
vn 0.000000 0.000000 1.000000
vn 0.000000 0.000000 1.000000
vn 0.000000 0.000000 1.000000
vn 0.000000 0.000000 1.000000
vn 0.000000 0.000000 1.000000
vn 0.000000 0.000000 1.000000
vn 0.000000 0.000000 1.000000
vn 0.000000 0.000000 1.000000
vn 0.000000 0.000000 1.000000
vn 0.000000 0.000000 1.000000
vn 0.000000 0.000000 1.000000
vn 0.000000 0.000000 1.000000
vn 0.000000 0.000000 1.000000
vn 0.000000 0.000000 1.000000
vn 0.000000 0.000000 1.000000
vn 0.000000 0.000000 1.000000
vn 0.000000 0.000000 1.000000
vn 0.000000 0.000000 1.000000
vn 0.000000 0.000000 1.000000
vn 0.000000 0.000000 1.000000
vn 0.000000 0.000000 1.000000
vn 0.000000 0.000000 1.000000
vn 0.000000 0.000000 1.000000
vn 0.000000 0.000000 1.000000
vn 0.000000 0.000000 1.000000
vn 0.000000 0.000000 1.000000
vn 0.000000 0.000000 1.000000
vn 0.000000 0.000000 1.000000
vn 0.000000 0.000000 1.000000
vn 0.000000 0.000000 1.000000
vn 0.000000 0.000000 1.000000
vn 0.000000 0.000000 1.000000
vn 0.000000 0.000000 1.000000
vn 0.000000 0.000000 1.000000
vn 0.000000 0.000000 1.000000
vn 0.000000 0.000000 1.000000
vn 0.000000 0.000000 1.000000
vn 0.000000 0.000000 1.000000
vn 0.000000 0.000000 1.000000
vn 0.000000 0.000000 1.000000
vn 0.000000 0.000000 1.000000
vn 0.000000 0.000000 1.000000
vn 0.000000 0.000000 1.000000
vn 0.000000 0.000000 1.000000
vn 0.000000 0.000000 1.000000
vn 0.000000 0.000000 1.000000
vn 0.000000 0.000000 1.000000
vn 0.000000 0.000000 1.000000
vn 0.000000 0.000000 1.000000
vn 0.000000 0.000000 1.000000
vn 0.000000 0.000000 1.000000
vn 0.000000 0.000000 1.000000
vn 0.000000 0.000000 1.000000
vn 0.000000 0.000000 1.000000
vn 0.000000 0.000000 1.000000
vn 0.000000 0.000000 1.000000
vn 0.000000 0.000000 1.000000
vn 0.000000 0.000000 1.000000
vn 0.000000 0.000000 1.000000
vn 0.000000 0.000000 1.000000
vn 0.000000 0.000000 1.000000
vn 0.000000 0.000000 1.000000
vn 0.000000 0.000000 1.000000
vn 0.000000 0.000000 1.000000
vn 0.000000 0.000000 1.000000
vn 0.000000 0.000000 1.000000
vn 0.000000 0.000000 1.000000
vn 0.000000 0.000000 1.000000
vn 0.000000 0.000000 1.000000
vn 0.000000 0.000000 1.000000
vn 0.000000 0.000000 1.000000
vn 0.000000 0.000000 1.000000
vn 0.000000 0.000000 1.000000
vn 0.000000 0.000000 1.000000
vn 0.000000 0.000000 1.000000
vn 0.000000 0.000000 1.000000
vn 0.000000 0.000000 1.000000
vn 0.000000 0.000000 1.000000
vn 0.000000 0.000000 1.000000
vn 0.000000 0.000000 1.000000
vn 0.000000 0.000000 1.000000
vn 0.000000 0.000000 1.000000
vn 0.000000 0.000000 1.000000
vn 0.000000 0.000000 1.000000
vn 0.000000 0.000000 1.000000
vn 0.000000 0.000000 1.000000
vn 0.000000 0.000000 1.000000
vn 0.000000 0.000000 1.000000
vn 0.000000 0.000000 1.000000
vn 0.000000 0.000000 1.000000
vn 0.000000 0.000000 1.000000
vn 0.000000 0.000000 1.000000
vn 0.000000 0.000000 1.000000
vn 0.000000 0.000000 1.000000
vn 0.000000 0.000000 1.000000
vn 0.000000 0.000000 1.000000
vn 0.000000 0.000000 1.000000
vn 0.000000 0.000000 1.000000
vn 0.000000 0.000000 1.000000
vn 0.000000 0.000000 1.000000
vn 0.000000 0.000000 1.000000
vn 0.000000 0.000000 1.000000
vn 0.000000 0.000000 1.000000
vn 0.000000 0.000000 1.000000
vn 0.000000 0.000000 1.000000
vn 0.000000 0.000000 1.000000
vn 0.000000 0.000000 1.000000
vn 0.000000 0.000000 1.000000
vn 0.000000 0.000000 1.000000
vn 0.000000 0.000000 1.000000
vn 0.000000 0.000000 1.000000
vn 0.000000 0.000000 1.000000
vn 0.000000 0.000000 1.000000
vn 0.000000 0.000000 1.000000
vn 0.000000 0.000000 1.000000
vn 0.000000 0.000000 1.000000
vn 0.000000 0.000000 1.000000
vn 0.000000 0.000000 1.000000
vn 0.000000 0.000000 1.000000
vn 0.000000 0.000000 1.000000
vn 0.000000 0.000000 1.000000
vn 0.000000 0.000000 1.000000
vn 0.000000 0.000000 1.000000
vn 0.000000 0.000000 1.000000
vn 0.000000 0.000000 1.000000
vn 0.000000 0.000000 1.000000
vn 0.000000 0.000000 1.000000
vn 0.000000 0.000000 1.000000
vn 0.000000 0.000000 1.000000
vn 0.000000 0.000000 1.000000
vn 0.000000 0.000000 1.000000
vn 0.000000 0.000000 1.000000
vn 0.000000 0.000000 1.000000
vn 0.000000 0.000000 1.000000
vn 0.000000 0.000000 1.000000
vn 0.000000 0.000000 1.000000
vn 0.000000 0.000000 1.000000
vn 0.000000 0.000000 1.000000
vn 0.000000 0.000000 1.000000
vn 0.000000 0.000000 1.000000
vn 0.000000 0.000000 1.000000
vn 0.000000 0.000000 1.000000
vn 0.000000 0.000000 1.000000
vn 0.000000 0.000000 1.000000
vn 0.000000 0.000000 1.000000
vn 0.000000 0.000000 1.000000
vn 0.000000 0.000000 1.000000
vn 0.000000 0.000000 1.000000
vn 0.707107 0.000000 -0.707107
vn 0.707107 0.000000 -0.707107
vn 0.707109 0.000000 -0.707105
vn 0.707107 0.000000 -0.707107
vn 0.707103 -0.000000 -0.707111
vn 0.707108 0.000000 -0.707106
vn 0.707105 -0.000000 -0.707109
vn 0.707106 -0.000000 -0.707108
vn 0.707111 0.000000 -0.707103
vn 0.707107 0.000000 -0.707107
vn 0.707104 -0.000000 -0.707110
vn 0.707107 0.000000 -0.707107
vn 0.706954 0.000000 -0.707259
vn 0.707132 0.000000 -0.707082
vn 0.707107 0.000000 -0.707107
vn 0.707096 -0.000000 -0.707118
vn 0.707115 0.000000 -0.707098
vn 0.707100 -0.000000 -0.707114
vn 0.707118 0.000000 -0.707095
vn 0.707102 -0.000000 -0.707112
vn 0.707111 0.000000 -0.707102
vn 0.707099 -0.000000 -0.707115
vn 0.707107 0.000000 -0.707107
vn 0.707107 0.000000 -0.707107
vn 0.707107 0.000000 -0.707107
vn 0.707107 0.000000 -0.707107
vn 0.707107 0.000000 -0.707107
vn 0.707109 0.000000 -0.707104
vn 0.000000 0.000000 1.000000
vn 0.000000 0.000000 1.000000
vn 0.000000 0.000000 1.000000
vn 0.000000 0.000000 1.000000
vn 0.000000 0.000000 1.000000
vn 0.000000 0.000000 1.000000
vn 0.000000 0.000000 1.000000
vn 0.000000 0.000000 1.000000
vn 0.000000 0.000000 1.000000
vn 0.000000 0.000000 1.000000
vn 0.000000 0.000000 1.000000
vn 0.000000 0.000000 1.000000
vn 0.000000 0.000000 1.000000
vn 0.000000 0.000000 1.000000
vn 0.000000 0.000000 1.000000
vn 0.000000 0.000000 1.000000
vn 0.000000 0.000000 1.000000
vn 0.000000 0.000000 1.000000
vn 0.000000 0.000000 1.000000
vn 0.000000 0.000000 1.000000
vn 0.000000 0.000000 1.000000
vn 0.000000 0.000000 1.000000
vn 0.000000 0.000000 1.000000
vn 0.000000 0.000000 1.000000
vn 0.000000 0.000000 1.000000
vn 0.000000 0.000000 1.000000
vn 0.000000 0.000000 1.000000
vn 0.000000 0.000000 1.000000
vn 0.000000 0.000000 1.000000
vn 0.000000 0.000000 1.000000
vn 0.000000 0.000000 1.000000
vn 0.000000 0.000000 1.000000
vn 0.000000 0.000000 1.000000
vn 0.000000 0.000000 1.000000
vn -0.707107 -0.000000 -0.707106
vn -0.707107 0.000000 -0.707107
vn -0.707106 0.000000 -0.707107
vn -0.707106 0.000000 -0.707107
vn -0.707108 -0.000000 -0.707106
vn -0.707106 0.000000 -0.707107
vn -0.707107 0.000000 -0.707107
vn -0.707107 0.000000 -0.707107
vn -0.707107 -0.000000 -0.707106
vn -0.707107 0.000000 -0.707107
vn -0.707107 -0.000000 -0.707106
vn -0.707106 0.000000 -0.707108
vn -0.707107 0.000000 -0.707107
vn -0.707110 0.000000 -0.707104
vn -0.707107 -0.000000 -0.707107
vn -0.707107 0.000000 -0.707107
vn 0.707107 0.000000 0.707107
vn 0.707107 0.000000 0.707107
vn 0.707109 0.000000 0.707105
vn 0.707107 -0.000000 0.707107
vn 0.707103 -0.000000 0.707111
vn 0.707108 0.000000 0.707106
vn 0.707105 -0.000000 0.707109
vn 0.707106 -0.000000 0.707108
vn 0.707111 0.000000 0.707103
vn 0.707107 0.000000 0.707107
vn 0.707104 -0.000000 0.707110
vn 0.707107 0.000000 0.707107
vn 0.706954 0.000000 0.707259
vn 0.707132 0.000000 0.707082
vn 0.707107 0.000000 0.707107
vn 0.707096 -0.000000 0.707118
vn 0.707115 0.000000 0.707098
vn 0.707100 -0.000000 0.707114
vn 0.707118 0.000000 0.707095
vn 0.707102 -0.000000 0.707112
vn 0.707111 0.000000 0.707102
vn 0.707099 -0.000000 0.707115
vn 0.707107 0.000000 0.707107
vn 0.707107 0.000000 0.707107
vn 0.707107 0.000000 0.707107
vn 0.707107 0.000000 0.707107
vn 0.707107 0.000000 0.707107
vn 0.707109 0.000000 0.707104
vn -0.707107 -0.000000 0.707106
vn -0.707107 0.000000 0.707107
vn -0.707106 0.000000 0.707107
vn -0.707106 0.000000 0.707107
vn -0.707108 -0.000000 0.707106
vn -0.707106 0.000000 0.707107
vn -0.707107 0.000000 0.707107
vn -0.707107 0.000000 0.707107
vn -0.707108 -0.000000 0.707106
vn -0.707107 0.000000 0.707107
vn -0.707107 -0.000000 0.707106
vn -0.707106 0.000000 0.707108
vn -0.707107 0.000000 0.707107
vn -0.707110 0.000000 0.707104
vn -0.707107 0.000000 0.707107
vn -0.707107 0.000000 0.707107
vn 0.000000 0.000000 -1.000000
vn 0.000000 0.000000 -1.000000
vn 0.000000 0.000000 -1.000000
vn 0.000000 0.000000 -1.000000
vn 0.000000 0.000000 -1.000000
vn 0.000000 0.000000 -1.000000
vn 0.000000 0.000000 -1.000000
vn 0.000000 0.000000 -1.000000
vn 0.000000 0.000000 -1.000000
vn 0.000000 0.000000 -1.000000
vn 0.000000 0.000000 -1.000000
vn 0.000000 0.000000 -1.000000
vn 0.000000 0.000000 -1.000000
vn 0.000000 0.000000 -1.000000
vn 0.000000 0.000000 -1.000000
vn 0.000000 0.000000 -1.000000
vn 0.000000 0.000000 -1.000000
vn 0.000000 0.000000 -1.000000
vn 0.000000 0.000000 -1.000000
vn 0.000000 0.000000 -1.000000
vn 0.000000 0.000000 -1.000000
vn 0.000000 0.000000 -1.000000
vn 0.000000 0.000000 -1.000000
vn 0.000000 0.000000 -1.000000
vn 0.000000 0.000000 -1.000000
vn 0.000000 0.000000 -1.000000
vn 0.000000 0.000000 -1.000000
vn 0.000000 0.000000 -1.000000
vn 0.000000 0.000000 -1.000000
vn 0.000000 0.000000 -1.000000
vn 0.000000 0.000000 -1.000000
vn 0.000000 0.000000 -1.000000
vn 0.000000 0.000000 -1.000000
vn 0.000000 0.000000 -1.000000
vn 0.707107 0.000000 -0.707107
vn 0.707107 0.000000 -0.707107
vn -0.707107 0.000000 -0.707107
vn -0.707107 -0.000000 -0.707107
vn 0.000000 0.000000 1.000000
vn 0.000000 0.000000 1.000000
vn -1.000000 0.000000 -0.000000
vn -1.000000 -0.000000 0.000000
vn 0.707107 0.000000 0.707107
vn 0.707107 -0.000000 0.707107
vn 0.707107 0.000000 -0.707107
vn 0.707107 -0.000000 -0.707107
vn 0.707107 0.000000 0.707107
vn 0.707107 -0.000000 0.707107
vn 0.000000 0.000000 -1.000000
vn 0.000000 0.000000 -1.000000
vn -0.707107 0.000000 0.707107
vn -0.707107 0.000000 0.707107
vn -1.000000 0.000000 -0.000000
vn -1.000000 -0.000000 0.000000
vn 0.707107 0.000000 0.707107
vn 0.707107 -0.000000 0.707107
vn 0.707107 0.000000 -0.707107
vn 0.707107 -0.000000 -0.707107
vn -1.000000 0.000000 -0.000000
vn -1.000000 -0.000000 0.000000
vn 0.707107 -0.000000 0.707107
vn 0.707107 -0.000000 0.707107
vn 0.707107 0.000000 -0.707107
vn 0.707107 0.000000 -0.707107
vn -1.000000 0.000000 -0.000000
vn -1.000000 -0.000000 0.000000
vn 0.707107 -0.000000 0.707107
vn 0.707107 -0.000000 0.707107
vn 0.707107 0.000000 -0.707107
vn 0.707107 -0.000000 -0.707107
vn 0.000000 0.000000 1.000000
vn 0.000000 0.000000 1.000000
vn 0.707107 0.000000 -0.707107
vn 0.707107 0.000000 -0.707107
vn -0.707107 0.000000 -0.707107
vn -0.707107 -0.000000 -0.707107
vn -0.707107 0.000000 0.707107
vn -0.707107 0.000000 0.707107
vn 1.000000 0.000000 -0.000000
vn 1.000000 0.000000 0.000000
vn -0.707107 0.000000 -0.707107
vn -0.707107 -0.000000 -0.707107
vn -0.707107 0.000000 0.707107
vn -0.707107 0.000000 0.707107
vn 0.707107 0.000000 0.707107
vn 0.707107 -0.000000 0.707107
vn 0.000000 0.000000 -1.000000
vn 0.000000 0.000000 -1.000000
vn 1.000000 0.000000 -0.000000
vn 1.000000 0.000000 0.000000
vn -0.707107 -0.000000 -0.707107
vn -0.707107 -0.000000 -0.707107
vn -0.707107 0.000000 0.707107
vn -0.707107 -0.000000 0.707107
vn 0.000000 0.000000 1.000000
vn 0.000000 0.000000 1.000000
vn 0.707107 0.000000 -0.707107
vn 0.707107 0.000000 -0.707107
vn -0.707107 0.000000 -0.707107
vn -0.707107 -0.000000 -0.707107
vn -0.707107 0.000000 0.707107
vn -0.707107 0.000000 0.707107
vn 1.000000 0.000000 -0.000000
vn 1.000000 0.000000 0.000000
vn -0.707107 -0.000000 -0.707107
vn -0.707107 -0.000000 -0.707107
vn -0.707107 0.000000 0.707107
vn -0.707107 0.000000 0.707107
vn 0.707107 -0.000000 0.707107
vn 0.707107 -0.000000 0.707107
vn 0.000000 0.000000 -1.000000
vn 0.000000 0.000000 -1.000000
vn -1.000000 0.000000 0.000000
vn -1.000000 -0.000000 -0.000000
vn 0.707107 -0.000000 0.707107
vn 0.707107 -0.000000 0.707107
vn 0.707107 0.000000 -0.707107
vn 0.707107 0.000000 -0.707107
vn 0.000000 0.000000 1.000000
vn 0.000000 0.000000 1.000000
vn 0.707107 0.000000 -0.707107
vn 0.707107 0.000000 -0.707107
vn -0.707107 0.000000 -0.707107
vn -0.707107 -0.000000 -0.707107
vn -0.707107 0.000000 0.707107
vn -0.707107 0.000000 0.707107
vn 1.000000 0.000000 -0.000000
vn 1.000000 0.000000 0.000000
vn -0.707107 0.000000 -0.707107
vn -0.707107 -0.000000 -0.707107
vn -0.707107 0.000000 0.707107
vn -0.707107 0.000000 0.707107
vn 0.707107 -0.000000 0.707107
vn 0.707107 -0.000000 0.707107
vn 0.000000 0.000000 -1.000000
vn 0.000000 0.000000 -1.000000
vn -1.000000 0.000000 -0.000000
vn -1.000000 -0.000000 0.000000
vn 0.707107 0.000000 0.707107
vn 0.707107 -0.000000 0.707107
vn 0.707107 0.000000 -0.707107
vn 0.707107 -0.000000 -0.707107
vn 0.000000 0.000000 1.000000
vn 0.000000 0.000000 1.000000
vn 0.707107 0.000000 -0.707107
vn 0.707107 0.000000 -0.707107
vn -0.707107 0.000000 -0.707107
vn -0.707107 -0.000000 -0.707107
vn -0.707107 0.000000 0.707107
vn -0.707107 0.000000 0.707107
vn 1.000000 0.000000 0.000000
vn 1.000000 0.000000 -0.000000
vn -0.707107 0.000000 -0.707107
vn -0.707107 -0.000000 -0.707107
vn -0.707107 0.000000 0.707107
vn -0.707107 0.000000 0.707107
vn 0.707107 -0.000000 0.707107
vn 0.707107 -0.000000 0.707107
vn 0.000000 0.000000 -1.000000
vn 0.000000 0.000000 -1.000000
vn 1.000000 0.000000 0.000000
vn 1.000000 0.000000 0.000000
vn -1.000000 0.000000 -0.000000
vn -1.000000 -0.000000 0.000000
vn 0.000000 1.000000 0.000000
vn -0.000000 1.000000 0.000000
vn 0.000000 1.000000 0.000000
vn 0.000000 1.000000 0.000000
vn 0.000000 1.000000 0.000000
vn -0.000000 1.000000 0.000000
vn -1.000000 0.000000 -0.000000
vn -1.000000 -0.000000 0.000000
vn -0.000000 -1.000000 -0.000000
vn 0.000000 -1.000000 -0.000000
vn 0.000000 -1.000000 -0.000000
vn -0.000000 -1.000000 0.000000
vn -0.000000 -1.000000 0.000000
vn -0.000000 -1.000000 0.000000
vn 1.000000 0.000000 -0.000000
vn 1.000000 0.000000 0.000000
vn 0.000000 0.000000 -1.000000
vn 0.000000 -0.000000 -1.000000
vn 0.000000 0.000000 -1.000000
vn 0.000000 -0.000000 -1.000000
vn 0.000000 0.000000 -1.000000
vn 0.000000 -0.000000 -1.000000
vn 0.000000 0.000000 -1.000000
vn 0.000000 -0.000000 -1.000000
vn 0.000000 0.000000 -1.000000
vn 0.000000 -0.000000 -1.000000
vn 0.000000 0.000000 -1.000000
vn 0.000000 -0.000000 -1.000000
vn 0.000000 0.000000 -1.000000
vn 0.000000 -0.000000 -1.000000
vn 0.000000 0.000000 -1.000000
vn 0.000000 -0.000000 -1.000000
vn 0.000000 0.000000 -1.000000
vn 0.000000 -0.000000 -1.000000
vn 0.000000 0.000000 -1.000000
vn 0.000000 -0.000000 -1.000000
vn 0.000000 0.000000 -1.000000
vn 0.000000 -0.000000 -1.000000
vn 0.000000 0.000000 -1.000000
vn 0.000000 -0.000000 -1.000000
vn 0.000000 0.000000 -1.000000
vn 0.000000 -0.000000 -1.000000
vn 0.000000 0.000000 -1.000000
vn 0.000000 -0.000000 -1.000000
vn 0.000000 0.000000 -1.000000
vn 0.000000 -0.000000 -1.000000
vn 0.000000 0.000000 -1.000000
vn 0.000000 -0.000000 -1.000000
vn 0.000000 0.000000 -1.000000
vn 0.000000 -0.000000 -1.000000
vn 0.000000 0.000000 -1.000000
vn 0.000000 -0.000000 -1.000000
vn 0.000000 0.000000 -1.000000
vn 0.000000 -0.000000 -1.000000
vn 0.000000 0.000000 -1.000000
vn 0.000000 -0.000000 -1.000000
vn 0.000000 0.000000 -1.000000
vn 0.000000 -0.000000 -1.000000
vn 0.000000 0.000000 -1.000000
vn 0.000000 0.000000 -1.000000
vn 0.000000 0.000000 -1.000000
vn 0.000000 0.000000 -1.000000
vn 0.000000 0.000000 -1.000000
vn 0.000000 0.000000 -1.000000
vn 0.000000 0.000000 -1.000000
vn 0.000000 0.000000 -1.000000
vn 0.000000 0.000000 -1.000000
vn 0.000000 0.000000 -1.000000
vn 0.000000 0.000000 -1.000000
vn 0.000000 0.000000 -1.000000
vn 0.000000 0.000000 -1.000000
vn 0.000000 0.000000 -1.000000
vn 0.000000 0.000000 -1.000000
vn 0.000000 0.000000 -1.000000
vn 0.000000 0.000000 -1.000000
vn 0.000000 0.000000 -1.000000
vn 0.000000 -0.000000 -1.000000
vn 0.000000 -0.000000 -1.000000
vn 0.000000 -0.000000 -1.000000
vn 0.000000 -0.000000 -1.000000
vn 0.000000 -0.000000 -1.000000
vn 0.000000 -0.000000 -1.000000
vn 0.000000 -0.000000 -1.000000
vn 0.000000 -0.000000 -1.000000
vn 0.000000 -0.000000 -1.000000
vn 0.000000 -0.000000 -1.000000
vn 0.000000 -0.000000 -1.000000
vn 0.000000 -0.000000 -1.000000
vn 0.000000 -0.000000 -1.000000
vn 0.000000 -0.000000 -1.000000
vn 0.000000 -0.000000 -1.000000
vn 0.000000 0.000000 -1.000000
vn 0.000000 0.000000 -1.000000
vn 0.000000 0.000000 -1.000000
vn 0.000000 0.000000 -1.000000
vn 0.000000 0.000000 -1.000000
vn 0.000000 0.000000 -1.000000
vn 0.000000 0.000000 -1.000000
vn 0.000000 0.000000 -1.000000
vn 0.000000 0.000000 -1.000000
vn 0.000000 0.000000 -1.000000
vn 0.000000 0.000000 -1.000000
vn 0.000000 0.000000 -1.000000
vn 0.000000 0.000000 -1.000000
vn 0.000000 0.000000 -1.000000
vn 0.000000 0.000000 -1.000000
vn 0.000000 0.000000 -1.000000
vn 0.000000 0.000000 -1.000000
vn 0.000000 0.000000 -1.000000
vn 0.000000 0.000000 -1.000000
vn 0.000000 0.000000 -1.000000
vn 0.000000 0.000000 -1.000000
vn 0.000000 0.000000 -1.000000
vn 0.000000 0.000000 -1.000000
vn 0.000000 0.000000 -1.000000
vn 0.000000 0.000000 -1.000000
vn 0.000000 0.000000 -1.000000
vn 0.000000 0.000000 -1.000000
vn 0.000000 0.000000 -1.000000
vn 0.000000 0.000000 -1.000000
vn 0.000000 0.000000 -1.000000
vn 0.000000 0.000000 -1.000000
vn 0.000000 0.000000 -1.000000
vn 0.000000 0.000000 -1.000000
vn 0.000000 0.000000 -1.000000
vn 0.000000 0.000000 -1.000000
vn 0.000000 0.000000 -1.000000
vn 0.000000 0.000000 -1.000000
vn 0.000000 0.000000 -1.000000
vn 0.000000 0.000000 -1.000000
vn 0.000000 0.000000 -1.000000
vn 0.000000 0.000000 -1.000000
vn 0.000000 0.000000 -1.000000
vn 0.000000 0.000000 -1.000000
vn 0.000000 0.000000 -1.000000
vn 0.000000 0.000000 -1.000000
vn 0.000000 0.000000 -1.000000
vn 0.000000 0.000000 -1.000000
vn 0.000000 0.000000 -1.000000
vn 0.000000 0.000000 -1.000000
vn 0.000000 0.000000 -1.000000
vn 0.000000 0.000000 -1.000000
vn 0.000000 0.000000 -1.000000
vn 0.000000 0.000000 -1.000000
vn 0.000000 0.000000 -1.000000
vn 0.000000 0.000000 -1.000000
vn 0.000000 0.000000 -1.000000
vn 0.000000 0.000000 -1.000000
vn 0.000000 0.000000 -1.000000
vn 0.000000 0.000000 -1.000000
vn 0.000000 0.000000 -1.000000
vn 0.000000 0.000000 -1.000000
vn 0.000000 0.000000 -1.000000
vn 0.000000 0.000000 -1.000000
vn 0.000000 0.000000 -1.000000
vn 0.000000 0.000000 -1.000000
vn 0.000000 0.000000 -1.000000
vn 0.000000 0.000000 -1.000000
vn 0.000000 0.000000 -1.000000
vn 0.000000 0.000000 -1.000000
vn 0.000000 0.000000 -1.000000
vn 0.000000 0.000000 -1.000000
vn 0.000000 0.000000 -1.000000
vn 0.000000 0.000000 -1.000000
vn 0.000000 0.000000 -1.000000
vn 0.000000 0.000000 -1.000000
vn 0.000000 0.000000 -1.000000
vn 0.000000 0.000000 -1.000000
vn 0.000000 0.000000 -1.000000
vn 0.000000 0.000000 -1.000000
vn 0.000000 0.000000 -1.000000
vn 0.000000 0.000000 -1.000000
vn 0.000000 0.000000 -1.000000
vn 0.000000 0.000000 -1.000000
vn 0.000000 0.000000 -1.000000
vn 0.000000 0.000000 -1.000000
vn 0.000000 0.000000 -1.000000
vn 0.000000 0.000000 -1.000000
vn 0.000000 0.000000 -1.000000
vn 0.000000 0.000000 -1.000000
vn 0.000000 0.000000 -1.000000
vn 0.000000 0.000000 -1.000000
vn 0.000000 0.000000 -1.000000
vn 0.000000 0.000000 -1.000000
vn 0.000000 0.000000 -1.000000
vn 0.000000 0.000000 -1.000000
vn 0.000000 0.000000 -1.000000
vn 0.000000 0.000000 -1.000000
vn 0.000000 0.000000 -1.000000
vn 0.000000 0.000000 -1.000000
vn 0.000000 0.000000 -1.000000
vn 0.000000 0.000000 -1.000000
vn 0.000000 0.000000 -1.000000
vn 0.000000 0.000000 -1.000000
vn 0.000000 0.000000 -1.000000
vn 0.000000 0.000000 -1.000000
vn 0.000000 0.000000 -1.000000
vn 0.000000 0.000000 -1.000000
vn 0.000000 0.000000 -1.000000
vn 0.000000 0.000000 -1.000000
vn 0.000000 0.000000 -1.000000
vn 0.000000 0.000000 -1.000000
vn 0.000000 0.000000 -1.000000
vn 0.000000 0.000000 -1.000000
vn 0.000000 0.000000 -1.000000
vn 0.000000 0.000000 -1.000000
vn 0.000000 0.000000 -1.000000
vn 0.000000 0.000000 -1.000000
vn 0.000000 0.000000 -1.000000
vn 0.000000 0.000000 -1.000000
vn 0.000000 0.000000 -1.000000
vn 0.000000 0.000000 -1.000000
vn 0.000000 0.000000 -1.000000
vn 0.000000 0.000000 -1.000000
vn 0.000000 0.000000 -1.000000
vn 0.000000 0.000000 -1.000000
vn 0.000000 0.000000 -1.000000
vn 0.000000 0.000000 -1.000000
vn 0.000000 0.000000 -1.000000
vn 0.000000 0.000000 -1.000000
vn 0.000000 0.000000 -1.000000
vn 0.000000 0.000000 -1.000000
vn 0.000000 0.000000 -1.000000
vn 0.000000 0.000000 -1.000000
vn 0.000000 0.000000 -1.000000
vn 0.000000 0.000000 -1.000000
vn 0.000000 0.000000 -1.000000
vn 0.000000 0.000000 -1.000000
vn 0.000000 0.000000 -1.000000
vn 0.000000 0.000000 -1.000000
vn 0.000000 0.000000 -1.000000
vn 0.000000 0.000000 -1.000000
vn 0.000000 0.000000 -1.000000
vn 0.000000 0.000000 -1.000000
vn 0.000000 0.000000 -1.000000
vn 0.000000 0.000000 -1.000000
vn 0.000000 0.000000 -1.000000
vn 0.000000 0.000000 -1.000000
vn 0.000000 0.000000 -1.000000
vn 0.000000 0.000000 -1.000000
vn 0.000000 0.000000 -1.000000
vn 0.000000 0.000000 -1.000000
vn 0.000000 0.000000 -1.000000
vn 0.000000 0.000000 -1.000000
vn 0.000000 0.000000 -1.000000
vn 0.000000 0.000000 -1.000000
vn 0.000000 0.000000 -1.000000
vn 0.000000 0.000000 -1.000000
vn 0.000000 0.000000 -1.000000
vn 0.000000 0.000000 -1.000000
vn 0.000000 0.000000 -1.000000
vn 0.000000 0.000000 -1.000000
vn 0.000000 0.000000 -1.000000
vn 0.000000 0.000000 -1.000000
vn 0.000000 0.000000 -1.000000
vn 0.000000 0.000000 -1.000000
vn 0.000000 0.000000 -1.000000
vn 0.000000 0.000000 -1.000000
vn 0.000000 0.000000 -1.000000
vn 0.000000 0.000000 -1.000000
vn 0.000000 0.000000 -1.000000
vn 0.000000 0.000000 -1.000000
vn 0.000000 0.000000 -1.000000
vn 0.000000 0.000000 -1.000000
vn 0.000000 0.000000 -1.000000
vn 0.000000 0.000000 -1.000000
vn 0.000000 0.000000 -1.000000
vn 0.000000 0.000000 -1.000000
vn 0.000000 0.000000 -1.000000
vn 0.000000 -0.000000 -1.000000
vn 0.000000 -0.000000 -1.000000
vn 0.000000 -0.000000 -1.000000
vn 0.000000 -0.000000 -1.000000
vn 0.000000 -0.000000 -1.000000
vn 0.000000 -0.000000 -1.000000
vn 0.000000 -0.000000 -1.000000
vn 0.000000 -0.000000 -1.000000
vn 0.000000 -0.000000 -1.000000
vn 0.000000 -0.000000 -1.000000
vn 0.000000 -0.000000 -1.000000
vn 0.000000 -0.000000 -1.000000
vn 0.000000 -0.000000 -1.000000
vn 0.000000 -0.000000 -1.000000
vn 0.000000 -0.000000 -1.000000
vn 0.000000 0.000000 -1.000000
vn 0.000000 -0.000000 -1.000000
vn 0.000000 0.000000 -1.000000
vn -0.000000 -0.000000 -1.000000
vn 0.000000 0.000000 -1.000000
vn 0.000000 0.000000 -1.000000
vn 0.000000 0.000000 -1.000000
vn -0.000000 -0.000000 -1.000000
vn -0.000000 -0.000000 -1.000000
vn -0.000000 -0.000000 -1.000000
vn 0.000000 0.000000 -1.000000
vn -0.000000 -0.000000 -1.000000
vn -0.000000 -0.000000 -1.000000
vn -0.000000 -0.000000 -1.000000
vn 0.000000 0.000000 -1.000000
vn 0.000000 0.000000 -1.000000
vn 0.000000 0.000000 -1.000000
vn 0.000000 0.000000 -1.000000
vn -0.000000 -0.000000 -1.000000
vn -0.000000 -0.000000 -1.000000
vn -0.000000 -0.000000 -1.000000
vn 0.000000 0.000000 -1.000000
vn 0.000000 0.000000 -1.000000
vn 0.000000 0.000000 -1.000000
vn 0.000000 0.000000 -1.000000
vn 0.000000 0.000000 -1.000000
vn -0.000000 -0.000000 -1.000000
vn -0.000000 -0.000000 -1.000000
vn 0.000000 0.000000 -1.000000
vn 0.000000 0.000000 -1.000000
vn -0.000000 -0.000000 -1.000000
vn 0.000000 0.000000 -1.000000
vn 0.000000 0.000000 -1.000000
vn 0.000000 0.000000 -1.000000
vn 0.000000 0.000000 -1.000000
vn 0.000000 0.000000 -1.000000
vn 0.000000 0.000000 -1.000000
vn 0.000000 0.000000 -1.000000
vn 0.000000 0.000000 -1.000000
vn 0.000000 0.000000 -1.000000
vn 0.000000 0.000000 -1.000000
vn 0.000000 0.000000 -1.000000
vn 0.000000 0.000000 -1.000000
vn 0.000000 0.000000 -1.000000
vn 0.000000 0.000000 -1.000000
vn 0.000000 0.000000 -1.000000
vn 0.000000 0.000000 -1.000000
vn 0.000000 0.000000 -1.000000
vn 0.000000 0.000000 -1.000000
vn 0.000000 0.000000 -1.000000
vn 0.000000 0.000000 -1.000000
vn 0.000000 0.000000 -1.000000
vn 0.000000 0.000000 -1.000000
vn 0.000000 0.000000 -1.000000
vn 0.000000 0.000000 -1.000000
vn 0.000000 0.000000 -1.000000
vn 0.000000 0.000000 -1.000000
vn 0.000000 0.000000 -1.000000
vn 0.000000 0.000000 -1.000000
vn 0.000000 0.000000 -1.000000
vn 1.000000 0.000000 0.000000
vn 1.000000 0.000000 -0.000000
vn 0.000000 0.000000 1.000000
vn 0.000000 0.000000 1.000000
vn -1.000000 0.000000 0.000000
vn -1.000000 -0.000000 -0.000000
vn 0.000000 1.000000 0.000000
vn -0.000000 1.000000 0.000000
vn 0.000000 1.000000 0.000000
vn 0.000000 1.000000 0.000000
vn 0.000000 1.000000 0.000000
vn -0.000000 1.000000 0.000000
vn -0.000000 1.000000 0.000000
vn -0.000000 1.000000 0.000000
vn 1.000000 0.000000 -0.000000
vn 1.000000 0.000000 0.000000
vn -0.000000 -1.000000 0.000000
vn 0.000000 -1.000000 -0.000000
vn 1.000000 0.000000 -0.000000
vn 1.000000 0.000000 0.000000
vn 1.000000 0.000000 -0.000000
vn 1.000000 0.000000 0.000000
vn 0.000000 1.000000 0.000000
vn -0.000000 1.000000 0.000000
vn 0.000000 0.000000 -1.000000
vn 0.000000 0.000000 -1.000000
vn 1.000000 0.000000 0.000000
vn 1.000000 0.000000 -0.000000
vn 0.000000 0.000000 1.000000
vn 0.000000 0.000000 1.000000
vn -1.000000 -0.000000 0.000000
vn -1.000000 0.000000 -0.000000
vn -0.000000 -1.000000 0.000000
vn 0.000000 -1.000000 -0.000000
vn -0.000000 -1.000000 0.000000
vn 0.000000 -1.000000 -0.000000
vn -0.000000 -1.000000 0.000000
vn 0.000000 -1.000000 -0.000000
vn -0.000000 -1.000000 0.000000
vn 0.000000 -1.000000 -0.000000
vn -0.000000 -1.000000 0.000000
vn 0.000000 -1.000000 -0.000000
vn -0.000000 -1.000000 0.000000
vn 0.000000 -1.000000 -0.000000
vn -0.000000 -1.000000 0.000000
vn 0.000000 -1.000000 -0.000000
vn -0.000000 -1.000000 0.000000
vn 0.000000 -1.000000 -0.000000
vn -0.000000 -1.000000 0.000000
vn 0.000000 -1.000000 -0.000000
vn -0.000000 -1.000000 0.000000
vn 0.000000 -1.000000 -0.000000
vn -0.000000 -1.000000 0.000000
vn 0.000000 -1.000000 -0.000000
vn -0.000000 -1.000000 0.000000
vn 0.000000 -1.000000 -0.000000
vn -0.000000 -1.000000 0.000000
vn 0.000000 -1.000000 -0.000000
vn -0.000000 -1.000000 0.000000
vn 0.000000 -1.000000 -0.000000
vn -0.000000 -1.000000 0.000000
vn 0.000000 -1.000000 -0.000000
vn -0.000000 -1.000000 0.000000
vn 0.000000 -1.000000 -0.000000
vn 0.000000 -1.000000 0.000000
vn 0.000000 -1.000000 0.000000
vn 0.000000 -1.000000 0.000000
vn 0.000000 -1.000000 0.000000
vn 0.000000 -1.000000 0.000000
vn 0.000000 -1.000000 0.000000
vn 0.000000 -1.000000 0.000000
vn 0.000000 -1.000000 0.000000
vn 0.000000 -1.000000 0.000000
vn 0.000000 -1.000000 0.000000
vn 0.000000 -1.000000 0.000000
vn 0.000000 -1.000000 0.000000
vn 0.000000 -1.000000 0.000000
vn 0.000000 -1.000000 0.000000
vn -0.000000 -1.000000 0.000000
vn 0.000000 -1.000000 0.000000
vn 0.000000 -1.000000 -0.000000
vn -0.000000 -1.000000 0.000000
vn 0.000000 -1.000000 0.000000
vn 0.000000 -1.000000 0.000000
vn 0.000000 -1.000000 -0.000000
vn -0.000000 -1.000000 0.000000
vn 0.000000 -1.000000 0.000000
vn 0.000000 -1.000000 0.000000
vn 0.000000 -1.000000 -0.000000
vn -0.000000 -1.000000 0.000000
vn 0.000000 -1.000000 0.000000
vn -0.000000 -1.000000 0.000000
vn 0.000000 -1.000000 0.000000
vn 0.000000 -1.000000 -0.000000
vn -0.000000 -1.000000 0.000000
vn 0.000000 -1.000000 0.000000
vn 0.000000 -1.000000 0.000000
vn 0.000000 -1.000000 0.000000
vn 0.000000 -1.000000 -0.000000
vn -0.000000 -1.000000 0.000000
vn 0.000000 -1.000000 0.000000
vn -0.000000 -1.000000 0.000000
vn 0.000000 -1.000000 0.000000
vn -0.000000 -1.000000 -0.000000
vn -0.000000 -1.000000 -0.000000
vn 0.000000 -1.000000 0.000000
vn -0.000000 -1.000000 0.000000
vn 0.000000 -1.000000 -0.000000
vn -0.000000 -1.000000 -0.000000
vn -0.000000 -1.000000 0.000000
vn 0.000000 -1.000000 -0.000000
vn -0.000000 -1.000000 -0.000000
vn -0.000000 -1.000000 0.000000
vn 0.000000 -1.000000 -0.000000
vn -0.000000 -1.000000 -0.000000
vn -0.000000 -1.000000 0.000000
vn 0.000000 -1.000000 -0.000000
vn -0.000000 -1.000000 -0.000000
vn -0.000000 -1.000000 0.000000
vn 0.000000 -1.000000 -0.000000
vn -0.000000 -1.000000 -0.000000
vn -0.000000 -1.000000 0.000000
vn 0.000000 -1.000000 -0.000000
vn -0.000000 -1.000000 -0.000000
vn 0.000000 -1.000000 -0.000000
vn -0.000000 -1.000000 0.000000
vn -0.000000 -1.000000 -0.000000
vn 0.000000 -1.000000 -0.000000
vn -0.000000 -1.000000 0.000000
vn -0.000000 -1.000000 -0.000000
vn -0.000000 -1.000000 0.000000
vn 0.000000 -1.000000 -0.000000
vn -0.000000 -1.000000 -0.000000
vn -0.000000 -1.000000 0.000000
vn 0.000000 -1.000000 -0.000000
vn 0.000000 -1.000000 -0.000000
vn -0.000000 -1.000000 0.000000
vn 0.000000 -1.000000 0.000000
vn 0.000000 -1.000000 -0.000000
vn -0.000000 -1.000000 0.000000
vn 0.000000 -1.000000 0.000000
vn 0.000000 -1.000000 -0.000000
vn -0.000000 -1.000000 0.000000
vn 0.000000 -1.000000 0.000000
vn 0.000000 -1.000000 -0.000000
vn -0.000000 -1.000000 0.000000
vn 0.000000 -1.000000 0.000000
vn 0.000000 -1.000000 -0.000000
vn -0.000000 -1.000000 0.000000
vn 0.000000 -1.000000 0.000000
vn 0.000000 -1.000000 -0.000000
vn -0.000000 -1.000000 0.000000
vn 0.000000 -1.000000 0.000000
vn 0.000000 -1.000000 -0.000000
vn -0.000000 -1.000000 0.000000
vn 0.000000 -1.000000 0.000000
vn 0.000000 -1.000000 0.000000
vn 0.000000 -1.000000 -0.000000
vn -0.000000 -1.000000 0.000000
vn 0.000000 -1.000000 -0.000000
vn -0.000000 -1.000000 0.000000
vn 0.000000 -1.000000 0.000000
vn 0.000000 -1.000000 -0.000000
vn -0.000000 -1.000000 0.000000
vn 0.000000 -1.000000 0.000000
vn 0.000000 -1.000000 -0.000000
vn 0.000000 -1.000000 0.000000
vn -0.000000 -1.000000 0.000000
vn 0.000000 -1.000000 -0.000000
vn -0.000000 -1.000000 0.000000
vn 0.000000 -1.000000 0.000000
vn 0.000000 -1.000000 -0.000000
vn -0.000000 -1.000000 0.000000
vn 0.000000 -1.000000 0.000000
vn 0.000000 -1.000000 -0.000000
vn -0.000000 -1.000000 0.000000
vn 0.000000 -1.000000 0.000000
vn 0.000000 -1.000000 -0.000000
vn 0.000000 -1.000000 0.000000
vn -0.000000 -1.000000 0.000000
vn 0.000000 -1.000000 -0.000000
vn -0.000000 -1.000000 0.000000
vn 0.000000 -1.000000 0.000000
vn 0.000000 -1.000000 -0.000000
vn -0.000000 -1.000000 0.000000
vn 0.000000 -1.000000 0.000000
vn 0.000000 -1.000000 -0.000000
vn -0.000000 -1.000000 0.000000
vn 0.000000 -1.000000 0.000000
vn 0.000000 -1.000000 -0.000000
vn -0.000000 -1.000000 0.000000
vn 0.000000 -1.000000 0.000000
vn 0.000000 -1.000000 -0.000000
vn 0.000000 -1.000000 0.000000
vn -0.000000 -1.000000 0.000000
vn 0.000000 -1.000000 -0.000000
vn 0.000000 -1.000000 0.000000
vn -0.000000 -1.000000 0.000000
vn 0.000000 -1.000000 -0.000000
vn 0.000000 -1.000000 0.000000
vn -0.000000 -1.000000 0.000000
vn 0.000000 -1.000000 -0.000000
vn 0.000000 -1.000000 -0.000000
vn 0.000000 -1.000000 -0.000000
vn 0.000000 -1.000000 -0.000000
vn 0.000000 -1.000000 -0.000000
vn 0.000000 -1.000000 -0.000000
vn 0.000000 -1.000000 -0.000000
vn 0.000000 -1.000000 -0.000000
vn 0.000000 -1.000000 -0.000000
vn 0.000000 -1.000000 0.000000
vn 0.000000 -1.000000 0.000000
vn 0.000000 -1.000000 0.000000
vn 0.000000 -1.000000 0.000000
vn 0.000000 -1.000000 0.000000
vn 0.000000 -1.000000 0.000000
vn 0.000000 -1.000000 0.000000
vn 0.000000 -1.000000 -0.000000
vn -0.000000 -1.000000 -0.000000
vn 0.000000 -1.000000 0.000000
vn -0.000000 -1.000000 0.000000
vn 0.000000 -1.000000 0.000000
vn 0.000000 -1.000000 -0.000000
vn 0.000000 -1.000000 0.000000
vn 0.000000 -1.000000 0.000000
vn 0.000000 -1.000000 -0.000000
vn -0.000000 -1.000000 -0.000000
vn 0.000000 -1.000000 0.000000
vn 0.000000 -1.000000 -0.000000
vn 0.000000 -1.000000 -0.000000
vn -0.000000 -1.000000 0.000000
vn 0.000000 -1.000000 0.000000
vn -0.000000 -1.000000 0.000000
vn 0.000000 -1.000000 0.000000
vn 0.000000 -1.000000 -0.000000
vn 0.000000 -1.000000 0.000000
vn 0.000000 -1.000000 0.000000
vn -0.000000 -1.000000 -0.000000
vn 0.000000 -1.000000 0.000000
vn 0.000000 -1.000000 0.000000
vn -0.000000 -1.000000 0.000000
vn 0.000000 -1.000000 0.000000
vn 0.000000 -1.000000 -0.000000
vn 0.000000 -1.000000 0.000000
vn 0.000000 -1.000000 0.000000
vn -0.000000 -1.000000 -0.000000
vn 0.000000 -1.000000 0.000000
vn 0.000000 -1.000000 0.000000
vn -0.000000 -1.000000 0.000000
vn 0.000000 -1.000000 -0.000000
vn 0.000000 -1.000000 0.000000
vn 0.000000 -1.000000 0.000000
vn -0.000000 -1.000000 0.000000
vn 0.000000 -1.000000 0.000000
vn 0.000000 -1.000000 -0.000000
vn 0.000000 -1.000000 0.000000
vn 0.000000 -1.000000 0.000000
vn 0.000000 -1.000000 -0.000000
vn -0.000000 -1.000000 -0.000000
vn -0.000000 -1.000000 0.000000
vn 0.000000 -1.000000 0.000000
vn 0.000000 -1.000000 -0.000000
vn 0.000000 -1.000000 0.000000
vn -0.000000 -1.000000 -0.000000
vn -0.000000 -1.000000 -0.000000
vn -0.000000 -1.000000 0.000000
vn 0.000000 -1.000000 -0.000000
vn -0.000000 -1.000000 0.000000
vn 0.000000 -1.000000 0.000000
vn 0.000000 -1.000000 -0.000000
vn 0.000000 -1.000000 -0.000000
vn 0.000000 -1.000000 -0.000000
vn 0.000000 -1.000000 0.000000
vn 0.000000 -1.000000 0.000000
vn 0.000000 -1.000000 -0.000000
vn 0.000000 -1.000000 0.000000
vn 0.000000 -1.000000 -0.000000
vn 0.000000 -1.000000 -0.000000
vn 0.000000 -1.000000 0.000000
vn 0.000000 -1.000000 -0.000000
vn 0.000000 -1.000000 0.000000
vn 0.000000 -1.000000 -0.000000
vn 0.000000 -1.000000 0.000000
vn 0.000000 -1.000000 -0.000000
vn 0.000000 -1.000000 0.000000
vn 0.000000 -1.000000 -0.000000
vn 0.000000 -1.000000 0.000000
vn 0.000000 -1.000000 0.000000
vn 0.000000 -1.000000 0.000000
vn 0.000000 -1.000000 0.000000
vn 0.000000 -1.000000 0.000000
vn 0.000000 -1.000000 0.000000
vn 0.000000 -1.000000 0.000000
vn 0.000000 -1.000000 0.000000
vn 0.000000 -1.000000 0.000000
vn 0.000000 -1.000000 0.000000
vn 0.000000 -1.000000 0.000000
vn 0.000000 -1.000000 0.000000
vn 0.000000 -1.000000 0.000000
vn 0.000000 -1.000000 0.000000
vn 0.000000 -1.000000 0.000000
vn 0.000000 -1.000000 0.000000
vn 0.000000 -1.000000 0.000000
vn 0.000000 -1.000000 0.000000
vn 0.000000 -1.000000 0.000000
vn 0.000000 -1.000000 0.000000
vn 0.000000 -1.000000 0.000000
vn 0.000000 -1.000000 0.000000
vn 0.000000 -1.000000 0.000000
vn 0.000000 -1.000000 0.000000
vn 0.000000 -1.000000 0.000000
vn 0.000000 -1.000000 0.000000
vn 0.000000 -1.000000 0.000000
vn 0.000000 -1.000000 0.000000
vn 0.000000 -1.000000 0.000000
vn 0.000000 -1.000000 0.000000
vn 0.000000 -1.000000 0.000000
vn 0.000000 -1.000000 0.000000
vn 0.000000 -1.000000 0.000000
vn 0.000000 -1.000000 0.000000
vn 0.000000 -1.000000 0.000000
vn 0.000000 -1.000000 0.000000
vn 0.000000 -1.000000 0.000000
vn 0.000000 -1.000000 0.000000
vn 0.000000 -1.000000 0.000000
vn 0.000000 -1.000000 0.000000
vn 0.000000 -1.000000 0.000000
vn 0.000000 -1.000000 0.000000
vn 0.000000 -1.000000 0.000000
vn 0.000000 -1.000000 0.000000
vn 0.000000 -1.000000 0.000000
vn 0.000000 -1.000000 0.000000
vn 0.000000 -1.000000 0.000000
vn 0.000000 -1.000000 0.000000
vn 0.000000 -1.000000 0.000000
vn 0.000000 -1.000000 0.000000
vn -0.000000 -1.000000 0.000000
vn 0.000000 -1.000000 -0.000000
vn 0.000000 -1.000000 0.000000
vn 0.000000 -1.000000 0.000000
vn -0.000000 -1.000000 0.000000
vn 0.000000 -1.000000 -0.000000
vn 0.000000 -1.000000 0.000000
vn 0.000000 -1.000000 0.000000
vn 0.000000 -1.000000 -0.000000
vn -0.000000 -1.000000 0.000000
vn 0.000000 -1.000000 0.000000
vn -0.000000 -1.000000 0.000000
vn 0.000000 -1.000000 0.000000
vn -0.000000 -1.000000 0.000000
vn 0.000000 -1.000000 -0.000000
vn 0.000000 -1.000000 0.000000
vn -0.000000 -1.000000 0.000000
vn 0.000000 -1.000000 -0.000000
vn 0.000000 -1.000000 0.000000
vn 0.000000 -1.000000 0.000000
vn 0.000000 -1.000000 -0.000000
vn -0.000000 -1.000000 0.000000
vn 0.000000 -1.000000 0.000000
vn 0.000000 -1.000000 -0.000000
vn 0.000000 -1.000000 0.000000
vn 0.000000 -1.000000 0.000000
vn 0.000000 -1.000000 0.000000
vn -0.000000 -1.000000 0.000000
vn -0.000000 -1.000000 -0.000000
vn 0.000000 -1.000000 0.000000
vn -0.000000 -1.000000 -0.000000
vn -0.000000 -1.000000 0.000000
vn 0.000000 -1.000000 -0.000000
vn -0.000000 -1.000000 -0.000000
vn -0.000000 -1.000000 0.000000
vn 0.000000 -1.000000 -0.000000
vn 0.000000 -1.000000 0.000000
vn 0.000000 -1.000000 -0.000000
vn -0.000000 -1.000000 0.000000
vn -0.000000 -1.000000 0.000000
vn 0.000000 -1.000000 0.000000
vn 0.000000 -1.000000 -0.000000
vn 0.000000 -1.000000 0.000000
vn -0.000000 -1.000000 -0.000000
vn -0.000000 -1.000000 -0.000000
vn -0.000000 -1.000000 -0.000000
vn -0.000000 -1.000000 0.000000
vn 0.000000 -1.000000 -0.000000
vn 0.000000 -1.000000 0.000000
vn 0.000000 -1.000000 -0.000000
vn -0.000000 -1.000000 0.000000
vn 0.000000 -1.000000 -0.000000
vn -0.000000 -1.000000 0.000000
vn -0.000000 -1.000000 -0.000000
vn 0.000000 -1.000000 -0.000000
vn -0.000000 -1.000000 0.000000
vn 0.000000 -1.000000 0.000000
vn 0.000000 -1.000000 0.000000
vn 0.000000 -1.000000 -0.000000
vn -0.000000 -1.000000 0.000000
vn -0.000000 -1.000000 -0.000000
vn 0.000000 -1.000000 0.000000
vn -0.000000 -1.000000 -0.000000
vn -0.000000 -1.000000 0.000000
vn 0.000000 -1.000000 -0.000000
vn 0.000000 -1.000000 -0.000000
vn 0.000000 -1.000000 0.000000
vn -0.000000 -1.000000 0.000000
vn 0.000000 -1.000000 0.000000
vn 0.000000 -1.000000 0.000000
vn 0.000000 -1.000000 -0.000000
vn 0.000000 -1.000000 0.000000
vn -0.000000 -1.000000 0.000000
vn 0.000000 -1.000000 0.000000
vn 0.000000 -1.000000 -0.000000
vn -0.000000 -1.000000 0.000000
vn 0.000000 -1.000000 0.000000
vn 0.000000 -1.000000 0.000000
vn 0.000000 -1.000000 -0.000000
vn 0.000000 -1.000000 0.000000
vn -0.000000 -1.000000 0.000000
vn 0.000000 -1.000000 -0.000000
vn 0.000000 -1.000000 0.000000
vn -0.000000 -1.000000 0.000000
vn 0.000000 -1.000000 0.000000
vn 0.000000 -1.000000 -0.000000
vn 0.000000 -1.000000 0.000000
vn -0.000000 -1.000000 0.000000
vn 0.000000 -1.000000 0.000000
vn 0.000000 -1.000000 -0.000000
vn 0.000000 -1.000000 0.000000
vn -0.000000 -1.000000 0.000000
vn 0.000000 -1.000000 0.000000
vn 0.000000 -1.000000 0.000000
vn 0.000000 -1.000000 -0.000000
vn -0.000000 -1.000000 0.000000
vn 0.000000 -1.000000 0.000000
vn 0.000000 -1.000000 0.000000
vn 0.000000 -1.000000 -0.000000
vn -0.000000 -1.000000 0.000000
vn 0.000000 -1.000000 0.000000
vn 0.000000 -1.000000 0.000000
vn 0.000000 -1.000000 -0.000000
vn -0.000000 -1.000000 0.000000
vn 0.000000 -1.000000 -0.000000
vn 0.000000 -1.000000 0.000000
vn 0.000000 -1.000000 0.000000
vn -0.000000 -1.000000 0.000000
vn 0.000000 -1.000000 -0.000000
vn 0.000000 -1.000000 0.000000
vn -0.000000 -1.000000 0.000000
vn 0.000000 -1.000000 0.000000
vn 0.000000 -1.000000 0.000000
vn 0.000000 -1.000000 0.000000
vn 0.000000 -1.000000 -0.000000
vn 0.000000 -1.000000 0.000000
vn -0.000000 -1.000000 0.000000
vn 0.000000 -1.000000 0.000000
vn 0.000000 -1.000000 -0.000000
vn -0.000000 -1.000000 0.000000
vn 0.000000 -1.000000 0.000000
vn 0.000000 -1.000000 -0.000000
vn -0.000000 -1.000000 0.000000
vn 0.000000 -1.000000 0.000000
vn 0.000000 -1.000000 0.000000
vn 0.000000 -1.000000 -0.000000
vn 0.000000 -1.000000 0.000000
vn -0.000000 -1.000000 0.000000
vn 0.000000 -1.000000 0.000000
vn 0.000000 -1.000000 0.000000
vn 0.000000 -1.000000 -0.000000
vn 0.000000 -1.000000 0.000000
vn -0.000000 -1.000000 0.000000
vn 0.000000 -1.000000 0.000000
vn 0.000000 -1.000000 -0.000000
vn 0.000000 -1.000000 0.000000
vn -0.000000 -1.000000 0.000000
vn 0.000000 -1.000000 -0.000000
vn -0.000000 -1.000000 0.000000
vn 0.000000 -1.000000 0.000000
vn 0.000000 -1.000000 0.000000
vn 0.000000 -1.000000 -0.000000
vn 0.000000 -1.000000 0.000000
vn -0.000000 -1.000000 0.000000
vn 0.000000 -1.000000 0.000000
vn 0.000000 -1.000000 -0.000000
vn 0.000000 -1.000000 0.000000
vn -0.000000 -1.000000 0.000000
vn 0.000000 -1.000000 -0.000000
vn 0.000000 -1.000000 0.000000
vn 0.000000 -1.000000 0.000000
vn -0.000000 -1.000000 0.000000
vn 0.000000 -1.000000 0.000000
vn 0.000000 -1.000000 -0.000000
vn 0.000000 -1.000000 0.000000
vn 0.000000 -1.000000 -0.000000
vn 0.000000 -1.000000 0.000000
vn 0.000000 -1.000000 0.000000
vn 0.000000 -1.000000 -0.000000
vn 0.000000 -1.000000 0.000000
vn 0.000000 -1.000000 -0.000000
vn 0.000000 -1.000000 0.000000
vn 0.000000 -1.000000 0.000000
vn 0.000000 -1.000000 0.000000
vn 0.000000 -1.000000 0.000000
vn 0.000000 -1.000000 0.000000
vn 0.000000 -1.000000 0.000000
vn 0.000000 -1.000000 0.000000
vn 0.000000 -1.000000 0.000000
vn -0.000000 -1.000000 0.000000
vn 0.000000 -1.000000 0.000000
vn 0.000000 -1.000000 0.000000
vn 0.000000 -1.000000 0.000000
vn 0.000000 -1.000000 0.000000
vn 0.000000 -1.000000 0.000000
vn 0.000000 -1.000000 0.000000
vn 0.000000 -1.000000 0.000000
vn 0.000000 -1.000000 0.000000
vn 0.000000 -1.000000 0.000000
vn 0.000000 -1.000000 0.000000
vn 0.000000 -1.000000 0.000000
vn 0.000000 -1.000000 0.000000
vn 0.000000 -1.000000 0.000000
vn 0.000000 -1.000000 0.000000
vn 0.000000 -1.000000 0.000000
vn 0.000000 -1.000000 0.000000
vn 0.000000 -1.000000 0.000000
vn 0.000000 -1.000000 0.000000
vn 0.000000 -1.000000 -0.000000
vn 0.000000 -1.000000 0.000000
vn 0.000000 -1.000000 0.000000
vn 0.000000 -1.000000 0.000000
vn 0.000000 -1.000000 0.000000
vn 0.000000 -1.000000 0.000000
vn 0.000000 -1.000000 0.000000
vn 0.000000 -1.000000 0.000000
vn 0.000000 -1.000000 0.000000
vn 0.000000 -1.000000 0.000000
vn 0.000000 -1.000000 0.000000
vn 0.000000 -1.000000 0.000000
vn 0.000000 -1.000000 0.000000
vn 0.000000 -1.000000 0.000000
vn 0.000000 -1.000000 0.000000
vn 0.000000 -1.000000 0.000000
vn 0.000000 -1.000000 0.000000
vn 0.000000 -1.000000 0.000000
vn 0.000000 -1.000000 0.000000
vn 0.000000 -1.000000 0.000000
vn 0.000000 -1.000000 0.000000
vn 0.000000 -1.000000 0.000000
vn -0.024537 0.999699 0.000000
vn -0.024537 0.999699 -0.000000
vn -0.073569 0.997290 0.000000
vn -0.073569 0.997290 0.000000
vn -0.122397 0.992481 0.000000
vn -0.122397 0.992481 0.000000
vn -0.170967 0.985277 0.000000
vn -0.170967 0.985277 0.000000
vn -0.219108 0.975701 -0.000000
vn -0.219108 0.975701 0.000000
vn -0.266724 0.963773 -0.000000
vn -0.266724 0.963773 0.000000
vn -0.313671 0.949532 0.000000
vn -0.313671 0.949532 0.000000
vn -0.359891 0.932994 0.000000
vn -0.359891 0.932994 0.000000
vn -0.405230 0.914215 0.000000
vn -0.405230 0.914215 -0.000000
vn -0.449612 0.893224 0.000000
vn -0.449612 0.893224 0.000000
vn -0.492898 0.870087 0.000000
vn -0.492898 0.870087 0.000000
vn -0.534997 0.844854 0.000000
vn -0.534997 0.844854 0.000000
vn -0.575792 0.817596 0.000000
vn -0.575792 0.817596 0.000000
vn -0.615270 0.788316 0.000000
vn -0.615270 0.788316 0.000000
vn -0.653188 0.757195 0.000000
vn -0.653188 0.757195 -0.000000
vn -0.689488 0.724297 0.000000
vn -0.689488 0.724297 -0.000000
vn -0.724249 0.689539 0.000000
vn -0.724249 0.689539 -0.000000
vn -0.757247 0.653128 0.000000
vn -0.757247 0.653128 0.000000
vn -0.788316 0.615271 0.000000
vn -0.788316 0.615271 0.000000
vn -0.817612 0.575770 0.000000
vn -0.817612 0.575770 0.000000
vn -0.844868 0.534975 0.000000
vn -0.844868 0.534975 0.000000
vn -0.870072 0.492925 0.000000
vn -0.870072 0.492925 0.000000
vn -0.893207 0.449646 0.000000
vn -0.893207 0.449646 0.000000
vn -0.914201 0.405261 -0.000000
vn -0.914201 0.405261 0.000000
vn -0.932999 0.359878 -0.000000
vn -0.949548 0.313622 0.000000
vn -0.932999 0.359878 0.000000
vn -0.963770 0.266734 0.000000
vn -0.949548 0.313622 -0.000000
vn -0.975700 0.219109 0.000000
vn -0.963770 0.266734 0.000000
vn -0.975700 0.219109 0.000000
vn -0.985274 0.170983 -0.000000
vn -0.985274 0.170983 0.000000
vn -0.992485 0.122363 0.000000
vn -0.992485 0.122363 0.000000
vn -0.997287 0.073616 0.000000
vn -0.997287 0.073616 0.000000
vn -0.999700 0.024497 0.000000
vn -0.999700 0.024497 0.000000
vn -0.024529 -0.999699 0.000000
vn -0.024529 -0.999699 0.000000
vn -0.073584 -0.997289 0.000000
vn -0.073584 -0.997289 0.000000
vn -0.122382 -0.992483 0.000000
vn -0.122382 -0.992483 0.000000
vn -0.170990 -0.985273 0.000000
vn -0.170990 -0.985273 0.000000
vn -0.219086 -0.975706 -0.000000
vn -0.219086 -0.975706 0.000000
vn -0.313671 -0.949532 -0.000000
vn -0.266746 -0.963767 0.000000
vn -0.266746 -0.963767 0.000000
vn -0.313671 -0.949532 0.000000
vn -0.359870 -0.933002 0.000000
vn -0.359870 -0.933002 0.000000
vn -0.405250 -0.914206 0.000000
vn -0.405250 -0.914206 0.000000
vn -0.449600 -0.893230 0.000000
vn -0.492898 -0.870087 -0.000000
vn -0.449600 -0.893230 -0.000000
vn -0.492898 -0.870087 -0.000000
vn -0.534997 -0.844854 -0.000000
vn -0.534997 -0.844854 -0.000000
vn -0.575797 -0.817593 0.000000
vn -0.615270 -0.788316 -0.000000
vn -0.575797 -0.817593 0.000000
vn -0.615270 -0.788316 -0.000000
vn -0.653179 -0.757203 0.000000
vn -0.653179 -0.757203 -0.000000
vn -0.689501 -0.724285 0.000000
vn -0.689501 -0.724285 0.000000
vn -0.724241 -0.689546 0.000000
vn -0.724241 -0.689546 0.000000
vn -0.757247 -0.653128 0.000000
vn -0.757247 -0.653128 -0.000000
vn -0.817612 -0.575770 -0.000000
vn -0.788322 -0.615263 0.000000
vn -0.788322 -0.615263 0.000000
vn -0.817612 -0.575770 -0.000000
vn -0.870074 -0.492922 -0.000000
vn -0.844868 -0.534975 0.000000
vn -0.844868 -0.534975 0.000000
vn -0.893205 -0.449649 -0.000000
vn -0.870074 -0.492922 0.000000
vn -0.893205 -0.449649 0.000000
vn -0.914201 -0.405261 0.000000
vn -0.914201 -0.405261 0.000000
vn -0.949547 -0.313624 -0.000000
vn -0.932998 -0.359881 -0.000000
vn -0.932998 -0.359881 0.000000
vn -0.949547 -0.313624 0.000000
vn -0.975700 -0.219109 -0.000000
vn -0.963771 -0.266730 -0.000000
vn -0.963771 -0.266730 0.000000
vn -0.985274 -0.170984 -0.000000
vn -0.975700 -0.219109 -0.000000
vn -0.992485 -0.122362 -0.000000
vn -0.985274 -0.170984 0.000000
vn -0.992485 -0.122362 0.000000
vn -0.999700 -0.024497 -0.000000
vn -0.997287 -0.073617 0.000000
vn -0.997287 -0.073617 0.000000
vn -0.999700 -0.024497 0.000000
vn -0.024529 -0.999699 0.000000
vn -0.024529 -0.999699 0.000000
vn -0.073584 -0.997289 0.000000
vn -0.073584 -0.997289 0.000000
vn -0.170959 -0.985278 0.000000
vn -0.122397 -0.992481 0.000000
vn -0.122397 -0.992481 -0.000000
vn -0.170959 -0.985278 0.000000
vn -0.219089 -0.975705 0.000000
vn -0.219089 -0.975705 0.000000
vn -0.266717 -0.963775 0.000000
vn -0.266717 -0.963775 -0.000000
vn -0.359870 -0.933002 0.000000
vn -0.313699 -0.949522 0.000000
vn -0.313699 -0.949522 0.000000
vn -0.405270 -0.914197 0.000000
vn -0.359870 -0.933002 0.000000
vn -0.405270 -0.914197 0.000000
vn -0.449624 -0.893218 -0.000000
vn -0.449624 -0.893218 0.000000
vn -0.492898 -0.870087 -0.000000
vn -0.492898 -0.870087 0.000000
vn -0.534997 -0.844854 -0.000000
vn -0.575797 -0.817593 0.000000
vn -0.534997 -0.844854 0.000000
vn -0.575797 -0.817593 0.000000
vn -0.615210 -0.788364 0.000000
vn -0.615210 -0.788364 0.000000
vn -0.653179 -0.757203 -0.000000
vn -0.653179 -0.757203 0.000000
vn -0.689546 -0.724241 0.000000
vn -0.689546 -0.724241 0.000000
vn -0.724256 -0.689531 -0.000000
vn -0.724256 -0.689531 0.000000
vn -0.757186 -0.653200 -0.000000
vn -0.757186 -0.653200 0.000000
vn -0.788370 -0.615201 0.000000
vn -0.788370 -0.615201 -0.000000
vn -0.844877 -0.534961 0.000000
vn -0.817553 -0.575853 0.000000
vn -0.817553 -0.575853 0.000000
vn -0.870066 -0.492935 0.000000
vn -0.844877 -0.534961 0.000000
vn -0.870066 -0.492935 0.000000
vn -0.893255 -0.449550 0.000000
vn -0.893255 -0.449550 -0.000000
vn -0.914201 -0.405261 0.000000
vn -0.914201 -0.405261 0.000000
vn -0.949510 -0.313737 0.000000
vn -0.933002 -0.359870 0.000000
vn -0.933002 -0.359870 0.000000
vn -0.949510 -0.313737 0.000000
vn -0.963769 -0.266738 0.000000
vn -0.963769 -0.266738 -0.000000
vn -0.975702 -0.219102 0.000000
vn -0.975702 -0.219102 0.000000
vn -0.985295 -0.170864 0.000000
vn -0.985295 -0.170864 0.000000
vn -0.992470 -0.122489 0.000000
vn -0.992470 -0.122489 0.000000
vn -0.999697 -0.024622 0.000000
vn -0.997296 -0.073491 0.000000
vn -0.997296 -0.073491 0.000000
vn -0.999697 -0.024622 0.000000
vn -0.999697 0.024622 0.000000
vn -0.999697 0.024622 0.000000
vn -0.997296 0.073493 0.000000
vn -0.997296 0.073493 0.000000
vn -0.992470 0.122486 0.000000
vn -0.992470 0.122486 0.000000
vn -0.985295 0.170864 0.000000
vn -0.985295 0.170864 -0.000000
vn -0.975701 0.219107 0.000000
vn -0.975701 0.219107 -0.000000
vn -0.963770 0.266734 0.000000
vn -0.963770 0.266734 0.000000
vn -0.949510 0.313737 0.000000
vn -0.949510 0.313737 -0.000000
vn -0.932999 0.359878 -0.000000
vn -0.932999 0.359878 0.000000
vn -0.914202 0.405259 0.000000
vn -0.914202 0.405259 0.000000
vn -0.893255 0.449550 0.000000
vn -0.893255 0.449550 0.000000
vn -0.870072 0.492925 0.000000
vn -0.870072 0.492925 0.000000
vn -0.844870 0.534972 0.000000
vn -0.844870 0.534972 0.000000
vn -0.817553 0.575853 -0.000000
vn -0.817553 0.575853 0.000000
vn -0.788376 0.615194 0.000000
vn -0.757182 0.653204 0.000000
vn -0.788376 0.615194 0.000000
vn -0.757182 0.653204 0.000000
vn -0.724253 0.689535 -0.000000
vn -0.724253 0.689535 0.000000
vn -0.689551 0.724238 0.000000
vn -0.653184 0.757199 0.000000
vn -0.689551 0.724238 0.000000
vn -0.653184 0.757199 0.000000
vn -0.615210 0.788364 0.000000
vn -0.615210 0.788364 0.000000
vn -0.575792 0.817596 0.000000
vn -0.575792 0.817596 0.000000
vn -0.535003 0.844850 0.000000
vn -0.535003 0.844850 -0.000000
vn -0.449615 0.893222 0.000000
vn -0.492892 0.870090 0.000000
vn -0.492892 0.870090 -0.000000
vn -0.449615 0.893222 0.000000
vn -0.405276 0.914194 0.000000
vn -0.405276 0.914194 0.000000
vn -0.359887 0.932996 0.000000
vn -0.359887 0.932996 0.000000
vn -0.313675 0.949530 0.000000
vn -0.313675 0.949530 0.000000
vn -0.266724 0.963773 0.000000
vn -0.266724 0.963773 -0.000000
vn -0.219082 0.975707 0.000000
vn -0.219082 0.975707 -0.000000
vn -0.170967 0.985277 0.000000
vn -0.170967 0.985277 0.000000
vn -0.122412 0.992479 0.000000
vn -0.122412 0.992479 -0.000000
vn -0.024541 0.999699 0.000000
vn -0.073565 0.997290 0.000000
vn -0.073565 0.997290 -0.000000
vn -0.024541 0.999699 0.000000
vn 0.024529 -0.999699 0.000000
vn 0.024529 -0.999699 0.000000
vn 0.073584 -0.997289 0.000000
vn 0.073584 -0.997289 0.000000
vn 0.122382 -0.992483 0.000000
vn 0.122382 -0.992483 0.000000
vn 0.170959 -0.985278 0.000000
vn 0.219116 -0.975699 0.000000
vn 0.170959 -0.985278 0.000000
vn 0.219116 -0.975699 0.000000
vn 0.266717 -0.963775 0.000000
vn 0.266717 -0.963775 0.000000
vn 0.313699 -0.949522 0.000000
vn 0.313699 -0.949522 -0.000000
vn 0.359871 -0.933002 0.000000
vn 0.405224 -0.914218 0.000000
vn 0.359871 -0.933002 0.000000
vn 0.405224 -0.914218 0.000000
vn 0.449624 -0.893218 0.000000
vn 0.449624 -0.893218 0.000000
vn 0.492898 -0.870087 0.000000
vn 0.492898 -0.870087 0.000000
vn 0.534997 -0.844854 0.000000
vn 0.534997 -0.844854 0.000000
vn 0.575797 -0.817593 0.000000
vn 0.575797 -0.817593 -0.000000
vn 0.615270 -0.788316 0.000000
vn 0.615270 -0.788316 0.000000
vn 0.653179 -0.757203 0.000000
vn 0.653179 -0.757203 0.000000
vn 0.689484 -0.724301 0.000000
vn 0.724256 -0.689531 0.000000
vn 0.689484 -0.724301 0.000000
vn 0.724256 -0.689531 0.000000
vn 0.757247 -0.653128 0.000000
vn 0.788310 -0.615278 0.000000
vn 0.757247 -0.653128 0.000000
vn 0.788310 -0.615278 0.000000
vn 0.817612 -0.575770 0.000000
vn 0.817612 -0.575770 0.000000
vn 0.844877 -0.534961 0.000000
vn 0.870066 -0.492935 0.000000
vn 0.844877 -0.534961 -0.000000
vn 0.893205 -0.449649 0.000000
vn 0.870066 -0.492935 0.000000
vn 0.893205 -0.449649 0.000000
vn 0.914201 -0.405261 0.000000
vn 0.914201 -0.405261 -0.000000
vn 0.933002 -0.359871 0.000000
vn 0.933002 -0.359871 0.000000
vn 0.949547 -0.313624 0.000000
vn 0.963769 -0.266738 0.000000
vn 0.949547 -0.313624 -0.000000
vn 0.963769 -0.266738 0.000000
vn 0.975702 -0.219102 0.000000
vn 0.975702 -0.219102 0.000000
vn 0.985274 -0.170984 0.000000
vn 0.985274 -0.170984 -0.000000
vn 0.992485 -0.122366 0.000000
vn 0.992485 -0.122366 0.000000
vn 0.997287 -0.073615 0.000000
vn 0.999700 -0.024497 0.000000
vn 0.997287 -0.073615 0.000000
vn 0.999700 -0.024497 0.000000
vn 0.999700 0.024497 0.000000
vn 0.999700 0.024497 0.000000
vn 0.997287 0.073616 0.000000
vn 0.997287 0.073616 0.000000
vn 0.992485 0.122363 0.000000
vn 0.985274 0.170984 0.000000
vn 0.992485 0.122363 0.000000
vn 0.975701 0.219107 0.000000
vn 0.985274 0.170984 0.000000
vn 0.975701 0.219107 0.000000
vn 0.963770 0.266734 0.000000
vn 0.963770 0.266734 -0.000000
vn 0.949547 0.313624 0.000000
vn 0.949547 0.313624 0.000000
vn 0.932999 0.359878 0.000000
vn 0.932999 0.359878 0.000000
vn 0.914202 0.405259 -0.000000
vn 0.914202 0.405259 0.000000
vn 0.893205 0.449649 0.000000
vn 0.870072 0.492925 0.000000
vn 0.893205 0.449649 0.000000
vn 0.870072 0.492925 0.000000
vn 0.844870 0.534972 0.000000
vn 0.844870 0.534972 -0.000000
vn 0.817612 0.575770 0.000000
vn 0.788316 0.615271 0.000000
vn 0.817612 0.575770 -0.000000
vn 0.788316 0.615271 0.000000
vn 0.757244 0.653132 0.000000
vn 0.757244 0.653132 -0.000000
vn 0.724253 0.689535 0.000000
vn 0.724253 0.689535 0.000000
vn 0.689488 0.724297 0.000000
vn 0.689488 0.724297 0.000000
vn 0.653184 0.757199 0.000000
vn 0.653184 0.757199 0.000000
vn 0.615270 0.788316 0.000000
vn 0.615270 0.788316 -0.000000
vn 0.575792 0.817596 0.000000
vn 0.575792 0.817596 -0.000000
vn 0.535003 0.844850 0.000000
vn 0.535003 0.844850 0.000000
vn 0.492892 0.870090 0.000000
vn 0.492892 0.870090 0.000000
vn 0.449615 0.893222 0.000000
vn 0.449615 0.893222 -0.000000
vn 0.405230 0.914215 0.000000
vn 0.359887 0.932996 0.000000
vn 0.405230 0.914215 0.000000
vn 0.313675 0.949531 0.000000
vn 0.359887 0.932996 0.000000
vn 0.313675 0.949531 0.000000
vn 0.266724 0.963773 0.000000
vn 0.266724 0.963773 0.000000
vn 0.219108 0.975700 0.000000
vn 0.219108 0.975700 0.000000
vn 0.170967 0.985277 0.000000
vn 0.170967 0.985277 -0.000000
vn 0.122397 0.992481 0.000000
vn 0.073565 0.997290 0.000000
vn 0.122397 0.992481 -0.000000
vn 0.073565 0.997290 0.000000
vn 0.024541 0.999699 0.000000
vn 0.024541 0.999699 -0.000000
vn 0.999700 -0.024497 0.000000
vn 0.997287 -0.073615 0.000000
vn 0.999700 -0.024497 0.000000
vn 0.992485 -0.122366 0.000000
vn 0.997287 -0.073615 0.000000
vn 0.985274 -0.170984 0.000000
vn 0.992485 -0.122366 0.000000
vn 0.975702 -0.219102 0.000000
vn 0.985274 -0.170984 0.000000
vn 0.963769 -0.266738 0.000000
vn 0.975702 -0.219102 0.000000
vn 0.949547 -0.313624 0.000000
vn 0.963769 -0.266738 0.000000
vn 0.933002 -0.359871 0.000000
vn 0.949547 -0.313624 0.000000
vn 0.933002 -0.359871 0.000000
vn 0.914201 -0.405261 0.000000
vn 0.914201 -0.405261 0.000000
vn 0.893205 -0.449649 0.000000
vn 0.870066 -0.492935 0.000000
vn 0.893205 -0.449649 0.000000
vn 0.844877 -0.534961 0.000000
vn 0.870066 -0.492935 0.000000
vn 0.817612 -0.575770 0.000000
vn 0.844877 -0.534961 0.000000
vn 0.788310 -0.615278 0.000000
vn 0.817612 -0.575770 0.000000
vn 0.757247 -0.653128 0.000000
vn 0.788310 -0.615278 0.000000
vn 0.724256 -0.689531 0.000000
vn 0.757247 -0.653128 0.000000
vn 0.689484 -0.724301 0.000000
vn 0.724256 -0.689531 0.000000
vn 0.653179 -0.757203 0.000000
vn 0.689484 -0.724301 0.000000
vn 0.615270 -0.788316 0.000000
vn 0.653179 -0.757203 0.000000
vn 0.575797 -0.817593 0.000000
vn 0.615270 -0.788316 0.000000
vn 0.534997 -0.844854 0.000000
vn 0.575797 -0.817593 0.000000
vn 0.492898 -0.870087 0.000000
vn 0.534997 -0.844854 0.000000
vn 0.449624 -0.893218 0.000000
vn 0.492898 -0.870087 0.000000
vn 0.405224 -0.914218 0.000000
vn 0.449624 -0.893218 0.000000
vn 0.359871 -0.933002 0.000000
vn 0.405224 -0.914218 0.000000
vn 0.313699 -0.949522 0.000000
vn 0.359871 -0.933002 0.000000
vn 0.266717 -0.963775 0.000000
vn 0.313699 -0.949522 0.000000
vn 0.219116 -0.975699 0.000000
vn 0.266717 -0.963775 0.000000
vn 0.170959 -0.985278 0.000000
vn 0.219116 -0.975699 0.000000
vn 0.170959 -0.985278 0.000000
vn 0.122382 -0.992483 0.000000
vn 0.073584 -0.997289 0.000000
vn 0.122382 -0.992483 0.000000
vn 0.073584 -0.997289 0.000000
vn 0.024529 -0.999699 0.000000
vn 0.024529 -0.999699 0.000000
vn 0.024541 0.999699 -0.000000
vn 0.024541 0.999699 -0.000000
vn 0.073565 0.997290 -0.000000
vn 0.073565 0.997290 0.000000
vn 0.122397 0.992481 -0.000000
vn 0.122397 0.992481 -0.000000
vn 0.170967 0.985277 -0.000000
vn 0.170967 0.985277 -0.000000
vn 0.219108 0.975700 -0.000000
vn 0.219108 0.975700 0.000000
vn 0.266724 0.963773 -0.000000
vn 0.266724 0.963773 0.000000
vn 0.313675 0.949531 -0.000000
vn 0.313675 0.949531 -0.000000
vn 0.359887 0.932996 -0.000000
vn 0.359887 0.932996 -0.000000
vn 0.405230 0.914215 0.000000
vn 0.405230 0.914215 -0.000000
vn 0.449615 0.893222 -0.000000
vn 0.449615 0.893222 -0.000000
vn 0.492892 0.870090 -0.000000
vn 0.492892 0.870090 0.000000
vn 0.535003 0.844850 -0.000000
vn 0.535003 0.844850 0.000000
vn 0.575792 0.817596 -0.000000
vn 0.615270 0.788316 -0.000000
vn 0.575792 0.817596 -0.000000
vn 0.615270 0.788316 -0.000000
vn 0.653184 0.757199 -0.000000
vn 0.653184 0.757199 0.000000
vn 0.689488 0.724297 -0.000000
vn 0.689488 0.724297 0.000000
vn 0.724253 0.689535 -0.000000
vn 0.724253 0.689535 0.000000
vn 0.757244 0.653132 -0.000000
vn 0.788316 0.615271 -0.000000
vn 0.757244 0.653132 -0.000000
vn 0.817612 0.575770 -0.000000
vn 0.788316 0.615271 -0.000000
vn 0.844870 0.534972 -0.000000
vn 0.817612 0.575770 -0.000000
vn 0.870072 0.492925 -0.000000
vn 0.844870 0.534972 -0.000000
vn 0.870072 0.492925 -0.000000
vn 0.893205 0.449649 -0.000000
vn 0.914202 0.405259 -0.000000
vn 0.893205 0.449649 0.000000
vn 0.932999 0.359878 -0.000000
vn 0.914202 0.405259 -0.000000
vn 0.949547 0.313624 -0.000000
vn 0.932999 0.359878 -0.000000
vn 0.963770 0.266734 -0.000000
vn 0.949547 0.313624 -0.000000
vn 0.975701 0.219107 -0.000000
vn 0.963770 0.266734 -0.000000
vn 0.985274 0.170984 -0.000000
vn 0.975701 0.219107 -0.000000
vn 0.992485 0.122363 -0.000000
vn 0.985274 0.170984 -0.000000
vn 0.997287 0.073616 -0.000000
vn 0.992485 0.122363 -0.000000
vn 0.997287 0.073616 -0.000000
vn 0.999700 0.024497 -0.000000
vn 0.999700 0.024497 0.000000
vn 0.999689 -0.024936 0.000000
vn 0.999689 -0.024936 0.000000
vn 0.997215 -0.074579 0.000000
vn 0.997215 -0.074579 0.000000
vn 0.992226 -0.124448 -0.000000
vn 0.992226 -0.124448 0.000000
vn 0.984809 -0.173641 0.000000
vn 0.984809 -0.173641 0.000000
vn 0.974959 -0.222385 0.000000
vn 0.974959 -0.222385 0.000000
vn 0.962611 -0.270887 0.000000
vn 0.962611 -0.270887 0.000000
vn 0.947927 -0.318488 -0.000000
vn 0.947927 -0.318488 0.000000
vn 0.930847 -0.365408 0.000000
vn 0.930847 -0.365408 0.000000
vn 0.911537 -0.411217 -0.000000
vn 0.911537 -0.411217 0.000000
vn 0.889827 -0.456297 -0.000000
vn 0.889827 -0.456297 0.000000
vn 0.865999 -0.500046 0.000000
vn 0.865999 -0.500046 0.000000
vn 0.840066 -0.542484 0.000000
vn 0.840066 -0.542484 0.000000
vn 0.811954 -0.583722 0.000000
vn 0.811954 -0.583722 0.000000
vn 0.781769 -0.623568 0.000000
vn 0.781769 -0.623568 0.000000
vn 0.749893 -0.661559 0.000000
vn 0.749893 -0.661559 -0.000000
vn 0.715779 -0.698327 0.000000
vn 0.715779 -0.698327 0.000000
vn 0.680260 -0.732971 0.000000
vn 0.680260 -0.732971 0.000000
vn 0.642717 -0.766104 0.000000
vn 0.642717 -0.766104 0.000000
vn 0.603856 -0.797093 0.000000
vn 0.603856 -0.797093 -0.000000
vn 0.563311 -0.826245 0.000000
vn 0.563311 -0.826245 -0.000000
vn 0.521455 -0.853279 0.000000
vn 0.521455 -0.853279 0.000000
vn 0.478173 -0.878266 0.000000
vn 0.478173 -0.878266 0.000000
vn 0.433936 -0.900944 -0.000000
vn 0.433936 -0.900944 0.000000
vn 0.388439 -0.921474 0.000000
vn 0.388439 -0.921474 0.000000
vn 0.341966 -0.939712 0.000000
vn 0.341966 -0.939712 0.000000
vn 0.294788 -0.955563 0.000000
vn 0.246760 -0.969077 0.000000
vn 0.294788 -0.955563 0.000000
vn 0.246760 -0.969077 0.000000
vn 0.198135 -0.980175 0.000000
vn 0.198135 -0.980175 0.000000
vn 0.149050 -0.988830 0.000000
vn 0.149050 -0.988830 0.000000
vn 0.099560 -0.995032 0.000000
vn 0.099560 -0.995032 0.000000
vn 0.049842 -0.998757 0.000000
vn 0.000000 -1.000000 0.000000
vn 0.049842 -0.998757 0.000000
vn 0.000000 -1.000000 0.000000
vn -0.049842 -0.998757 0.000000
vn -0.099582 -0.995029 -0.000000
vn -0.049842 -0.998757 0.000000
vn -0.099582 -0.995029 0.000000
vn -0.149050 -0.988830 0.000000
vn -0.198135 -0.980175 -0.000000
vn -0.149050 -0.988830 0.000000
vn -0.198135 -0.980175 0.000000
vn -0.246760 -0.969077 0.000000
vn -0.246760 -0.969077 -0.000000
vn -0.294724 -0.955582 -0.000000
vn -0.294724 -0.955582 0.000000
vn -0.342039 -0.939686 0.000000
vn -0.342039 -0.939686 0.000000
vn -0.388439 -0.921474 -0.000000
vn -0.388439 -0.921474 -0.000000
vn -0.433848 -0.900986 0.000000
vn -0.433848 -0.900986 0.000000
vn -0.478268 -0.878214 0.000000
vn -0.478268 -0.878214 0.000000
vn -0.521455 -0.853279 0.000000
vn -0.521455 -0.853279 0.000000
vn -0.563311 -0.826245 -0.000000
vn -0.563311 -0.826245 0.000000
vn -0.603747 -0.797176 -0.000000
vn -0.603747 -0.797176 -0.000000
vn -0.642828 -0.766010 0.000000
vn -0.642828 -0.766010 0.000000
vn -0.680147 -0.733076 -0.000000
vn -0.680147 -0.733076 0.000000
vn -0.715892 -0.698211 0.000000
vn -0.715892 -0.698211 0.000000
vn -0.749781 -0.661686 0.000000
vn -0.749781 -0.661686 -0.000000
vn -0.781880 -0.623429 0.000000
vn -0.781880 -0.623429 -0.000000
vn -0.811846 -0.583871 -0.000000
vn -0.811846 -0.583871 0.000000
vn -0.840066 -0.542484 0.000000
vn -0.840066 -0.542484 -0.000000
vn -0.865999 -0.500046 0.000000
vn -0.865999 -0.500046 -0.000000
vn -0.889920 -0.456118 0.000000
vn -0.889920 -0.456118 0.000000
vn -0.911453 -0.411405 0.000000
vn -0.911453 -0.411405 0.000000
vn -0.930924 -0.365212 0.000000
vn -0.930924 -0.365212 0.000000
vn -0.947927 -0.318488 0.000000
vn -0.947927 -0.318488 0.000000
vn -0.962611 -0.270887 0.000000
vn -0.962611 -0.270887 0.000000
vn -0.974910 -0.222600 0.000000
vn -0.974910 -0.222600 0.000000
vn -0.984809 -0.173641 0.000000
vn -0.984809 -0.173641 0.000000
vn -0.992254 -0.124225 0.000000
vn -0.992254 -0.124225 0.000000
vn -0.997198 -0.074805 0.000000
vn -0.997198 -0.074805 0.000000
vn -0.999689 -0.024936 0.000000
vn -0.999689 -0.024936 0.000000
vn -0.999689 0.024935 0.000000
vn -0.999689 0.024935 0.000000
vn -0.997198 0.074806 0.000000
vn -0.997198 0.074806 0.000000
vn -0.992254 0.124225 0.000000
vn -0.992254 0.124225 0.000000
vn -0.984809 0.173639 0.000000
vn -0.984809 0.173639 0.000000
vn -0.974910 0.222600 0.000000
vn -0.974910 0.222600 -0.000000
vn -0.962611 0.270887 0.000000
vn -0.962611 0.270887 0.000000
vn -0.947925 0.318492 0.000000
vn -0.947925 0.318492 -0.000000
vn -0.930926 0.365207 0.000000
vn -0.930926 0.365207 0.000000
vn -0.911450 0.411411 0.000000
vn -0.911450 0.411411 0.000000
vn -0.889922 0.456112 0.000000
vn -0.889922 0.456112 0.000000
vn -0.865995 0.500052 0.000000
vn -0.865995 0.500052 0.000000
vn -0.840070 0.542478 -0.000000
vn -0.840070 0.542478 0.000000
vn -0.811842 0.583878 0.000000
vn -0.811842 0.583878 0.000000
vn -0.781885 0.623423 0.000000
vn -0.749781 0.661686 0.000000
vn -0.781885 0.623423 0.000000
vn -0.715886 0.698218 0.000000
vn -0.749781 0.661686 0.000000
vn -0.680154 0.733069 0.000000
vn -0.715886 0.698218 -0.000000
vn -0.680154 0.733069 0.000000
vn -0.642820 0.766017 -0.000000
vn -0.603756 0.797169 0.000000
vn -0.642820 0.766017 0.000000
vn -0.603756 0.797169 -0.000000
vn -0.563302 0.826251 0.000000
vn -0.563302 0.826251 0.000000
vn -0.521465 0.853273 0.000000
vn -0.478268 0.878214 0.000000
vn -0.521465 0.853273 0.000000
vn -0.478268 0.878214 0.000000
vn -0.433848 0.900986 -0.000000
vn -0.388427 0.921480 0.000000
vn -0.433848 0.900986 0.000000
vn -0.388427 0.921480 0.000000
vn -0.342051 0.939681 0.000000
vn -0.342051 0.939681 -0.000000
vn -0.294724 0.955582 0.000000
vn -0.294724 0.955582 0.000000
vn -0.246747 0.969080 0.000000
vn -0.198148 0.980172 0.000000
vn -0.246747 0.969080 0.000000
vn -0.198148 0.980172 0.000000
vn -0.149050 0.988830 0.000000
vn -0.099582 0.995029 0.000000
vn -0.149050 0.988830 0.000000
vn -0.049842 0.998757 0.000000
vn -0.099582 0.995029 0.000000
vn -0.049842 0.998757 0.000000
vn 0.000000 1.000000 0.000000
vn 0.000000 1.000000 -0.000000
vn 0.049842 0.998757 0.000000
vn 0.049842 0.998757 -0.000000
vn 0.099560 0.995032 0.000000
vn 0.149050 0.988830 0.000000
vn 0.099560 0.995032 -0.000000
vn 0.149050 0.988830 0.000000
vn 0.198148 0.980172 0.000000
vn 0.246747 0.969080 0.000000
vn 0.198148 0.980172 -0.000000
vn 0.246747 0.969080 0.000000
vn 0.294788 0.955563 -0.000000
vn 0.341978 0.939708 0.000000
vn 0.294788 0.955563 -0.000000
vn 0.341978 0.939708 -0.000000
vn 0.388427 0.921480 0.000000
vn 0.388427 0.921480 -0.000000
vn 0.433936 0.900944 0.000000
vn 0.433936 0.900944 -0.000000
vn 0.478173 0.878266 -0.000000
vn 0.478173 0.878266 -0.000000
vn 0.521465 0.853273 -0.000000
vn 0.521465 0.853273 -0.000000
vn 0.563302 0.826251 0.000000
vn 0.603865 0.797087 0.000000
vn 0.563302 0.826251 -0.000000
vn 0.603865 0.797087 -0.000000
vn 0.642709 0.766111 -0.000000
vn 0.642709 0.766111 -0.000000
vn 0.680267 0.732964 0.000000
vn 0.680267 0.732964 -0.000000
vn 0.715772 0.698334 -0.000000
vn 0.749893 0.661559 0.000000
vn 0.715772 0.698334 -0.000000
vn 0.781775 0.623561 0.000000
vn 0.749893 0.661559 0.000000
vn 0.781775 0.623561 0.000000
vn 0.811949 0.583728 -0.000000
vn 0.811949 0.583728 -0.000000
vn 0.840070 0.542478 -0.000000
vn 0.840070 0.542478 0.000000
vn 0.865995 0.500052 -0.000000
vn 0.865995 0.500052 -0.000000
vn 0.889831 0.456291 0.000000
vn 0.889831 0.456291 -0.000000
vn 0.911535 0.411222 -0.000000
vn 0.911535 0.411222 0.000000
vn 0.930849 0.365403 0.000000
vn 0.930849 0.365403 0.000000
vn 0.947925 0.318492 0.000000
vn 0.947925 0.318492 0.000000
vn 0.962611 0.270887 -0.000000
vn 0.962611 0.270887 0.000000
vn 0.974959 0.222385 -0.000000
vn 0.974959 0.222385 -0.000000
vn 0.984809 0.173639 -0.000000
vn 0.984809 0.173639 -0.000000
vn 0.992226 0.124448 -0.000000
vn 0.992226 0.124448 0.000000
vn 0.997215 0.074580 -0.000000
vn 0.997215 0.074580 -0.000000
vn 0.999689 0.024935 0.000000
vn 0.999689 0.024935 -0.000000
vn 0.605356 0.369944 0.704760
vn 0.664872 0.241998 0.706670
vn 0.664882 0.241984 0.706665
vn 0.699644 0.105445 0.706668
vn 0.696039 0.104890 0.710302
vn 0.689476 0.157407 0.706998
vn 0.696476 0.122780 0.706998
vn 0.699650 0.105434 0.706664
vn 0.706997 0.017635 0.706997
vn 0.530332 0.467861 0.707004
vn 0.552879 0.440989 0.707003
vn 0.565541 0.428353 0.704753
vn 0.637470 0.307006 0.706667
vn 0.637466 0.307011 0.706669
vn 0.670389 0.225249 0.706995
vn 0.680788 0.191536 0.706995
vn 0.682133 0.173701 0.710297
vn 0.685670 0.174592 0.706665
vn 0.685664 0.174600 0.706668
vn 0.481094 0.518362 0.707000
vn 0.506204 0.493871 0.707000
vn 0.520065 0.482557 0.704749
vn 0.603726 0.368948 0.706677
vn 0.603751 0.368926 0.706667
vn 0.664886 0.241973 0.706665
vn 0.644655 0.290851 0.706984
vn 0.658341 0.258383 0.706983
vn 0.661463 0.240727 0.710294
vn 0.664878 0.241982 0.706669
vn 0.427063 0.563713 0.706997
vn 0.454534 0.541806 0.706997
vn 0.469435 0.531939 0.704749
vn 0.564018 0.427200 0.706672
vn 0.564005 0.427209 0.706676
vn 0.706998 0.017564 0.706998
vn 0.634183 0.305432 0.710298
vn 0.637466 0.307013 0.706669
vn 0.612469 0.353606 0.706997
vn 0.637467 0.307011 0.706668
vn 0.629331 0.322641 0.706997
vn 0.368790 0.603451 0.706994
vn 0.398378 0.584341 0.706994
vn 0.414142 0.576031 0.704752
vn 0.518654 0.481262 0.706671
vn 0.518664 0.481257 0.706668
vn 0.574192 0.412853 0.707005
vn 0.594092 0.383665 0.707005
vn 0.603741 0.368942 0.706668
vn 0.603756 0.368929 0.706661
vn 0.600626 0.367039 0.710303
vn 0.306884 0.637157 0.707003
vn 0.338169 0.621118 0.707004
vn 0.354741 0.614394 0.704754
vn 0.468171 0.530507 0.706666
vn 0.468167 0.530509 0.706668
vn 0.564019 0.427219 0.706659
vn 0.564011 0.427225 0.706662
vn 0.530242 0.467965 0.707002
vn 0.552929 0.440928 0.707002
vn 0.561096 0.425017 0.710304
vn 0.241853 0.664578 0.706996
vn 0.274702 0.651686 0.706996
vn 0.291777 0.646671 0.704757
vn 0.413021 0.574488 0.706666
vn 0.413031 0.574484 0.706664
vn 0.481032 0.518423 0.706998
vn 0.518656 0.481264 0.706668
vn 0.506281 0.493795 0.706998
vn 0.518680 0.481251 0.706660
vn 0.515999 0.478764 0.710302
vn 0.208479 0.675790 0.706997
vn 0.225951 0.672502 0.704760
vn 0.174504 0.685350 0.706997
vn 0.353790 0.612746 0.706665
vn 0.353790 0.612746 0.706665
vn 0.468169 0.530511 0.706666
vn 0.465747 0.527774 0.710306
vn 0.427039 0.563732 0.706997
vn 0.454565 0.541780 0.706997
vn 0.468164 0.530513 0.706668
vn 0.157861 0.691663 0.704757
vn 0.105411 0.699317 0.706996
vn 0.140134 0.693195 0.706996
vn 0.290998 0.644937 0.706665
vn 0.290995 0.644938 0.706666
vn 0.413017 0.574482 0.706673
vn 0.410906 0.571511 0.710304
vn 0.368794 0.603448 0.706994
vn 0.398382 0.584338 0.706994
vn 0.413038 0.574476 0.706666
vn 0.088217 0.703943 0.704756
vn 0.035249 0.706338 0.706997
vn 0.070410 0.703703 0.706997
vn 0.225352 0.670700 0.706666
vn 0.225346 0.670701 0.706668
vn 0.351946 0.609590 0.710305
vn 0.306837 0.637188 0.706995
vn 0.338208 0.621106 0.706995
vn 0.353789 0.612745 0.706666
vn 0.353770 0.612749 0.706672
vn 0.017687 0.709228 0.704757
vn -0.035249 0.706337 0.706997
vn -0.000000 0.707217 0.706997
vn 0.157444 0.689806 0.706668
vn 0.157437 0.689805 0.706670
vn 0.241867 0.664567 0.707002
vn 0.274739 0.651664 0.707002
vn 0.289498 0.641612 0.710299
vn 0.290998 0.644937 0.706666
vn 0.290998 0.644937 0.706666
vn -0.053018 0.707465 0.704757
vn -0.105410 0.699316 0.706998
vn -0.070426 0.703700 0.706998
vn 0.087981 0.702056 0.706666
vn 0.087973 0.702055 0.706668
vn 0.224179 0.667242 0.710304
vn 0.225354 0.670704 0.706662
vn 0.174520 0.685345 0.706997
vn 0.208446 0.675800 0.706997
vn 0.225342 0.670704 0.706666
vn 0.157445 0.689809 0.706664
vn -0.123191 0.698669 0.704759
vn -0.174503 0.685346 0.707001
vn -0.140133 0.693191 0.707000
vn 0.017640 0.707326 0.706667
vn 0.017640 0.707326 0.706667
vn 0.105406 0.699318 0.706996
vn 0.140129 0.693196 0.706996
vn 0.156637 0.686247 0.710303
vn 0.157449 0.689807 0.706666
vn -0.192161 0.682927 0.704759
vn -0.241906 0.664562 0.706993
vn -0.208435 0.675807 0.706994
vn -0.052876 0.705569 0.706666
vn -0.052875 0.705569 0.706666
vn 0.087973 0.702056 0.706667
vn 0.035254 0.706338 0.706997
vn 0.070410 0.703703 0.706996
vn 0.087976 0.702056 0.706666
vn 0.087522 0.698435 0.710302
vn -0.306825 0.637194 0.706996
vn -0.274702 0.651687 0.706995
vn -0.259190 0.660408 0.704756
vn -0.122862 0.696799 0.706666
vn -0.122860 0.696799 0.706665
vn 0.017641 0.707327 0.706666
vn -0.035250 0.706338 0.706996
vn 0.000000 0.707217 0.706997
vn 0.017640 0.707327 0.706667
vn 0.017550 0.703678 0.710302
vn -0.323648 0.631327 0.704754
vn -0.368789 0.603449 0.706996
vn -0.338239 0.621087 0.706997
vn -0.191634 0.681102 0.706665
vn -0.191646 0.681095 0.706669
vn -0.105405 0.699315 0.706999
vn -0.070410 0.703701 0.706999
vn -0.052875 0.705568 0.706666
vn -0.052605 0.701929 0.710302
vn -0.052877 0.705567 0.706667
vn -0.384915 0.595949 0.704758
vn -0.426987 0.563772 0.706996
vn -0.398377 0.584340 0.706995
vn -0.258486 0.658637 0.706670
vn -0.258492 0.658632 0.706672
vn -0.122860 0.696798 0.706667
vn -0.174501 0.685351 0.706996
vn -0.140145 0.693193 0.706996
vn -0.122862 0.696797 0.706667
vn -0.122228 0.693202 0.710304
vn -0.442340 0.554673 0.704750
vn -0.481019 0.518441 0.706993
vn -0.454615 0.541743 0.706993
vn -0.322796 0.629615 0.706673
vn -0.322779 0.629632 0.706666
vn -0.191633 0.681099 0.706669
vn -0.241870 0.664575 0.706993
vn -0.208470 0.675796 0.706993
vn -0.190638 0.677590 0.710302
vn -0.191627 0.681103 0.706667
vn -0.495351 0.507887 0.704754
vn -0.530257 0.467955 0.706998
vn -0.506285 0.493790 0.706998
vn -0.441150 0.553181 0.706666
vn -0.383884 0.594353 0.706667
vn -0.383884 0.594353 0.706667
vn -0.257166 0.655239 0.710301
vn -0.306837 0.637188 0.706996
vn -0.274712 0.651683 0.706996
vn -0.258498 0.658633 0.706669
vn -0.258488 0.658641 0.706665
vn -0.543462 0.456030 0.704759
vn -0.574138 0.412921 0.707009
vn -0.552954 0.440888 0.707008
vn -0.441126 0.553191 0.706673
vn -0.368755 0.603468 0.706998
vn -0.338242 0.621085 0.706998
vn -0.321129 0.626373 0.710305
vn -0.322796 0.629625 0.706665
vn -0.322799 0.629621 0.706667
vn -0.612451 0.353648 0.706991
vn -0.594116 0.383652 0.706992
vn -0.586200 0.399621 0.704750
vn -0.494020 0.506523 0.706668
vn -0.494033 0.506500 0.706675
vn -0.383884 0.594353 0.706666
vn -0.426999 0.563762 0.706997
vn -0.398419 0.584310 0.706997
vn -0.381901 0.591283 0.710307
vn -0.383884 0.594353 0.706667
vn -0.623052 0.339316 0.704749
vn -0.644589 0.290955 0.707000
vn -0.629365 0.322568 0.707000
vn -0.542009 0.454811 0.706663
vn -0.542016 0.454795 0.706668
vn -0.481036 0.518427 0.706993
vn -0.454608 0.541749 0.706993
vn -0.438861 0.550335 0.710305
vn -0.441138 0.553190 0.706667
vn -0.441133 0.553199 0.706663
vn -0.653750 0.275574 0.704749
vn -0.670387 0.225242 0.706999
vn -0.658364 0.258279 0.707000
vn -0.584600 0.398584 0.706663
vn -0.621366 0.338398 0.706677
vn -0.584615 0.398540 0.706676
vn -0.530287 0.467921 0.706998
vn -0.506240 0.493838 0.706998
vn -0.542016 0.454795 0.706668
vn -0.494031 0.506517 0.706664
vn -0.491485 0.503907 0.710295
vn -0.494037 0.506505 0.706668
vn -0.677917 0.209138 0.704762
vn -0.689467 0.157425 0.707003
vn -0.680770 0.191574 0.707001
vn -0.621384 0.338379 0.706669
vn -0.574201 0.412860 0.706994
vn -0.552936 0.440933 0.706994
vn -0.539233 0.452443 0.710298
vn -0.542028 0.454788 0.706663
vn -0.695388 0.140561 0.704754
vn -0.701744 0.087855 0.706991
vn -0.696478 0.122801 0.706993
vn -0.651987 0.274831 0.706668
vn -0.651988 0.274828 0.706669
vn -0.612461 0.353602 0.707006
vn -0.594054 0.383724 0.707005
vn -0.581583 0.396522 0.710304
vn -0.584603 0.398581 0.706663
vn -0.584602 0.398586 0.706661
vn -0.705926 0.070607 0.704758
vn -0.707006 0.017635 0.706988
vn -0.705245 0.052905 0.706987
vn -0.676116 0.208582 0.706655
vn -0.676117 0.208535 0.706668
vn -0.644641 0.290845 0.706999
vn -0.629329 0.322640 0.706999
vn -0.621379 0.338406 0.706661
vn -0.618164 0.336655 0.710307
vn -0.621383 0.338379 0.706670
vn -0.709458 0.000000 0.704747
vn -0.705245 -0.052904 0.706987
vn -0.707006 -0.017635 0.706988
vn -0.693524 0.140184 0.706663
vn -0.693526 0.140212 0.706655
vn -0.648629 0.273409 0.710301
vn -0.651988 0.274829 0.706668
vn -0.651989 0.274826 0.706670
vn -0.670385 0.225248 0.706998
vn -0.658327 0.258378 0.706998
vn -0.696478 -0.122803 0.706993
vn -0.701744 -0.087855 0.706991
vn -0.705926 -0.070607 0.704758
vn -0.707538 0.000000 0.706675
vn -0.704025 0.070417 0.706675
vn -0.704033 0.070462 0.706663
vn -0.676113 0.208546 0.706668
vn -0.676113 0.208533 0.706672
vn -0.672622 0.207469 0.710307
vn -0.689491 0.157327 0.707001
vn -0.680781 0.191535 0.707002
vn -0.680770 -0.191574 0.707001
vn -0.689467 -0.157425 0.707003
vn -0.695388 -0.140562 0.704754
vn -0.707539 0.000000 0.706675
vn -0.693516 0.140182 0.706671
vn -0.693520 0.140210 0.706662
vn -0.689945 0.139460 0.710301
vn -0.701720 0.087901 0.707009
vn -0.696451 0.122859 0.707009
vn -0.677917 -0.209138 0.704762
vn -0.658363 -0.258283 0.707000
vn -0.670388 -0.225240 0.706998
vn -0.704039 -0.070418 0.706662
vn -0.693524 -0.140185 0.706663
vn -0.704022 -0.070460 0.706674
vn -0.704039 0.070462 0.706657
vn -0.704035 0.070447 0.706662
vn -0.706988 0.017647 0.707005
vn -0.705231 0.052857 0.707005
vn -0.700394 0.070082 0.710308
vn -0.653750 -0.275573 0.704749
vn -0.629363 -0.322572 0.707000
vn -0.644591 -0.290951 0.707000
vn -0.676116 -0.208582 0.706655
vn -0.693526 -0.140212 0.706655
vn -0.703886 0.000000 0.710313
vn -0.707556 0.000000 0.706657
vn -0.707556 0.000000 0.706658
vn -0.705231 -0.052857 0.707005
vn -0.706988 -0.017647 0.707005
vn -0.623052 -0.339316 0.704749
vn -0.594113 -0.383657 0.706992
vn -0.612454 -0.353643 0.706991
vn -0.676117 -0.208535 0.706668
vn -0.704033 -0.070462 0.706663
vn -0.704040 -0.070447 0.706658
vn -0.700394 -0.070082 0.710308
vn -0.696451 -0.122859 0.707009
vn -0.701720 -0.087901 0.707009
vn -0.552950 -0.440893 0.707007
vn -0.574142 -0.412917 0.707008
vn -0.586199 -0.399623 0.704750
vn -0.651989 -0.274828 0.706668
vn -0.651987 -0.274830 0.706669
vn -0.693510 -0.140209 0.706672
vn -0.693524 -0.140184 0.706663
vn -0.689945 -0.139460 0.710301
vn -0.680781 -0.191536 0.707002
vn -0.689491 -0.157326 0.707001
vn -0.506290 -0.493785 0.706998
vn -0.530257 -0.467955 0.706998
vn -0.543462 -0.456030 0.704759
vn -0.621366 -0.338398 0.706676
vn -0.621383 -0.338381 0.706669
vn -0.676117 -0.208535 0.706668
vn -0.676110 -0.208544 0.706672
vn -0.672622 -0.207469 0.710307
vn -0.651989 -0.274828 0.706669
vn -0.658328 -0.258376 0.706998
vn -0.670385 -0.225248 0.706998
vn -0.495352 -0.507888 0.704753
vn -0.454621 -0.541738 0.706993
vn -0.481014 -0.518446 0.706993
vn -0.584625 -0.398550 0.706662
vn -0.584591 -0.398578 0.706675
vn -0.542009 -0.454811 0.706663
vn -0.648629 -0.273409 0.710301
vn -0.629329 -0.322640 0.706999
vn -0.644640 -0.290847 0.706999
vn -0.651989 -0.274826 0.706669
vn -0.442343 -0.554672 0.704750
vn -0.398383 -0.584335 0.706996
vn -0.426980 -0.563776 0.706997
vn -0.542016 -0.454795 0.706668
vn -0.621390 -0.338385 0.706661
vn -0.621372 -0.338402 0.706669
vn -0.618164 -0.336655 0.710307
vn -0.594055 -0.383721 0.707005
vn -0.612461 -0.353602 0.707006
vn -0.384913 -0.595952 0.704758
vn -0.338239 -0.621087 0.706997
vn -0.368782 -0.603454 0.706997
vn -0.494014 -0.506517 0.706676
vn -0.494039 -0.506503 0.706668
vn -0.584600 -0.398584 0.706663
vn -0.584606 -0.398580 0.706661
vn -0.581584 -0.396520 0.710304
vn -0.552936 -0.440934 0.706993
vn -0.574200 -0.412863 0.706993
vn -0.323648 -0.631327 0.704754
vn -0.274711 -0.651683 0.706996
vn -0.306825 -0.637194 0.706996
vn -0.383881 -0.594355 0.706666
vn -0.441126 -0.553190 0.706674
vn -0.441153 -0.553179 0.706666
vn -0.542027 -0.454789 0.706664
vn -0.494039 -0.506503 0.706668
vn -0.542016 -0.454795 0.706668
vn -0.539232 -0.452444 0.710297
vn -0.506242 -0.493835 0.706998
vn -0.530287 -0.467921 0.706998
vn -0.208435 -0.675807 0.706994
vn -0.241897 -0.664565 0.706993
vn -0.259190 -0.660409 0.704755
vn -0.383881 -0.594355 0.706667
vn -0.494031 -0.506518 0.706663
vn -0.441133 -0.553199 0.706663
vn -0.454608 -0.541749 0.706993
vn -0.481033 -0.518429 0.706993
vn -0.491485 -0.503907 0.710296
vn -0.140124 -0.693194 0.706999
vn -0.174512 -0.685344 0.707000
vn -0.192161 -0.682927 0.704759
vn -0.258492 -0.658632 0.706672
vn -0.322776 -0.629625 0.706674
vn -0.322799 -0.629621 0.706667
vn -0.441139 -0.553191 0.706666
vn -0.398419 -0.584310 0.706997
vn -0.426999 -0.563762 0.706997
vn -0.438861 -0.550335 0.710305
vn -0.123191 -0.698669 0.704759
vn -0.070426 -0.703700 0.706998
vn -0.105410 -0.699316 0.706998
vn -0.258486 -0.658637 0.706670
vn -0.338242 -0.621085 0.706998
vn -0.368755 -0.603468 0.706998
vn -0.381901 -0.591283 0.710307
vn -0.383881 -0.594355 0.706667
vn -0.322799 -0.629621 0.706667
vn -0.383884 -0.594354 0.706666
vn 0.000000 -0.707217 0.706997
vn -0.035249 -0.706338 0.706997
vn -0.053018 -0.707465 0.704757
vn -0.191636 -0.681098 0.706669
vn -0.191646 -0.681098 0.706666
vn -0.274707 -0.651685 0.706996
vn -0.306841 -0.637186 0.706996
vn -0.321131 -0.626373 0.710304
vn -0.322798 -0.629623 0.706666
vn 0.017683 -0.709228 0.704757
vn 0.070410 -0.703702 0.706998
vn 0.035249 -0.706337 0.706998
vn -0.122862 -0.696799 0.706665
vn -0.122857 -0.696799 0.706667
vn -0.258486 -0.658637 0.706670
vn -0.258496 -0.658637 0.706667
vn -0.208470 -0.675795 0.706994
vn -0.241874 -0.664573 0.706994
vn -0.257163 -0.655241 0.710301
vn 0.088221 -0.703942 0.704757
vn 0.140124 -0.693197 0.706996
vn 0.105411 -0.699317 0.706996
vn -0.052876 -0.705568 0.706667
vn -0.052879 -0.705568 0.706666
vn -0.191637 -0.681102 0.706665
vn -0.191626 -0.681101 0.706669
vn -0.190638 -0.677589 0.710303
vn -0.140145 -0.693193 0.706996
vn -0.174496 -0.685353 0.706996
vn 0.208479 -0.675789 0.706998
vn 0.174513 -0.685346 0.706998
vn 0.157857 -0.691664 0.704756
vn 0.017636 -0.707328 0.706666
vn 0.017643 -0.707325 0.706668
vn 0.087985 -0.702056 0.706665
vn -0.122231 -0.693202 0.710303
vn -0.122857 -0.696797 0.706668
vn -0.070415 -0.703702 0.706998
vn -0.105405 -0.699316 0.706998
vn -0.122865 -0.696798 0.706666
vn 0.274711 -0.651684 0.706995
vn 0.241845 -0.664582 0.706995
vn 0.225955 -0.672501 0.704760
vn 0.087973 -0.702055 0.706668
vn -0.052605 -0.701929 0.710302
vn 0.000000 -0.707217 0.706997
vn -0.035250 -0.706338 0.706996
vn -0.052877 -0.705567 0.706668
vn -0.052878 -0.705567 0.706667
vn 0.291777 -0.646671 0.704757
vn 0.338169 -0.621118 0.707004
vn 0.306884 -0.637157 0.707003
vn 0.157444 -0.689804 0.706670
vn 0.157434 -0.689809 0.706667
vn 0.017643 -0.707326 0.706667
vn 0.017641 -0.707327 0.706667
vn 0.017550 -0.703678 0.710302
vn 0.070415 -0.703703 0.706996
vn 0.035254 -0.706338 0.706997
vn 0.354741 -0.614394 0.704754
vn 0.398385 -0.584337 0.706993
vn 0.368783 -0.603456 0.706993
vn 0.225352 -0.670700 0.706667
vn 0.225350 -0.670701 0.706666
vn 0.157445 -0.689808 0.706666
vn 0.087973 -0.702057 0.706666
vn 0.087525 -0.698435 0.710302
vn 0.140129 -0.693196 0.706996
vn 0.105406 -0.699318 0.706996
vn 0.087979 -0.702054 0.706668
vn 0.454540 -0.541802 0.706996
vn 0.427057 -0.563718 0.706996
vn 0.414142 -0.576031 0.704752
vn 0.290995 -0.644938 0.706666
vn 0.353789 -0.612745 0.706666
vn 0.290995 -0.644938 0.706666
vn 0.156637 -0.686247 0.710303
vn 0.208445 -0.675799 0.706998
vn 0.174515 -0.685345 0.706998
vn 0.157450 -0.689808 0.706664
vn 0.469435 -0.531939 0.704749
vn 0.506209 -0.493867 0.706999
vn 0.481090 -0.518368 0.706999
vn 0.353792 -0.612745 0.706665
vn 0.224179 -0.667241 0.710305
vn 0.274734 -0.651666 0.707002
vn 0.241871 -0.664565 0.707002
vn 0.225352 -0.670700 0.706666
vn 0.225343 -0.670707 0.706663
vn 0.552875 -0.440994 0.707004
vn 0.530332 -0.467861 0.707004
vn 0.520065 -0.482557 0.704749
vn 0.413023 -0.574490 0.706664
vn 0.413029 -0.574482 0.706667
vn 0.289498 -0.641612 0.710300
vn 0.338208 -0.621106 0.706995
vn 0.306841 -0.637186 0.706995
vn 0.290996 -0.644939 0.706665
vn 0.353792 -0.612745 0.706665
vn 0.290998 -0.644937 0.706666
vn 0.594114 -0.383657 0.706991
vn 0.574231 -0.412820 0.706992
vn 0.565540 -0.428356 0.704753
vn 0.518664 -0.481257 0.706668
vn 0.468168 -0.530510 0.706667
vn 0.468171 -0.530506 0.706668
vn 0.351944 -0.609592 0.710305
vn 0.398383 -0.584339 0.706993
vn 0.368795 -0.603449 0.706993
vn 0.353767 -0.612750 0.706673
vn 0.629299 -0.322700 0.706998
vn 0.612449 -0.353641 0.706997
vn 0.605356 -0.369944 0.704760
vn 0.518652 -0.481264 0.706672
vn 0.413036 -0.574469 0.706673
vn 0.454565 -0.541780 0.706997
vn 0.427039 -0.563732 0.706997
vn 0.410908 -0.571510 0.710303
vn 0.413022 -0.574489 0.706666
vn 0.658307 -0.258421 0.707000
vn 0.644651 -0.290818 0.707000
vn 0.639189 -0.307834 0.704752
vn 0.564009 -0.427209 0.706673
vn 0.564013 -0.427199 0.706676
vn 0.465747 -0.527774 0.710306
vn 0.468165 -0.530514 0.706666
vn 0.506283 -0.493792 0.706999
vn 0.481029 -0.518425 0.706999
vn 0.468167 -0.530509 0.706668
vn 0.518655 -0.481266 0.706668
vn 0.680776 -0.191576 0.706995
vn 0.670392 -0.225241 0.706995
vn 0.666665 -0.242649 0.704755
vn 0.603735 -0.368953 0.706667
vn 0.637470 -0.307006 0.706667
vn 0.603743 -0.368923 0.706675
vn 0.518680 -0.481252 0.706659
vn 0.552929 -0.440928 0.707002
vn 0.530242 -0.467965 0.707002
vn 0.515999 -0.478764 0.710302
vn 0.696472 -0.122802 0.706998
vn 0.689505 -0.157274 0.706999
vn 0.687522 -0.175049 0.704749
vn 0.637467 -0.307010 0.706669
vn 0.564014 -0.427227 0.706658
vn 0.594093 -0.383662 0.707006
vn 0.574190 -0.412855 0.707006
vn 0.561096 -0.425017 0.710304
vn 0.564017 -0.427216 0.706662
vn 0.705252 -0.052744 0.706992
vn 0.701724 -0.088012 0.706992
vn 0.708564 -0.035336 0.704761
vn 0.701521 -0.105746 0.704760
vn 0.664877 -0.241999 0.706665
vn 0.664878 -0.241982 0.706669
vn 0.603746 -0.368945 0.706662
vn 0.629331 -0.322641 0.706997
vn 0.612469 -0.353606 0.706997
vn 0.603750 -0.368927 0.706667
vn 0.637468 -0.307010 0.706668
vn 0.600626 -0.367039 0.710303
vn 0.685670 -0.174592 0.706665
vn 0.685669 -0.174578 0.706668
vn 0.699641 -0.105463 0.706668
vn 0.634183 -0.305432 0.710298
vn 0.658341 -0.258381 0.706984
vn 0.644653 -0.290853 0.706984
vn 0.637466 -0.307013 0.706669
vn 0.706667 -0.035258 0.706667
vn 0.706673 -0.035242 0.706662
vn 0.699649 -0.105446 0.706663
vn 0.680788 -0.191538 0.706995
vn 0.670389 -0.225249 0.706994
vn 0.664882 -0.241983 0.706665
vn 0.661463 -0.240728 0.710293
vn 0.664882 -0.241972 0.706669
vn 0.682133 -0.173700 0.710297
vn 0.696476 -0.122780 0.706998
vn 0.685666 -0.174591 0.706668
vn 0.689476 -0.157406 0.706998
vn 0.685667 -0.174600 0.706665
vn 0.706667 -0.035270 0.706667
vn 0.705225 -0.052857 0.707010
vn 0.701710 -0.087983 0.707009
vn 0.706672 -0.035259 0.706663
vn 0.699649 -0.105446 0.706663
vn 0.696039 -0.104890 0.710302
vn 0.699646 -0.105433 0.706667
vn 0.703008 -0.035088 0.710316
vn 0.706997 -0.017635 0.706997
vn 0.706998 -0.017564 0.706998
vn 0.701724 0.088012 0.706992
vn 0.705252 0.052745 0.706992
vn 0.708564 0.035336 0.704761
vn 0.701521 0.105746 0.704760
vn 0.689505 0.157274 0.706999
vn 0.696473 0.122800 0.706998
vn 0.670391 0.225244 0.706995
vn 0.680776 0.191576 0.706995
vn 0.687522 0.175049 0.704749
vn 0.706667 0.035258 0.706667
vn 0.706673 0.035241 0.706662
vn 0.644650 0.290822 0.707000
vn 0.658309 0.258418 0.707000
vn 0.666664 0.242650 0.704755
vn 0.699649 0.105446 0.706663
vn 0.699641 0.105463 0.706668
vn 0.612447 0.353645 0.706997
vn 0.629302 0.322696 0.706998
vn 0.639189 0.307834 0.704752
vn 0.685666 0.174591 0.706668
vn 0.685673 0.174579 0.706664
vn 0.703008 0.035088 0.710316
vn 0.701710 0.087983 0.707009
vn 0.705225 0.052857 0.707010
vn 0.706667 0.035270 0.706667
vn 0.706672 0.035258 0.706663
vn 0.574228 0.412826 0.706991
vn 0.594117 0.383653 0.706990
vn 0.999689 -0.024936 0.000000
vn 0.999689 -0.024936 0.000000
vn 0.997215 -0.074581 0.000000
vn 0.997215 -0.074581 0.000000
vn 0.992226 -0.124446 0.000000
vn 0.992226 -0.124446 0.000000
vn 0.984810 -0.173637 0.000000
vn 0.984810 -0.173637 0.000000
vn 0.974958 -0.222388 -0.000000
vn 0.974958 -0.222388 0.000000
vn 0.962611 -0.270887 0.000000
vn 0.962611 -0.270887 0.000000
vn 0.947927 -0.318488 -0.000000
vn 0.947927 -0.318488 0.000000
vn 0.930849 -0.365403 0.000000
vn 0.930849 -0.365403 0.000000
vn 0.911535 -0.411222 0.000000
vn 0.911535 -0.411222 0.000000
vn 0.889825 -0.456303 0.000000
vn 0.889825 -0.456303 0.000000
vn 0.866003 -0.500040 0.000000
vn 0.866003 -0.500040 0.000000
vn 0.840070 -0.542478 0.000000
vn 0.840070 -0.542478 -0.000000
vn 0.811949 -0.583728 0.000000
vn 0.811949 -0.583728 0.000000
vn 0.781775 -0.623561 0.000000
vn 0.781775 -0.623561 0.000000
vn 0.749881 -0.661573 0.000000
vn 0.749881 -0.661573 0.000000
vn 0.715779 -0.698327 0.000000
vn 0.715779 -0.698327 0.000000
vn 0.680260 -0.732971 0.000000
vn 0.680260 -0.732971 0.000000
vn 0.642734 -0.766090 0.000000
vn 0.642734 -0.766090 0.000000
vn 0.603838 -0.797107 0.000000
vn 0.603838 -0.797107 0.000000
vn 0.563302 -0.826251 0.000000
vn 0.563302 -0.826251 0.000000
vn 0.521455 -0.853279 0.000000
vn 0.521455 -0.853279 0.000000
vn 0.478217 -0.878242 0.000000
vn 0.478217 -0.878242 0.000000
vn 0.433925 -0.900949 0.000000
vn 0.433925 -0.900949 0.000000
vn 0.388427 -0.921480 0.000000
vn 0.388427 -0.921480 0.000000
vn 0.341966 -0.939712 0.000000
vn 0.341966 -0.939712 0.000000
vn 0.294775 -0.955567 -0.000000
vn 0.246747 -0.969080 0.000000
vn 0.294775 -0.955567 0.000000
vn 0.246747 -0.969080 0.000000
vn 0.198175 -0.980167 0.000000
vn 0.198175 -0.980167 0.000000
vn 0.149050 -0.988830 0.000000
vn 0.149050 -0.988830 0.000000
vn 0.099560 -0.995032 0.000000
vn 0.099560 -0.995032 0.000000
vn 0.049813 -0.998759 0.000000
vn 0.000000 -1.000000 0.000000
vn 0.049813 -0.998759 0.000000
vn 0.000000 -1.000000 0.000000
vn -0.049813 -0.998759 0.000000
vn -0.099582 -0.995029 -0.000000
vn -0.049813 -0.998759 0.000000
vn -0.099582 -0.995029 0.000000
vn -0.149050 -0.988830 0.000000
vn -0.198175 -0.980167 -0.000000
vn -0.149050 -0.988830 0.000000
vn -0.198175 -0.980167 0.000000
vn -0.246747 -0.969080 0.000000
vn -0.246747 -0.969080 0.000000
vn -0.294711 -0.955586 -0.000000
vn -0.294711 -0.955586 0.000000
vn -0.342039 -0.939686 0.000000
vn -0.342039 -0.939686 0.000000
vn -0.388427 -0.921480 -0.000000
vn -0.388427 -0.921480 0.000000
vn -0.433836 -0.900992 0.000000
vn -0.433836 -0.900992 0.000000
vn -0.478312 -0.878190 0.000000
vn -0.478312 -0.878190 0.000000
vn -0.521455 -0.853279 0.000000
vn -0.521455 -0.853279 0.000000
vn -0.563302 -0.826251 -0.000000
vn -0.563302 -0.826251 0.000000
vn -0.603729 -0.797190 -0.000000
vn -0.603729 -0.797190 0.000000
vn -0.642845 -0.765996 0.000000
vn -0.642845 -0.765996 -0.000000
vn -0.680147 -0.733076 -0.000000
vn -0.680147 -0.733076 0.000000
vn -0.715892 -0.698211 0.000000
vn -0.715892 -0.698211 0.000000
vn -0.749768 -0.661700 0.000000
vn -0.749768 -0.661700 -0.000000
vn -0.781885 -0.623423 0.000000
vn -0.781885 -0.623423 0.000000
vn -0.811842 -0.583878 -0.000000
vn -0.811842 -0.583878 0.000000
vn -0.840070 -0.542478 0.000000
vn -0.840070 -0.542478 0.000000
vn -0.866003 -0.500040 0.000000
vn -0.866003 -0.500040 0.000000
vn -0.889917 -0.456123 0.000000
vn -0.889917 -0.456123 0.000000
vn -0.911450 -0.411411 0.000000
vn -0.911450 -0.411411 0.000000
vn -0.930926 -0.365207 0.000000
vn -0.930926 -0.365207 0.000000
vn -0.947927 -0.318488 0.000000
vn -0.947927 -0.318488 0.000000
vn -0.962611 -0.270887 0.000000
vn -0.962611 -0.270887 0.000000
vn -0.974909 -0.222603 0.000000
vn -0.974909 -0.222603 0.000000
vn -0.984810 -0.173637 0.000000
vn -0.984810 -0.173637 0.000000
vn -0.992254 -0.124223 0.000000
vn -0.992254 -0.124223 0.000000
vn -0.997198 -0.074807 0.000000
vn -0.997198 -0.074807 0.000000
vn -0.999689 -0.024936 0.000000
vn -0.999689 -0.024936 0.000000
vn -0.999689 0.024936 0.000000
vn -0.999689 0.024936 0.000000
vn -0.997198 0.074803 0.000000
vn -0.997198 0.074803 0.000000
vn -0.992253 0.124230 0.000000
vn -0.992253 0.124230 0.000000
vn -0.984810 0.173637 0.000000
vn -0.984810 0.173637 0.000000
vn -0.974909 0.222603 0.000000
vn -0.974909 0.222603 0.000000
vn -0.962611 0.270887 0.000000
vn -0.962611 0.270887 0.000000
vn -0.947927 0.318488 0.000000
vn -0.947927 0.318488 -0.000000
vn -0.930926 0.365207 0.000000
vn -0.930926 0.365207 0.000000
vn -0.911450 0.411411 0.000000
vn -0.911450 0.411411 0.000000
vn -0.889917 0.456123 0.000000
vn -0.889917 0.456123 0.000000
vn -0.866003 0.500040 0.000000
vn -0.866003 0.500040 0.000000
vn -0.840070 0.542478 -0.000000
vn -0.840070 0.542478 0.000000
vn -0.811842 0.583878 0.000000
vn -0.811842 0.583878 0.000000
vn -0.781885 0.623423 0.000000
vn -0.749768 0.661700 0.000000
vn -0.781885 0.623423 0.000000
vn -0.715892 0.698211 0.000000
vn -0.749768 0.661700 0.000000
vn -0.680147 0.733076 0.000000
vn -0.715892 0.698211 0.000000
vn -0.680147 0.733076 0.000000
vn -0.642845 0.765996 0.000000
vn -0.603729 0.797190 0.000000
vn -0.642845 0.765996 0.000000
vn -0.603729 0.797190 -0.000000
vn -0.563340 0.826225 0.000000
vn -0.563340 0.826225 0.000000
vn -0.521455 0.853279 0.000000
vn -0.478268 0.878214 0.000000
vn -0.521455 0.853279 0.000000
vn -0.478268 0.878214 0.000000
vn -0.433836 0.900992 0.000000
vn -0.388427 0.921480 0.000000
vn -0.433836 0.900992 0.000000
vn -0.388427 0.921480 0.000000
vn -0.342039 0.939686 0.000000
vn -0.342039 0.939686 -0.000000
vn -0.294711 0.955586 0.000000
vn -0.294711 0.955586 0.000000
vn -0.246800 0.969066 0.000000
vn -0.198121 0.980178 0.000000
vn -0.246800 0.969066 0.000000
vn -0.198121 0.980178 0.000000
vn -0.149050 0.988830 0.000000
vn -0.099582 0.995029 0.000000
vn -0.149050 0.988830 0.000000
vn -0.049813 0.998759 0.000000
vn -0.099582 0.995029 0.000000
vn -0.049813 0.998759 0.000000
vn 0.000000 1.000000 0.000000
vn 0.000000 1.000000 -0.000000
vn 0.049813 0.998759 0.000000
vn 0.049813 0.998759 -0.000000
vn 0.099560 0.995032 0.000000
vn 0.149050 0.988830 0.000000
vn 0.099560 0.995032 -0.000000
vn 0.149050 0.988830 0.000000
vn 0.198121 0.980178 0.000000
vn 0.246800 0.969066 0.000000
vn 0.198121 0.980178 -0.000000
vn 0.246800 0.969066 -0.000000
vn 0.294775 0.955567 0.000000
vn 0.341966 0.939712 0.000000
vn 0.294775 0.955567 -0.000000
vn 0.341966 0.939712 0.000000
vn 0.388427 0.921480 0.000000
vn 0.388427 0.921480 -0.000000
vn 0.433925 0.900949 0.000000
vn 0.433925 0.900949 -0.000000
vn 0.478173 0.878266 -0.000000
vn 0.478173 0.878266 -0.000000
vn 0.521455 0.853279 0.000000
vn 0.521455 0.853279 -0.000000
vn 0.563340 0.826225 -0.000000
vn 0.603838 0.797107 0.000000
vn 0.563340 0.826225 -0.000000
vn 0.603838 0.797107 0.000000
vn 0.642734 0.766090 0.000000
vn 0.642734 0.766090 -0.000000
vn 0.680260 0.732971 -0.000000
vn 0.680260 0.732971 -0.000000
vn 0.715779 0.698327 0.000000
vn 0.749881 0.661573 0.000000
vn 0.715779 0.698327 -0.000000
vn 0.781775 0.623561 0.000000
vn 0.749881 0.661573 0.000000
vn 0.781775 0.623561 0.000000
vn 0.811949 0.583728 -0.000000
vn 0.811949 0.583728 -0.000000
vn 0.840070 0.542478 -0.000000
vn 0.840070 0.542478 0.000000
vn 0.866003 0.500040 -0.000000
vn 0.866003 0.500040 0.000000
vn 0.889825 0.456303 0.000000
vn 0.889825 0.456303 0.000000
vn 0.911535 0.411222 -0.000000
vn 0.911535 0.411222 0.000000
vn 0.930849 0.365403 0.000000
vn 0.930849 0.365403 0.000000
vn 0.947927 0.318488 0.000000
vn 0.947927 0.318488 0.000000
vn 0.962611 0.270887 -0.000000
vn 0.962611 0.270887 0.000000
vn 0.974958 0.222388 -0.000000
vn 0.974958 0.222388 0.000000
vn 0.984810 0.173637 -0.000000
vn 0.984810 0.173637 0.000000
vn 0.992225 0.124453 -0.000000
vn 0.992225 0.124453 0.000000
vn 0.997215 0.074577 0.000000
vn 0.997215 0.074577 -0.000000
vn 0.999689 0.024936 0.000000
vn 0.999689 0.024936 -0.000000
vn 0.605356 0.369944 0.704760
vn 0.664873 0.241997 0.706669
vn 0.664882 0.241985 0.706665
vn 0.699644 0.105446 0.706668
vn 0.696039 0.104889 0.710301
vn 0.689477 0.157402 0.706997
vn 0.696476 0.122780 0.706998
vn 0.699651 0.105433 0.706663
vn 0.706997 0.017635 0.706997
vn 0.530324 0.467871 0.707003
vn 0.552879 0.440989 0.707003
vn 0.565540 0.428356 0.704753
vn 0.637468 0.307009 0.706668
vn 0.637469 0.307007 0.706668
vn 0.670387 0.225252 0.706995
vn 0.680787 0.191538 0.706995
vn 0.682133 0.173701 0.710298
vn 0.685670 0.174591 0.706664
vn 0.685664 0.174600 0.706668
vn 0.481089 0.518367 0.707000
vn 0.506209 0.493866 0.707000
vn 0.520064 0.482556 0.704750
vn 0.603727 0.368949 0.706676
vn 0.603747 0.368930 0.706668
vn 0.664887 0.241971 0.706665
vn 0.644655 0.290851 0.706983
vn 0.658341 0.258384 0.706983
vn 0.661464 0.240725 0.710293
vn 0.664877 0.241983 0.706670
vn 0.427044 0.563727 0.706998
vn 0.454551 0.541791 0.706998
vn 0.469441 0.531932 0.704751
vn 0.564016 0.427201 0.706672
vn 0.564006 0.427209 0.706675
vn 0.706998 0.017564 0.706998
vn 0.634182 0.305434 0.710298
vn 0.637464 0.307015 0.706670
vn 0.612466 0.353608 0.706998
vn 0.637470 0.307008 0.706667
vn 0.629333 0.322636 0.706998
vn 0.368785 0.603459 0.706991
vn 0.398408 0.584326 0.706990
vn 0.414131 0.576037 0.704753
vn 0.518656 0.481261 0.706671
vn 0.518663 0.481256 0.706669
vn 0.574188 0.412854 0.707007
vn 0.594093 0.383659 0.707007
vn 0.603741 0.368944 0.706666
vn 0.603754 0.368934 0.706661
vn 0.600625 0.367039 0.710304
vn 0.306876 0.637161 0.707002
vn 0.338169 0.621119 0.707003
vn 0.354748 0.614392 0.704752
vn 0.468180 0.530503 0.706664
vn 0.468165 0.530510 0.706668
vn 0.564017 0.427218 0.706661
vn 0.564015 0.427219 0.706661
vn 0.530236 0.467973 0.707001
vn 0.552929 0.440928 0.707002
vn 0.561100 0.425011 0.710305
vn 0.241845 0.664582 0.706995
vn 0.274703 0.651687 0.706995
vn 0.291774 0.646673 0.704756
vn 0.413020 0.574492 0.706664
vn 0.413020 0.574492 0.706664
vn 0.481029 0.518425 0.706999
vn 0.518658 0.481262 0.706669
vn 0.506291 0.493784 0.706998
vn 0.518677 0.481251 0.706662
vn 0.516000 0.478768 0.710300
vn 0.208468 0.675789 0.707001
vn 0.225962 0.672497 0.704761
vn 0.174540 0.685335 0.707002
vn 0.353797 0.612744 0.706663
vn 0.353792 0.612745 0.706665
vn 0.468166 0.530511 0.706667
vn 0.465747 0.527774 0.710306
vn 0.427044 0.563731 0.706994
vn 0.454557 0.541790 0.706995
vn 0.468163 0.530512 0.706668
vn 0.157846 0.691668 0.704755
vn 0.105411 0.699319 0.706994
vn 0.140115 0.693201 0.706994
vn 0.290996 0.644940 0.706664
vn 0.290992 0.644940 0.706665
vn 0.413014 0.574483 0.706674
vn 0.410903 0.571515 0.710303
vn 0.368798 0.603446 0.706994
vn 0.398382 0.584338 0.706994
vn 0.413033 0.574478 0.706668
vn 0.088230 0.703942 0.704756
vn 0.035229 0.706338 0.706997
vn 0.070410 0.703702 0.706998
vn 0.225362 0.670698 0.706666
vn 0.225357 0.670698 0.706667
vn 0.351951 0.609588 0.710305
vn 0.306837 0.637189 0.706994
vn 0.338209 0.621107 0.706994
vn 0.353791 0.612742 0.706667
vn 0.353774 0.612746 0.706673
vn 0.017683 0.709226 0.704760
vn -0.035229 0.706336 0.707000
vn -0.000000 0.707215 0.706999
vn 0.157441 0.689807 0.706667
vn 0.157421 0.689806 0.706672
vn 0.241867 0.664568 0.707001
vn 0.274739 0.651665 0.707001
vn 0.289498 0.641613 0.710298
vn 0.290994 0.644935 0.706669
vn 0.290997 0.644935 0.706668
vn -0.053022 0.707465 0.704756
vn -0.105411 0.699317 0.706997
vn -0.070426 0.703701 0.706997
vn 0.087993 0.702055 0.706666
vn 0.087976 0.702052 0.706671
vn 0.224177 0.667243 0.710304
vn 0.225363 0.670702 0.706661
vn 0.174520 0.685345 0.706997
vn 0.208446 0.675800 0.706997
vn 0.225339 0.670702 0.706669
vn 0.157442 0.689811 0.706663
vn -0.123183 0.698670 0.704759
vn -0.174541 0.685338 0.706999
vn -0.140114 0.693196 0.706999
vn 0.017636 0.707324 0.706669
vn 0.017643 0.707326 0.706667
vn 0.105405 0.699316 0.706998
vn 0.140129 0.693194 0.706998
vn 0.156631 0.686247 0.710304
vn 0.157444 0.689810 0.706664
vn -0.192172 0.682922 0.704760
vn -0.241897 0.664566 0.706992
vn -0.208426 0.675811 0.706993
vn -0.052880 0.705569 0.706665
vn -0.052889 0.705566 0.706668
vn 0.087976 0.702054 0.706668
vn 0.035254 0.706338 0.706997
vn 0.070420 0.703703 0.706996
vn 0.087988 0.702057 0.706665
vn 0.087534 0.698433 0.710302
vn -0.306817 0.637199 0.706994
vn -0.274703 0.651689 0.706993
vn -0.259190 0.660410 0.704754
vn -0.122854 0.696800 0.706665
vn -0.122851 0.696802 0.706665
vn 0.017635 0.707326 0.706667
vn -0.035250 0.706336 0.706998
vn 0.000000 0.707215 0.706999
vn 0.017643 0.707329 0.706664
vn 0.017544 0.703677 0.710303
vn -0.323649 0.631329 0.704751
vn -0.368783 0.603456 0.706994
vn -0.338241 0.621090 0.706994
vn -0.191634 0.681102 0.706665
vn -0.191656 0.681089 0.706673
vn -0.105405 0.699317 0.706997
vn -0.070420 0.703702 0.706997
vn -0.052888 0.705563 0.706671
vn -0.052599 0.701928 0.710303
vn -0.052872 0.705570 0.706665
vn -0.384914 0.595954 0.704755
vn -0.426967 0.563786 0.706997
vn -0.398404 0.584320 0.706997
vn -0.258488 0.658633 0.706673
vn -0.258492 0.658630 0.706674
vn -0.122850 0.696801 0.706665
vn -0.174501 0.685351 0.706996
vn -0.140145 0.693193 0.706996
vn -0.122867 0.696792 0.706671
vn -0.122233 0.693202 0.710303
vn -0.442333 0.554679 0.704750
vn -0.481012 0.518444 0.706996
vn -0.454631 0.541725 0.706997
vn -0.322798 0.629612 0.706675
vn -0.322779 0.629631 0.706667
vn -0.191633 0.681100 0.706668
vn -0.241870 0.664575 0.706993
vn -0.208470 0.675796 0.706993
vn -0.190638 0.677590 0.710302
vn -0.191627 0.681104 0.706666
vn -0.495357 0.507881 0.704755
vn -0.530247 0.467964 0.706999
vn -0.506289 0.493785 0.706999
vn -0.441142 0.553187 0.706666
vn -0.383883 0.594352 0.706667
vn -0.383881 0.594355 0.706666
vn -0.257161 0.655242 0.710300
vn -0.306837 0.637190 0.706994
vn -0.274712 0.651685 0.706994
vn -0.258493 0.658636 0.706669
vn -0.258490 0.658638 0.706668
vn -0.543459 0.456034 0.704759
vn -0.574138 0.412921 0.707009
vn -0.552953 0.440888 0.707008
vn -0.441120 0.553196 0.706673
vn -0.368759 0.603466 0.706998
vn -0.338242 0.621085 0.706998
vn -0.321134 0.626372 0.710304
vn -0.322800 0.629621 0.706667
vn -0.322802 0.629619 0.706668
vn -0.612456 0.353639 0.706991
vn -0.594116 0.383652 0.706992
vn -0.586201 0.399619 0.704750
vn -0.494026 0.506516 0.706668
vn -0.494036 0.506497 0.706675
vn -0.383885 0.594351 0.706667
vn -0.427002 0.563760 0.706997
vn -0.398419 0.584310 0.706997
vn -0.381903 0.591282 0.710307
vn -0.383884 0.594353 0.706667
vn -0.623050 0.339317 0.704750
vn -0.644589 0.290955 0.707001
vn -0.629360 0.322576 0.707001
vn -0.542008 0.454816 0.706661
vn -0.542019 0.454792 0.706669
vn -0.481033 0.518429 0.706993
vn -0.454599 0.541757 0.706993
vn -0.438858 0.550339 0.710303
vn -0.441134 0.553193 0.706667
vn -0.441127 0.553205 0.706662
vn -0.653752 0.275570 0.704748
vn -0.670389 0.225240 0.706998
vn -0.658364 0.258280 0.706999
vn -0.584599 0.398589 0.706662
vn -0.621365 0.338399 0.706677
vn -0.584616 0.398538 0.706677
vn -0.530282 0.467930 0.706996
vn -0.506252 0.493829 0.706995
vn -0.542019 0.454792 0.706669
vn -0.494031 0.506518 0.706663
vn -0.491485 0.503907 0.710296
vn -0.494040 0.506501 0.706669
vn -0.677916 0.209142 0.704762
vn -0.689466 0.157427 0.707003
vn -0.680770 0.191574 0.707002
vn -0.621382 0.338382 0.706670
vn -0.574199 0.412862 0.706994
vn -0.552935 0.440933 0.706994
vn -0.539234 0.452441 0.710298
vn -0.542029 0.454786 0.706665
vn -0.695388 0.140560 0.704754
vn -0.701743 0.087858 0.706992
vn -0.696478 0.122799 0.706993
vn -0.651988 0.274826 0.706670
vn -0.651988 0.274827 0.706670
vn -0.612460 0.353604 0.707006
vn -0.594057 0.383719 0.707005
vn -0.581582 0.396521 0.710305
vn -0.584602 0.398580 0.706664
vn -0.584600 0.398589 0.706661
vn -0.705926 0.070607 0.704758
vn -0.707006 0.017635 0.706988
vn -0.705245 0.052902 0.706987
vn -0.676115 0.208587 0.706654
vn -0.676116 0.208533 0.706669
vn -0.644640 0.290845 0.706999
vn -0.629331 0.322636 0.707000
vn -0.621380 0.338403 0.706661
vn -0.618165 0.336652 0.710308
vn -0.621383 0.338383 0.706668
vn -0.709459 0.000000 0.704747
vn -0.705245 -0.052905 0.706987
vn -0.707006 -0.017635 0.706988
vn -0.693525 0.140184 0.706662
vn -0.693527 0.140211 0.706655
vn -0.648628 0.273412 0.710301
vn -0.651989 0.274828 0.706668
vn -0.651989 0.274828 0.706668
vn -0.670385 0.225251 0.706998
vn -0.658327 0.258378 0.706998
vn -0.696478 -0.122799 0.706993
vn -0.701744 -0.087853 0.706992
vn -0.705926 -0.070606 0.704758
vn -0.707539 0.000000 0.706675
vn -0.704025 0.070417 0.706675
vn -0.704033 0.070462 0.706663
vn -0.676114 0.208545 0.706668
vn -0.676113 0.208533 0.706672
vn -0.672622 0.207468 0.710307
vn -0.689491 0.157322 0.707002
vn -0.680780 0.191536 0.707003
vn -0.680771 -0.191574 0.707001
vn -0.689467 -0.157428 0.707002
vn -0.695388 -0.140564 0.704754
vn -0.707538 0.000000 0.706675
vn -0.693516 0.140183 0.706671
vn -0.693520 0.140209 0.706663
vn -0.689945 0.139461 0.710300
vn -0.701720 0.087902 0.707009
vn -0.696452 0.122859 0.707008
vn -0.677918 -0.209138 0.704762
vn -0.658364 -0.258280 0.706999
vn -0.670389 -0.225240 0.706998
vn -0.704039 -0.070417 0.706661
vn -0.693524 -0.140187 0.706662
vn -0.704021 -0.070461 0.706675
vn -0.704039 0.070463 0.706657
vn -0.704035 0.070446 0.706663
vn -0.706988 0.017647 0.707005
vn -0.705231 0.052857 0.707005
vn -0.700394 0.070082 0.710308
vn -0.653752 -0.275570 0.704748
vn -0.629360 -0.322576 0.707001
vn -0.644589 -0.290955 0.707001
vn -0.676115 -0.208582 0.706655
vn -0.693526 -0.140210 0.706656
vn -0.703886 0.000000 0.710313
vn -0.707556 0.000000 0.706658
vn -0.707556 0.000000 0.706658
vn -0.705231 -0.052857 0.707005
vn -0.706988 -0.017647 0.707005
vn -0.623050 -0.339317 0.704750
vn -0.594116 -0.383652 0.706992
vn -0.612456 -0.353639 0.706991
vn -0.676116 -0.208533 0.706669
vn -0.704033 -0.070462 0.706663
vn -0.704040 -0.070447 0.706657
vn -0.700394 -0.070082 0.710308
vn -0.696452 -0.122859 0.707008
vn -0.701720 -0.087902 0.707009
vn -0.552953 -0.440888 0.707008
vn -0.574138 -0.412921 0.707009
vn -0.586201 -0.399619 0.704750
vn -0.651986 -0.274832 0.706670
vn -0.651990 -0.274827 0.706668
vn -0.693510 -0.140207 0.706672
vn -0.693524 -0.140184 0.706663
vn -0.689945 -0.139461 0.710300
vn -0.680781 -0.191536 0.707002
vn -0.689491 -0.157327 0.707001
vn -0.506289 -0.493785 0.706999
vn -0.530247 -0.467964 0.706999
vn -0.543459 -0.456034 0.704759
vn -0.621365 -0.338399 0.706677
vn -0.621387 -0.338377 0.706668
vn -0.676117 -0.208534 0.706668
vn -0.676110 -0.208544 0.706672
vn -0.672623 -0.207468 0.710306
vn -0.651987 -0.274833 0.706668
vn -0.658327 -0.258378 0.706998
vn -0.670387 -0.225245 0.706998
vn -0.495349 -0.507890 0.704753
vn -0.454633 -0.541728 0.706994
vn -0.481014 -0.518446 0.706993
vn -0.584629 -0.398547 0.706660
vn -0.584588 -0.398581 0.706675
vn -0.542008 -0.454816 0.706661
vn -0.648628 -0.273412 0.710301
vn -0.629331 -0.322636 0.707000
vn -0.644640 -0.290845 0.706999
vn -0.651988 -0.274828 0.706670
vn -0.442344 -0.554673 0.704748
vn -0.398377 -0.584339 0.706996
vn -0.426967 -0.563786 0.706997
vn -0.542019 -0.454792 0.706669
vn -0.621393 -0.338381 0.706661
vn -0.621373 -0.338399 0.706669
vn -0.618165 -0.336652 0.710308
vn -0.594051 -0.383728 0.707005
vn -0.612460 -0.353604 0.707006
vn -0.384912 -0.595951 0.704759
vn -0.338270 -0.621069 0.706998
vn -0.368781 -0.603453 0.706997
vn -0.494012 -0.506519 0.706675
vn -0.494033 -0.506508 0.706669
vn -0.584597 -0.398587 0.706664
vn -0.584605 -0.398582 0.706661
vn -0.581584 -0.396522 0.710303
vn -0.552927 -0.440943 0.706994
vn -0.574206 -0.412852 0.706994
vn -0.323649 -0.631329 0.704751
vn -0.274703 -0.651689 0.706993
vn -0.306817 -0.637199 0.706994
vn -0.383881 -0.594355 0.706666
vn -0.441129 -0.553189 0.706673
vn -0.441153 -0.553179 0.706666
vn -0.542024 -0.454792 0.706665
vn -0.494035 -0.506510 0.706666
vn -0.542021 -0.454793 0.706666
vn -0.539231 -0.452448 0.710297
vn -0.506239 -0.493837 0.706998
vn -0.530289 -0.467918 0.706998
vn -0.208426 -0.675811 0.706993
vn -0.241897 -0.664566 0.706992
vn -0.259190 -0.660410 0.704754
vn -0.383883 -0.594352 0.706667
vn -0.494035 -0.506510 0.706666
vn -0.441133 -0.553195 0.706666
vn -0.454599 -0.541757 0.706993
vn -0.481044 -0.518419 0.706993
vn -0.491492 -0.503902 0.710295
vn -0.140152 -0.693184 0.707004
vn -0.174502 -0.685343 0.707004
vn -0.192172 -0.682922 0.704760
vn -0.258492 -0.658630 0.706674
vn -0.322775 -0.629624 0.706676
vn -0.322802 -0.629619 0.706668
vn -0.441134 -0.553193 0.706667
vn -0.398419 -0.584310 0.706997
vn -0.427002 -0.563760 0.706997
vn -0.438858 -0.550339 0.710303
vn -0.123183 -0.698670 0.704759
vn -0.070426 -0.703701 0.706997
vn -0.105411 -0.699317 0.706997
vn -0.258488 -0.658633 0.706673
vn -0.338242 -0.621085 0.706998
vn -0.368759 -0.603466 0.706998
vn -0.381903 -0.591282 0.710307
vn -0.383883 -0.594352 0.706667
vn -0.322802 -0.629619 0.706668
vn -0.383886 -0.594352 0.706667
vn 0.000000 -0.707215 0.706999
vn -0.035229 -0.706336 0.706999
vn -0.053022 -0.707465 0.704756
vn -0.191632 -0.681096 0.706672
vn -0.191658 -0.681096 0.706665
vn -0.274711 -0.651681 0.706998
vn -0.306836 -0.637186 0.706998
vn -0.321124 -0.626375 0.710306
vn -0.322792 -0.629629 0.706664
vn 0.017683 -0.709226 0.704760
vn 0.070410 -0.703702 0.706998
vn 0.035229 -0.706338 0.706997
vn -0.122854 -0.696801 0.706664
vn -0.122850 -0.696801 0.706665
vn -0.258490 -0.658637 0.706669
vn -0.258505 -0.658636 0.706664
vn -0.208470 -0.675796 0.706993
vn -0.241870 -0.664575 0.706993
vn -0.257170 -0.655236 0.710302
vn 0.088230 -0.703942 0.704756
vn 0.140154 -0.693193 0.706994
vn 0.105411 -0.699319 0.706994
vn -0.052880 -0.705571 0.706664
vn -0.052875 -0.705570 0.706665
vn -0.191634 -0.681102 0.706665
vn -0.191627 -0.681102 0.706668
vn -0.190638 -0.677590 0.710302
vn -0.140145 -0.693193 0.706996
vn -0.174501 -0.685351 0.706996
vn 0.208470 -0.675793 0.706997
vn 0.174504 -0.685350 0.706997
vn 0.157861 -0.691663 0.704757
vn 0.017636 -0.707327 0.706667
vn 0.017630 -0.707329 0.706665
vn 0.087993 -0.702055 0.706666
vn -0.122233 -0.693202 0.710303
vn -0.122849 -0.696795 0.706672
vn -0.070400 -0.703704 0.706996
vn -0.105405 -0.699318 0.706997
vn -0.122868 -0.696798 0.706666
vn 0.274703 -0.651687 0.706995
vn 0.241845 -0.664582 0.706995
vn 0.225948 -0.672504 0.704759
vn 0.087976 -0.702052 0.706671
vn -0.052599 -0.701932 0.710299
vn 0.000000 -0.707219 0.706995
vn -0.035250 -0.706340 0.706994
vn -0.052871 -0.705564 0.706671
vn -0.052875 -0.705565 0.706669
vn 0.291774 -0.646673 0.704756
vn 0.338200 -0.621102 0.707003
vn 0.306876 -0.637161 0.707002
vn 0.157440 -0.689802 0.706672
vn 0.157437 -0.689804 0.706671
vn 0.017630 -0.707326 0.706667
vn 0.017635 -0.707325 0.706669
vn 0.017544 -0.703681 0.710299
vn 0.070400 -0.703709 0.706992
vn 0.035255 -0.706342 0.706993
vn 0.354747 -0.614389 0.704756
vn 0.398378 -0.584341 0.706994
vn 0.368783 -0.603455 0.706994
vn 0.225360 -0.670693 0.706671
vn 0.225343 -0.670705 0.706665
vn 0.157442 -0.689810 0.706664
vn 0.087977 -0.702058 0.706664
vn 0.087534 -0.698433 0.710302
vn 0.140129 -0.693194 0.706998
vn 0.105405 -0.699316 0.706998
vn 0.087987 -0.702053 0.706668
vn 0.454553 -0.541793 0.706995
vn 0.427046 -0.563729 0.706994
vn 0.414142 -0.576031 0.704752
vn 0.290996 -0.644939 0.706665
vn 0.353797 -0.612744 0.706663
vn 0.290992 -0.644942 0.706664
vn 0.156631 -0.686247 0.710304
vn 0.208446 -0.675800 0.706997
vn 0.174520 -0.685345 0.706997
vn 0.157444 -0.689811 0.706663
vn 0.469433 -0.531941 0.704749
vn 0.506209 -0.493866 0.707000
vn 0.481089 -0.518367 0.707000
vn 0.353792 -0.612745 0.706665
vn 0.224187 -0.667238 0.710306
vn 0.274738 -0.651662 0.707005
vn 0.241866 -0.664564 0.707005
vn 0.225362 -0.670698 0.706666
vn 0.225352 -0.670706 0.706661
vn 0.552879 -0.440989 0.707003
vn 0.530324 -0.467871 0.707003
vn 0.520064 -0.482556 0.704750
vn 0.413020 -0.574491 0.706664
vn 0.413028 -0.574481 0.706668
vn 0.289497 -0.641610 0.710302
vn 0.338207 -0.621104 0.706998
vn 0.306836 -0.637186 0.706998
vn 0.290996 -0.644940 0.706664
vn 0.353793 -0.612746 0.706664
vn 0.290998 -0.644938 0.706665
vn 0.594117 -0.383653 0.706990
vn 0.574228 -0.412826 0.706991
vn 0.565540 -0.428356 0.704753
vn 0.518663 -0.481256 0.706669
vn 0.468166 -0.530511 0.706667
vn 0.468168 -0.530508 0.706669
vn 0.351941 -0.609591 0.710307
vn 0.398382 -0.584338 0.706994
vn 0.368798 -0.603446 0.706994
vn 0.353765 -0.612751 0.706673
vn 0.629297 -0.322704 0.706999
vn 0.612451 -0.353636 0.706998
vn 0.605356 -0.369944 0.704760
vn 0.518656 -0.481261 0.706671
vn 0.413030 -0.574473 0.706674
vn 0.454557 -0.541790 0.706995
vn 0.427044 -0.563731 0.706994
vn 0.410903 -0.571515 0.710303
vn 0.413018 -0.574489 0.706667
vn 0.658310 -0.258419 0.706999
vn 0.644651 -0.290822 0.706999
vn 0.639191 -0.307831 0.704752
vn 0.564008 -0.427211 0.706672
vn 0.564013 -0.427199 0.706676
vn 0.465747 -0.527774 0.710306
vn 0.468164 -0.530513 0.706668
vn 0.506283 -0.493796 0.706996
vn 0.481042 -0.518417 0.706996
vn 0.468165 -0.530510 0.706668
vn 0.518658 -0.481262 0.706669
vn 0.680777 -0.191576 0.706995
vn 0.670392 -0.225241 0.706994
vn 0.666665 -0.242649 0.704754
vn 0.603736 -0.368954 0.706666
vn 0.637473 -0.307003 0.706666
vn 0.603745 -0.368920 0.706675
vn 0.518684 -0.481247 0.706659
vn 0.552921 -0.440938 0.707002
vn 0.530245 -0.467963 0.707002
vn 0.516004 -0.478761 0.710301
vn 0.696473 -0.122799 0.706998
vn 0.689505 -0.157276 0.706999
vn 0.687521 -0.175052 0.704749
vn 0.637465 -0.307012 0.706670
vn 0.564014 -0.427227 0.706658
vn 0.594089 -0.383670 0.707005
vn 0.574197 -0.412846 0.707005
vn 0.561094 -0.425015 0.710306
vn 0.564017 -0.427218 0.706661
vn 0.705252 -0.052746 0.706992
vn 0.701724 -0.088011 0.706992
vn 0.708564 -0.035336 0.704761
vn 0.701521 -0.105746 0.704760
vn 0.664876 -0.241998 0.706666
vn 0.664877 -0.241983 0.706670
vn 0.603746 -0.368946 0.706661
vn 0.629333 -0.322636 0.706998
vn 0.612466 -0.353608 0.706998
vn 0.603751 -0.368924 0.706669
vn 0.637466 -0.307012 0.706669
vn 0.600625 -0.367039 0.710304
vn 0.685669 -0.174591 0.706665
vn 0.685669 -0.174581 0.706668
vn 0.699641 -0.105462 0.706668
vn 0.634182 -0.305434 0.710298
vn 0.658341 -0.258384 0.706983
vn 0.644655 -0.290851 0.706983
vn 0.637464 -0.307015 0.706670
vn 0.706667 -0.035258 0.706667
vn 0.706673 -0.035242 0.706662
vn 0.699648 -0.105447 0.706663
vn 0.680788 -0.191538 0.706994
vn 0.670390 -0.225246 0.706994
vn 0.664882 -0.241985 0.706665
vn 0.661464 -0.240725 0.710293
vn 0.664883 -0.241969 0.706670
vn 0.682134 -0.173701 0.710297
vn 0.696476 -0.122780 0.706998
vn 0.685667 -0.174590 0.706668
vn 0.689476 -0.157407 0.706997
vn 0.685667 -0.174601 0.706665
vn 0.706667 -0.035271 0.706667
vn 0.705225 -0.052857 0.707010
vn 0.701709 -0.087984 0.707010
vn 0.706672 -0.035258 0.706663
vn 0.699649 -0.105447 0.706663
vn 0.696039 -0.104889 0.710301
vn 0.699646 -0.105433 0.706667
vn 0.703008 -0.035088 0.710316
vn 0.706997 -0.017635 0.706997
vn 0.706998 -0.017564 0.706998
vn 0.701724 0.088016 0.706992
vn 0.705253 0.052743 0.706991
vn 0.708564 0.035336 0.704761
vn 0.701521 0.105746 0.704760
vn 0.689505 0.157276 0.706999
vn 0.696473 0.122799 0.706998
vn 0.670391 0.225240 0.706996
vn 0.680776 0.191576 0.706996
vn 0.687522 0.175048 0.704750
vn 0.706667 0.035258 0.706667
vn 0.706673 0.035242 0.706662
vn 0.644649 0.290822 0.707001
vn 0.658309 0.258418 0.707001
vn 0.666664 0.242649 0.704756
vn 0.699648 0.105447 0.706663
vn 0.699641 0.105462 0.706668
vn 0.612451 0.353636 0.706998
vn 0.629297 0.322704 0.706999
vn 0.639187 0.307837 0.704753
vn 0.685667 0.174590 0.706668
vn 0.685674 0.174578 0.706664
vn 0.703008 0.035088 0.710316
vn 0.701709 0.087984 0.707010
vn 0.705225 0.052857 0.707010
vn 0.706667 0.035271 0.706667
vn 0.706672 0.035258 0.706663
vn 0.574228 0.412826 0.706991
vn 0.594117 0.383653 0.706990
vn -0.673567 -0.139003 0.725937
vn -0.742501 -0.139005 0.655264
vn -0.673570 -0.139005 0.725935
vn -0.429177 -0.146916 0.891192
vn -0.429672 -0.139003 0.892222
vn -0.451777 -0.139130 0.881215
vn -0.495134 -0.139130 0.857604
vn -0.429672 -0.139003 0.892222
vn -0.818203 -0.139131 0.557841
vn -0.844992 -0.139131 0.516364
vn -0.024689 -0.139130 0.989966
vn -0.804843 -0.131915 0.578642
vn -0.597942 -0.139004 0.789394
vn -0.597943 -0.139005 0.789393
vn -0.673567 -0.139005 0.725937
vn -0.742504 -0.139002 0.655260
vn -0.537274 -0.139129 0.831853
vn -0.578065 -0.139129 0.804043
vn -0.515776 -0.146916 0.844032
vn -0.516372 -0.139003 0.845008
vn -0.516374 -0.139005 0.845006
vn -0.858458 -0.131915 0.495630
vn -0.869680 -0.139130 0.473602
vn -0.892206 -0.139130 0.429664
vn -0.673570 -0.139003 0.725935
vn -0.804055 -0.139002 0.578078
vn -0.804056 -0.139003 0.578077
vn -0.617423 -0.139132 0.774229
vn -0.655253 -0.139132 0.742486
vn -0.597944 -0.139004 0.789392
vn -0.597942 -0.139003 0.789394
vn -0.597254 -0.146916 0.788481
vn -0.912514 -0.139131 0.384656
vn -0.930553 -0.139131 0.338693
vn -0.903540 -0.131915 0.407693
vn -0.024689 -0.139130 0.989966
vn -0.742503 -0.139003 0.655262
vn -0.742504 -0.139004 0.655260
vn -0.857619 -0.139003 0.495145
vn -0.857618 -0.139003 0.495145
vn -0.691443 -0.139132 0.708906
vn -0.725922 -0.139132 0.673557
vn -0.672792 -0.146916 0.725097
vn -0.673570 -0.139003 0.725935
vn -0.673570 -0.139003 0.725935
vn -0.939644 -0.131916 0.315703
vn -0.946278 -0.139130 0.291890
vn -0.959652 -0.139130 0.244356
vn -0.804055 -0.139004 0.578078
vn -0.804054 -0.139003 0.578078
vn -0.902657 -0.139004 0.407294
vn -0.902656 -0.139003 0.407295
vn -0.758594 -0.139131 0.636535
vn -0.789381 -0.139131 0.597930
vn -0.742502 -0.139003 0.655263
vn -0.741645 -0.146917 0.654507
vn -0.742503 -0.139004 0.655261
vn -0.966408 -0.131915 0.220577
vn -0.970639 -0.139131 0.196218
vn -0.979213 -0.139131 0.147593
vn -0.857617 -0.139003 0.495147
vn -0.857618 -0.139005 0.495145
vn -0.965463 -0.139004 0.220361
vn -0.938725 -0.139004 0.315394
vn -0.938725 -0.139004 0.315395
vn -0.804055 -0.139003 0.578078
vn -0.803127 -0.146916 0.577410
vn -0.818202 -0.139131 0.557842
vn -0.844992 -0.139131 0.516364
vn -0.804055 -0.139004 0.578077
vn -0.857617 -0.139004 0.495147
vn -0.985353 -0.139131 0.098600
vn -0.989043 -0.139131 0.049361
vn -0.983568 -0.131916 0.123257
vn -0.902656 -0.139004 0.407295
vn -0.902657 -0.139004 0.407294
vn -0.965463 -0.139003 0.220360
vn -0.902657 -0.139003 0.407294
vn -0.869680 -0.139130 0.473602
vn -0.892205 -0.139130 0.429666
vn -0.856628 -0.146916 0.494575
vn -0.857618 -0.139003 0.495146
vn -0.990274 -0.139131 0.000000
vn -0.989043 -0.139131 -0.049361
vn -0.990953 -0.131916 0.024713
vn -0.938725 -0.139004 0.315394
vn -0.965463 -0.139003 0.220360
vn -0.938725 -0.139003 0.315395
vn -0.982606 -0.139003 0.123137
vn -0.982606 -0.139004 0.123136
vn -0.912514 -0.139131 0.384657
vn -0.930553 -0.139131 0.338693
vn -0.938725 -0.139004 0.315394
vn -0.901615 -0.146916 0.406824
vn -0.902657 -0.139004 0.407295
vn -0.988489 -0.131916 -0.074077
vn -0.985353 -0.139131 -0.098600
vn -0.979213 -0.139131 -0.147593
vn -0.965463 -0.139004 0.220361
vn -0.989984 -0.139004 0.024689
vn -0.987523 -0.139004 -0.074005
vn -0.989984 -0.139004 0.024689
vn -0.946279 -0.139131 0.291889
vn -0.959652 -0.139131 0.244356
vn -0.938725 -0.139004 0.315394
vn -0.937642 -0.146916 0.315030
vn -0.970640 -0.139131 -0.196218
vn -0.959652 -0.139131 -0.244356
vn -0.976202 -0.131915 -0.172131
vn -0.982606 -0.139004 0.123137
vn -0.982606 -0.139004 0.123137
vn -0.975247 -0.139004 -0.171962
vn -0.987523 -0.139004 -0.074005
vn -0.965463 -0.139003 0.220361
vn -0.970639 -0.139131 0.196220
vn -0.979213 -0.139131 0.147593
vn -0.965463 -0.139004 0.220360
vn -0.964349 -0.146916 0.220106
vn -0.954212 -0.131915 -0.268473
vn -0.946278 -0.139131 -0.291890
vn -0.930553 -0.139131 -0.338693
vn -0.989984 -0.139004 0.024689
vn -0.989984 -0.139004 0.024689
vn -0.987523 -0.139003 -0.074005
vn -0.975247 -0.139004 -0.171962
vn -0.982606 -0.139004 0.123137
vn -0.982606 -0.139003 0.123137
vn -0.985353 -0.139131 0.098599
vn -0.989043 -0.139131 0.049361
vn -0.981472 -0.146916 0.122995
vn -0.922738 -0.131915 -0.362149
vn -0.912514 -0.139130 -0.384656
vn -0.892206 -0.139130 -0.429664
vn -0.987523 -0.139004 -0.074004
vn -0.953279 -0.139003 -0.268210
vn -0.953279 -0.139004 -0.268212
vn -0.990274 -0.139131 -0.000000
vn -0.989043 -0.139131 -0.049361
vn -0.988842 -0.146916 0.024660
vn -0.989984 -0.139004 0.024688
vn -0.987523 -0.139003 -0.074004
vn -0.989984 -0.139004 0.024689
vn -0.882096 -0.131915 -0.452222
vn -0.869680 -0.139131 -0.473602
vn -0.844992 -0.139131 -0.516364
vn -0.975247 -0.139004 -0.171963
vn -0.975247 -0.139003 -0.171962
vn -0.881233 -0.139004 -0.451780
vn -0.921836 -0.139004 -0.361795
vn -0.921837 -0.139003 -0.361794
vn -0.987523 -0.139004 -0.074004
vn -0.985353 -0.139131 -0.098599
vn -0.979214 -0.139131 -0.147593
vn -0.986383 -0.146916 -0.073919
vn -0.832684 -0.131915 -0.537806
vn -0.818203 -0.139130 -0.557841
vn -0.789379 -0.139130 -0.597933
vn -0.953279 -0.139004 -0.268212
vn -0.953279 -0.139003 -0.268210
vn -0.881233 -0.139004 -0.451781
vn -0.953279 -0.139004 -0.268210
vn -0.970639 -0.139131 -0.196220
vn -0.959653 -0.139131 -0.244356
vn -0.974122 -0.146916 -0.171764
vn -0.975247 -0.139004 -0.171963
vn -0.975247 -0.139004 -0.171963
vn -0.775000 -0.131915 -0.618040
vn -0.758592 -0.139132 -0.636538
vn -0.725924 -0.139132 -0.673556
vn -0.921837 -0.139003 -0.361794
vn -0.921836 -0.139004 -0.361795
vn -0.831871 -0.139003 -0.537279
vn -0.831870 -0.139004 -0.537280
vn -0.946279 -0.139131 -0.291889
vn -0.930553 -0.139131 -0.338693
vn -0.953279 -0.139003 -0.268212
vn -0.952179 -0.146916 -0.267902
vn -0.921836 -0.139003 -0.361795
vn -0.691447 -0.139130 -0.708903
vn -0.655251 -0.139130 -0.742488
vn -0.709610 -0.131916 -0.692136
vn -0.881234 -0.139003 -0.451780
vn -0.881233 -0.139003 -0.451781
vn -0.774242 -0.139003 -0.617436
vn -0.774240 -0.139004 -0.617438
vn -0.912514 -0.139131 -0.384657
vn -0.892205 -0.139131 -0.429666
vn -0.920773 -0.146917 -0.361376
vn -0.921837 -0.139004 -0.361794
vn -0.637170 -0.131915 -0.759350
vn -0.617423 -0.139131 -0.774229
vn -0.578066 -0.139131 -0.804041
vn -0.831871 -0.139003 -0.537279
vn -0.831870 -0.139003 -0.537280
vn -0.774240 -0.139003 -0.617438
vn -0.708917 -0.139002 -0.691459
vn -0.708916 -0.139003 -0.691459
vn -0.880216 -0.146916 -0.451260
vn -0.869680 -0.139131 -0.473602
vn -0.844992 -0.139131 -0.516364
vn -0.881233 -0.139003 -0.451780
vn -0.881233 -0.139004 -0.451781
vn -0.537268 -0.139131 -0.831857
vn -0.495141 -0.139131 -0.857600
vn -0.558396 -0.131915 -0.819019
vn -0.774242 -0.139004 -0.617436
vn -0.636547 -0.139004 -0.758608
vn -0.636548 -0.139003 -0.758607
vn -0.774242 -0.139004 -0.617436
vn -0.830911 -0.146916 -0.536659
vn -0.818202 -0.139130 -0.557842
vn -0.789381 -0.139130 -0.597930
vn -0.831870 -0.139004 -0.537280
vn -0.831871 -0.139003 -0.537279
vn -0.474077 -0.131915 -0.870546
vn -0.451768 -0.139132 -0.881220
vn -0.407288 -0.139132 -0.902640
vn -0.708917 -0.139005 -0.691458
vn -0.708917 -0.139005 -0.691458
vn -0.557850 -0.139004 -0.818219
vn -0.557850 -0.139003 -0.818218
vn -0.758594 -0.139132 -0.636535
vn -0.725922 -0.139132 -0.673557
vn -0.773347 -0.146916 -0.616726
vn -0.774240 -0.139003 -0.617438
vn -0.361790 -0.139131 -0.921819
vn -0.315392 -0.139131 -0.938707
vn -0.385040 -0.131917 -0.913423
vn -0.557850 -0.139004 -0.818219
vn -0.636548 -0.139004 -0.758607
vn -0.636546 -0.139005 -0.758608
vn -0.473613 -0.139002 -0.869695
vn -0.473611 -0.139003 -0.869695
vn -0.708918 -0.139003 -0.691458
vn -0.708100 -0.146917 -0.690659
vn -0.691444 -0.139130 -0.708907
vn -0.655253 -0.139130 -0.742486
vn -0.708918 -0.139003 -0.691457
vn -0.292177 -0.131914 -0.947223
vn -0.268209 -0.139128 -0.953261
vn -0.220348 -0.139128 -0.965448
vn -0.473611 -0.139006 -0.869695
vn -0.557853 -0.139006 -0.818216
vn -0.384666 -0.139002 -0.912529
vn -0.384664 -0.139004 -0.912530
vn -0.636547 -0.139003 -0.758608
vn -0.636546 -0.139004 -0.758609
vn -0.635812 -0.146917 -0.757732
vn -0.617423 -0.139131 -0.774229
vn -0.578065 -0.139131 -0.804042
vn -0.196419 -0.131917 -0.971606
vn -0.171966 -0.139132 -0.975228
vn -0.123128 -0.139132 -0.982589
vn -0.473610 -0.139005 -0.869696
vn -0.291891 -0.139004 -0.946297
vn -0.291891 -0.139004 -0.946297
vn -0.196227 -0.139004 -0.970656
vn -0.557853 -0.139003 -0.818216
vn -0.557853 -0.139004 -0.818217
vn -0.557209 -0.146915 -0.817272
vn -0.473610 -0.139003 -0.869696
vn -0.537274 -0.139131 -0.831853
vn -0.495134 -0.139131 -0.857604
vn -0.098697 -0.131918 -0.986335
vn -0.074004 -0.139133 -0.987505
vn -0.024689 -0.139133 -0.989966
vn -0.384666 -0.139004 -0.912529
vn -0.384665 -0.139005 -0.912530
vn -0.196223 -0.139001 -0.970657
vn -0.473609 -0.139002 -0.869697
vn -0.473062 -0.146915 -0.868693
vn -0.451777 -0.139132 -0.881215
vn -0.407287 -0.139132 -0.902640
vn -0.000000 -0.131917 -0.991261
vn 0.024689 -0.139133 -0.989966
vn 0.074004 -0.139133 -0.987505
vn -0.291890 -0.139004 -0.946297
vn -0.291891 -0.139004 -0.946297
vn -0.098603 -0.139001 -0.985371
vn -0.098601 -0.139003 -0.985371
vn -0.384663 -0.139002 -0.912531
vn -0.384665 -0.139001 -0.912530
vn -0.361783 -0.139131 -0.921822
vn -0.315388 -0.139131 -0.938708
vn -0.384219 -0.146918 -0.911477
vn 0.098697 -0.131918 -0.986335
vn 0.123128 -0.139132 -0.982589
vn 0.171966 -0.139132 -0.975228
vn -0.196224 -0.139004 -0.970656
vn -0.196223 -0.139004 -0.970657
vn -0.000000 -0.139002 -0.990292
vn -0.000000 -0.139002 -0.990292
vn 0.098601 -0.139003 -0.985371
vn -0.291894 -0.139001 -0.946296
vn -0.291890 -0.139004 -0.946297
vn -0.268207 -0.139131 -0.953262
vn -0.220363 -0.139131 -0.965444
vn -0.291557 -0.146916 -0.945204
vn 0.196419 -0.131917 -0.971606
vn 0.220348 -0.139128 -0.965448
vn 0.268209 -0.139128 -0.953261
vn -0.098603 -0.139002 -0.985371
vn -0.098600 -0.139004 -0.985371
vn -0.000000 -0.139002 -0.990292
vn 0.098603 -0.139001 -0.985371
vn -0.196224 -0.139004 -0.970656
vn -0.196225 -0.139004 -0.970656
vn -0.171961 -0.139132 -0.975229
vn -0.123132 -0.139132 -0.982589
vn -0.098600 -0.139004 -0.985371
vn -0.195999 -0.146917 -0.969536
vn 0.361790 -0.139131 -0.921819
vn 0.292177 -0.131914 -0.947223
vn 0.315392 -0.139131 -0.938707
vn -0.000000 -0.139003 -0.990292
vn 0.196227 -0.139004 -0.970656
vn 0.196223 -0.139001 -0.970657
vn -0.074001 -0.139130 -0.987505
vn -0.024689 -0.139130 -0.989966
vn -0.098488 -0.146916 -0.984234
vn -0.098602 -0.139006 -0.985371
vn 0.407288 -0.139132 -0.902640
vn 0.451768 -0.139132 -0.881220
vn 0.385040 -0.131917 -0.913423
vn 0.098603 -0.139004 -0.985371
vn 0.098600 -0.139003 -0.985371
vn 0.291890 -0.139004 -0.946297
vn 0.384664 -0.139004 -0.912530
vn 0.291891 -0.139004 -0.946297
vn -0.000000 -0.139006 -0.990292
vn -0.000000 -0.139006 -0.990292
vn 0.024689 -0.139130 -0.989966
vn 0.074001 -0.139130 -0.987505
vn 0.000000 -0.146915 -0.989149
vn 0.495142 -0.139131 -0.857600
vn 0.474076 -0.131915 -0.870546
vn 0.537267 -0.139131 -0.831857
vn 0.196223 -0.139004 -0.970657
vn 0.196224 -0.139004 -0.970656
vn 0.384667 -0.139002 -0.912529
vn 0.098600 -0.139004 -0.985371
vn 0.098488 -0.146916 -0.984234
vn 0.123132 -0.139132 -0.982589
vn 0.171960 -0.139132 -0.975229
vn 0.098602 -0.139006 -0.985371
vn 0.578066 -0.139131 -0.804042
vn 0.617424 -0.139131 -0.774229
vn 0.558396 -0.131915 -0.819019
vn 0.291890 -0.139004 -0.946297
vn 0.291890 -0.139004 -0.946297
vn 0.473613 -0.139003 -0.869695
vn 0.473612 -0.139002 -0.869695
vn 0.196224 -0.139004 -0.970657
vn 0.195999 -0.146917 -0.969536
vn 0.291890 -0.139004 -0.946297
vn 0.220363 -0.139131 -0.965444
vn 0.268207 -0.139131 -0.953262
vn 0.196225 -0.139004 -0.970656
vn 0.655251 -0.139130 -0.742488
vn 0.691447 -0.139130 -0.708903
vn 0.637170 -0.131915 -0.759350
vn 0.384666 -0.139005 -0.912529
vn 0.384665 -0.139004 -0.912530
vn 0.557849 -0.139003 -0.818219
vn 0.557850 -0.139004 -0.818218
vn 0.291894 -0.139001 -0.946296
vn 0.384665 -0.139001 -0.912530
vn 0.291557 -0.146916 -0.945204
vn 0.315388 -0.139131 -0.938708
vn 0.361783 -0.139131 -0.921822
vn 0.725923 -0.139132 -0.673556
vn 0.758592 -0.139132 -0.636538
vn 0.709610 -0.131916 -0.692136
vn 0.473612 -0.139006 -0.869695
vn 0.473610 -0.139005 -0.869696
vn 0.636549 -0.139004 -0.758606
vn 0.636547 -0.139003 -0.758608
vn 0.384663 -0.139002 -0.912531
vn 0.384219 -0.146918 -0.911477
vn 0.407286 -0.139132 -0.902641
vn 0.451777 -0.139132 -0.881215
vn 0.789379 -0.139130 -0.597933
vn 0.818203 -0.139130 -0.557841
vn 0.775000 -0.131915 -0.618040
vn 0.557849 -0.139003 -0.818219
vn 0.557853 -0.139006 -0.818216
vn 0.708917 -0.139002 -0.691459
vn 0.774243 -0.139002 -0.617436
vn 0.708917 -0.139003 -0.691459
vn 0.557853 -0.139003 -0.818216
vn 0.473610 -0.139003 -0.869696
vn 0.473062 -0.146915 -0.868693
vn 0.495133 -0.139131 -0.857605
vn 0.537274 -0.139131 -0.831853
vn 0.473609 -0.139002 -0.869697
vn 0.844992 -0.139131 -0.516364
vn 0.869681 -0.139131 -0.473600
vn 0.832684 -0.131915 -0.537807
vn 0.636549 -0.139005 -0.758606
vn 0.636546 -0.139003 -0.758608
vn 0.831870 -0.139005 -0.537281
vn 0.774240 -0.139005 -0.617438
vn 0.557853 -0.139003 -0.818217
vn 0.636546 -0.139003 -0.758608
vn 0.578064 -0.139131 -0.804043
vn 0.617424 -0.139131 -0.774228
vn 0.557209 -0.146915 -0.817272
vn 0.892206 -0.139130 -0.429665
vn 0.912515 -0.139130 -0.384655
vn 0.882096 -0.131916 -0.452222
vn 0.708917 -0.139005 -0.691459
vn 0.708917 -0.139005 -0.691458
vn 0.831871 -0.139003 -0.537279
vn 0.636547 -0.139003 -0.758608
vn 0.655254 -0.139130 -0.742486
vn 0.691444 -0.139130 -0.708907
vn 0.708918 -0.139003 -0.691458
vn 0.635812 -0.146917 -0.757733
vn 0.930553 -0.139131 -0.338694
vn 0.946278 -0.139131 -0.291890
vn 0.922738 -0.131916 -0.362149
vn 0.774242 -0.139004 -0.617436
vn 0.774240 -0.139002 -0.617439
vn 0.881234 -0.139004 -0.451780
vn 0.921836 -0.139004 -0.361795
vn 0.881233 -0.139003 -0.451781
vn 0.708100 -0.146917 -0.690659
vn 0.725921 -0.139132 -0.673558
vn 0.758594 -0.139132 -0.636535
vn 0.708919 -0.139002 -0.691457
vn 0.774242 -0.139003 -0.617436
vn 0.959652 -0.139130 -0.244357
vn 0.970640 -0.139130 -0.196217
vn 0.954212 -0.131915 -0.268472
vn 0.831871 -0.139003 -0.537279
vn 0.881233 -0.139003 -0.451781
vn 0.831870 -0.139002 -0.537281
vn 0.921837 -0.139003 -0.361793
vn 0.773346 -0.146916 -0.616726
vn 0.789381 -0.139130 -0.597931
vn 0.818203 -0.139130 -0.557841
vn 0.774240 -0.139005 -0.617438
vn 0.979213 -0.139131 -0.147595
vn 0.985353 -0.139131 -0.098598
vn 0.976201 -0.131916 -0.172131
vn 0.881234 -0.139003 -0.451781
vn 0.953279 -0.139003 -0.268212
vn 0.953279 -0.139004 -0.268210
vn 0.831870 -0.139003 -0.537281
vn 0.830911 -0.146915 -0.536659
vn 0.831871 -0.139005 -0.537279
vn 0.844991 -0.139131 -0.516365
vn 0.869680 -0.139131 -0.473602
vn 0.989043 -0.139130 -0.049363
vn 0.990274 -0.139130 0.000000
vn 0.988489 -0.131916 -0.074076
vn 0.921837 -0.139004 -0.361793
vn 0.921836 -0.139003 -0.361795
vn 0.975247 -0.139004 -0.171963
vn 0.975247 -0.139004 -0.171962
vn 0.881233 -0.139004 -0.451781
vn 0.921836 -0.139003 -0.361795
vn 0.880216 -0.146916 -0.451259
vn 0.881233 -0.139003 -0.451781
vn 0.892206 -0.139131 -0.429665
vn 0.912514 -0.139131 -0.384657
vn 0.989043 -0.139131 0.049363
vn 0.985353 -0.139131 0.098598
vn 0.990953 -0.131915 0.024712
vn 0.975247 -0.139003 -0.171962
vn 0.953279 -0.139004 -0.268210
vn 0.953279 -0.139003 -0.268212
vn 0.989984 -0.139004 0.024688
vn 0.987523 -0.139004 -0.074004
vn 0.987523 -0.139004 -0.074004
vn 0.953279 -0.139003 -0.268210
vn 0.921837 -0.139003 -0.361794
vn 0.920773 -0.146917 -0.361377
vn 0.930553 -0.139131 -0.338693
vn 0.946279 -0.139131 -0.291888
vn 0.979213 -0.139131 0.147595
vn 0.970640 -0.139131 0.196217
vn 0.983568 -0.131915 0.123257
vn 0.975247 -0.139004 -0.171964
vn 0.989984 -0.139003 0.024689
vn 0.953279 -0.139004 -0.268212
vn 0.952179 -0.146916 -0.267903
vn 0.959652 -0.139130 -0.244357
vn 0.970639 -0.139130 -0.196220
vn 0.959652 -0.139130 0.244357
vn 0.946278 -0.139130 0.291890
vn 0.966408 -0.131915 0.220577
vn 0.987523 -0.139004 -0.074004
vn 0.987523 -0.139004 -0.074004
vn 0.982606 -0.139003 0.123137
vn 0.982606 -0.139003 0.123137
vn 0.975247 -0.139004 -0.171962
vn 0.975247 -0.139004 -0.171964
vn 0.974122 -0.146916 -0.171764
vn 0.979213 -0.139131 -0.147594
vn 0.985353 -0.139131 -0.098599
vn 0.939644 -0.131915 0.315703
vn 0.930553 -0.139131 0.338694
vn 0.912515 -0.139131 0.384655
vn 0.989984 -0.139004 0.024688
vn 0.989984 -0.139004 0.024689
vn 0.965464 -0.139003 0.220360
vn 0.965463 -0.139004 0.220361
vn 0.987523 -0.139004 -0.074004
vn 0.987523 -0.139004 -0.074004
vn 0.986383 -0.146916 -0.073919
vn 0.989043 -0.139131 -0.049361
vn 0.990274 -0.139131 0.000000
vn 0.903540 -0.131915 0.407692
vn 0.892206 -0.139131 0.429665
vn 0.869681 -0.139131 0.473600
vn 0.982606 -0.139004 0.123137
vn 0.982606 -0.139004 0.123137
vn 0.902657 -0.139004 0.407294
vn 0.938725 -0.139004 0.315394
vn 0.938725 -0.139004 0.315394
vn 0.989984 -0.139003 0.024688
vn 0.989984 -0.139004 0.024689
vn 0.989043 -0.139131 0.049361
vn 0.985353 -0.139131 0.098599
vn 0.988842 -0.146916 0.024661
vn 0.858457 -0.131915 0.495630
vn 0.844992 -0.139131 0.516364
vn 0.818203 -0.139131 0.557841
vn 0.965463 -0.139003 0.220360
vn 0.965463 -0.139004 0.220362
vn 0.902657 -0.139003 0.407295
vn 0.981472 -0.146916 0.122994
vn 0.965463 -0.139004 0.220362
vn 0.982607 -0.139003 0.123136
vn 0.982606 -0.139004 0.123137
vn 0.979213 -0.139131 0.147594
vn 0.970639 -0.139131 0.196220
vn 0.789379 -0.139131 0.597933
vn 0.758592 -0.139131 0.636538
vn 0.804842 -0.131915 0.578642
vn 0.938725 -0.139003 0.315393
vn 0.938725 -0.139004 0.315394
vn 0.857618 -0.139003 0.495146
vn 0.857618 -0.139003 0.495146
vn 0.946279 -0.139131 0.291888
vn 0.964349 -0.146916 0.220107
vn 0.965463 -0.139004 0.220361
vn 0.959652 -0.139131 0.244357
vn 0.725923 -0.139130 0.673557
vn 0.691447 -0.139130 0.708903
vn 0.743227 -0.131916 0.655905
vn 0.902656 -0.139004 0.407295
vn 0.902657 -0.139004 0.407294
vn 0.804056 -0.139003 0.578077
vn 0.804055 -0.139003 0.578078
vn 0.742501 -0.139002 0.655264
vn 0.930553 -0.139131 0.338693
vn 0.912514 -0.139131 0.384657
vn 0.937642 -0.146916 0.315030
vn 0.938725 -0.139004 0.315394
vn 0.938725 -0.139003 0.315393
vn 0.674230 -0.131914 0.726645
vn 0.655251 -0.139130 0.742488
vn 0.617424 -0.139130 0.774229
vn 0.857617 -0.139005 0.495146
vn 0.857618 -0.139004 0.495145
vn 0.742504 -0.139005 0.655260
vn 0.892206 -0.139130 0.429665
vn 0.869680 -0.139130 0.473602
vn 0.901615 -0.146916 0.406824
vn 0.857618 -0.139003 0.495147
vn 0.902657 -0.139003 0.407294
vn 0.902657 -0.139003 0.407294
vn 0.578065 -0.139132 0.804041
vn 0.537267 -0.139132 0.831857
vn 0.598529 -0.131916 0.790165
vn 0.804055 -0.139004 0.578078
vn 0.804055 -0.139004 0.578078
vn 0.673570 -0.139003 0.725935
vn 0.673567 -0.139005 0.725937
vn 0.844991 -0.139130 0.516365
vn 0.818203 -0.139130 0.557841
vn 0.856628 -0.146916 0.494575
vn 0.857618 -0.139003 0.495146
vn 0.495142 -0.139130 0.857600
vn 0.451768 -0.139130 0.881220
vn 0.516877 -0.131917 0.845835
vn 0.673567 -0.139003 0.725937
vn 0.742504 -0.139003 0.655260
vn 0.742503 -0.139004 0.655261
vn 0.597944 -0.139002 0.789393
vn 0.597943 -0.139003 0.789394
vn 0.789380 -0.139132 0.597931
vn 0.758595 -0.139132 0.636535
vn 0.803127 -0.146916 0.577410
vn 0.804055 -0.139004 0.578078
vn 0.804055 -0.139003 0.578077
vn 0.407288 -0.139130 0.902640
vn 0.361790 -0.139130 0.921819
vn 0.430090 -0.131916 0.893096
vn 0.673570 -0.139005 0.725935
vn 0.516372 -0.139003 0.845008
vn 0.516374 -0.139002 0.845007
vn 0.725921 -0.139132 0.673558
vn 0.691443 -0.139132 0.708907
vn 0.741645 -0.146917 0.654506
vn 0.742503 -0.139003 0.655262
vn 0.742502 -0.139004 0.655263
vn 0.339036 -0.131916 0.931479
vn 0.315392 -0.139132 0.938707
vn 0.268209 -0.139132 0.953261
vn 0.597943 -0.139005 0.789394
vn 0.597942 -0.139005 0.789394
vn 0.429669 -0.139006 0.892223
vn 0.429675 -0.139003 0.892221
vn 0.655253 -0.139132 0.742486
vn 0.617424 -0.139132 0.774228
vn 0.672793 -0.146916 0.725097
vn 0.673570 -0.139003 0.725935
vn 0.673570 -0.139003 0.725935
vn 0.597942 -0.139003 0.789394
vn 0.244596 -0.131914 0.960610
vn 0.220348 -0.139131 0.965448
vn 0.171966 -0.139131 0.975228
vn 0.516374 -0.139005 0.845006
vn 0.516373 -0.139005 0.845007
vn 0.244357 -0.139001 0.959671
vn 0.338697 -0.139006 0.930571
vn 0.338704 -0.139002 0.930569
vn 0.597944 -0.139005 0.789392
vn 0.578064 -0.139129 0.804043
vn 0.537274 -0.139129 0.831853
vn 0.597255 -0.146916 0.788481
vn 0.147740 -0.131913 0.980190
vn 0.049411 -0.131915 0.990029
vn 0.123128 -0.139131 0.982589
vn 0.074004 -0.139131 0.987505
vn 0.429675 -0.139004 0.892221
vn 0.429672 -0.139005 0.892222
vn 0.244365 -0.139006 0.959668
vn 0.516372 -0.139005 0.845007
vn 0.495133 -0.139130 0.857605
vn 0.451778 -0.139130 0.881215
vn 0.515776 -0.146916 0.844032
vn 0.516374 -0.139003 0.845006
vn 0.244365 -0.139004 0.959668
vn 0.338697 -0.139004 0.930571
vn 0.338698 -0.139003 0.930571
vn 0.049362 -0.139006 0.989060
vn 0.147595 -0.139006 0.979231
vn 0.147595 -0.139006 0.979231
vn 0.049362 -0.139006 0.989061
vn 0.429177 -0.146916 0.891192
vn 0.407286 -0.139130 0.902641
vn 0.361783 -0.139130 0.921822
vn 0.429673 -0.139003 0.892222
vn 0.429672 -0.139004 0.892222
vn 0.244364 -0.139003 0.959669
vn 0.315388 -0.139129 0.938709
vn 0.268207 -0.139129 0.953262
vn 0.338309 -0.146914 0.929496
vn 0.338698 -0.139004 0.930570
vn 0.338699 -0.139004 0.930570
vn 0.049362 -0.139003 0.989061
vn 0.147595 -0.139003 0.979231
vn 0.049362 -0.139003 0.989061
vn 0.049362 -0.139003 0.989061
vn 0.147595 -0.139003 0.979231
vn 0.220363 -0.139131 0.965444
vn 0.171961 -0.139131 0.975229
vn 0.244080 -0.146914 0.958562
vn 0.244362 -0.139004 0.959669
vn 0.244364 -0.139003 0.959669
vn 0.123132 -0.139131 0.982589
vn 0.074001 -0.139131 0.987505
vn 0.049361 -0.139003 0.989061
vn 0.147425 -0.146916 0.978101
vn 0.147595 -0.139003 0.979231
vn 0.147595 -0.139003 0.979231
vn 0.049304 -0.146915 0.987920
vn 0.024689 -0.139130 0.989966
vn 0.024689 -0.139130 0.989966
vn -0.074004 -0.139131 0.987505
vn -0.123128 -0.139131 0.982589
vn -0.049411 -0.131915 0.990029
vn -0.147740 -0.131913 0.980190
vn -0.171966 -0.139131 0.975228
vn -0.220348 -0.139131 0.965448
vn -0.049362 -0.139006 0.989060
vn -0.049362 -0.139006 0.989061
vn -0.268209 -0.139132 0.953261
vn -0.315392 -0.139132 0.938707
vn -0.244596 -0.131914 0.960610
vn -0.147595 -0.139006 0.979231
vn -0.147595 -0.139006 0.979231
vn -0.339035 -0.131916 0.931479
vn -0.361790 -0.139131 0.921819
vn -0.407288 -0.139131 0.902640
vn -0.049362 -0.139003 0.989061
vn -0.049362 -0.139003 0.989061
vn -0.244357 -0.139001 0.959671
vn -0.244365 -0.139006 0.959668
vn -0.430090 -0.131916 0.893096
vn -0.451768 -0.139130 0.881220
vn -0.495141 -0.139130 0.857600
vn -0.147595 -0.139003 0.979231
vn -0.147595 -0.139003 0.979231
vn -0.338697 -0.139002 0.930571
vn -0.338704 -0.139006 0.930568
vn -0.074001 -0.139131 0.987505
vn -0.123132 -0.139131 0.982589
vn -0.049361 -0.139003 0.989061
vn -0.049362 -0.139003 0.989061
vn -0.049304 -0.146915 0.987920
vn -0.537268 -0.139132 0.831857
vn -0.578066 -0.139132 0.804041
vn -0.516877 -0.131917 0.845835
vn -0.244365 -0.139004 0.959668
vn -0.244364 -0.139003 0.959669
vn -0.429675 -0.139006 0.892220
vn -0.429670 -0.139003 0.892223
vn -0.516372 -0.139003 0.845008
vn -0.171961 -0.139131 0.975229
vn -0.220363 -0.139131 0.965444
vn -0.147425 -0.146916 0.978101
vn -0.147595 -0.139003 0.979231
vn -0.147595 -0.139003 0.979231
vn -0.617424 -0.139130 0.774229
vn -0.655251 -0.139130 0.742488
vn -0.598529 -0.131916 0.790165
vn -0.338697 -0.139003 0.930571
vn -0.338698 -0.139004 0.930570
vn -0.516373 -0.139002 0.845007
vn -0.268207 -0.139129 0.953262
vn -0.315388 -0.139129 0.938709
vn -0.244080 -0.146914 0.958562
vn -0.244362 -0.139003 0.959669
vn -0.244364 -0.139004 0.959669
vn -0.674229 -0.131915 0.726645
vn -0.691447 -0.139130 0.708903
vn -0.725924 -0.139130 0.673556
vn -0.429675 -0.139006 0.892220
vn -0.429672 -0.139003 0.892222
vn -0.597943 -0.139002 0.789394
vn -0.597944 -0.139003 0.789393
vn -0.361783 -0.139131 0.921822
vn -0.407287 -0.139131 0.902641
vn -0.338309 -0.146914 0.929496
vn -0.338699 -0.139004 0.930570
vn -0.338698 -0.139003 0.930571
vn -0.758592 -0.139131 0.636538
vn -0.789379 -0.139131 0.597933
vn -0.743227 -0.131916 0.655905
vn -0.516373 -0.139005 0.845007
vn -0.516374 -0.139005 0.845006
vn -0.673566 -0.139002 0.725939
vn -0.429177 -0.146916 0.891192
vn -0.429672 -0.139003 0.892222
vn -0.451778 -0.139130 0.881215
vn -0.495136 -0.139130 0.857603
vn -0.429673 -0.139004 0.892221
vn -0.804844 -0.131915 0.578640
vn -0.818203 -0.139129 0.557841
vn -0.844992 -0.139129 0.516364
vn -0.024689 -0.139130 0.989966
vn -0.597941 -0.139005 0.789395
vn -0.597943 -0.139007 0.789393
vn -0.742504 -0.139005 0.655260
vn -0.742500 -0.139002 0.655265
vn -0.537273 -0.139128 0.831854
vn -0.578064 -0.139128 0.804043
vn -0.515776 -0.146915 0.844033
vn -0.597941 -0.139005 0.789395
vn -0.516372 -0.139003 0.845008
vn -0.516374 -0.139005 0.845006
vn -0.869680 -0.139130 0.473603
vn -0.892210 -0.139130 0.429656
vn -0.858457 -0.131914 0.495631
vn -0.673566 -0.139001 0.725939
vn -0.673572 -0.139007 0.725933
vn -0.804057 -0.139004 0.578074
vn -0.804055 -0.139002 0.578078
vn -0.617422 -0.139132 0.774230
vn -0.655255 -0.139132 0.742485
vn -0.597945 -0.139002 0.789392
vn -0.597255 -0.146915 0.788481
vn -0.903539 -0.131917 0.407695
vn -0.912511 -0.139131 0.384664
vn -0.024689 -0.139130 0.989966
vn -0.930554 -0.139131 0.338692
vn -0.742501 -0.139001 0.655264
vn -0.742504 -0.139004 0.655260
vn -0.857618 -0.139002 0.495147
vn -0.857619 -0.139005 0.495144
vn -0.673572 -0.139003 0.725933
vn -0.691443 -0.139133 0.708906
vn -0.725920 -0.139133 0.673559
vn -0.672794 -0.146916 0.725096
vn -0.673571 -0.139002 0.725934
vn -0.742501 -0.139003 0.655264
vn -0.946280 -0.139132 0.291883
vn -0.959652 -0.139132 0.244357
vn -0.939644 -0.131916 0.315702
vn -0.804055 -0.139002 0.578078
vn -0.804056 -0.139004 0.578076
vn -0.857619 -0.139002 0.495144
vn -0.902657 -0.139002 0.407294
vn -0.902656 -0.139001 0.407296
vn -0.758596 -0.139131 0.636534
vn -0.789380 -0.139131 0.597931
vn -0.742501 -0.139004 0.655264
vn -0.741643 -0.146918 0.654508
vn -0.970639 -0.139131 0.196219
vn -0.979213 -0.139131 0.147595
vn -0.966409 -0.131916 0.220573
vn -0.857618 -0.139004 0.495147
vn -0.938724 -0.139001 0.315397
vn -0.938725 -0.139003 0.315393
vn -0.803128 -0.146916 0.577410
vn -0.804056 -0.139004 0.578076
vn -0.818200 -0.139132 0.557845
vn -0.844995 -0.139132 0.516358
vn -0.804056 -0.139004 0.578077
vn -0.985353 -0.139132 0.098598
vn -0.989043 -0.139132 0.049368
vn -0.983568 -0.131915 0.123260
vn -0.902657 -0.139004 0.407294
vn -0.902657 -0.139004 0.407294
vn -0.965463 -0.139003 0.220362
vn -0.965464 -0.139006 0.220357
vn -0.856628 -0.146914 0.494576
vn -0.869678 -0.139130 0.473606
vn -0.892205 -0.139130 0.429667
vn -0.857617 -0.139005 0.495146
vn -0.857617 -0.139005 0.495147
vn -0.990274 -0.139130 0.000000
vn -0.989043 -0.139130 -0.049368
vn -0.990953 -0.131915 0.024713
vn -0.938725 -0.139004 0.315394
vn -0.938724 -0.139002 0.315397
vn -0.982606 -0.139006 0.123137
vn -0.982606 -0.139005 0.123139
vn -0.912515 -0.139131 0.384653
vn -0.930553 -0.139131 0.338693
vn -0.902657 -0.139004 0.407294
vn -0.901616 -0.146917 0.406822
vn -0.902658 -0.139005 0.407292
vn -0.988489 -0.131917 -0.074078
vn -0.985353 -0.139132 -0.098598
vn -0.979213 -0.139132 -0.147595
vn -0.965463 -0.139004 0.220362
vn -0.965463 -0.139002 0.220364
vn -0.989984 -0.139003 0.024689
vn -0.987523 -0.139003 -0.074005
vn -0.989984 -0.139005 0.024686
vn -0.938724 -0.139004 0.315397
vn -0.946278 -0.139130 0.291892
vn -0.959652 -0.139130 0.244359
vn -0.938725 -0.139006 0.315394
vn -0.965462 -0.139006 0.220364
vn -0.937641 -0.146915 0.315033
vn -0.976201 -0.131917 -0.172131
vn -0.970639 -0.139132 -0.196219
vn -0.959652 -0.139132 -0.244357
vn -0.982607 -0.139002 0.123137
vn -0.982607 -0.139003 0.123135
vn -0.989984 -0.139002 0.024686
vn -0.987523 -0.139004 -0.074003
vn -0.970640 -0.139131 0.196215
vn -0.979213 -0.139131 0.147594
vn -0.982607 -0.139003 0.123135
vn -0.964349 -0.146916 0.220105
vn -0.965464 -0.139003 0.220359
vn -0.954212 -0.131916 -0.268473
vn -0.946281 -0.139130 -0.291883
vn -0.930554 -0.139130 -0.338692
vn -0.989984 -0.139003 0.024688
vn -0.987523 -0.139003 -0.074003
vn -0.975247 -0.139005 -0.171963
vn -0.975247 -0.139004 -0.171962
vn -0.981472 -0.146916 0.122995
vn -0.985354 -0.139129 0.098594
vn -0.989043 -0.139129 0.049368
vn -0.982606 -0.139005 0.123137
vn -0.922739 -0.131914 -0.362148
vn -0.912511 -0.139132 -0.384664
vn -0.892210 -0.139132 -0.429656
vn -0.987523 -0.139001 -0.074005
vn -0.953279 -0.139005 -0.268211
vn -0.953279 -0.139005 -0.268212
vn -0.988841 -0.146917 0.024657
vn -0.987523 -0.139003 -0.074005
vn -0.989984 -0.139005 0.024685
vn -0.989984 -0.139003 0.024688
vn -0.990274 -0.139133 -0.000000
vn -0.989042 -0.139133 -0.049368
vn -0.882095 -0.131913 -0.452224
vn -0.869680 -0.139129 -0.473603
vn -0.844992 -0.139129 -0.516364
vn -0.975248 -0.139001 -0.171962
vn -0.975247 -0.139002 -0.171962
vn -0.921837 -0.139003 -0.361794
vn -0.921836 -0.139004 -0.361797
vn -0.987523 -0.139004 -0.074003
vn -0.975247 -0.139004 -0.171962
vn -0.985354 -0.139132 -0.098594
vn -0.979213 -0.139132 -0.147594
vn -0.986383 -0.146915 -0.073918
vn -0.832685 -0.131913 -0.537806
vn -0.818203 -0.139128 -0.557842
vn -0.789375 -0.139128 -0.597938
vn -0.953280 -0.139001 -0.268210
vn -0.921836 -0.139003 -0.361797
vn -0.953279 -0.139002 -0.268212
vn -0.881233 -0.139004 -0.451782
vn -0.881234 -0.139003 -0.451780
vn -0.970640 -0.139132 -0.196215
vn -0.959651 -0.139132 -0.244359
vn -0.975247 -0.139005 -0.171961
vn -0.974122 -0.146916 -0.171763
vn -0.774999 -0.131915 -0.618041
vn -0.758594 -0.139131 -0.636536
vn -0.725924 -0.139131 -0.673555
vn -0.921837 -0.139004 -0.361794
vn -0.831870 -0.139005 -0.537280
vn -0.831871 -0.139004 -0.537278
vn -0.953279 -0.139005 -0.268210
vn -0.953279 -0.139005 -0.268211
vn -0.946278 -0.139130 -0.291892
vn -0.930554 -0.139130 -0.338693
vn -0.952179 -0.146916 -0.267901
vn -0.691447 -0.139129 -0.708903
vn -0.655250 -0.139129 -0.742489
vn -0.709610 -0.131915 -0.692136
vn -0.881233 -0.139004 -0.451780
vn -0.881233 -0.139004 -0.451780
vn -0.708916 -0.139004 -0.691459
vn -0.774240 -0.139005 -0.617438
vn -0.774242 -0.139004 -0.617436
vn -0.912515 -0.139133 -0.384653
vn -0.892204 -0.139133 -0.429667
vn -0.920772 -0.146916 -0.361379
vn -0.921836 -0.139004 -0.361796
vn -0.921837 -0.139003 -0.361794
vn -0.617426 -0.139131 -0.774227
vn -0.578064 -0.139131 -0.804043
vn -0.637172 -0.131915 -0.759349
vn -0.831871 -0.139004 -0.537278
vn -0.831871 -0.139004 -0.537279
vn -0.708917 -0.139004 -0.691459
vn -0.881233 -0.139004 -0.451781
vn -0.881234 -0.139003 -0.451779
vn -0.869679 -0.139129 -0.473606
vn -0.844996 -0.139129 -0.516358
vn -0.880217 -0.146916 -0.451257
vn -0.558395 -0.131915 -0.819019
vn -0.537270 -0.139130 -0.831856
vn -0.495142 -0.139130 -0.857600
vn -0.774241 -0.139003 -0.617437
vn -0.774241 -0.139004 -0.617438
vn -0.636549 -0.139003 -0.758606
vn -0.636548 -0.139004 -0.758607
vn -0.831870 -0.139004 -0.537281
vn -0.818200 -0.139131 -0.557845
vn -0.789381 -0.139131 -0.597931
vn -0.831871 -0.139003 -0.537279
vn -0.830910 -0.146917 -0.536661
vn -0.451767 -0.139132 -0.881220
vn -0.407287 -0.139132 -0.902640
vn -0.474077 -0.131914 -0.870546
vn -0.708917 -0.139004 -0.691459
vn -0.708917 -0.139004 -0.691458
vn -0.636548 -0.139004 -0.758607
vn -0.557850 -0.139003 -0.818219
vn -0.557849 -0.139003 -0.818219
vn -0.774240 -0.139003 -0.617439
vn -0.758595 -0.139133 -0.636533
vn -0.725920 -0.139133 -0.673559
vn -0.773346 -0.146917 -0.616726
vn -0.774241 -0.139002 -0.617437
vn -0.385040 -0.131917 -0.913423
vn -0.361792 -0.139131 -0.921819
vn -0.315391 -0.139131 -0.938707
vn -0.636547 -0.139003 -0.758608
vn -0.473613 -0.139003 -0.869695
vn -0.473614 -0.139002 -0.869695
vn -0.708920 -0.139002 -0.691456
vn -0.691444 -0.139129 -0.708907
vn -0.655255 -0.139129 -0.742485
vn -0.708917 -0.139004 -0.691458
vn -0.708101 -0.146917 -0.690658
vn -0.292176 -0.131914 -0.947223
vn -0.268209 -0.139128 -0.953261
vn -0.220348 -0.139128 -0.965448
vn -0.557848 -0.139007 -0.818219
vn -0.557854 -0.139003 -0.818216
vn -0.384664 -0.139004 -0.912530
vn -0.291890 -0.139004 -0.946297
vn -0.384667 -0.139002 -0.912529
vn -0.636546 -0.139004 -0.758608
vn -0.635812 -0.146917 -0.757733
vn -0.636547 -0.139003 -0.758608
vn -0.617422 -0.139131 -0.774230
vn -0.578064 -0.139131 -0.804043
vn -0.196419 -0.131916 -0.971606
vn -0.171966 -0.139131 -0.975228
vn -0.123127 -0.139131 -0.982590
vn -0.473613 -0.139005 -0.869695
vn -0.473610 -0.139007 -0.869696
vn -0.291890 -0.139004 -0.946297
vn -0.557853 -0.139003 -0.818217
vn -0.557209 -0.146914 -0.817272
vn -0.537273 -0.139130 -0.831854
vn -0.495136 -0.139130 -0.857603
vn -0.557854 -0.139003 -0.818216
vn -0.098697 -0.131918 -0.986335
vn -0.074004 -0.139133 -0.987505
vn -0.024689 -0.139133 -0.989966
vn -0.384666 -0.139004 -0.912529
vn -0.384665 -0.139005 -0.912530
vn -0.196227 -0.139001 -0.970656
vn -0.196223 -0.139004 -0.970657
vn -0.098601 -0.139001 -0.985371
vn -0.473609 -0.139003 -0.869697
vn -0.473610 -0.139002 -0.869696
vn -0.473063 -0.146915 -0.868693
vn -0.451777 -0.139132 -0.881215
vn -0.407284 -0.139132 -0.902641
vn -0.000000 -0.131917 -0.991261
vn 0.024689 -0.139133 -0.989966
vn 0.074004 -0.139133 -0.987505
vn -0.291889 -0.139004 -0.946297
vn -0.291890 -0.139003 -0.946297
vn -0.098603 -0.139003 -0.985371
vn -0.000000 -0.139002 -0.990292
vn -0.384665 -0.139001 -0.912530
vn -0.384663 -0.139002 -0.912531
vn -0.361785 -0.139131 -0.921821
vn -0.315387 -0.139131 -0.938708
vn -0.384219 -0.146917 -0.911477
vn 0.098697 -0.131918 -0.986335
vn 0.123127 -0.139131 -0.982590
vn 0.171966 -0.139131 -0.975228
vn -0.196223 -0.139004 -0.970657
vn -0.196225 -0.139003 -0.970657
vn -0.000000 -0.139003 -0.990292
vn -0.291894 -0.139001 -0.946296
vn -0.291889 -0.139004 -0.946297
vn -0.268206 -0.139131 -0.953262
vn -0.220363 -0.139131 -0.965444
vn -0.291557 -0.146916 -0.945204
vn 0.196419 -0.131916 -0.971606
vn 0.220348 -0.139128 -0.965448
vn 0.268209 -0.139128 -0.953261
vn -0.098600 -0.139004 -0.985371
vn -0.098603 -0.139003 -0.985371
vn 0.098601 -0.139001 -0.985371
vn 0.098603 -0.139003 -0.985371
vn -0.171961 -0.139132 -0.975229
vn -0.123131 -0.139132 -0.982589
vn -0.196225 -0.139004 -0.970656
vn -0.196224 -0.139004 -0.970656
vn -0.195999 -0.146917 -0.969536
vn 0.361792 -0.139131 -0.921819
vn 0.292176 -0.131914 -0.947223
vn 0.315391 -0.139131 -0.938707
vn 0.098603 -0.139003 -0.985371
vn -0.000000 -0.139003 -0.990292
vn -0.000000 -0.139003 -0.990292
vn 0.196227 -0.139004 -0.970656
vn 0.196223 -0.139001 -0.970657
vn 0.291890 -0.139004 -0.946297
vn -0.000000 -0.139006 -0.990292
vn -0.098488 -0.146916 -0.984234
vn -0.074001 -0.139130 -0.987505
vn -0.024689 -0.139130 -0.989966
vn -0.098600 -0.139005 -0.985371
vn -0.098601 -0.139004 -0.985371
vn 0.407287 -0.139132 -0.902640
vn 0.451767 -0.139132 -0.881220
vn 0.385040 -0.131917 -0.913423
vn 0.098600 -0.139004 -0.985371
vn 0.384664 -0.139004 -0.912530
vn 0.291890 -0.139004 -0.946297
vn 0.000000 -0.146915 -0.989149
vn 0.024689 -0.139130 -0.989966
vn 0.074001 -0.139130 -0.987505
vn -0.000000 -0.139006 -0.990292
vn 0.495142 -0.139130 -0.857600
vn 0.474077 -0.131914 -0.870546
vn 0.537270 -0.139130 -0.831856
vn 0.196223 -0.139003 -0.970657
vn 0.196224 -0.139004 -0.970656
vn 0.384667 -0.139002 -0.912529
vn 0.098601 -0.139005 -0.985371
vn 0.196224 -0.139004 -0.970656
vn 0.098600 -0.139004 -0.985371
vn 0.098488 -0.146916 -0.984234
vn 0.123131 -0.139132 -0.982589
vn 0.171961 -0.139132 -0.975229
vn 0.578064 -0.139131 -0.804043
vn 0.617426 -0.139131 -0.774227
vn 0.558395 -0.131915 -0.819019
vn 0.291890 -0.139004 -0.946297
vn 0.291889 -0.139003 -0.946297
vn 0.473614 -0.139003 -0.869694
vn 0.473613 -0.139002 -0.869695
vn 0.196225 -0.139004 -0.970656
vn 0.195999 -0.146917 -0.969536
vn 0.220363 -0.139131 -0.965444
vn 0.268206 -0.139131 -0.953262
vn 0.655250 -0.139129 -0.742489
vn 0.691447 -0.139129 -0.708903
vn 0.637172 -0.131915 -0.759349
vn 0.384666 -0.139005 -0.912529
vn 0.384665 -0.139004 -0.912530
vn 0.557849 -0.139003 -0.818219
vn 0.557850 -0.139003 -0.818219
vn 0.291889 -0.139001 -0.946298
vn 0.291894 -0.139004 -0.946296
vn 0.291557 -0.146916 -0.945204
vn 0.315387 -0.139131 -0.938708
vn 0.361785 -0.139131 -0.921821
vn 0.725924 -0.139131 -0.673555
vn 0.758594 -0.139131 -0.636536
vn 0.709610 -0.131915 -0.692136
vn 0.473613 -0.139007 -0.869694
vn 0.557848 -0.139007 -0.818219
vn 0.473610 -0.139005 -0.869696
vn 0.636549 -0.139004 -0.758606
vn 0.636548 -0.139003 -0.758607
vn 0.384665 -0.139002 -0.912530
vn 0.473610 -0.139002 -0.869696
vn 0.384219 -0.146917 -0.911477
vn 0.407284 -0.139132 -0.902641
vn 0.451777 -0.139132 -0.881215
vn 0.384663 -0.139001 -0.912531
vn 0.789375 -0.139128 -0.597938
vn 0.818203 -0.139128 -0.557842
vn 0.774999 -0.131915 -0.618041
vn 0.557854 -0.139003 -0.818216
vn 0.708916 -0.139004 -0.691459
vn 0.708917 -0.139004 -0.691459
vn 0.473609 -0.139003 -0.869697
vn 0.473063 -0.146915 -0.868693
vn 0.495136 -0.139130 -0.857603
vn 0.537273 -0.139130 -0.831854
vn 0.844992 -0.139129 -0.516364
vn 0.869680 -0.139129 -0.473603
vn 0.832685 -0.131913 -0.537806
vn 0.636547 -0.139003 -0.758608
vn 0.636548 -0.139004 -0.758607
vn 0.774242 -0.139005 -0.617436
vn 0.774241 -0.139004 -0.617438
vn 0.557854 -0.139003 -0.818216
vn 0.557853 -0.139003 -0.818217
vn 0.578064 -0.139131 -0.804043
vn 0.617422 -0.139131 -0.774230
vn 0.557209 -0.146914 -0.817272
vn 0.892210 -0.139132 -0.429656
vn 0.912511 -0.139132 -0.384664
vn 0.882095 -0.131913 -0.452224
vn 0.708917 -0.139004 -0.691459
vn 0.708917 -0.139004 -0.691458
vn 0.831871 -0.139005 -0.537278
vn 0.831870 -0.139004 -0.537280
vn 0.636546 -0.139003 -0.758609
vn 0.636547 -0.139004 -0.758608
vn 0.655255 -0.139129 -0.742485
vn 0.691444 -0.139129 -0.708907
vn 0.635812 -0.146917 -0.757733
vn 0.930554 -0.139130 -0.338692
vn 0.946281 -0.139130 -0.291883
vn 0.922739 -0.131914 -0.362148
vn 0.831871 -0.139004 -0.537278
vn 0.774241 -0.139004 -0.617437
vn 0.774241 -0.139003 -0.617438
vn 0.881233 -0.139003 -0.451782
vn 0.921837 -0.139003 -0.361794
vn 0.881233 -0.139004 -0.451780
vn 0.708101 -0.146917 -0.690658
vn 0.725920 -0.139133 -0.673559
vn 0.758595 -0.139133 -0.636533
vn 0.708917 -0.139002 -0.691459
vn 0.708920 -0.139004 -0.691456
vn 0.959652 -0.139132 -0.244357
vn 0.970639 -0.139132 -0.196219
vn 0.954212 -0.131916 -0.268473
vn 0.831871 -0.139004 -0.537279
vn 0.881233 -0.139004 -0.451780
vn 0.921836 -0.139004 -0.361797
vn 0.774240 -0.139002 -0.617439
vn 0.773346 -0.146917 -0.616726
vn 0.789381 -0.139131 -0.597931
vn 0.818200 -0.139131 -0.557845
vn 0.774241 -0.139003 -0.617437
vn 0.979213 -0.139131 -0.147595
vn 0.985353 -0.139132 -0.098598
vn 0.976201 -0.131917 -0.172131
vn 0.881233 -0.139004 -0.451780
vn 0.953279 -0.139005 -0.268212
vn 0.953279 -0.139005 -0.268211
vn 0.830910 -0.146917 -0.536661
vn 0.831870 -0.139003 -0.537281
vn 0.844996 -0.139129 -0.516358
vn 0.869679 -0.139129 -0.473606
vn 0.831871 -0.139004 -0.537279
vn 0.989043 -0.139130 -0.049368
vn 0.990274 -0.139130 0.000000
vn 0.988489 -0.131917 -0.074078
vn 0.921836 -0.139003 -0.361797
vn 0.953279 -0.139002 -0.268212
vn 0.921837 -0.139004 -0.361794
vn 0.975247 -0.139004 -0.171963
vn 0.975247 -0.139005 -0.171962
vn 0.881234 -0.139004 -0.451779
vn 0.881234 -0.139003 -0.451781
vn 0.921837 -0.139003 -0.361794
vn 0.880217 -0.146916 -0.451257
vn 0.892204 -0.139133 -0.429667
vn 0.912515 -0.139133 -0.384653
vn 0.989043 -0.139132 0.049368
vn 0.985353 -0.139132 0.098598
vn 0.990953 -0.131915 0.024713
vn 0.953280 -0.139001 -0.268210
vn 0.987523 -0.139003 -0.074005
vn 0.987523 -0.139004 -0.074003
vn 0.989984 -0.139003 0.024689
vn 0.921836 -0.139004 -0.361796
vn 0.920772 -0.146916 -0.361379
vn 0.930554 -0.139130 -0.338693
vn 0.946278 -0.139130 -0.291892
vn 0.979213 -0.139131 0.147595
vn 0.970639 -0.139131 0.196219
vn 0.983568 -0.131915 0.123260
vn 0.975247 -0.139001 -0.171962
vn 0.975248 -0.139002 -0.171962
vn 0.989984 -0.139005 0.024686
vn 0.953279 -0.139005 -0.268210
vn 0.953279 -0.139005 -0.268211
vn 0.952179 -0.146916 -0.267901
vn 0.959651 -0.139132 -0.244359
vn 0.970640 -0.139132 -0.196215
vn 0.959652 -0.139132 0.244357
vn 0.946280 -0.139132 0.291883
vn 0.966409 -0.131916 0.220573
vn 0.987523 -0.139002 -0.074005
vn 0.987523 -0.139003 -0.074003
vn 0.989984 -0.139003 0.024686
vn 0.982606 -0.139006 0.123139
vn 0.982606 -0.139005 0.123137
vn 0.965464 -0.139006 0.220357
vn 0.975247 -0.139004 -0.171962
vn 0.975247 -0.139005 -0.171961
vn 0.974122 -0.146916 -0.171763
vn 0.979213 -0.139132 -0.147594
vn 0.985354 -0.139132 -0.098594
vn 0.930554 -0.139131 0.338692
vn 0.912511 -0.139131 0.384664
vn 0.939644 -0.131916 0.315702
vn 0.989984 -0.139002 0.024688
vn 0.965463 -0.139003 0.220362
vn 0.987523 -0.139004 -0.074003
vn 0.987523 -0.139003 -0.074005
vn 0.989984 -0.139003 0.024688
vn 0.986383 -0.146915 -0.073918
vn 0.989042 -0.139133 -0.049368
vn 0.990274 -0.139133 0.000000
vn 0.892210 -0.139130 0.429656
vn 0.869680 -0.139130 0.473603
vn 0.903539 -0.131917 0.407695
vn 0.982607 -0.139002 0.123135
vn 0.982606 -0.139003 0.123137
vn 0.938726 -0.139001 0.315393
vn 0.938724 -0.139003 0.315397
vn 0.989984 -0.139005 0.024685
vn 0.989043 -0.139129 0.049368
vn 0.985354 -0.139129 0.098594
vn 0.988841 -0.146917 0.024657
vn 0.858457 -0.131914 0.495631
vn 0.844992 -0.139129 0.516364
vn 0.818203 -0.139129 0.557841
vn 0.965462 -0.139004 0.220364
vn 0.938724 -0.139002 0.315397
vn 0.965463 -0.139002 0.220362
vn 0.902657 -0.139001 0.407294
vn 0.902656 -0.139002 0.407296
vn 0.981472 -0.146916 0.122995
vn 0.982606 -0.139005 0.123137
vn 0.965463 -0.139003 0.220364
vn 0.982607 -0.139003 0.123135
vn 0.979213 -0.139131 0.147594
vn 0.970640 -0.139131 0.196215
vn 0.804844 -0.131915 0.578640
vn 0.789374 -0.139133 0.597938
vn 0.758593 -0.139133 0.636536
vn 0.938725 -0.139004 0.315394
vn 0.902657 -0.139004 0.407294
vn 0.857619 -0.139002 0.495144
vn 0.857617 -0.139005 0.495147
vn 0.946278 -0.139130 0.291892
vn 0.964349 -0.146917 0.220105
vn 0.965463 -0.139006 0.220359
vn 0.959652 -0.139130 0.244359
vn 0.743226 -0.131917 0.655906
vn 0.725924 -0.139130 0.673555
vn 0.691447 -0.139130 0.708903
vn 0.902657 -0.139004 0.407294
vn 0.857619 -0.139004 0.495144
vn 0.804058 -0.139002 0.578074
vn 0.742500 -0.139002 0.655265
vn 0.804055 -0.139004 0.578078
vn 0.930553 -0.139131 0.338693
vn 0.912515 -0.139131 0.384653
vn 0.938725 -0.139004 0.315394
vn 0.937641 -0.146915 0.315034
vn 0.938724 -0.139006 0.315397
vn 0.674228 -0.131914 0.726646
vn 0.655250 -0.139130 0.742489
vn 0.617426 -0.139130 0.774227
vn 0.857618 -0.139002 0.495147
vn 0.804055 -0.139002 0.578078
vn 0.742504 -0.139005 0.655260
vn 0.892205 -0.139130 0.429667
vn 0.869678 -0.139130 0.473606
vn 0.901616 -0.146917 0.406822
vn 0.902657 -0.139005 0.407294
vn 0.902658 -0.139004 0.407292
vn 0.598531 -0.131915 0.790164
vn 0.578064 -0.139132 0.804042
vn 0.537269 -0.139132 0.831856
vn 0.804056 -0.139004 0.578076
vn 0.673565 -0.139005 0.725939
vn 0.673569 -0.139002 0.725936
vn 0.844995 -0.139132 0.516358
vn 0.818200 -0.139132 0.557845
vn 0.856628 -0.146914 0.494576
vn 0.857617 -0.139005 0.495146
vn 0.857617 -0.139005 0.495147
vn 0.516875 -0.131916 0.845836
vn 0.495142 -0.139129 0.857600
vn 0.451767 -0.139129 0.881221
vn 0.742504 -0.139001 0.655260
vn 0.742501 -0.139004 0.655263
vn 0.597946 -0.139001 0.789392
vn 0.597943 -0.139002 0.789394
vn 0.789380 -0.139131 0.597931
vn 0.758596 -0.139131 0.636534
vn 0.804056 -0.139004 0.578076
vn 0.803128 -0.146916 0.577410
vn 0.804055 -0.139004 0.578077
vn 0.407287 -0.139131 0.902641
vn 0.430092 -0.131916 0.893095
vn 0.361792 -0.139131 0.921819
vn 0.673572 -0.139001 0.725933
vn 0.673565 -0.139007 0.725939
vn 0.597943 -0.139007 0.789393
vn 0.516370 -0.139003 0.845009
vn 0.429672 -0.139003 0.892222
vn 0.516374 -0.139001 0.845007
vn 0.725920 -0.139133 0.673559
vn 0.691443 -0.139133 0.708906
vn 0.741643 -0.146918 0.654508
vn 0.742501 -0.139003 0.655264
vn 0.742501 -0.139004 0.655264
vn 0.315391 -0.139131 0.938707
vn 0.268209 -0.139131 0.953261
vn 0.339035 -0.131916 0.931479
vn 0.516373 -0.139005 0.845007
vn 0.597941 -0.139005 0.789395
vn 0.429675 -0.139005 0.892220
vn 0.655255 -0.139132 0.742485
vn 0.617422 -0.139132 0.774230
vn 0.672794 -0.146916 0.725096
vn 0.673572 -0.139002 0.725933
vn 0.673571 -0.139003 0.725934
vn 0.220347 -0.139131 0.965448
vn 0.171966 -0.139131 0.975228
vn 0.244596 -0.131914 0.960610
vn 0.516374 -0.139006 0.845006
vn 0.338696 -0.139006 0.930571
vn 0.338703 -0.139001 0.930569
vn 0.244357 -0.139001 0.959671
vn 0.597945 -0.139002 0.789392
vn 0.578064 -0.139128 0.804043
vn 0.537273 -0.139128 0.831854
vn 0.597255 -0.146915 0.788481
vn 0.597941 -0.139005 0.789395
vn 0.147740 -0.131913 0.980190
vn 0.049411 -0.131915 0.990029
vn 0.123127 -0.139131 0.982590
vn 0.074004 -0.139131 0.987505
vn 0.049363 -0.139006 0.989061
vn 0.429675 -0.139004 0.892221
vn 0.429672 -0.139006 0.892222
vn 0.244365 -0.139006 0.959668
vn 0.495136 -0.139130 0.857603
vn 0.451778 -0.139130 0.881215
vn 0.516372 -0.139005 0.845008
vn 0.516374 -0.139003 0.845006
vn 0.515776 -0.146915 0.844033
vn 0.338699 -0.139004 0.930570
vn 0.338696 -0.139005 0.930571
vn 0.147596 -0.139006 0.979231
vn 0.049362 -0.139006 0.989060
vn 0.147595 -0.139006 0.979231
vn 0.407285 -0.139130 0.902642
vn 0.361785 -0.139130 0.921821
vn 0.429673 -0.139003 0.892222
vn 0.429177 -0.146916 0.891192
vn 0.429672 -0.139004 0.892222
vn 0.244365 -0.139004 0.959669
vn 0.244363 -0.139005 0.959669
vn 0.315387 -0.139129 0.938709
vn 0.268206 -0.139129 0.953262
vn 0.338309 -0.146914 0.929496
vn 0.338699 -0.139004 0.930570
vn 0.244363 -0.139004 0.959669
vn 0.338699 -0.139004 0.930570
vn 0.147596 -0.139003 0.979231
vn 0.147595 -0.139004 0.979231
vn 0.049362 -0.139003 0.989061
vn 0.049362 -0.139003 0.989061
vn 0.049362 -0.139003 0.989061
vn 0.220363 -0.139130 0.965444
vn 0.171961 -0.139131 0.975229
vn 0.244362 -0.139003 0.959669
vn 0.244080 -0.146913 0.958562
vn 0.123131 -0.139130 0.982589
vn 0.074001 -0.139130 0.987505
vn 0.147595 -0.139003 0.979231
vn 0.147425 -0.146916 0.978101
vn 0.049361 -0.139003 0.989061
vn 0.147595 -0.139003 0.979231
vn 0.049304 -0.146915 0.987920
vn 0.024690 -0.139130 0.989966
vn 0.024689 -0.139130 0.989966
vn -0.074004 -0.139131 0.987505
vn -0.123127 -0.139131 0.982590
vn -0.049411 -0.131915 0.990029
vn -0.147740 -0.131913 0.980190
vn -0.171966 -0.139131 0.975228
vn -0.220347 -0.139131 0.965448
vn -0.049362 -0.139006 0.989060
vn -0.049362 -0.139006 0.989061
vn -0.268209 -0.139131 0.953261
vn -0.315391 -0.139131 0.938707
vn -0.244596 -0.131914 0.960610
vn -0.147596 -0.139006 0.979231
vn -0.147595 -0.139006 0.979231
vn -0.339035 -0.131916 0.931479
vn -0.361792 -0.139131 0.921819
vn -0.407287 -0.139131 0.902641
vn -0.049361 -0.139003 0.989061
vn -0.049362 -0.139003 0.989061
vn -0.244357 -0.139001 0.959671
vn -0.244365 -0.139006 0.959668
vn -0.451767 -0.139129 0.881221
vn -0.495142 -0.139129 0.857600
vn -0.430092 -0.131916 0.893095
vn -0.147596 -0.139004 0.979231
vn -0.147595 -0.139003 0.979231
vn -0.338697 -0.139001 0.930571
vn -0.338703 -0.139006 0.930568
vn -0.074001 -0.139130 0.987505
vn -0.123131 -0.139130 0.982589
vn -0.049361 -0.139003 0.989061
vn -0.049361 -0.139003 0.989061
vn -0.049304 -0.146915 0.987920
vn -0.537269 -0.139132 0.831856
vn -0.578064 -0.139132 0.804042
vn -0.516875 -0.131916 0.845836
vn -0.244365 -0.139005 0.959668
vn -0.244363 -0.139004 0.959669
vn -0.429675 -0.139005 0.892220
vn -0.429672 -0.139003 0.892222
vn -0.171961 -0.139131 0.975229
vn -0.220363 -0.139130 0.965444
vn -0.147425 -0.146916 0.978101
vn -0.147595 -0.139003 0.979231
vn -0.147595 -0.139003 0.979231
vn -0.617426 -0.139130 0.774227
vn -0.655250 -0.139130 0.742489
vn -0.598531 -0.131915 0.790164
vn -0.338696 -0.139004 0.930571
vn -0.338699 -0.139005 0.930570
vn -0.516373 -0.139003 0.845007
vn -0.516370 -0.139001 0.845009
vn -0.268206 -0.139129 0.953262
vn -0.315387 -0.139129 0.938709
vn -0.244080 -0.146913 0.958562
vn -0.244362 -0.139003 0.959669
vn -0.244363 -0.139004 0.959669
vn -0.674228 -0.131914 0.726646
vn -0.691447 -0.139130 0.708903
vn -0.725924 -0.139130 0.673555
vn -0.429675 -0.139006 0.892220
vn -0.429672 -0.139004 0.892222
vn -0.597943 -0.139001 0.789394
vn -0.597945 -0.139002 0.789392
vn -0.361785 -0.139130 0.921821
vn -0.407285 -0.139130 0.902642
vn -0.338309 -0.146914 0.929496
vn -0.338699 -0.139004 0.930570
vn -0.338699 -0.139004 0.930570
vn -0.758593 -0.139133 0.636536
vn -0.789374 -0.139133 0.597938
vn -0.743226 -0.131917 0.655906
vn -0.516373 -0.139005 0.845007
vn -0.516374 -0.139006 0.845006
vn -0.673569 -0.139005 0.725936
vn -0.673566 -0.139002 0.725939
vn -0.429177 -0.146916 0.891192
vn -0.429672 -0.139003 0.892222
vn -0.451778 -0.139130 0.881215
vn -0.495136 -0.139130 0.857603
vn -0.429673 -0.139004 0.892221
vn -0.804844 -0.131915 0.578640
vn -0.818203 -0.139129 0.557841
vn -0.844992 -0.139129 0.516364
vn -0.024689 -0.139130 0.989966
vn -0.597941 -0.139005 0.789395
vn -0.597943 -0.139007 0.789393
vn -0.742504 -0.139005 0.655260
vn -0.742500 -0.139002 0.655265
vn -0.537273 -0.139128 0.831854
vn -0.578064 -0.139128 0.804043
vn -0.515776 -0.146915 0.844033
vn -0.597941 -0.139005 0.789395
vn -0.516372 -0.139003 0.845008
vn -0.516374 -0.139005 0.845006
vn -0.869680 -0.139130 0.473603
vn -0.892210 -0.139130 0.429656
vn -0.858457 -0.131914 0.495631
vn -0.673566 -0.139001 0.725939
vn -0.673572 -0.139007 0.725933
vn -0.804057 -0.139004 0.578074
vn -0.804055 -0.139002 0.578078
vn -0.617422 -0.139132 0.774230
vn -0.655255 -0.139132 0.742485
vn -0.597945 -0.139002 0.789392
vn -0.597255 -0.146915 0.788481
vn -0.903539 -0.131917 0.407695
vn -0.912511 -0.139131 0.384664
vn -0.024689 -0.139130 0.989966
vn -0.930554 -0.139131 0.338692
vn -0.742501 -0.139001 0.655264
vn -0.742504 -0.139004 0.655260
vn -0.857618 -0.139002 0.495147
vn -0.857619 -0.139005 0.495144
vn -0.673572 -0.139003 0.725933
vn -0.691443 -0.139133 0.708906
vn -0.725920 -0.139133 0.673559
vn -0.672794 -0.146916 0.725096
vn -0.673571 -0.139002 0.725934
vn -0.742501 -0.139003 0.655264
vn -0.946280 -0.139132 0.291883
vn -0.959652 -0.139132 0.244357
vn -0.939644 -0.131916 0.315702
vn -0.804055 -0.139002 0.578078
vn -0.804056 -0.139004 0.578076
vn -0.857619 -0.139002 0.495144
vn -0.902657 -0.139002 0.407294
vn -0.902656 -0.139001 0.407296
vn -0.758596 -0.139131 0.636534
vn -0.789380 -0.139131 0.597931
vn -0.742501 -0.139004 0.655264
vn -0.741643 -0.146918 0.654508
vn -0.970639 -0.139131 0.196219
vn -0.979213 -0.139131 0.147595
vn -0.966409 -0.131916 0.220573
vn -0.857618 -0.139004 0.495147
vn -0.938724 -0.139001 0.315397
vn -0.938725 -0.139003 0.315393
vn -0.803128 -0.146916 0.577410
vn -0.804056 -0.139004 0.578076
vn -0.818200 -0.139132 0.557845
vn -0.844995 -0.139132 0.516358
vn -0.804056 -0.139004 0.578077
vn -0.985353 -0.139132 0.098598
vn -0.989043 -0.139132 0.049368
vn -0.983568 -0.131915 0.123260
vn -0.902657 -0.139004 0.407294
vn -0.902657 -0.139004 0.407294
vn -0.965463 -0.139003 0.220362
vn -0.965464 -0.139006 0.220357
vn -0.856628 -0.146914 0.494576
vn -0.869678 -0.139130 0.473606
vn -0.892205 -0.139130 0.429667
vn -0.857617 -0.139005 0.495146
vn -0.857617 -0.139005 0.495147
vn -0.990274 -0.139130 0.000000
vn -0.989043 -0.139130 -0.049368
vn -0.990953 -0.131915 0.024713
vn -0.938725 -0.139004 0.315394
vn -0.938724 -0.139002 0.315397
vn -0.982606 -0.139006 0.123137
vn -0.982606 -0.139005 0.123139
vn -0.912515 -0.139131 0.384653
vn -0.930553 -0.139131 0.338693
vn -0.902657 -0.139004 0.407294
vn -0.901616 -0.146917 0.406822
vn -0.902658 -0.139005 0.407292
vn -0.988489 -0.131917 -0.074078
vn -0.985353 -0.139132 -0.098598
vn -0.979213 -0.139132 -0.147595
vn -0.965463 -0.139004 0.220362
vn -0.965463 -0.139002 0.220364
vn -0.989984 -0.139003 0.024689
vn -0.987523 -0.139003 -0.074005
vn -0.989984 -0.139005 0.024686
vn -0.938724 -0.139004 0.315397
vn -0.946278 -0.139130 0.291892
vn -0.959652 -0.139130 0.244359
vn -0.938725 -0.139006 0.315394
vn -0.965462 -0.139006 0.220364
vn -0.937641 -0.146915 0.315033
vn -0.976201 -0.131917 -0.172131
vn -0.970639 -0.139132 -0.196219
vn -0.959652 -0.139132 -0.244357
vn -0.982607 -0.139002 0.123137
vn -0.982607 -0.139003 0.123135
vn -0.989984 -0.139002 0.024686
vn -0.987523 -0.139004 -0.074003
vn -0.970640 -0.139131 0.196215
vn -0.979213 -0.139131 0.147594
vn -0.982607 -0.139003 0.123135
vn -0.964349 -0.146916 0.220105
vn -0.965464 -0.139003 0.220359
vn -0.954212 -0.131916 -0.268473
vn -0.946281 -0.139130 -0.291883
vn -0.930554 -0.139130 -0.338692
vn -0.989984 -0.139003 0.024688
vn -0.987523 -0.139003 -0.074003
vn -0.975247 -0.139005 -0.171963
vn -0.975247 -0.139004 -0.171962
vn -0.981472 -0.146916 0.122995
vn -0.985354 -0.139129 0.098594
vn -0.989043 -0.139129 0.049368
vn -0.982606 -0.139005 0.123137
vn -0.922739 -0.131914 -0.362148
vn -0.912511 -0.139132 -0.384664
vn -0.892210 -0.139132 -0.429656
vn -0.987523 -0.139001 -0.074005
vn -0.953279 -0.139005 -0.268211
vn -0.953279 -0.139005 -0.268212
vn -0.988841 -0.146917 0.024657
vn -0.987523 -0.139003 -0.074005
vn -0.989984 -0.139005 0.024685
vn -0.989984 -0.139003 0.024688
vn -0.990274 -0.139133 -0.000000
vn -0.989042 -0.139133 -0.049368
vn -0.882095 -0.131913 -0.452224
vn -0.869680 -0.139129 -0.473603
vn -0.844992 -0.139129 -0.516364
vn -0.975248 -0.139001 -0.171962
vn -0.975247 -0.139002 -0.171962
vn -0.921837 -0.139003 -0.361794
vn -0.921836 -0.139004 -0.361797
vn -0.987523 -0.139004 -0.074003
vn -0.975247 -0.139004 -0.171962
vn -0.985354 -0.139132 -0.098594
vn -0.979213 -0.139132 -0.147594
vn -0.986383 -0.146915 -0.073918
vn -0.832685 -0.131913 -0.537806
vn -0.818203 -0.139128 -0.557842
vn -0.789375 -0.139128 -0.597938
vn -0.953280 -0.139001 -0.268210
vn -0.921836 -0.139003 -0.361797
vn -0.953279 -0.139002 -0.268212
vn -0.881233 -0.139004 -0.451782
vn -0.881234 -0.139003 -0.451780
vn -0.970640 -0.139132 -0.196215
vn -0.959651 -0.139132 -0.244359
vn -0.975247 -0.139005 -0.171961
vn -0.974122 -0.146916 -0.171763
vn -0.774999 -0.131915 -0.618041
vn -0.758594 -0.139131 -0.636536
vn -0.725924 -0.139131 -0.673555
vn -0.921837 -0.139004 -0.361794
vn -0.831870 -0.139005 -0.537280
vn -0.831871 -0.139004 -0.537278
vn -0.953279 -0.139005 -0.268210
vn -0.953279 -0.139005 -0.268211
vn -0.946278 -0.139130 -0.291892
vn -0.930554 -0.139130 -0.338693
vn -0.952179 -0.146916 -0.267901
vn -0.691447 -0.139129 -0.708903
vn -0.655250 -0.139129 -0.742489
vn -0.709610 -0.131915 -0.692136
vn -0.881233 -0.139004 -0.451780
vn -0.881233 -0.139004 -0.451780
vn -0.708916 -0.139004 -0.691459
vn -0.774240 -0.139005 -0.617438
vn -0.774242 -0.139004 -0.617436
vn -0.912515 -0.139133 -0.384653
vn -0.892204 -0.139133 -0.429667
vn -0.920772 -0.146916 -0.361379
vn -0.921836 -0.139004 -0.361796
vn -0.921837 -0.139003 -0.361794
vn -0.617426 -0.139131 -0.774227
vn -0.578064 -0.139131 -0.804043
vn -0.637172 -0.131915 -0.759349
vn -0.831871 -0.139004 -0.537278
vn -0.831871 -0.139004 -0.537279
vn -0.708917 -0.139004 -0.691459
vn -0.881233 -0.139004 -0.451781
vn -0.881234 -0.139003 -0.451779
vn -0.869679 -0.139129 -0.473606
vn -0.844996 -0.139129 -0.516358
vn -0.880217 -0.146916 -0.451257
vn -0.558395 -0.131915 -0.819019
vn -0.537270 -0.139130 -0.831856
vn -0.495142 -0.139130 -0.857600
vn -0.774241 -0.139003 -0.617437
vn -0.774241 -0.139004 -0.617438
vn -0.636549 -0.139003 -0.758606
vn -0.636548 -0.139004 -0.758607
vn -0.831870 -0.139004 -0.537281
vn -0.818200 -0.139131 -0.557845
vn -0.789381 -0.139131 -0.597931
vn -0.831871 -0.139003 -0.537279
vn -0.830910 -0.146917 -0.536661
vn -0.451767 -0.139132 -0.881220
vn -0.407287 -0.139132 -0.902640
vn -0.474077 -0.131914 -0.870546
vn -0.708917 -0.139004 -0.691459
vn -0.708917 -0.139004 -0.691458
vn -0.636548 -0.139004 -0.758607
vn -0.557850 -0.139003 -0.818219
vn -0.557849 -0.139003 -0.818219
vn -0.774240 -0.139003 -0.617439
vn -0.758595 -0.139133 -0.636533
vn -0.725920 -0.139133 -0.673559
vn -0.773346 -0.146917 -0.616726
vn -0.774241 -0.139002 -0.617437
vn -0.385040 -0.131917 -0.913423
vn -0.361792 -0.139131 -0.921819
vn -0.315391 -0.139131 -0.938707
vn -0.636547 -0.139003 -0.758608
vn -0.473613 -0.139003 -0.869695
vn -0.473614 -0.139002 -0.869695
vn -0.708920 -0.139002 -0.691456
vn -0.691444 -0.139129 -0.708907
vn -0.655255 -0.139129 -0.742485
vn -0.708917 -0.139004 -0.691458
vn -0.708101 -0.146917 -0.690658
vn -0.292176 -0.131914 -0.947223
vn -0.268209 -0.139128 -0.953261
vn -0.220348 -0.139128 -0.965448
vn -0.557848 -0.139007 -0.818219
vn -0.557854 -0.139003 -0.818216
vn -0.384664 -0.139004 -0.912530
vn -0.291890 -0.139004 -0.946297
vn -0.384667 -0.139002 -0.912529
vn -0.636546 -0.139004 -0.758608
vn -0.635812 -0.146917 -0.757733
vn -0.636547 -0.139003 -0.758608
vn -0.617422 -0.139131 -0.774230
vn -0.578064 -0.139131 -0.804043
vn -0.196419 -0.131916 -0.971606
vn -0.171966 -0.139131 -0.975228
vn -0.123127 -0.139131 -0.982590
vn -0.473613 -0.139005 -0.869695
vn -0.473610 -0.139007 -0.869696
vn -0.291890 -0.139004 -0.946297
vn -0.557853 -0.139003 -0.818217
vn -0.557209 -0.146914 -0.817272
vn -0.537273 -0.139130 -0.831854
vn -0.495136 -0.139130 -0.857603
vn -0.557854 -0.139003 -0.818216
vn -0.098697 -0.131918 -0.986335
vn -0.074004 -0.139133 -0.987505
vn -0.024689 -0.139133 -0.989966
vn -0.384666 -0.139004 -0.912529
vn -0.384665 -0.139005 -0.912530
vn -0.196227 -0.139001 -0.970656
vn -0.196223 -0.139004 -0.970657
vn -0.098601 -0.139001 -0.985371
vn -0.473609 -0.139003 -0.869697
vn -0.473610 -0.139002 -0.869696
vn -0.473063 -0.146915 -0.868693
vn -0.451777 -0.139132 -0.881215
vn -0.407284 -0.139132 -0.902641
vn -0.000000 -0.131917 -0.991261
vn 0.024689 -0.139133 -0.989966
vn 0.074004 -0.139133 -0.987505
vn -0.291889 -0.139004 -0.946297
vn -0.291890 -0.139003 -0.946297
vn -0.098603 -0.139003 -0.985371
vn -0.000000 -0.139002 -0.990292
vn -0.384665 -0.139001 -0.912530
vn -0.384663 -0.139002 -0.912531
vn -0.361785 -0.139131 -0.921821
vn -0.315387 -0.139131 -0.938708
vn -0.384219 -0.146917 -0.911477
vn 0.098697 -0.131918 -0.986335
vn 0.123127 -0.139131 -0.982590
vn 0.171966 -0.139131 -0.975228
vn -0.196223 -0.139004 -0.970657
vn -0.196225 -0.139003 -0.970657
vn -0.000000 -0.139003 -0.990292
vn -0.291894 -0.139001 -0.946296
vn -0.291889 -0.139004 -0.946297
vn -0.268206 -0.139131 -0.953262
vn -0.220363 -0.139131 -0.965444
vn -0.291557 -0.146916 -0.945204
vn 0.196419 -0.131916 -0.971606
vn 0.220348 -0.139128 -0.965448
vn 0.268209 -0.139128 -0.953261
vn -0.098600 -0.139004 -0.985371
vn -0.098603 -0.139003 -0.985371
vn 0.098601 -0.139001 -0.985371
vn 0.098603 -0.139003 -0.985371
vn -0.171961 -0.139132 -0.975229
vn -0.123131 -0.139132 -0.982589
vn -0.196225 -0.139004 -0.970656
vn -0.196224 -0.139004 -0.970656
vn -0.195999 -0.146917 -0.969536
vn 0.361792 -0.139131 -0.921819
vn 0.292176 -0.131914 -0.947223
vn 0.315391 -0.139131 -0.938707
vn 0.098603 -0.139003 -0.985371
vn -0.000000 -0.139003 -0.990292
vn -0.000000 -0.139003 -0.990292
vn 0.196227 -0.139004 -0.970656
vn 0.196223 -0.139001 -0.970657
vn 0.291890 -0.139004 -0.946297
vn -0.000000 -0.139006 -0.990292
vn -0.098488 -0.146916 -0.984234
vn -0.074001 -0.139130 -0.987505
vn -0.024689 -0.139130 -0.989966
vn -0.098600 -0.139005 -0.985371
vn -0.098601 -0.139004 -0.985371
vn 0.407287 -0.139132 -0.902640
vn 0.451767 -0.139132 -0.881220
vn 0.385040 -0.131917 -0.913423
vn 0.098600 -0.139004 -0.985371
vn 0.384664 -0.139004 -0.912530
vn 0.291890 -0.139004 -0.946297
vn 0.000000 -0.146915 -0.989149
vn 0.024689 -0.139130 -0.989966
vn 0.074001 -0.139130 -0.987505
vn -0.000000 -0.139006 -0.990292
vn 0.495142 -0.139130 -0.857600
vn 0.474077 -0.131914 -0.870546
vn 0.537270 -0.139130 -0.831856
vn 0.196223 -0.139003 -0.970657
vn 0.196224 -0.139004 -0.970656
vn 0.384667 -0.139002 -0.912529
vn 0.098601 -0.139005 -0.985371
vn 0.196224 -0.139004 -0.970656
vn 0.098600 -0.139004 -0.985371
vn 0.098488 -0.146916 -0.984234
vn 0.123131 -0.139132 -0.982589
vn 0.171961 -0.139132 -0.975229
vn 0.578064 -0.139131 -0.804043
vn 0.617426 -0.139131 -0.774227
vn 0.558395 -0.131915 -0.819019
vn 0.291890 -0.139004 -0.946297
vn 0.291889 -0.139003 -0.946297
vn 0.473614 -0.139003 -0.869694
vn 0.473613 -0.139002 -0.869695
vn 0.196225 -0.139004 -0.970656
vn 0.195999 -0.146917 -0.969536
vn 0.220363 -0.139131 -0.965444
vn 0.268206 -0.139131 -0.953262
vn 0.655250 -0.139129 -0.742489
vn 0.691447 -0.139129 -0.708903
vn 0.637172 -0.131915 -0.759349
vn 0.384666 -0.139005 -0.912529
vn 0.384665 -0.139004 -0.912530
vn 0.557849 -0.139003 -0.818219
vn 0.557850 -0.139003 -0.818219
vn 0.291889 -0.139001 -0.946298
vn 0.291894 -0.139004 -0.946296
vn 0.291557 -0.146916 -0.945204
vn 0.315387 -0.139131 -0.938708
vn 0.361785 -0.139131 -0.921821
vn 0.725924 -0.139131 -0.673555
vn 0.758594 -0.139131 -0.636536
vn 0.709610 -0.131915 -0.692136
vn 0.473613 -0.139007 -0.869694
vn 0.557848 -0.139007 -0.818219
vn 0.473610 -0.139005 -0.869696
vn 0.636549 -0.139004 -0.758606
vn 0.636548 -0.139003 -0.758607
vn 0.384665 -0.139002 -0.912530
vn 0.473610 -0.139002 -0.869696
vn 0.384219 -0.146917 -0.911477
vn 0.407284 -0.139132 -0.902641
vn 0.451777 -0.139132 -0.881215
vn 0.384663 -0.139001 -0.912531
vn 0.789375 -0.139128 -0.597938
vn 0.818203 -0.139128 -0.557842
vn 0.774999 -0.131915 -0.618041
vn 0.557854 -0.139003 -0.818216
vn 0.708916 -0.139004 -0.691459
vn 0.708917 -0.139004 -0.691459
vn 0.473609 -0.139003 -0.869697
vn 0.473063 -0.146915 -0.868693
vn 0.495136 -0.139130 -0.857603
vn 0.537273 -0.139130 -0.831854
vn 0.844992 -0.139129 -0.516364
vn 0.869680 -0.139129 -0.473603
vn 0.832685 -0.131913 -0.537806
vn 0.636547 -0.139003 -0.758608
vn 0.636548 -0.139004 -0.758607
vn 0.774242 -0.139005 -0.617436
vn 0.774241 -0.139004 -0.617438
vn 0.557854 -0.139003 -0.818216
vn 0.557853 -0.139003 -0.818217
vn 0.578064 -0.139131 -0.804043
vn 0.617422 -0.139131 -0.774230
vn 0.557209 -0.146914 -0.817272
vn 0.892210 -0.139132 -0.429656
vn 0.912511 -0.139132 -0.384664
vn 0.882095 -0.131913 -0.452224
vn 0.708917 -0.139004 -0.691459
vn 0.708917 -0.139004 -0.691458
vn 0.831871 -0.139005 -0.537278
vn 0.831870 -0.139004 -0.537280
vn 0.636546 -0.139003 -0.758609
vn 0.636547 -0.139004 -0.758608
vn 0.655255 -0.139129 -0.742485
vn 0.691444 -0.139129 -0.708907
vn 0.635812 -0.146917 -0.757733
vn 0.930554 -0.139130 -0.338692
vn 0.946281 -0.139130 -0.291883
vn 0.922739 -0.131914 -0.362148
vn 0.831871 -0.139004 -0.537278
vn 0.774241 -0.139004 -0.617437
vn 0.774241 -0.139003 -0.617438
vn 0.881233 -0.139003 -0.451782
vn 0.921837 -0.139003 -0.361794
vn 0.881233 -0.139004 -0.451780
vn 0.708101 -0.146917 -0.690658
vn 0.725920 -0.139133 -0.673559
vn 0.758595 -0.139133 -0.636533
vn 0.708917 -0.139002 -0.691459
vn 0.708920 -0.139004 -0.691456
vn 0.959652 -0.139132 -0.244357
vn 0.970639 -0.139132 -0.196219
vn 0.954212 -0.131916 -0.268473
vn 0.831871 -0.139004 -0.537279
vn 0.881233 -0.139004 -0.451780
vn 0.921836 -0.139004 -0.361797
vn 0.774240 -0.139002 -0.617439
vn 0.773346 -0.146917 -0.616726
vn 0.789381 -0.139131 -0.597931
vn 0.818200 -0.139131 -0.557845
vn 0.774241 -0.139003 -0.617437
vn 0.979213 -0.139131 -0.147595
vn 0.985353 -0.139132 -0.098598
vn 0.976201 -0.131917 -0.172131
vn 0.881233 -0.139004 -0.451780
vn 0.953279 -0.139005 -0.268212
vn 0.953279 -0.139005 -0.268211
vn 0.830910 -0.146917 -0.536661
vn 0.831870 -0.139003 -0.537281
vn 0.844996 -0.139129 -0.516358
vn 0.869679 -0.139129 -0.473606
vn 0.831871 -0.139004 -0.537279
vn 0.989043 -0.139130 -0.049368
vn 0.990274 -0.139130 0.000000
vn 0.988489 -0.131917 -0.074078
vn 0.921836 -0.139003 -0.361797
vn 0.953279 -0.139002 -0.268212
vn 0.921837 -0.139004 -0.361794
vn 0.975247 -0.139004 -0.171963
vn 0.975247 -0.139005 -0.171962
vn 0.881234 -0.139004 -0.451779
vn 0.881234 -0.139003 -0.451781
vn 0.921837 -0.139003 -0.361794
vn 0.880217 -0.146916 -0.451257
vn 0.892204 -0.139133 -0.429667
vn 0.912515 -0.139133 -0.384653
vn 0.989043 -0.139132 0.049368
vn 0.985353 -0.139132 0.098598
vn 0.990953 -0.131915 0.024713
vn 0.953280 -0.139001 -0.268210
vn 0.987523 -0.139003 -0.074005
vn 0.987523 -0.139004 -0.074003
vn 0.989984 -0.139003 0.024689
vn 0.921836 -0.139004 -0.361796
vn 0.920772 -0.146916 -0.361379
vn 0.930554 -0.139130 -0.338693
vn 0.946278 -0.139130 -0.291892
vn 0.979213 -0.139131 0.147595
vn 0.970639 -0.139131 0.196219
vn 0.983568 -0.131915 0.123260
vn 0.975247 -0.139001 -0.171962
vn 0.975248 -0.139002 -0.171962
vn 0.989984 -0.139005 0.024686
vn 0.953279 -0.139005 -0.268210
vn 0.953279 -0.139005 -0.268211
vn 0.952179 -0.146916 -0.267901
vn 0.959651 -0.139132 -0.244359
vn 0.970640 -0.139132 -0.196215
vn 0.959652 -0.139132 0.244357
vn 0.946280 -0.139132 0.291883
vn 0.966409 -0.131916 0.220573
vn 0.987523 -0.139002 -0.074005
vn 0.987523 -0.139003 -0.074003
vn 0.989984 -0.139003 0.024686
vn 0.982606 -0.139006 0.123139
vn 0.982606 -0.139005 0.123137
vn 0.965464 -0.139006 0.220357
vn 0.975247 -0.139004 -0.171962
vn 0.975247 -0.139005 -0.171961
vn 0.974122 -0.146916 -0.171763
vn 0.979213 -0.139132 -0.147594
vn 0.985354 -0.139132 -0.098594
vn 0.930554 -0.139131 0.338692
vn 0.912511 -0.139131 0.384664
vn 0.939644 -0.131916 0.315702
vn 0.989984 -0.139002 0.024688
vn 0.965463 -0.139003 0.220362
vn 0.987523 -0.139004 -0.074003
vn 0.987523 -0.139003 -0.074005
vn 0.989984 -0.139003 0.024688
vn 0.986383 -0.146915 -0.073918
vn 0.989042 -0.139133 -0.049368
vn 0.990274 -0.139133 0.000000
vn 0.892210 -0.139130 0.429656
vn 0.869680 -0.139130 0.473603
vn 0.903539 -0.131917 0.407695
vn 0.982607 -0.139002 0.123135
vn 0.982606 -0.139003 0.123137
vn 0.938726 -0.139001 0.315393
vn 0.938724 -0.139003 0.315397
vn 0.989984 -0.139005 0.024685
vn 0.989043 -0.139129 0.049368
vn 0.985354 -0.139129 0.098594
vn 0.988841 -0.146917 0.024657
vn 0.858457 -0.131914 0.495631
vn 0.844992 -0.139129 0.516364
vn 0.818203 -0.139129 0.557841
vn 0.965462 -0.139004 0.220364
vn 0.938724 -0.139002 0.315397
vn 0.965463 -0.139002 0.220362
vn 0.902657 -0.139001 0.407294
vn 0.902656 -0.139002 0.407296
vn 0.981472 -0.146916 0.122995
vn 0.982606 -0.139005 0.123137
vn 0.965463 -0.139003 0.220364
vn 0.982607 -0.139003 0.123135
vn 0.979213 -0.139131 0.147594
vn 0.970640 -0.139131 0.196215
vn 0.804844 -0.131915 0.578640
vn 0.789374 -0.139133 0.597938
vn 0.758593 -0.139133 0.636536
vn 0.938725 -0.139004 0.315394
vn 0.902657 -0.139004 0.407294
vn 0.857619 -0.139002 0.495144
vn 0.857617 -0.139005 0.495147
vn 0.946278 -0.139130 0.291892
vn 0.964349 -0.146917 0.220105
vn 0.965463 -0.139006 0.220359
vn 0.959652 -0.139130 0.244359
vn 0.743226 -0.131917 0.655906
vn 0.725924 -0.139130 0.673555
vn 0.691447 -0.139130 0.708903
vn 0.902657 -0.139004 0.407294
vn 0.857619 -0.139004 0.495144
vn 0.804058 -0.139002 0.578074
vn 0.742500 -0.139002 0.655265
vn 0.804055 -0.139004 0.578078
vn 0.930553 -0.139131 0.338693
vn 0.912515 -0.139131 0.384653
vn 0.938725 -0.139004 0.315394
vn 0.937641 -0.146915 0.315034
vn 0.938724 -0.139006 0.315397
vn 0.674228 -0.131914 0.726646
vn 0.655250 -0.139130 0.742489
vn 0.617426 -0.139130 0.774227
vn 0.857618 -0.139002 0.495147
vn 0.804055 -0.139002 0.578078
vn 0.742504 -0.139005 0.655260
vn 0.892205 -0.139130 0.429667
vn 0.869678 -0.139130 0.473606
vn 0.901616 -0.146917 0.406822
vn 0.902657 -0.139005 0.407294
vn 0.902658 -0.139004 0.407292
vn 0.598531 -0.131915 0.790164
vn 0.578064 -0.139132 0.804042
vn 0.537269 -0.139132 0.831856
vn 0.804056 -0.139004 0.578076
vn 0.673565 -0.139005 0.725939
vn 0.673569 -0.139002 0.725936
vn 0.844995 -0.139132 0.516358
vn 0.818200 -0.139132 0.557845
vn 0.856628 -0.146914 0.494576
vn 0.857617 -0.139005 0.495146
vn 0.857617 -0.139005 0.495147
vn 0.516875 -0.131916 0.845836
vn 0.495142 -0.139129 0.857600
vn 0.451767 -0.139129 0.881221
vn 0.742504 -0.139001 0.655260
vn 0.742501 -0.139004 0.655263
vn 0.597946 -0.139001 0.789392
vn 0.597943 -0.139002 0.789394
vn 0.789380 -0.139131 0.597931
vn 0.758596 -0.139131 0.636534
vn 0.804056 -0.139004 0.578076
vn 0.803128 -0.146916 0.577410
vn 0.804055 -0.139004 0.578077
vn 0.407287 -0.139131 0.902641
vn 0.430092 -0.131916 0.893095
vn 0.361792 -0.139131 0.921819
vn 0.673572 -0.139001 0.725933
vn 0.673565 -0.139007 0.725939
vn 0.597943 -0.139007 0.789393
vn 0.516370 -0.139003 0.845009
vn 0.429672 -0.139003 0.892222
vn 0.516374 -0.139001 0.845007
vn 0.725920 -0.139133 0.673559
vn 0.691443 -0.139133 0.708906
vn 0.741643 -0.146918 0.654508
vn 0.742501 -0.139003 0.655264
vn 0.742501 -0.139004 0.655264
vn 0.315391 -0.139131 0.938707
vn 0.268209 -0.139131 0.953261
vn 0.339035 -0.131916 0.931479
vn 0.516373 -0.139005 0.845007
vn 0.597941 -0.139005 0.789395
vn 0.429675 -0.139005 0.892220
vn 0.655255 -0.139132 0.742485
vn 0.617422 -0.139132 0.774230
vn 0.672794 -0.146916 0.725096
vn 0.673572 -0.139002 0.725933
vn 0.673571 -0.139003 0.725934
vn 0.220347 -0.139131 0.965448
vn 0.171966 -0.139131 0.975228
vn 0.244596 -0.131914 0.960610
vn 0.516374 -0.139006 0.845006
vn 0.338696 -0.139006 0.930571
vn 0.338703 -0.139001 0.930569
vn 0.244357 -0.139001 0.959671
vn 0.597945 -0.139002 0.789392
vn 0.578064 -0.139128 0.804043
vn 0.537273 -0.139128 0.831854
vn 0.597255 -0.146915 0.788481
vn 0.597941 -0.139005 0.789395
vn 0.147740 -0.131913 0.980190
vn 0.049411 -0.131915 0.990029
vn 0.123127 -0.139131 0.982590
vn 0.074004 -0.139131 0.987505
vn 0.049363 -0.139006 0.989061
vn 0.429675 -0.139004 0.892221
vn 0.429672 -0.139006 0.892222
vn 0.244365 -0.139006 0.959668
vn 0.495136 -0.139130 0.857603
vn 0.451778 -0.139130 0.881215
vn 0.516372 -0.139005 0.845008
vn 0.516374 -0.139003 0.845006
vn 0.515776 -0.146915 0.844033
vn 0.338699 -0.139004 0.930570
vn 0.338696 -0.139005 0.930571
vn 0.147596 -0.139006 0.979231
vn 0.049362 -0.139006 0.989060
vn 0.147595 -0.139006 0.979231
vn 0.407285 -0.139130 0.902642
vn 0.361785 -0.139130 0.921821
vn 0.429673 -0.139003 0.892222
vn 0.429177 -0.146916 0.891192
vn 0.429672 -0.139004 0.892222
vn 0.244365 -0.139004 0.959669
vn 0.244363 -0.139005 0.959669
vn 0.315387 -0.139129 0.938709
vn 0.268206 -0.139129 0.953262
vn 0.338309 -0.146914 0.929496
vn 0.338699 -0.139004 0.930570
vn 0.244363 -0.139004 0.959669
vn 0.338699 -0.139004 0.930570
vn 0.147596 -0.139003 0.979231
vn 0.147595 -0.139004 0.979231
vn 0.049362 -0.139003 0.989061
vn 0.049362 -0.139003 0.989061
vn 0.049362 -0.139003 0.989061
vn 0.220363 -0.139130 0.965444
vn 0.171961 -0.139131 0.975229
vn 0.244362 -0.139003 0.959669
vn 0.244080 -0.146913 0.958562
vn 0.123131 -0.139130 0.982589
vn 0.074001 -0.139130 0.987505
vn 0.147595 -0.139003 0.979231
vn 0.147425 -0.146916 0.978101
vn 0.049361 -0.139003 0.989061
vn 0.147595 -0.139003 0.979231
vn 0.049304 -0.146915 0.987920
vn 0.024690 -0.139130 0.989966
vn 0.024689 -0.139130 0.989966
vn -0.074004 -0.139131 0.987505
vn -0.123127 -0.139131 0.982590
vn -0.049411 -0.131915 0.990029
vn -0.147740 -0.131913 0.980190
vn -0.171966 -0.139131 0.975228
vn -0.220347 -0.139131 0.965448
vn -0.049362 -0.139006 0.989060
vn -0.049362 -0.139006 0.989061
vn -0.268209 -0.139131 0.953261
vn -0.315391 -0.139131 0.938707
vn -0.244596 -0.131914 0.960610
vn -0.147596 -0.139006 0.979231
vn -0.147595 -0.139006 0.979231
vn -0.339035 -0.131916 0.931479
vn -0.361792 -0.139131 0.921819
vn -0.407287 -0.139131 0.902641
vn -0.049361 -0.139003 0.989061
vn -0.049362 -0.139003 0.989061
vn -0.244357 -0.139001 0.959671
vn -0.244365 -0.139006 0.959668
vn -0.451767 -0.139129 0.881221
vn -0.495142 -0.139129 0.857600
vn -0.430092 -0.131916 0.893095
vn -0.147596 -0.139004 0.979231
vn -0.147595 -0.139003 0.979231
vn -0.338697 -0.139001 0.930571
vn -0.338703 -0.139006 0.930568
vn -0.074001 -0.139130 0.987505
vn -0.123131 -0.139130 0.982589
vn -0.049361 -0.139003 0.989061
vn -0.049361 -0.139003 0.989061
vn -0.049304 -0.146915 0.987920
vn -0.537269 -0.139132 0.831856
vn -0.578064 -0.139132 0.804042
vn -0.516875 -0.131916 0.845836
vn -0.244365 -0.139005 0.959668
vn -0.244363 -0.139004 0.959669
vn -0.429675 -0.139005 0.892220
vn -0.429672 -0.139003 0.892222
vn -0.171961 -0.139131 0.975229
vn -0.220363 -0.139130 0.965444
vn -0.147425 -0.146916 0.978101
vn -0.147595 -0.139003 0.979231
vn -0.147595 -0.139003 0.979231
vn -0.617426 -0.139130 0.774227
vn -0.655250 -0.139130 0.742489
vn -0.598531 -0.131915 0.790164
vn -0.338696 -0.139004 0.930571
vn -0.338699 -0.139005 0.930570
vn -0.516373 -0.139003 0.845007
vn -0.516370 -0.139001 0.845009
vn -0.268206 -0.139129 0.953262
vn -0.315387 -0.139129 0.938709
vn -0.244080 -0.146913 0.958562
vn -0.244362 -0.139003 0.959669
vn -0.244363 -0.139004 0.959669
vn -0.674228 -0.131914 0.726646
vn -0.691447 -0.139130 0.708903
vn -0.725924 -0.139130 0.673555
vn -0.429675 -0.139006 0.892220
vn -0.429672 -0.139004 0.892222
vn -0.597943 -0.139001 0.789394
vn -0.597945 -0.139002 0.789392
vn -0.361785 -0.139130 0.921821
vn -0.407285 -0.139130 0.902642
vn -0.338309 -0.146914 0.929496
vn -0.338699 -0.139004 0.930570
vn -0.338699 -0.139004 0.930570
vn -0.758593 -0.139133 0.636536
vn -0.789374 -0.139133 0.597938
vn -0.743226 -0.131917 0.655906
vn -0.516373 -0.139005 0.845007
vn -0.516374 -0.139006 0.845006
vn -0.673569 -0.139005 0.725936
vn -0.673567 -0.139003 0.725937
vn -0.742501 -0.139005 0.655264
vn -0.673570 -0.139005 0.725935
vn -0.429177 -0.146916 0.891192
vn -0.429672 -0.139003 0.892222
vn -0.451777 -0.139130 0.881215
vn -0.495134 -0.139130 0.857604
vn -0.429672 -0.139003 0.892222
vn -0.818203 -0.139131 0.557841
vn -0.844992 -0.139131 0.516364
vn -0.024689 -0.139130 0.989966
vn -0.804843 -0.131915 0.578642
vn -0.597942 -0.139004 0.789394
vn -0.597943 -0.139005 0.789393
vn -0.673567 -0.139005 0.725937
vn -0.742504 -0.139002 0.655260
vn -0.537274 -0.139129 0.831853
vn -0.578065 -0.139129 0.804043
vn -0.515776 -0.146916 0.844032
vn -0.516372 -0.139003 0.845008
vn -0.516374 -0.139005 0.845006
vn -0.858458 -0.131915 0.495630
vn -0.869680 -0.139130 0.473602
vn -0.892206 -0.139130 0.429664
vn -0.673570 -0.139003 0.725935
vn -0.804055 -0.139002 0.578078
vn -0.804056 -0.139003 0.578077
vn -0.617423 -0.139132 0.774229
vn -0.655253 -0.139132 0.742486
vn -0.597944 -0.139004 0.789392
vn -0.597942 -0.139003 0.789394
vn -0.597254 -0.146916 0.788481
vn -0.912514 -0.139131 0.384656
vn -0.930553 -0.139131 0.338693
vn -0.903540 -0.131915 0.407693
vn -0.024689 -0.139130 0.989966
vn -0.742503 -0.139003 0.655262
vn -0.742504 -0.139004 0.655260
vn -0.857619 -0.139003 0.495145
vn -0.857618 -0.139003 0.495145
vn -0.691443 -0.139132 0.708906
vn -0.725922 -0.139132 0.673557
vn -0.672792 -0.146916 0.725097
vn -0.673570 -0.139003 0.725935
vn -0.673570 -0.139003 0.725935
vn -0.939644 -0.131916 0.315703
vn -0.946278 -0.139130 0.291890
vn -0.959652 -0.139130 0.244356
vn -0.804055 -0.139004 0.578078
vn -0.804054 -0.139003 0.578078
vn -0.902657 -0.139004 0.407294
vn -0.902656 -0.139003 0.407295
vn -0.758594 -0.139131 0.636535
vn -0.789381 -0.139131 0.597930
vn -0.742502 -0.139003 0.655263
vn -0.741645 -0.146917 0.654507
vn -0.742503 -0.139004 0.655261
vn -0.966408 -0.131915 0.220577
vn -0.970639 -0.139131 0.196218
vn -0.979213 -0.139131 0.147593
vn -0.857617 -0.139003 0.495147
vn -0.857618 -0.139005 0.495145
vn -0.965463 -0.139004 0.220361
vn -0.938725 -0.139004 0.315394
vn -0.938725 -0.139004 0.315395
vn -0.804055 -0.139003 0.578078
vn -0.803127 -0.146916 0.577410
vn -0.818202 -0.139131 0.557842
vn -0.844992 -0.139131 0.516364
vn -0.804055 -0.139004 0.578077
vn -0.857617 -0.139004 0.495147
vn -0.985353 -0.139131 0.098600
vn -0.989043 -0.139131 0.049361
vn -0.983568 -0.131916 0.123257
vn -0.902656 -0.139004 0.407295
vn -0.902657 -0.139004 0.407294
vn -0.965463 -0.139003 0.220360
vn -0.902657 -0.139003 0.407294
vn -0.869680 -0.139130 0.473602
vn -0.892205 -0.139130 0.429666
vn -0.856628 -0.146916 0.494575
vn -0.857618 -0.139003 0.495146
vn -0.990274 -0.139131 0.000000
vn -0.989043 -0.139131 -0.049361
vn -0.990953 -0.131916 0.024713
vn -0.938725 -0.139004 0.315394
vn -0.965463 -0.139003 0.220360
vn -0.938725 -0.139003 0.315395
vn -0.982606 -0.139003 0.123137
vn -0.982606 -0.139004 0.123136
vn -0.912514 -0.139131 0.384657
vn -0.930553 -0.139131 0.338693
vn -0.938725 -0.139004 0.315394
vn -0.901615 -0.146916 0.406824
vn -0.902657 -0.139004 0.407295
vn -0.988489 -0.131916 -0.074077
vn -0.985353 -0.139131 -0.098600
vn -0.979213 -0.139131 -0.147593
vn -0.965463 -0.139004 0.220361
vn -0.989984 -0.139004 0.024689
vn -0.987523 -0.139004 -0.074005
vn -0.989984 -0.139004 0.024689
vn -0.946279 -0.139131 0.291889
vn -0.959652 -0.139131 0.244356
vn -0.938725 -0.139004 0.315394
vn -0.937642 -0.146916 0.315030
vn -0.970640 -0.139131 -0.196218
vn -0.959652 -0.139131 -0.244356
vn -0.976202 -0.131915 -0.172131
vn -0.982606 -0.139004 0.123137
vn -0.982606 -0.139004 0.123137
vn -0.975247 -0.139004 -0.171962
vn -0.987523 -0.139004 -0.074005
vn -0.965463 -0.139003 0.220361
vn -0.970639 -0.139131 0.196220
vn -0.979213 -0.139131 0.147593
vn -0.965463 -0.139004 0.220360
vn -0.964349 -0.146916 0.220106
vn -0.954212 -0.131915 -0.268473
vn -0.946278 -0.139131 -0.291890
vn -0.930553 -0.139131 -0.338693
vn -0.989984 -0.139004 0.024689
vn -0.989984 -0.139004 0.024689
vn -0.987523 -0.139003 -0.074005
vn -0.975247 -0.139004 -0.171962
vn -0.982606 -0.139004 0.123137
vn -0.982606 -0.139003 0.123137
vn -0.985353 -0.139131 0.098599
vn -0.989043 -0.139131 0.049361
vn -0.981472 -0.146916 0.122995
vn -0.922738 -0.131915 -0.362149
vn -0.912514 -0.139130 -0.384656
vn -0.892206 -0.139130 -0.429664
vn -0.987523 -0.139004 -0.074004
vn -0.953279 -0.139003 -0.268210
vn -0.953279 -0.139004 -0.268212
vn -0.990274 -0.139131 -0.000000
vn -0.989043 -0.139131 -0.049361
vn -0.988842 -0.146916 0.024660
vn -0.989984 -0.139004 0.024688
vn -0.987523 -0.139003 -0.074004
vn -0.989984 -0.139004 0.024689
vn -0.882096 -0.131915 -0.452222
vn -0.869680 -0.139131 -0.473602
vn -0.844992 -0.139131 -0.516364
vn -0.975247 -0.139004 -0.171963
vn -0.975247 -0.139003 -0.171962
vn -0.881233 -0.139004 -0.451780
vn -0.921836 -0.139004 -0.361795
vn -0.921837 -0.139003 -0.361794
vn -0.987523 -0.139004 -0.074004
vn -0.985353 -0.139131 -0.098599
vn -0.979214 -0.139131 -0.147593
vn -0.986383 -0.146916 -0.073919
vn -0.832684 -0.131915 -0.537806
vn -0.818203 -0.139130 -0.557841
vn -0.789379 -0.139130 -0.597933
vn -0.953279 -0.139004 -0.268212
vn -0.953279 -0.139003 -0.268210
vn -0.881233 -0.139004 -0.451781
vn -0.953279 -0.139004 -0.268210
vn -0.970639 -0.139131 -0.196220
vn -0.959653 -0.139131 -0.244356
vn -0.974122 -0.146916 -0.171764
vn -0.975247 -0.139004 -0.171963
vn -0.975247 -0.139004 -0.171963
vn -0.775000 -0.131915 -0.618040
vn -0.758592 -0.139132 -0.636538
vn -0.725924 -0.139132 -0.673556
vn -0.921837 -0.139003 -0.361794
vn -0.921836 -0.139004 -0.361795
vn -0.831871 -0.139003 -0.537279
vn -0.831870 -0.139004 -0.537280
vn -0.946279 -0.139131 -0.291889
vn -0.930553 -0.139131 -0.338693
vn -0.953279 -0.139003 -0.268212
vn -0.952179 -0.146916 -0.267902
vn -0.921836 -0.139003 -0.361795
vn -0.691447 -0.139130 -0.708903
vn -0.655251 -0.139130 -0.742488
vn -0.709610 -0.131916 -0.692136
vn -0.881234 -0.139003 -0.451780
vn -0.881233 -0.139003 -0.451781
vn -0.774242 -0.139003 -0.617436
vn -0.774240 -0.139004 -0.617438
vn -0.912514 -0.139131 -0.384657
vn -0.892205 -0.139131 -0.429666
vn -0.920773 -0.146917 -0.361376
vn -0.921837 -0.139004 -0.361794
vn -0.637170 -0.131915 -0.759350
vn -0.617423 -0.139131 -0.774229
vn -0.578066 -0.139131 -0.804041
vn -0.831871 -0.139003 -0.537279
vn -0.831870 -0.139003 -0.537280
vn -0.774240 -0.139003 -0.617438
vn -0.708917 -0.139002 -0.691459
vn -0.708916 -0.139003 -0.691459
vn -0.880216 -0.146916 -0.451260
vn -0.869680 -0.139131 -0.473602
vn -0.844992 -0.139131 -0.516364
vn -0.881233 -0.139003 -0.451780
vn -0.881233 -0.139004 -0.451781
vn -0.537268 -0.139131 -0.831857
vn -0.495141 -0.139131 -0.857600
vn -0.558396 -0.131915 -0.819019
vn -0.774242 -0.139004 -0.617436
vn -0.636547 -0.139004 -0.758608
vn -0.636548 -0.139003 -0.758607
vn -0.774242 -0.139004 -0.617436
vn -0.830911 -0.146916 -0.536659
vn -0.818202 -0.139130 -0.557842
vn -0.789381 -0.139130 -0.597930
vn -0.831870 -0.139004 -0.537280
vn -0.831871 -0.139003 -0.537279
vn -0.474077 -0.131915 -0.870546
vn -0.451768 -0.139132 -0.881220
vn -0.407288 -0.139132 -0.902640
vn -0.708917 -0.139005 -0.691458
vn -0.708917 -0.139005 -0.691458
vn -0.557850 -0.139004 -0.818219
vn -0.557850 -0.139003 -0.818218
vn -0.758594 -0.139132 -0.636535
vn -0.725922 -0.139132 -0.673557
vn -0.773347 -0.146916 -0.616726
vn -0.774240 -0.139003 -0.617438
vn -0.361790 -0.139131 -0.921819
vn -0.315392 -0.139131 -0.938707
vn -0.385040 -0.131917 -0.913423
vn -0.557850 -0.139004 -0.818219
vn -0.636548 -0.139004 -0.758607
vn -0.636546 -0.139005 -0.758608
vn -0.473613 -0.139002 -0.869695
vn -0.473611 -0.139003 -0.869695
vn -0.708918 -0.139003 -0.691458
vn -0.708100 -0.146917 -0.690659
vn -0.691444 -0.139130 -0.708907
vn -0.655253 -0.139130 -0.742486
vn -0.708918 -0.139003 -0.691457
vn -0.292177 -0.131914 -0.947223
vn -0.268209 -0.139128 -0.953261
vn -0.220348 -0.139128 -0.965448
vn -0.473611 -0.139006 -0.869695
vn -0.557853 -0.139006 -0.818216
vn -0.384666 -0.139002 -0.912529
vn -0.384664 -0.139004 -0.912530
vn -0.636547 -0.139003 -0.758608
vn -0.636546 -0.139004 -0.758609
vn -0.635812 -0.146917 -0.757732
vn -0.617423 -0.139131 -0.774229
vn -0.578065 -0.139131 -0.804042
vn -0.196419 -0.131917 -0.971606
vn -0.171966 -0.139132 -0.975228
vn -0.123128 -0.139132 -0.982589
vn -0.473610 -0.139005 -0.869696
vn -0.291891 -0.139004 -0.946297
vn -0.291891 -0.139004 -0.946297
vn -0.196227 -0.139004 -0.970656
vn -0.557853 -0.139003 -0.818216
vn -0.557853 -0.139004 -0.818217
vn -0.557209 -0.146915 -0.817272
vn -0.473610 -0.139003 -0.869696
vn -0.537274 -0.139131 -0.831853
vn -0.495134 -0.139131 -0.857604
vn -0.098697 -0.131918 -0.986335
vn -0.074004 -0.139133 -0.987505
vn -0.024689 -0.139133 -0.989966
vn -0.384666 -0.139004 -0.912529
vn -0.384665 -0.139005 -0.912530
vn -0.196223 -0.139001 -0.970657
vn -0.473609 -0.139002 -0.869697
vn -0.473062 -0.146915 -0.868693
vn -0.451777 -0.139132 -0.881215
vn -0.407287 -0.139132 -0.902640
vn -0.000000 -0.131917 -0.991261
vn 0.024689 -0.139133 -0.989966
vn 0.074004 -0.139133 -0.987505
vn -0.291890 -0.139004 -0.946297
vn -0.291891 -0.139004 -0.946297
vn -0.098603 -0.139001 -0.985371
vn -0.098601 -0.139003 -0.985371
vn -0.384663 -0.139002 -0.912531
vn -0.384665 -0.139001 -0.912530
vn -0.361783 -0.139131 -0.921822
vn -0.315388 -0.139131 -0.938708
vn -0.384219 -0.146918 -0.911477
vn 0.098697 -0.131918 -0.986335
vn 0.123128 -0.139132 -0.982589
vn 0.171966 -0.139132 -0.975228
vn -0.196224 -0.139004 -0.970656
vn -0.196223 -0.139004 -0.970657
vn -0.000000 -0.139002 -0.990292
vn -0.000000 -0.139002 -0.990292
vn 0.098601 -0.139003 -0.985371
vn -0.291894 -0.139001 -0.946296
vn -0.291890 -0.139004 -0.946297
vn -0.268207 -0.139131 -0.953262
vn -0.220363 -0.139131 -0.965444
vn -0.291557 -0.146916 -0.945204
vn 0.196419 -0.131917 -0.971606
vn 0.220348 -0.139128 -0.965448
vn 0.268209 -0.139128 -0.953261
vn -0.098603 -0.139002 -0.985371
vn -0.098600 -0.139004 -0.985371
vn -0.000000 -0.139002 -0.990292
vn 0.098603 -0.139001 -0.985371
vn -0.196224 -0.139004 -0.970656
vn -0.196225 -0.139004 -0.970656
vn -0.171961 -0.139132 -0.975229
vn -0.123132 -0.139132 -0.982589
vn -0.098600 -0.139004 -0.985371
vn -0.195999 -0.146917 -0.969536
vn 0.361790 -0.139131 -0.921819
vn 0.292177 -0.131914 -0.947223
vn 0.315392 -0.139131 -0.938707
vn -0.000000 -0.139003 -0.990292
vn 0.196227 -0.139004 -0.970656
vn 0.196223 -0.139001 -0.970657
vn -0.074001 -0.139130 -0.987505
vn -0.024689 -0.139130 -0.989966
vn -0.098488 -0.146916 -0.984234
vn -0.098602 -0.139006 -0.985371
vn 0.407288 -0.139132 -0.902640
vn 0.451768 -0.139132 -0.881220
vn 0.385040 -0.131917 -0.913423
vn 0.098603 -0.139004 -0.985371
vn 0.098600 -0.139003 -0.985371
vn 0.291890 -0.139004 -0.946297
vn 0.384664 -0.139004 -0.912530
vn 0.291891 -0.139004 -0.946297
vn -0.000000 -0.139006 -0.990292
vn -0.000000 -0.139006 -0.990292
vn 0.024689 -0.139130 -0.989966
vn 0.074001 -0.139130 -0.987505
vn 0.000000 -0.146915 -0.989149
vn 0.495142 -0.139131 -0.857600
vn 0.474076 -0.131915 -0.870546
vn 0.537267 -0.139131 -0.831857
vn 0.196223 -0.139004 -0.970657
vn 0.196224 -0.139004 -0.970656
vn 0.384667 -0.139002 -0.912529
vn 0.098600 -0.139004 -0.985371
vn 0.098488 -0.146916 -0.984234
vn 0.123132 -0.139132 -0.982589
vn 0.171960 -0.139132 -0.975229
vn 0.098602 -0.139006 -0.985371
vn 0.578066 -0.139131 -0.804042
vn 0.617424 -0.139131 -0.774229
vn 0.558396 -0.131915 -0.819019
vn 0.291890 -0.139004 -0.946297
vn 0.291890 -0.139004 -0.946297
vn 0.473613 -0.139003 -0.869695
vn 0.473612 -0.139002 -0.869695
vn 0.196224 -0.139004 -0.970657
vn 0.195999 -0.146917 -0.969536
vn 0.291890 -0.139004 -0.946297
vn 0.220363 -0.139131 -0.965444
vn 0.268207 -0.139131 -0.953262
vn 0.196225 -0.139004 -0.970656
vn 0.655251 -0.139130 -0.742488
vn 0.691447 -0.139130 -0.708903
vn 0.637170 -0.131915 -0.759350
vn 0.384666 -0.139005 -0.912529
vn 0.384665 -0.139004 -0.912530
vn 0.557849 -0.139003 -0.818219
vn 0.557850 -0.139004 -0.818218
vn 0.291894 -0.139001 -0.946296
vn 0.384665 -0.139001 -0.912530
vn 0.291557 -0.146916 -0.945204
vn 0.315388 -0.139131 -0.938708
vn 0.361783 -0.139131 -0.921822
vn 0.725923 -0.139132 -0.673556
vn 0.758592 -0.139132 -0.636538
vn 0.709610 -0.131916 -0.692136
vn 0.473612 -0.139006 -0.869695
vn 0.473610 -0.139005 -0.869696
vn 0.636549 -0.139004 -0.758606
vn 0.636547 -0.139003 -0.758608
vn 0.384663 -0.139002 -0.912531
vn 0.384219 -0.146918 -0.911477
vn 0.407286 -0.139132 -0.902641
vn 0.451777 -0.139132 -0.881215
vn 0.789379 -0.139130 -0.597933
vn 0.818203 -0.139130 -0.557841
vn 0.775000 -0.131915 -0.618040
vn 0.557849 -0.139003 -0.818219
vn 0.557853 -0.139006 -0.818216
vn 0.708917 -0.139002 -0.691459
vn 0.774243 -0.139002 -0.617436
vn 0.708917 -0.139003 -0.691459
vn 0.557853 -0.139003 -0.818216
vn 0.473610 -0.139003 -0.869696
vn 0.473062 -0.146915 -0.868693
vn 0.495133 -0.139131 -0.857605
vn 0.537274 -0.139131 -0.831853
vn 0.473609 -0.139002 -0.869697
vn 0.844992 -0.139131 -0.516364
vn 0.869681 -0.139131 -0.473600
vn 0.832684 -0.131915 -0.537807
vn 0.636549 -0.139005 -0.758606
vn 0.636546 -0.139003 -0.758608
vn 0.831870 -0.139005 -0.537281
vn 0.774240 -0.139005 -0.617438
vn 0.557853 -0.139003 -0.818217
vn 0.636546 -0.139003 -0.758608
vn 0.578064 -0.139131 -0.804043
vn 0.617424 -0.139131 -0.774228
vn 0.557209 -0.146915 -0.817272
vn 0.892206 -0.139130 -0.429665
vn 0.912515 -0.139130 -0.384655
vn 0.882096 -0.131916 -0.452222
vn 0.708917 -0.139005 -0.691459
vn 0.708917 -0.139005 -0.691458
vn 0.831871 -0.139003 -0.537279
vn 0.636547 -0.139003 -0.758608
vn 0.655254 -0.139130 -0.742486
vn 0.691444 -0.139130 -0.708907
vn 0.708918 -0.139003 -0.691458
vn 0.635812 -0.146917 -0.757733
vn 0.930553 -0.139131 -0.338694
vn 0.946278 -0.139131 -0.291890
vn 0.922738 -0.131916 -0.362149
vn 0.774242 -0.139004 -0.617436
vn 0.774240 -0.139002 -0.617439
vn 0.881234 -0.139004 -0.451780
vn 0.921836 -0.139004 -0.361795
vn 0.881233 -0.139003 -0.451781
vn 0.708100 -0.146917 -0.690659
vn 0.725921 -0.139132 -0.673558
vn 0.758594 -0.139132 -0.636535
vn 0.708919 -0.139002 -0.691457
vn 0.774242 -0.139003 -0.617436
vn 0.959652 -0.139130 -0.244357
vn 0.970640 -0.139130 -0.196217
vn 0.954212 -0.131915 -0.268472
vn 0.831871 -0.139003 -0.537279
vn 0.881233 -0.139003 -0.451781
vn 0.831870 -0.139002 -0.537281
vn 0.921837 -0.139003 -0.361793
vn 0.773346 -0.146916 -0.616726
vn 0.789381 -0.139130 -0.597931
vn 0.818203 -0.139130 -0.557841
vn 0.774240 -0.139005 -0.617438
vn 0.979213 -0.139131 -0.147595
vn 0.985353 -0.139131 -0.098598
vn 0.976201 -0.131916 -0.172131
vn 0.881234 -0.139003 -0.451781
vn 0.953279 -0.139003 -0.268212
vn 0.953279 -0.139004 -0.268210
vn 0.831870 -0.139003 -0.537281
vn 0.830911 -0.146915 -0.536659
vn 0.831871 -0.139005 -0.537279
vn 0.844991 -0.139131 -0.516365
vn 0.869680 -0.139131 -0.473602
vn 0.989043 -0.139130 -0.049363
vn 0.990274 -0.139130 0.000000
vn 0.988489 -0.131916 -0.074076
vn 0.921837 -0.139004 -0.361793
vn 0.921836 -0.139003 -0.361795
vn 0.975247 -0.139004 -0.171963
vn 0.975247 -0.139004 -0.171962
vn 0.881233 -0.139004 -0.451781
vn 0.921836 -0.139003 -0.361795
vn 0.880216 -0.146916 -0.451259
vn 0.881233 -0.139003 -0.451781
vn 0.892206 -0.139131 -0.429665
vn 0.912514 -0.139131 -0.384657
vn 0.989043 -0.139131 0.049363
vn 0.985353 -0.139131 0.098598
vn 0.990953 -0.131915 0.024712
vn 0.975247 -0.139003 -0.171962
vn 0.953279 -0.139004 -0.268210
vn 0.953279 -0.139003 -0.268212
vn 0.989984 -0.139004 0.024688
vn 0.987523 -0.139004 -0.074004
vn 0.987523 -0.139004 -0.074004
vn 0.953279 -0.139003 -0.268210
vn 0.921837 -0.139003 -0.361794
vn 0.920773 -0.146917 -0.361377
vn 0.930553 -0.139131 -0.338693
vn 0.946279 -0.139131 -0.291888
vn 0.979213 -0.139131 0.147595
vn 0.970640 -0.139131 0.196217
vn 0.983568 -0.131915 0.123257
vn 0.975247 -0.139004 -0.171964
vn 0.989984 -0.139003 0.024689
vn 0.953279 -0.139004 -0.268212
vn 0.952179 -0.146916 -0.267903
vn 0.959652 -0.139130 -0.244357
vn 0.970639 -0.139130 -0.196220
vn 0.959652 -0.139130 0.244357
vn 0.946278 -0.139130 0.291890
vn 0.966408 -0.131915 0.220577
vn 0.987523 -0.139004 -0.074004
vn 0.987523 -0.139004 -0.074004
vn 0.982606 -0.139003 0.123137
vn 0.982606 -0.139003 0.123137
vn 0.975247 -0.139004 -0.171962
vn 0.975247 -0.139004 -0.171964
vn 0.974122 -0.146916 -0.171764
vn 0.979213 -0.139131 -0.147594
vn 0.985353 -0.139131 -0.098599
vn 0.939644 -0.131915 0.315703
vn 0.930553 -0.139131 0.338694
vn 0.912515 -0.139131 0.384655
vn 0.989984 -0.139004 0.024688
vn 0.989984 -0.139004 0.024689
vn 0.965464 -0.139003 0.220360
vn 0.965463 -0.139004 0.220361
vn 0.987523 -0.139004 -0.074004
vn 0.987523 -0.139004 -0.074004
vn 0.986383 -0.146916 -0.073919
vn 0.989043 -0.139131 -0.049361
vn 0.990274 -0.139131 0.000000
vn 0.903540 -0.131915 0.407692
vn 0.892206 -0.139131 0.429665
vn 0.869681 -0.139131 0.473600
vn 0.982606 -0.139004 0.123137
vn 0.982606 -0.139004 0.123137
vn 0.902657 -0.139004 0.407294
vn 0.938725 -0.139004 0.315394
vn 0.938725 -0.139004 0.315394
vn 0.989984 -0.139003 0.024688
vn 0.989984 -0.139004 0.024689
vn 0.989043 -0.139131 0.049361
vn 0.985353 -0.139131 0.098599
vn 0.988842 -0.146916 0.024661
vn 0.858457 -0.131915 0.495630
vn 0.844992 -0.139131 0.516364
vn 0.818203 -0.139131 0.557841
vn 0.965463 -0.139003 0.220360
vn 0.965463 -0.139004 0.220362
vn 0.902657 -0.139003 0.407295
vn 0.981472 -0.146916 0.122994
vn 0.965463 -0.139004 0.220362
vn 0.982607 -0.139003 0.123136
vn 0.982606 -0.139004 0.123137
vn 0.979213 -0.139131 0.147594
vn 0.970639 -0.139131 0.196220
vn 0.789379 -0.139131 0.597933
vn 0.758592 -0.139131 0.636538
vn 0.804842 -0.131915 0.578642
vn 0.938725 -0.139003 0.315393
vn 0.938725 -0.139004 0.315394
vn 0.857618 -0.139003 0.495146
vn 0.857618 -0.139003 0.495146
vn 0.946279 -0.139131 0.291888
vn 0.964349 -0.146916 0.220107
vn 0.965463 -0.139004 0.220361
vn 0.959652 -0.139131 0.244357
vn 0.725923 -0.139130 0.673557
vn 0.691447 -0.139130 0.708903
vn 0.743227 -0.131916 0.655905
vn 0.902656 -0.139004 0.407295
vn 0.902657 -0.139004 0.407294
vn 0.804056 -0.139003 0.578077
vn 0.804055 -0.139003 0.578078
vn 0.742501 -0.139002 0.655264
vn 0.930553 -0.139131 0.338693
vn 0.912514 -0.139131 0.384657
vn 0.937642 -0.146916 0.315030
vn 0.938725 -0.139004 0.315394
vn 0.938725 -0.139003 0.315393
vn 0.674230 -0.131914 0.726645
vn 0.655251 -0.139130 0.742488
vn 0.617424 -0.139130 0.774229
vn 0.857617 -0.139005 0.495146
vn 0.857618 -0.139004 0.495145
vn 0.742504 -0.139005 0.655260
vn 0.892206 -0.139130 0.429665
vn 0.869680 -0.139130 0.473602
vn 0.901615 -0.146916 0.406824
vn 0.857618 -0.139003 0.495147
vn 0.902657 -0.139003 0.407294
vn 0.902657 -0.139003 0.407294
vn 0.578065 -0.139132 0.804041
vn 0.537267 -0.139132 0.831857
vn 0.598529 -0.131916 0.790165
vn 0.804055 -0.139004 0.578078
vn 0.804055 -0.139004 0.578078
vn 0.673570 -0.139003 0.725935
vn 0.673567 -0.139005 0.725937
vn 0.844991 -0.139130 0.516365
vn 0.818203 -0.139130 0.557841
vn 0.856628 -0.146916 0.494575
vn 0.857618 -0.139003 0.495146
vn 0.495142 -0.139130 0.857600
vn 0.451768 -0.139130 0.881220
vn 0.516877 -0.131917 0.845835
vn 0.673567 -0.139003 0.725937
vn 0.742504 -0.139003 0.655260
vn 0.742503 -0.139004 0.655261
vn 0.597944 -0.139002 0.789393
vn 0.597943 -0.139003 0.789394
vn 0.789380 -0.139132 0.597931
vn 0.758595 -0.139132 0.636535
vn 0.803127 -0.146916 0.577410
vn 0.804055 -0.139004 0.578078
vn 0.804055 -0.139003 0.578077
vn 0.407288 -0.139130 0.902640
vn 0.361790 -0.139130 0.921819
vn 0.430090 -0.131916 0.893096
vn 0.673570 -0.139005 0.725935
vn 0.516372 -0.139003 0.845008
vn 0.516374 -0.139002 0.845007
vn 0.725921 -0.139132 0.673558
vn 0.691443 -0.139132 0.708907
vn 0.741645 -0.146917 0.654506
vn 0.742503 -0.139003 0.655262
vn 0.742502 -0.139004 0.655263
vn 0.339036 -0.131916 0.931479
vn 0.315392 -0.139132 0.938707
vn 0.268209 -0.139132 0.953261
vn 0.597943 -0.139005 0.789394
vn 0.597942 -0.139005 0.789394
vn 0.429669 -0.139006 0.892223
vn 0.429675 -0.139003 0.892221
vn 0.655253 -0.139132 0.742486
vn 0.617424 -0.139132 0.774228
vn 0.672793 -0.146916 0.725097
vn 0.673570 -0.139003 0.725935
vn 0.673570 -0.139003 0.725935
vn 0.597942 -0.139003 0.789394
vn 0.244596 -0.131914 0.960610
vn 0.220348 -0.139131 0.965448
vn 0.171966 -0.139131 0.975228
vn 0.516374 -0.139005 0.845006
vn 0.516373 -0.139005 0.845007
vn 0.244357 -0.139001 0.959671
vn 0.338697 -0.139006 0.930571
vn 0.338704 -0.139002 0.930569
vn 0.597944 -0.139005 0.789392
vn 0.578064 -0.139129 0.804043
vn 0.537274 -0.139129 0.831853
vn 0.597255 -0.146916 0.788481
vn 0.147740 -0.131913 0.980190
vn 0.049411 -0.131915 0.990029
vn 0.123128 -0.139131 0.982589
vn 0.074004 -0.139131 0.987505
vn 0.429675 -0.139004 0.892221
vn 0.429672 -0.139005 0.892222
vn 0.244365 -0.139006 0.959668
vn 0.516372 -0.139005 0.845007
vn 0.495133 -0.139130 0.857605
vn 0.451778 -0.139130 0.881215
vn 0.515776 -0.146916 0.844032
vn 0.516374 -0.139003 0.845006
vn 0.244365 -0.139004 0.959668
vn 0.338697 -0.139004 0.930571
vn 0.338698 -0.139003 0.930571
vn 0.049362 -0.139006 0.989060
vn 0.147595 -0.139006 0.979231
vn 0.147595 -0.139006 0.979231
vn 0.049362 -0.139006 0.989061
vn 0.429177 -0.146916 0.891192
vn 0.407286 -0.139130 0.902641
vn 0.361783 -0.139130 0.921822
vn 0.429673 -0.139003 0.892222
vn 0.429672 -0.139004 0.892222
vn 0.244364 -0.139003 0.959669
vn 0.315388 -0.139129 0.938709
vn 0.268207 -0.139129 0.953262
vn 0.338309 -0.146914 0.929496
vn 0.338698 -0.139004 0.930570
vn 0.338699 -0.139004 0.930570
vn 0.049362 -0.139003 0.989061
vn 0.147595 -0.139003 0.979231
vn 0.049362 -0.139003 0.989061
vn 0.049362 -0.139003 0.989061
vn 0.147595 -0.139003 0.979231
vn 0.220363 -0.139131 0.965444
vn 0.171961 -0.139131 0.975229
vn 0.244080 -0.146914 0.958562
vn 0.244362 -0.139004 0.959669
vn 0.244364 -0.139003 0.959669
vn 0.123132 -0.139131 0.982589
vn 0.074001 -0.139131 0.987505
vn 0.049361 -0.139003 0.989061
vn 0.147425 -0.146916 0.978101
vn 0.147595 -0.139003 0.979231
vn 0.147595 -0.139003 0.979231
vn 0.049304 -0.146915 0.987920
vn 0.024689 -0.139130 0.989966
vn 0.024689 -0.139130 0.989966
vn -0.074004 -0.139131 0.987505
vn -0.123128 -0.139131 0.982589
vn -0.049411 -0.131915 0.990029
vn -0.147740 -0.131913 0.980190
vn -0.171966 -0.139131 0.975228
vn -0.220348 -0.139131 0.965448
vn -0.049362 -0.139006 0.989060
vn -0.049362 -0.139006 0.989061
vn -0.268209 -0.139132 0.953261
vn -0.315392 -0.139132 0.938707
vn -0.244596 -0.131914 0.960610
vn -0.147595 -0.139006 0.979231
vn -0.147595 -0.139006 0.979231
vn -0.339035 -0.131916 0.931479
vn -0.361790 -0.139131 0.921819
vn -0.407288 -0.139131 0.902640
vn -0.049362 -0.139003 0.989061
vn -0.049362 -0.139003 0.989061
vn -0.244357 -0.139001 0.959671
vn -0.244365 -0.139006 0.959668
vn -0.430090 -0.131916 0.893096
vn -0.451768 -0.139130 0.881220
vn -0.495141 -0.139130 0.857600
vn -0.147595 -0.139003 0.979231
vn -0.147595 -0.139003 0.979231
vn -0.338697 -0.139002 0.930571
vn -0.338704 -0.139006 0.930568
vn -0.074001 -0.139131 0.987505
vn -0.123132 -0.139131 0.982589
vn -0.049361 -0.139003 0.989061
vn -0.049362 -0.139003 0.989061
vn -0.049304 -0.146915 0.987920
vn -0.537268 -0.139132 0.831857
vn -0.578066 -0.139132 0.804041
vn -0.516877 -0.131917 0.845835
vn -0.244365 -0.139004 0.959668
vn -0.244364 -0.139003 0.959669
vn -0.429675 -0.139006 0.892220
vn -0.429670 -0.139003 0.892223
vn -0.516372 -0.139003 0.845008
vn -0.171961 -0.139131 0.975229
vn -0.220363 -0.139131 0.965444
vn -0.147425 -0.146916 0.978101
vn -0.147595 -0.139003 0.979231
vn -0.147595 -0.139003 0.979231
vn -0.617424 -0.139130 0.774229
vn -0.655251 -0.139130 0.742488
vn -0.598529 -0.131916 0.790165
vn -0.338697 -0.139003 0.930571
vn -0.338698 -0.139004 0.930570
vn -0.516373 -0.139002 0.845007
vn -0.268207 -0.139129 0.953262
vn -0.315388 -0.139129 0.938709
vn -0.244080 -0.146914 0.958562
vn -0.244362 -0.139003 0.959669
vn -0.244364 -0.139004 0.959669
vn -0.674229 -0.131915 0.726645
vn -0.691447 -0.139130 0.708903
vn -0.725924 -0.139130 0.673556
vn -0.429675 -0.139006 0.892220
vn -0.429672 -0.139003 0.892222
vn -0.597943 -0.139002 0.789394
vn -0.597944 -0.139003 0.789393
vn -0.361783 -0.139131 0.921822
vn -0.407287 -0.139131 0.902641
vn -0.338309 -0.146914 0.929496
vn -0.338699 -0.139004 0.930570
vn -0.338698 -0.139003 0.930571
vn -0.758592 -0.139131 0.636538
vn -0.789379 -0.139131 0.597933
vn -0.743227 -0.131916 0.655905
vn -0.516373 -0.139005 0.845007
vn -0.516374 -0.139005 0.845006
vn 0.000000 -1.000000 0.000000
vn 0.000000 -1.000000 0.000000
vn 0.000000 -1.000000 0.000000
vn 0.000000 -1.000000 0.000000
vn 0.000000 -1.000000 0.000000
vn 0.000000 -1.000000 0.000000
vn 0.000000 -1.000000 0.000000
vn 0.000000 -1.000000 0.000000
vn 0.000000 -1.000000 0.000000
vn 0.000000 -1.000000 0.000000
vn 0.000000 -1.000000 0.000000
vn 0.000000 -1.000000 0.000000
vn 0.000000 -1.000000 0.000000
vn 0.000000 -1.000000 0.000000
vn 0.000000 -1.000000 0.000000
vn 0.000000 -1.000000 0.000000
vn 0.000000 -1.000000 0.000000
vn 0.000000 -1.000000 0.000000
vn 0.000000 -1.000000 0.000000
vn 0.000000 -1.000000 0.000000
vn 0.000000 -1.000000 0.000000
vn 0.000000 -1.000000 0.000000
vn 0.000000 -1.000000 0.000000
vn 0.000000 -1.000000 0.000000
vn 0.000000 -1.000000 0.000000
vn 0.000000 -1.000000 0.000000
vn 0.000000 -1.000000 0.000000
vn 0.000000 -1.000000 0.000000
vn 0.000000 -1.000000 0.000000
vn 0.000000 -1.000000 0.000000
vn 0.000000 -1.000000 0.000000
vn -0.000000 -1.000000 0.000000
vn 0.000000 -1.000000 0.000000
vn 0.000000 -1.000000 0.000000
vn 0.000000 -1.000000 0.000000
vn 0.000000 -1.000000 0.000000
vn 0.000000 -1.000000 0.000000
vn 0.000000 -1.000000 0.000000
vn 0.000000 -1.000000 0.000000
vn 0.000000 -1.000000 0.000000
vn 0.000000 -1.000000 0.000000
vn 0.000000 -1.000000 0.000000
vn 0.000000 -1.000000 0.000000
vn 0.000000 -1.000000 0.000000
vn 0.000000 -1.000000 0.000000
vn 0.000000 -1.000000 0.000000
vn 0.000000 -1.000000 0.000000
vn 0.000000 -1.000000 0.000000
vn 0.000000 -1.000000 0.000000
vn 0.000000 -1.000000 0.000000
vn 0.000000 -1.000000 0.000000
vn 0.000000 -1.000000 0.000000
vn 0.000000 -1.000000 0.000000
vn 0.000000 -1.000000 0.000000
vn 0.000000 -1.000000 0.000000
vn 0.000000 -1.000000 0.000000
vn 0.000000 -1.000000 0.000000
vn 0.000000 -1.000000 0.000000
vn 0.000000 -1.000000 0.000000
vn 0.000000 -1.000000 0.000000
vn 0.000000 -1.000000 0.000000
vn 0.000000 -1.000000 -0.000000
vn 0.000000 -1.000000 0.000000
vn 0.000000 -1.000000 0.000000
vn 0.000000 -1.000000 0.000000
vn 0.000000 -1.000000 0.000000
vn 0.000000 -1.000000 0.000000
vn 0.000000 -1.000000 0.000000
vn 0.000000 -1.000000 0.000000
vn 0.000000 -1.000000 0.000000
vn 0.000000 -1.000000 0.000000
vn 0.000000 -1.000000 0.000000
vn 0.000000 -1.000000 0.000000
vn 0.000000 -1.000000 0.000000
vn 0.000000 -1.000000 0.000000
vn 0.000000 -1.000000 0.000000
vn 0.000000 -1.000000 0.000000
vn 0.000000 -1.000000 0.000000
vn 0.000000 -1.000000 0.000000
vn 0.000000 -1.000000 0.000000
vn 0.000000 -1.000000 0.000000
vn 0.000000 -1.000000 0.000000
vn 0.000000 -1.000000 -0.000000
vn 0.000000 -1.000000 0.000000
vn 0.000000 -1.000000 0.000000
vn -0.000000 -1.000000 0.000000
vn 0.000000 -1.000000 0.000000
vn 0.000000 -1.000000 0.000000
vn 0.000000 -1.000000 0.000000
vn 0.000000 -1.000000 0.000000
vn 0.000000 -1.000000 0.000000
vn 0.000000 -1.000000 -0.000000
vn 0.000000 -1.000000 0.000000
vn 0.000000 -1.000000 0.000000
vn 0.000000 -1.000000 0.000000
vn 0.000000 -1.000000 0.000000
vn 0.000000 -1.000000 0.000000
vn 0.000000 -1.000000 0.000000
vn 0.000000 -1.000000 0.000000
vn 0.000000 -1.000000 0.000000
vn 0.000000 -1.000000 0.000000
vn 0.000000 -1.000000 0.000000
vn 0.000000 -1.000000 0.000000
vn -0.000000 -1.000000 0.000000
vn 0.000000 -1.000000 0.000000
vn 0.000000 -1.000000 0.000000
vn 0.000000 -1.000000 0.000000
vn 0.000000 -1.000000 0.000000
vn 0.000000 -1.000000 0.000000
vn 0.000000 -1.000000 0.000000
vn 0.000000 -1.000000 0.000000
vn 0.000000 -1.000000 0.000000
vn 0.000000 -1.000000 0.000000
vn -0.000000 -1.000000 0.000000
vn 0.000000 -1.000000 0.000000
vn 0.000000 -1.000000 0.000000
vn 0.000000 -1.000000 -0.000000
vn 0.000000 -1.000000 0.000000
vn 0.000000 -1.000000 0.000000
vn 0.000000 -1.000000 0.000000
vn 0.000000 -1.000000 0.000000
vn 0.000000 -1.000000 0.000000
vn -0.000000 -1.000000 -0.000000
vn 0.000000 -1.000000 0.000000
vn -0.024932 0.000000 0.999689
vn -0.024932 0.000000 0.999689
vn -0.074731 0.000000 0.997204
vn -0.074731 0.000000 0.997204
vn -0.124338 0.000000 0.992240
vn -0.173654 0.000000 0.984807
vn -0.124338 0.000000 0.992240
vn -0.222512 0.000000 0.974930
vn -0.173654 -0.000000 0.984807
vn -0.222512 0.000000 0.974930
vn -0.270843 0.000000 0.962624
vn -0.270843 0.000000 0.962624
vn -0.318490 0.000000 0.947926
vn -0.318490 0.000000 0.947926
vn -0.365344 -0.000000 0.930873
vn -0.411288 0.000000 0.911506
vn -0.365344 0.000000 0.930873
vn -0.456205 0.000000 0.889875
vn -0.411288 -0.000000 0.911506
vn -0.456205 0.000000 0.889875
vn -0.500004 0.000000 0.866023
vn -0.500004 0.000000 0.866023
vn -0.542545 0.000000 0.840027
vn -0.542545 0.000000 0.840027
vn -0.583743 0.000000 0.811938
vn -0.583743 0.000000 0.811938
vn -0.623488 0.000000 0.781833
vn -0.623488 -0.000000 0.781833
vn -0.661686 0.000000 0.749781
vn -0.661686 -0.000000 0.749781
vn -0.698238 0.000000 0.715866
vn -0.698238 0.000000 0.715866
vn -0.733053 0.000000 0.680171
vn -0.733053 -0.000000 0.680171
vn -0.766043 0.000000 0.642790
vn -0.766043 -0.000000 0.642790
vn -0.797132 0.000000 0.603806
vn -0.797132 -0.000000 0.603806
vn -0.826239 0.000000 0.563320
vn -0.826239 -0.000000 0.563320
vn -0.853291 0.000000 0.521435
vn -0.853291 0.000000 0.521435
vn -0.878222 0.000000 0.478254
vn -0.878222 0.000000 0.478254
vn -0.900969 0.000000 0.433883
vn -0.900969 0.000000 0.433883
vn -0.921476 -0.000000 0.388434
vn -0.939693 0.000000 0.342019
vn -0.921476 0.000000 0.388434
vn -0.939693 -0.000000 0.342019
vn -0.955572 0.000000 0.294757
vn -0.955572 0.000000 0.294757
vn -0.969078 -0.000000 0.246756
vn -0.969078 0.000000 0.246756
vn -0.980173 0.000000 0.198145
vn -0.988831 0.000000 0.149042
vn -0.980173 0.000000 0.198145
vn -0.988831 -0.000000 0.149042
vn -0.995031 0.000000 0.099568
vn -0.995031 0.000000 0.099568
vn -0.998757 -0.000000 0.049846
vn -0.998757 0.000000 0.049846
vn -1.000000 0.000000 0.000000
vn -0.998757 -0.000000 -0.049846
vn -1.000000 0.000000 0.000000
vn -0.998757 0.000000 -0.049846
vn -0.995031 -0.000000 -0.099568
vn -0.988831 -0.000000 -0.149042
vn -0.995031 0.000000 -0.099568
vn -0.988831 0.000000 -0.149042
vn -0.980173 0.000000 -0.198145
vn -0.980173 -0.000000 -0.198145
vn -0.969078 -0.000000 -0.246756
vn -0.969078 0.000000 -0.246756
vn -0.955572 -0.000000 -0.294757
vn -0.939693 -0.000000 -0.342019
vn -0.955572 0.000000 -0.294757
vn -0.939693 0.000000 -0.342019
vn -0.921476 0.000000 -0.388434
vn -0.921476 0.000000 -0.388434
vn -0.900969 0.000000 -0.433883
vn -0.900969 -0.000000 -0.433883
vn -0.878222 0.000000 -0.478254
vn -0.878222 -0.000000 -0.478254
vn -0.853291 0.000000 -0.521435
vn -0.853291 -0.000000 -0.521435
vn -0.826239 -0.000000 -0.563320
vn -0.826239 0.000000 -0.563320
vn -0.797132 0.000000 -0.603806
vn -0.797132 0.000000 -0.603806
vn -0.766043 0.000000 -0.642790
vn -0.766043 0.000000 -0.642790
vn -0.733053 0.000000 -0.680171
vn -0.733053 0.000000 -0.680171
vn -0.698238 0.000000 -0.715866
vn -0.698238 -0.000000 -0.715866
vn -0.661686 -0.000000 -0.749781
vn -0.661686 0.000000 -0.749781
vn -0.623488 -0.000000 -0.781833
vn -0.623488 0.000000 -0.781833
vn -0.583743 0.000000 -0.811938
vn -0.583743 -0.000000 -0.811938
vn -0.542545 -0.000000 -0.840027
vn -0.542545 -0.000000 -0.840027
vn -0.500004 0.000000 -0.866023
vn -0.500004 -0.000000 -0.866023
vn -0.456205 0.000000 -0.889875
vn -0.456205 -0.000000 -0.889875
vn -0.411288 0.000000 -0.911506
vn -0.411288 0.000000 -0.911506
vn -0.365344 0.000000 -0.930873
vn -0.365344 0.000000 -0.930873
vn -0.318490 -0.000000 -0.947926
vn -0.318490 -0.000000 -0.947926
vn -0.270843 -0.000000 -0.962624
vn -0.222512 -0.000000 -0.974930
vn -0.270843 0.000000 -0.962624
vn -0.222512 -0.000000 -0.974930
vn -0.173654 0.000000 -0.984807
vn -0.173654 0.000000 -0.984807
vn -0.124338 -0.000000 -0.992240
vn -0.074731 -0.000000 -0.997204
vn -0.124338 0.000000 -0.992240
vn -0.074731 -0.000000 -0.997204
vn -0.024932 0.000000 -0.999689
vn -0.024932 0.000000 -0.999689
vn 0.024932 0.000000 -0.999689
vn 0.024932 0.000000 -0.999689
vn 0.074731 0.000000 -0.997204
vn 0.074731 0.000000 -0.997204
vn 0.124338 0.000000 -0.992240
vn 0.124338 0.000000 -0.992240
vn 0.173654 0.000000 -0.984807
vn 0.173654 -0.000000 -0.984807
vn 0.222512 0.000000 -0.974930
vn 0.222512 0.000000 -0.974930
vn 0.270843 0.000000 -0.962623
vn 0.270843 -0.000000 -0.962623
vn 0.318490 0.000000 -0.947926
vn 0.318490 0.000000 -0.947926
vn 0.365344 0.000000 -0.930873
vn 0.365344 0.000000 -0.930873
vn 0.411288 0.000000 -0.911505
vn 0.411288 0.000000 -0.911505
vn 0.456205 0.000000 -0.889875
vn 0.456205 0.000000 -0.889875
vn 0.500005 0.000000 -0.866023
vn 0.500005 0.000000 -0.866023
vn 0.542544 -0.000000 -0.840027
vn 0.583743 0.000000 -0.811939
vn 0.542544 0.000000 -0.840027
vn 0.583743 -0.000000 -0.811939
vn 0.623488 -0.000000 -0.781833
vn 0.661687 0.000000 -0.749780
vn 0.623488 0.000000 -0.781833
vn 0.661687 0.000000 -0.749780
vn 0.698238 -0.000000 -0.715866
vn 0.698238 0.000000 -0.715866
vn 0.733053 0.000000 -0.680172
vn 0.733053 0.000000 -0.680172
vn 0.766043 0.000000 -0.642789
vn 0.766043 0.000000 -0.642789
vn 0.797132 -0.000000 -0.603806
vn 0.797132 0.000000 -0.603806
vn 0.826239 0.000000 -0.563320
vn 0.853291 0.000000 -0.521435
vn 0.826239 0.000000 -0.563320
vn 0.853291 0.000000 -0.521435
vn 0.878223 -0.000000 -0.478252
vn 0.878223 0.000000 -0.478252
vn 0.900968 0.000000 -0.433885
vn 0.921477 0.000000 -0.388433
vn 0.900968 0.000000 -0.433885
vn 0.921477 0.000000 -0.388433
vn 0.939692 0.000000 -0.342021
vn 0.939692 -0.000000 -0.342021
vn 0.955572 0.000000 -0.294757
vn 0.955572 0.000000 -0.294757
vn 0.969077 0.000000 -0.246757
vn 0.969077 -0.000000 -0.246757
vn 0.980173 0.000000 -0.198144
vn 0.980173 0.000000 -0.198144
vn 0.988831 0.000000 -0.149044
vn 0.988831 -0.000000 -0.149044
vn 0.995031 0.000000 -0.099566
vn 0.995031 0.000000 -0.099566
vn 0.998757 -0.000000 -0.049847
vn 0.998757 0.000000 -0.049847
vn 1.000000 0.000000 0.000000
vn 0.998757 0.000000 0.049847
vn 1.000000 -0.000000 0.000000
vn 0.998757 0.000000 0.049847
vn 0.995031 -0.000000 0.099566
vn 0.995031 -0.000000 0.099566
vn 0.988831 0.000000 0.149044
vn 0.988831 -0.000000 0.149044
vn 0.980173 -0.000000 0.198144
vn 0.969077 0.000000 0.246757
vn 0.980173 -0.000000 0.198144
vn 0.969077 0.000000 0.246757
vn 0.955572 0.000000 0.294757
vn 0.955572 -0.000000 0.294757
vn 0.939692 0.000000 0.342021
vn 0.939692 -0.000000 0.342021
vn 0.921477 -0.000000 0.388433
vn 0.900968 0.000000 0.433885
vn 0.921477 -0.000000 0.388433
vn 0.900968 -0.000000 0.433885
vn 0.878223 0.000000 0.478252
vn 0.853291 0.000000 0.521435
vn 0.878223 -0.000000 0.478252
vn 0.853291 -0.000000 0.521435
vn 0.826239 -0.000000 0.563320
vn 0.826239 -0.000000 0.563320
vn 0.797132 0.000000 0.603806
vn 0.797132 -0.000000 0.603806
vn 0.766043 -0.000000 0.642789
vn 0.733053 0.000000 0.680172
vn 0.766043 -0.000000 0.642789
vn 0.733053 -0.000000 0.680172
vn 0.698238 0.000000 0.715866
vn 0.698238 -0.000000 0.715866
vn 0.661687 -0.000000 0.749780
vn 0.661687 -0.000000 0.749780
vn 0.623488 -0.000000 0.781833
vn 0.623488 0.000000 0.781833
vn 0.583743 0.000000 0.811939
vn 0.583743 0.000000 0.811939
vn 0.542544 0.000000 0.840027
vn 0.542544 0.000000 0.840027
vn 0.500005 -0.000000 0.866023
vn 0.500005 -0.000000 0.866023
vn 0.456205 0.000000 0.889875
vn 0.456205 -0.000000 0.889875
vn 0.411288 0.000000 0.911505
vn 0.411288 -0.000000 0.911505
vn 0.365344 -0.000000 0.930873
vn 0.365344 -0.000000 0.930873
vn 0.318490 -0.000000 0.947926
vn 0.318490 -0.000000 0.947926
vn 0.270843 -0.000000 0.962623
vn 0.270843 0.000000 0.962623
vn 0.222512 -0.000000 0.974930
vn 0.222512 -0.000000 0.974930
vn 0.173654 0.000000 0.984807
vn 0.173654 0.000000 0.984807
vn 0.124338 0.000000 0.992240
vn 0.074731 0.000000 0.997204
vn 0.124338 -0.000000 0.992240
vn 0.074731 -0.000000 0.997204
vn 0.024932 0.000000 0.999689
vn 0.024932 -0.000000 0.999689
vn 0.000000 -1.000000 0.000000
vn 0.000000 -1.000000 0.000000
vn 0.000000 -1.000000 0.000000
vn 0.000000 -1.000000 0.000000
vn 0.000000 -1.000000 0.000000
vn 0.000000 -1.000000 0.000000
vn 0.000000 -1.000000 0.000000
vn 0.000000 -1.000000 0.000000
vn 0.000000 -1.000000 0.000000
vn 0.000000 -1.000000 0.000000
vn 0.000000 -1.000000 0.000000
vn 0.000000 -1.000000 0.000000
vn 0.000000 -1.000000 0.000000
vn 0.000000 -1.000000 0.000000
vn 0.000000 -1.000000 0.000000
vn 0.000000 -1.000000 0.000000
vn 0.000000 -1.000000 0.000000
vn 0.000000 -1.000000 0.000000
vn 0.000000 -1.000000 0.000000
vn 0.000000 -1.000000 0.000000
vn 0.000000 -1.000000 0.000000
vn 0.000000 -1.000000 0.000000
vn 0.000000 -1.000000 0.000000
vn 0.000000 -1.000000 0.000000
vn 0.000000 -1.000000 0.000000
vn 0.000000 -1.000000 0.000000
vn 0.000000 -1.000000 0.000000
vn -0.000000 -1.000000 0.000000
vn 0.000000 -1.000000 0.000000
vn 0.000000 -1.000000 0.000000
vn 0.000000 -1.000000 0.000000
vn 0.000000 -1.000000 0.000000
vn 0.000000 -1.000000 0.000000
vn 0.000000 -1.000000 0.000000
vn 0.000000 -1.000000 0.000000
vn 0.000000 -1.000000 0.000000
vn 0.000000 -1.000000 0.000000
vn 0.000000 -1.000000 0.000000
vn 0.000000 -1.000000 0.000000
vn 0.000000 -1.000000 0.000000
vn 0.000000 -1.000000 0.000000
vn 0.000000 -1.000000 0.000000
vn 0.000000 -1.000000 0.000000
vn 0.000000 -1.000000 0.000000
vn 0.000000 -1.000000 0.000000
vn 0.000000 -1.000000 0.000000
vn 0.000000 -1.000000 0.000000
vn 0.000000 -1.000000 0.000000
vn 0.000000 -1.000000 0.000000
vn 0.000000 -1.000000 0.000000
vn 0.000000 -1.000000 0.000000
vn 0.000000 -1.000000 0.000000
vn 0.000000 -1.000000 0.000000
vn 0.000000 -1.000000 0.000000
vn 0.000000 -1.000000 0.000000
vn 0.000000 -1.000000 0.000000
vn 0.000000 -1.000000 0.000000
vn 0.000000 -1.000000 0.000000
vn 0.000000 -1.000000 0.000000
vn 0.000000 -1.000000 0.000000
vn 0.000000 -1.000000 0.000000
vn 0.000000 -1.000000 0.000000
vn 0.000000 -1.000000 0.000000
vn 0.000000 -1.000000 0.000000
vn 0.000000 -1.000000 0.000000
vn 0.000000 -1.000000 0.000000
vn 0.000000 -1.000000 0.000000
vn 0.000000 -1.000000 0.000000
vn 0.000000 -1.000000 0.000000
vn 0.000000 -1.000000 0.000000
vn 0.000000 -1.000000 0.000000
vn 0.000000 -1.000000 0.000000
vn 0.000000 -1.000000 0.000000
vn 0.000000 -1.000000 0.000000
vn 0.000000 -1.000000 0.000000
vn 0.000000 -1.000000 0.000000
vn 0.000000 -1.000000 0.000000
vn 0.000000 -1.000000 0.000000
vn 0.000000 -1.000000 0.000000
vn 0.000000 -1.000000 0.000000
vn 0.000000 -1.000000 0.000000
vn 0.000000 -1.000000 0.000000
vn 0.000000 -1.000000 0.000000
vn -0.000000 -1.000000 0.000000
vn 0.000000 -1.000000 0.000000
vn 0.000000 -1.000000 0.000000
vn 0.000000 -1.000000 0.000000
vn 0.000000 -1.000000 0.000000
vn 0.000000 -1.000000 0.000000
vn 0.000000 -1.000000 0.000000
vn 0.000000 -1.000000 0.000000
vn 0.000000 -1.000000 0.000000
vn 0.000000 -1.000000 0.000000
vn 0.000000 -1.000000 0.000000
vn 0.000000 -1.000000 0.000000
vn 0.000000 -1.000000 0.000000
vn -0.000000 -1.000000 0.000000
vn 0.000000 -1.000000 0.000000
vn 0.000000 -1.000000 0.000000
vn 0.000000 -1.000000 0.000000
vn 0.000000 -1.000000 0.000000
vn 0.000000 -1.000000 0.000000
vn 0.000000 -1.000000 0.000000
vn 0.000000 -1.000000 0.000000
vn 0.000000 -1.000000 0.000000
vn 0.000000 -1.000000 0.000000
vn 0.000000 -1.000000 0.000000
vn 0.000000 -1.000000 0.000000
vn 0.000000 -1.000000 0.000000
vn 0.000000 -1.000000 0.000000
vn 0.000000 -1.000000 0.000000
vn 0.000000 -1.000000 0.000000
vn -0.000000 -1.000000 0.000000
vn 0.000000 -1.000000 -0.000000
vn 0.000000 -1.000000 0.000000
vn 0.000000 -1.000000 0.000000
vn 0.000000 -1.000000 0.000000
vn 0.000000 -1.000000 0.000000
vn 0.000000 -1.000000 0.000000
vn 0.000000 -1.000000 0.000000
vn 0.000000 -1.000000 0.000000
vn 0.000000 -1.000000 0.000000
vn 0.000000 -1.000000 0.000000
vn -0.000000 -1.000000 -0.000000
vn -0.024932 0.000000 0.999689
vn -0.024932 0.000000 0.999689
vn -0.074731 -0.000000 0.997204
vn -0.074731 0.000000 0.997204
vn -0.124337 0.000000 0.992240
vn -0.173655 0.000000 0.984806
vn -0.124337 0.000000 0.992240
vn -0.222512 0.000000 0.974930
vn -0.173655 0.000000 0.984806
vn -0.222512 0.000000 0.974930
vn -0.270843 -0.000000 0.962623
vn -0.270843 0.000000 0.962623
vn -0.318489 0.000000 0.947927
vn -0.318489 0.000000 0.947927
vn -0.365345 0.000000 0.930872
vn -0.411287 0.000000 0.911506
vn -0.365345 0.000000 0.930872
vn -0.456204 0.000000 0.889875
vn -0.411287 -0.000000 0.911506
vn -0.456204 -0.000000 0.889875
vn -0.500005 0.000000 0.866023
vn -0.500005 0.000000 0.866023
vn -0.542546 0.000000 0.840026
vn -0.542546 -0.000000 0.840026
vn -0.583742 0.000000 0.811939
vn -0.583742 -0.000000 0.811939
vn -0.623490 0.000000 0.781831
vn -0.623490 -0.000000 0.781831
vn -0.661685 0.000000 0.749782
vn -0.661685 0.000000 0.749782
vn -0.698238 0.000000 0.715866
vn -0.698238 -0.000000 0.715866
vn -0.733054 0.000000 0.680170
vn -0.733054 -0.000000 0.680170
vn -0.766044 0.000000 0.642788
vn -0.766044 -0.000000 0.642788
vn -0.797128 0.000000 0.603811
vn -0.797128 -0.000000 0.603811
vn -0.826239 0.000000 0.563320
vn -0.826239 0.000000 0.563320
vn -0.853291 0.000000 0.521435
vn -0.853291 0.000000 0.521435
vn -0.878222 0.000000 0.478254
vn -0.878222 0.000000 0.478254
vn -0.900973 0.000000 0.433876
vn -0.900973 -0.000000 0.433876
vn -0.921473 0.000000 0.388442
vn -0.939693 0.000000 0.342018
vn -0.921473 0.000000 0.388442
vn -0.939693 0.000000 0.342018
vn -0.955575 0.000000 0.294750
vn -0.955575 0.000000 0.294750
vn -0.969077 -0.000000 0.246757
vn -0.969077 0.000000 0.246757
vn -0.980172 0.000000 0.198146
vn -0.988831 0.000000 0.149044
vn -0.980172 0.000000 0.198146
vn -0.988831 -0.000000 0.149044
vn -0.995031 0.000000 0.099566
vn -0.995031 0.000000 0.099566
vn -0.998757 0.000000 0.049853
vn -0.998757 0.000000 0.049853
vn -1.000000 0.000000 0.000000
vn -0.998757 -0.000000 -0.049853
vn -1.000000 0.000000 0.000000
vn -0.998757 -0.000000 -0.049853
vn -0.995031 -0.000000 -0.099566
vn -0.988831 -0.000000 -0.149044
vn -0.995031 0.000000 -0.099566
vn -0.988831 0.000000 -0.149044
vn -0.980172 0.000000 -0.198146
vn -0.980172 -0.000000 -0.198146
vn -0.969077 -0.000000 -0.246757
vn -0.969077 0.000000 -0.246757
vn -0.955575 -0.000000 -0.294750
vn -0.939693 -0.000000 -0.342018
vn -0.955575 0.000000 -0.294750
vn -0.939693 0.000000 -0.342018
vn -0.921473 0.000000 -0.388442
vn -0.921473 -0.000000 -0.388442
vn -0.900973 0.000000 -0.433876
vn -0.900973 0.000000 -0.433876
vn -0.878222 0.000000 -0.478254
vn -0.878222 -0.000000 -0.478254
vn -0.853291 0.000000 -0.521435
vn -0.853291 -0.000000 -0.521435
vn -0.826239 -0.000000 -0.563320
vn -0.826239 -0.000000 -0.563320
vn -0.797128 0.000000 -0.603811
vn -0.797128 0.000000 -0.603811
vn -0.766044 0.000000 -0.642788
vn -0.766044 0.000000 -0.642788
vn -0.733054 0.000000 -0.680170
vn -0.733054 0.000000 -0.680170
vn -0.698238 0.000000 -0.715866
vn -0.698238 0.000000 -0.715866
vn -0.661685 -0.000000 -0.749782
vn -0.661685 -0.000000 -0.749782
vn -0.623490 -0.000000 -0.781831
vn -0.623490 0.000000 -0.781831
vn -0.583742 0.000000 -0.811939
vn -0.583742 0.000000 -0.811939
vn -0.542546 -0.000000 -0.840026
vn -0.542546 0.000000 -0.840026
vn -0.500005 0.000000 -0.866023
vn -0.500005 -0.000000 -0.866023
vn -0.456204 0.000000 -0.889875
vn -0.456204 0.000000 -0.889875
vn -0.411287 0.000000 -0.911506
vn -0.411287 0.000000 -0.911506
vn -0.365345 0.000000 -0.930872
vn -0.365345 -0.000000 -0.930872
vn -0.318489 -0.000000 -0.947927
vn -0.318489 -0.000000 -0.947927
vn -0.270843 0.000000 -0.962623
vn -0.222512 -0.000000 -0.974930
vn -0.270843 0.000000 -0.962623
vn -0.222512 -0.000000 -0.974930
vn -0.173655 -0.000000 -0.984806
vn -0.173655 0.000000 -0.984806
vn -0.124337 -0.000000 -0.992240
vn -0.074731 -0.000000 -0.997204
vn -0.124337 0.000000 -0.992240
vn -0.074731 0.000000 -0.997204
vn -0.024932 0.000000 -0.999689
vn -0.024932 0.000000 -0.999689
vn 0.024932 0.000000 -0.999689
vn 0.024932 -0.000000 -0.999689
vn 0.074731 0.000000 -0.997204
vn 0.074731 -0.000000 -0.997204
vn 0.124337 0.000000 -0.992240
vn 0.124337 0.000000 -0.992240
vn 0.173655 0.000000 -0.984806
vn 0.173655 0.000000 -0.984806
vn 0.222512 0.000000 -0.974930
vn 0.222512 0.000000 -0.974930
vn 0.270843 0.000000 -0.962623
vn 0.270843 -0.000000 -0.962623
vn 0.318489 0.000000 -0.947927
vn 0.318489 0.000000 -0.947927
vn 0.365345 0.000000 -0.930872
vn 0.365345 0.000000 -0.930872
vn 0.411287 0.000000 -0.911506
vn 0.411287 -0.000000 -0.911506
vn 0.456204 0.000000 -0.889875
vn 0.456204 -0.000000 -0.889875
vn 0.500005 0.000000 -0.866023
vn 0.500005 0.000000 -0.866023
vn 0.542546 -0.000000 -0.840026
vn 0.583742 0.000000 -0.811939
vn 0.542546 0.000000 -0.840026
vn 0.583742 -0.000000 -0.811939
vn 0.623490 -0.000000 -0.781831
vn 0.661685 0.000000 -0.749782
vn 0.623490 0.000000 -0.781831
vn 0.661685 0.000000 -0.749782
vn 0.698238 -0.000000 -0.715866
vn 0.698238 0.000000 -0.715866
vn 0.733054 -0.000000 -0.680170
vn 0.733054 0.000000 -0.680170
vn 0.766044 -0.000000 -0.642788
vn 0.766044 0.000000 -0.642788
vn 0.797128 -0.000000 -0.603811
vn 0.797128 0.000000 -0.603811
vn 0.826239 0.000000 -0.563320
vn 0.853291 0.000000 -0.521435
vn 0.826239 0.000000 -0.563320
vn 0.853291 0.000000 -0.521435
vn 0.878222 0.000000 -0.478254
vn 0.878222 0.000000 -0.478254
vn 0.900973 -0.000000 -0.433876
vn 0.921473 0.000000 -0.388442
vn 0.900973 0.000000 -0.433876
vn 0.921473 0.000000 -0.388442
vn 0.939693 0.000000 -0.342018
vn 0.939693 0.000000 -0.342018
vn 0.955575 0.000000 -0.294750
vn 0.955575 0.000000 -0.294750
vn 0.969077 0.000000 -0.246757
vn 0.969077 -0.000000 -0.246757
vn 0.980172 0.000000 -0.198146
vn 0.980172 0.000000 -0.198146
vn 0.988831 0.000000 -0.149044
vn 0.988831 -0.000000 -0.149044
vn 0.995031 0.000000 -0.099566
vn 0.995031 0.000000 -0.099566
vn 0.998757 0.000000 -0.049853
vn 0.998757 0.000000 -0.049853
vn 1.000000 0.000000 0.000000
vn 0.998757 0.000000 0.049853
vn 1.000000 -0.000000 0.000000
vn 0.998757 -0.000000 0.049853
vn 0.995031 -0.000000 0.099566
vn 0.995031 -0.000000 0.099566
vn 0.988831 0.000000 0.149044
vn 0.988831 -0.000000 0.149044
vn 0.980172 -0.000000 0.198146
vn 0.969077 0.000000 0.246757
vn 0.980172 -0.000000 0.198146
vn 0.969077 0.000000 0.246757
vn 0.955575 0.000000 0.294750
vn 0.955575 -0.000000 0.294750
vn 0.939693 0.000000 0.342018
vn 0.939693 -0.000000 0.342018
vn 0.921473 -0.000000 0.388442
vn 0.900973 0.000000 0.433876
vn 0.921473 -0.000000 0.388442
vn 0.900973 0.000000 0.433876
vn 0.878222 -0.000000 0.478254
vn 0.853291 0.000000 0.521435
vn 0.878222 -0.000000 0.478254
vn 0.853291 -0.000000 0.521435
vn 0.826239 -0.000000 0.563320
vn 0.826239 -0.000000 0.563320
vn 0.797128 0.000000 0.603811
vn 0.797128 -0.000000 0.603811
vn 0.766044 0.000000 0.642788
vn 0.733054 0.000000 0.680170
vn 0.766044 -0.000000 0.642788
vn 0.733054 0.000000 0.680170
vn 0.698238 0.000000 0.715866
vn 0.698238 -0.000000 0.715866
vn 0.661685 -0.000000 0.749782
vn 0.661685 -0.000000 0.749782
vn 0.623490 -0.000000 0.781831
vn 0.623490 0.000000 0.781831
vn 0.583742 0.000000 0.811939
vn 0.583742 0.000000 0.811939
vn 0.542546 0.000000 0.840026
vn 0.542546 0.000000 0.840026
vn 0.500005 -0.000000 0.866023
vn 0.500005 -0.000000 0.866023
vn 0.456204 0.000000 0.889875
vn 0.456204 0.000000 0.889875
vn 0.411287 0.000000 0.911506
vn 0.411287 0.000000 0.911506
vn 0.365345 -0.000000 0.930872
vn 0.365345 -0.000000 0.930872
vn 0.318489 -0.000000 0.947927
vn 0.318489 -0.000000 0.947927
vn 0.270843 -0.000000 0.962623
vn 0.270843 0.000000 0.962623
vn 0.222512 -0.000000 0.974930
vn 0.222512 -0.000000 0.974930
vn 0.173655 0.000000 0.984806
vn 0.173655 -0.000000 0.984806
vn 0.124337 0.000000 0.992240
vn 0.074731 0.000000 0.997204
vn 0.124337 -0.000000 0.992240
vn 0.074731 0.000000 0.997204
vn 0.024932 0.000000 0.999689
vn 0.024932 -0.000000 0.999689
vn 0.000000 -1.000000 0.000000
vn 0.000000 -1.000000 0.000000
vn 0.000000 -1.000000 0.000000
vn 0.000000 -1.000000 0.000000
vn 0.000000 -1.000000 0.000000
vn 0.000000 -1.000000 0.000000
vn 0.000000 -1.000000 0.000000
vn 0.000000 -1.000000 0.000000
vn 0.000000 -1.000000 0.000000
vn 0.000000 -1.000000 0.000000
vn 0.000000 -1.000000 0.000000
vn 0.000000 -1.000000 0.000000
vn 0.000000 -1.000000 0.000000
vn 0.000000 -1.000000 0.000000
vn 0.000000 -1.000000 0.000000
vn 0.000000 -1.000000 0.000000
vn 0.000000 -1.000000 0.000000
vn 0.000000 -1.000000 0.000000
vn 0.000000 -1.000000 0.000000
vn 0.000000 -1.000000 0.000000
vn 0.000000 -1.000000 0.000000
vn 0.000000 -1.000000 0.000000
vn 0.000000 -1.000000 0.000000
vn 0.000000 -1.000000 0.000000
vn 0.000000 -1.000000 0.000000
vn 0.000000 -1.000000 0.000000
vn 0.000000 -1.000000 0.000000
vn -0.000000 -1.000000 0.000000
vn 0.000000 -1.000000 0.000000
vn 0.000000 -1.000000 0.000000
vn 0.000000 -1.000000 0.000000
vn 0.000000 -1.000000 0.000000
vn 0.000000 -1.000000 0.000000
vn 0.000000 -1.000000 0.000000
vn 0.000000 -1.000000 0.000000
vn 0.000000 -1.000000 0.000000
vn 0.000000 -1.000000 0.000000
vn 0.000000 -1.000000 0.000000
vn 0.000000 -1.000000 0.000000
vn 0.000000 -1.000000 0.000000
vn 0.000000 -1.000000 0.000000
vn 0.000000 -1.000000 0.000000
vn 0.000000 -1.000000 0.000000
vn 0.000000 -1.000000 0.000000
vn 0.000000 -1.000000 0.000000
vn 0.000000 -1.000000 0.000000
vn 0.000000 -1.000000 0.000000
vn 0.000000 -1.000000 0.000000
vn 0.000000 -1.000000 0.000000
vn 0.000000 -1.000000 0.000000
vn 0.000000 -1.000000 0.000000
vn 0.000000 -1.000000 0.000000
vn 0.000000 -1.000000 0.000000
vn 0.000000 -1.000000 0.000000
vn 0.000000 -1.000000 0.000000
vn 0.000000 -1.000000 0.000000
vn 0.000000 -1.000000 0.000000
vn 0.000000 -1.000000 0.000000
vn 0.000000 -1.000000 0.000000
vn 0.000000 -1.000000 0.000000
vn 0.000000 -1.000000 0.000000
vn 0.000000 -1.000000 0.000000
vn 0.000000 -1.000000 0.000000
vn 0.000000 -1.000000 0.000000
vn 0.000000 -1.000000 0.000000
vn 0.000000 -1.000000 0.000000
vn 0.000000 -1.000000 0.000000
vn 0.000000 -1.000000 0.000000
vn 0.000000 -1.000000 0.000000
vn 0.000000 -1.000000 0.000000
vn 0.000000 -1.000000 0.000000
vn 0.000000 -1.000000 0.000000
vn 0.000000 -1.000000 0.000000
vn 0.000000 -1.000000 0.000000
vn 0.000000 -1.000000 0.000000
vn 0.000000 -1.000000 0.000000
vn 0.000000 -1.000000 0.000000
vn 0.000000 -1.000000 0.000000
vn 0.000000 -1.000000 0.000000
vn 0.000000 -1.000000 0.000000
vn 0.000000 -1.000000 0.000000
vn 0.000000 -1.000000 0.000000
vn 0.000000 -1.000000 0.000000
vn -0.000000 -1.000000 0.000000
vn 0.000000 -1.000000 0.000000
vn 0.000000 -1.000000 0.000000
vn 0.000000 -1.000000 0.000000
vn 0.000000 -1.000000 0.000000
vn 0.000000 -1.000000 0.000000
vn 0.000000 -1.000000 0.000000
vn 0.000000 -1.000000 0.000000
vn 0.000000 -1.000000 0.000000
vn 0.000000 -1.000000 0.000000
vn 0.000000 -1.000000 0.000000
vn 0.000000 -1.000000 0.000000
vn 0.000000 -1.000000 0.000000
vn -0.000000 -1.000000 0.000000
vn 0.000000 -1.000000 0.000000
vn 0.000000 -1.000000 0.000000
vn 0.000000 -1.000000 0.000000
vn 0.000000 -1.000000 0.000000
vn 0.000000 -1.000000 0.000000
vn 0.000000 -1.000000 0.000000
vn 0.000000 -1.000000 0.000000
vn 0.000000 -1.000000 0.000000
vn 0.000000 -1.000000 0.000000
vn 0.000000 -1.000000 0.000000
vn 0.000000 -1.000000 0.000000
vn 0.000000 -1.000000 0.000000
vn 0.000000 -1.000000 0.000000
vn 0.000000 -1.000000 0.000000
vn 0.000000 -1.000000 0.000000
vn -0.000000 -1.000000 0.000000
vn 0.000000 -1.000000 -0.000000
vn 0.000000 -1.000000 0.000000
vn 0.000000 -1.000000 0.000000
vn 0.000000 -1.000000 0.000000
vn 0.000000 -1.000000 0.000000
vn 0.000000 -1.000000 0.000000
vn 0.000000 -1.000000 0.000000
vn 0.000000 -1.000000 0.000000
vn 0.000000 -1.000000 0.000000
vn 0.000000 -1.000000 0.000000
vn -0.000000 -1.000000 -0.000000
vn -0.024932 0.000000 0.999689
vn -0.024932 0.000000 0.999689
vn -0.074731 -0.000000 0.997204
vn -0.074731 0.000000 0.997204
vn -0.124337 0.000000 0.992240
vn -0.173655 0.000000 0.984806
vn -0.124337 0.000000 0.992240
vn -0.222512 0.000000 0.974930
vn -0.173655 0.000000 0.984806
vn -0.222512 0.000000 0.974930
vn -0.270843 -0.000000 0.962623
vn -0.270843 0.000000 0.962623
vn -0.318489 0.000000 0.947927
vn -0.318489 0.000000 0.947927
vn -0.365345 0.000000 0.930872
vn -0.411287 0.000000 0.911506
vn -0.365345 0.000000 0.930872
vn -0.456204 0.000000 0.889875
vn -0.411287 -0.000000 0.911506
vn -0.456204 -0.000000 0.889875
vn -0.500005 0.000000 0.866023
vn -0.500005 0.000000 0.866023
vn -0.542546 0.000000 0.840026
vn -0.542546 -0.000000 0.840026
vn -0.583742 0.000000 0.811939
vn -0.583742 -0.000000 0.811939
vn -0.623490 0.000000 0.781831
vn -0.623490 -0.000000 0.781831
vn -0.661685 0.000000 0.749782
vn -0.661685 0.000000 0.749782
vn -0.698238 0.000000 0.715866
vn -0.698238 -0.000000 0.715866
vn -0.733054 0.000000 0.680170
vn -0.733054 -0.000000 0.680170
vn -0.766044 0.000000 0.642788
vn -0.766044 -0.000000 0.642788
vn -0.797128 0.000000 0.603811
vn -0.797128 -0.000000 0.603811
vn -0.826239 0.000000 0.563320
vn -0.826239 0.000000 0.563320
vn -0.853291 0.000000 0.521435
vn -0.853291 0.000000 0.521435
vn -0.878222 0.000000 0.478254
vn -0.878222 0.000000 0.478254
vn -0.900973 0.000000 0.433876
vn -0.900973 -0.000000 0.433876
vn -0.921473 0.000000 0.388442
vn -0.939693 0.000000 0.342018
vn -0.921473 0.000000 0.388442
vn -0.939693 0.000000 0.342018
vn -0.955575 0.000000 0.294750
vn -0.955575 0.000000 0.294750
vn -0.969077 -0.000000 0.246757
vn -0.969077 0.000000 0.246757
vn -0.980172 0.000000 0.198146
vn -0.988831 0.000000 0.149044
vn -0.980172 0.000000 0.198146
vn -0.988831 -0.000000 0.149044
vn -0.995031 0.000000 0.099566
vn -0.995031 0.000000 0.099566
vn -0.998757 0.000000 0.049853
vn -0.998757 0.000000 0.049853
vn -1.000000 0.000000 0.000000
vn -0.998757 -0.000000 -0.049853
vn -1.000000 0.000000 0.000000
vn -0.998757 -0.000000 -0.049853
vn -0.995031 -0.000000 -0.099566
vn -0.988831 -0.000000 -0.149044
vn -0.995031 0.000000 -0.099566
vn -0.988831 0.000000 -0.149044
vn -0.980172 0.000000 -0.198146
vn -0.980172 -0.000000 -0.198146
vn -0.969077 -0.000000 -0.246757
vn -0.969077 0.000000 -0.246757
vn -0.955575 -0.000000 -0.294750
vn -0.939693 -0.000000 -0.342018
vn -0.955575 0.000000 -0.294750
vn -0.939693 0.000000 -0.342018
vn -0.921473 0.000000 -0.388442
vn -0.921473 -0.000000 -0.388442
vn -0.900973 0.000000 -0.433876
vn -0.900973 0.000000 -0.433876
vn -0.878222 0.000000 -0.478254
vn -0.878222 -0.000000 -0.478254
vn -0.853291 0.000000 -0.521435
vn -0.853291 -0.000000 -0.521435
vn -0.826239 -0.000000 -0.563320
vn -0.826239 -0.000000 -0.563320
vn -0.797128 0.000000 -0.603811
vn -0.797128 0.000000 -0.603811
vn -0.766044 0.000000 -0.642788
vn -0.766044 0.000000 -0.642788
vn -0.733054 0.000000 -0.680170
vn -0.733054 0.000000 -0.680170
vn -0.698238 0.000000 -0.715866
vn -0.698238 0.000000 -0.715866
vn -0.661685 -0.000000 -0.749782
vn -0.661685 -0.000000 -0.749782
vn -0.623490 -0.000000 -0.781831
vn -0.623490 0.000000 -0.781831
vn -0.583742 0.000000 -0.811939
vn -0.583742 0.000000 -0.811939
vn -0.542546 -0.000000 -0.840026
vn -0.542546 0.000000 -0.840026
vn -0.500005 0.000000 -0.866023
vn -0.500005 -0.000000 -0.866023
vn -0.456204 0.000000 -0.889875
vn -0.456204 0.000000 -0.889875
vn -0.411287 0.000000 -0.911506
vn -0.411287 0.000000 -0.911506
vn -0.365345 0.000000 -0.930872
vn -0.365345 -0.000000 -0.930872
vn -0.318489 -0.000000 -0.947927
vn -0.318489 -0.000000 -0.947927
vn -0.270843 0.000000 -0.962623
vn -0.222512 -0.000000 -0.974930
vn -0.270843 0.000000 -0.962623
vn -0.222512 -0.000000 -0.974930
vn -0.173655 -0.000000 -0.984806
vn -0.173655 0.000000 -0.984806
vn -0.124337 -0.000000 -0.992240
vn -0.074731 -0.000000 -0.997204
vn -0.124337 0.000000 -0.992240
vn -0.074731 0.000000 -0.997204
vn -0.024932 0.000000 -0.999689
vn -0.024932 0.000000 -0.999689
vn 0.024932 0.000000 -0.999689
vn 0.024932 -0.000000 -0.999689
vn 0.074731 0.000000 -0.997204
vn 0.074731 -0.000000 -0.997204
vn 0.124337 0.000000 -0.992240
vn 0.124337 0.000000 -0.992240
vn 0.173655 0.000000 -0.984806
vn 0.173655 0.000000 -0.984806
vn 0.222512 0.000000 -0.974930
vn 0.222512 0.000000 -0.974930
vn 0.270843 0.000000 -0.962623
vn 0.270843 -0.000000 -0.962623
vn 0.318489 0.000000 -0.947927
vn 0.318489 0.000000 -0.947927
vn 0.365345 0.000000 -0.930872
vn 0.365345 0.000000 -0.930872
vn 0.411287 0.000000 -0.911506
vn 0.411287 -0.000000 -0.911506
vn 0.456204 0.000000 -0.889875
vn 0.456204 -0.000000 -0.889875
vn 0.500005 0.000000 -0.866023
vn 0.500005 0.000000 -0.866023
vn 0.542546 -0.000000 -0.840026
vn 0.583742 0.000000 -0.811939
vn 0.542546 0.000000 -0.840026
vn 0.583742 -0.000000 -0.811939
vn 0.623490 -0.000000 -0.781831
vn 0.661685 0.000000 -0.749782
vn 0.623490 0.000000 -0.781831
vn 0.661685 0.000000 -0.749782
vn 0.698238 -0.000000 -0.715866
vn 0.698238 0.000000 -0.715866
vn 0.733054 -0.000000 -0.680170
vn 0.733054 0.000000 -0.680170
vn 0.766044 -0.000000 -0.642788
vn 0.766044 0.000000 -0.642788
vn 0.797128 -0.000000 -0.603811
vn 0.797128 0.000000 -0.603811
vn 0.826239 0.000000 -0.563320
vn 0.853291 0.000000 -0.521435
vn 0.826239 0.000000 -0.563320
vn 0.853291 0.000000 -0.521435
vn 0.878222 0.000000 -0.478254
vn 0.878222 0.000000 -0.478254
vn 0.900973 -0.000000 -0.433876
vn 0.921473 0.000000 -0.388442
vn 0.900973 0.000000 -0.433876
vn 0.921473 0.000000 -0.388442
vn 0.939693 0.000000 -0.342018
vn 0.939693 0.000000 -0.342018
vn 0.955575 0.000000 -0.294750
vn 0.955575 0.000000 -0.294750
vn 0.969077 0.000000 -0.246757
vn 0.969077 -0.000000 -0.246757
vn 0.980172 0.000000 -0.198146
vn 0.980172 0.000000 -0.198146
vn 0.988831 0.000000 -0.149044
vn 0.988831 -0.000000 -0.149044
vn 0.995031 0.000000 -0.099566
vn 0.995031 0.000000 -0.099566
vn 0.998757 0.000000 -0.049853
vn 0.998757 0.000000 -0.049853
vn 1.000000 0.000000 0.000000
vn 0.998757 0.000000 0.049853
vn 1.000000 -0.000000 0.000000
vn 0.998757 -0.000000 0.049853
vn 0.995031 -0.000000 0.099566
vn 0.995031 -0.000000 0.099566
vn 0.988831 0.000000 0.149044
vn 0.988831 -0.000000 0.149044
vn 0.980172 -0.000000 0.198146
vn 0.969077 0.000000 0.246757
vn 0.980172 -0.000000 0.198146
vn 0.969077 0.000000 0.246757
vn 0.955575 0.000000 0.294750
vn 0.955575 -0.000000 0.294750
vn 0.939693 0.000000 0.342018
vn 0.939693 -0.000000 0.342018
vn 0.921473 -0.000000 0.388442
vn 0.900973 0.000000 0.433876
vn 0.921473 -0.000000 0.388442
vn 0.900973 0.000000 0.433876
vn 0.878222 -0.000000 0.478254
vn 0.853291 0.000000 0.521435
vn 0.878222 -0.000000 0.478254
vn 0.853291 -0.000000 0.521435
vn 0.826239 -0.000000 0.563320
vn 0.826239 -0.000000 0.563320
vn 0.797128 0.000000 0.603811
vn 0.797128 -0.000000 0.603811
vn 0.766044 0.000000 0.642788
vn 0.733054 0.000000 0.680170
vn 0.766044 -0.000000 0.642788
vn 0.733054 0.000000 0.680170
vn 0.698238 0.000000 0.715866
vn 0.698238 -0.000000 0.715866
vn 0.661685 -0.000000 0.749782
vn 0.661685 -0.000000 0.749782
vn 0.623490 -0.000000 0.781831
vn 0.623490 0.000000 0.781831
vn 0.583742 0.000000 0.811939
vn 0.583742 0.000000 0.811939
vn 0.542546 0.000000 0.840026
vn 0.542546 0.000000 0.840026
vn 0.500005 -0.000000 0.866023
vn 0.500005 -0.000000 0.866023
vn 0.456204 0.000000 0.889875
vn 0.456204 0.000000 0.889875
vn 0.411287 0.000000 0.911506
vn 0.411287 0.000000 0.911506
vn 0.365345 -0.000000 0.930872
vn 0.365345 -0.000000 0.930872
vn 0.318489 -0.000000 0.947927
vn 0.318489 -0.000000 0.947927
vn 0.270843 -0.000000 0.962623
vn 0.270843 0.000000 0.962623
vn 0.222512 -0.000000 0.974930
vn 0.222512 -0.000000 0.974930
vn 0.173655 0.000000 0.984806
vn 0.173655 -0.000000 0.984806
vn 0.124337 0.000000 0.992240
vn 0.074731 0.000000 0.997204
vn 0.124337 -0.000000 0.992240
vn 0.074731 0.000000 0.997204
vn 0.024932 0.000000 0.999689
vn 0.024932 -0.000000 0.999689
vn 0.000000 -1.000000 0.000000
vn 0.000000 -1.000000 0.000000
vn 0.000000 -1.000000 0.000000
vn 0.000000 -1.000000 0.000000
vn 0.000000 -1.000000 0.000000
vn 0.000000 -1.000000 0.000000
vn 0.000000 -1.000000 0.000000
vn 0.000000 -1.000000 0.000000
vn 0.000000 -1.000000 0.000000
vn 0.000000 -1.000000 0.000000
vn 0.000000 -1.000000 0.000000
vn 0.000000 -1.000000 0.000000
vn 0.000000 -1.000000 0.000000
vn 0.000000 -1.000000 0.000000
vn 0.000000 -1.000000 0.000000
vn 0.000000 -1.000000 0.000000
vn 0.000000 -1.000000 0.000000
vn 0.000000 -1.000000 0.000000
vn 0.000000 -1.000000 0.000000
vn 0.000000 -1.000000 0.000000
vn 0.000000 -1.000000 0.000000
vn 0.000000 -1.000000 0.000000
vn 0.000000 -1.000000 0.000000
vn 0.000000 -1.000000 0.000000
vn 0.000000 -1.000000 0.000000
vn 0.000000 -1.000000 0.000000
vn 0.000000 -1.000000 0.000000
vn -0.000000 -1.000000 0.000000
vn 0.000000 -1.000000 0.000000
vn 0.000000 -1.000000 0.000000
vn 0.000000 -1.000000 0.000000
vn 0.000000 -1.000000 0.000000
vn 0.000000 -1.000000 0.000000
vn 0.000000 -1.000000 0.000000
vn 0.000000 -1.000000 0.000000
vn 0.000000 -1.000000 0.000000
vn 0.000000 -1.000000 0.000000
vn 0.000000 -1.000000 0.000000
vn 0.000000 -1.000000 0.000000
vn 0.000000 -1.000000 0.000000
vn 0.000000 -1.000000 0.000000
vn 0.000000 -1.000000 0.000000
vn 0.000000 -1.000000 0.000000
vn 0.000000 -1.000000 0.000000
vn 0.000000 -1.000000 0.000000
vn 0.000000 -1.000000 0.000000
vn 0.000000 -1.000000 0.000000
vn 0.000000 -1.000000 0.000000
vn 0.000000 -1.000000 0.000000
vn 0.000000 -1.000000 0.000000
vn 0.000000 -1.000000 0.000000
vn 0.000000 -1.000000 0.000000
vn 0.000000 -1.000000 0.000000
vn 0.000000 -1.000000 0.000000
vn 0.000000 -1.000000 0.000000
vn 0.000000 -1.000000 0.000000
vn 0.000000 -1.000000 0.000000
vn 0.000000 -1.000000 0.000000
vn 0.000000 -1.000000 0.000000
vn 0.000000 -1.000000 0.000000
vn 0.000000 -1.000000 0.000000
vn 0.000000 -1.000000 0.000000
vn 0.000000 -1.000000 0.000000
vn 0.000000 -1.000000 0.000000
vn 0.000000 -1.000000 0.000000
vn 0.000000 -1.000000 0.000000
vn 0.000000 -1.000000 0.000000
vn 0.000000 -1.000000 0.000000
vn 0.000000 -1.000000 0.000000
vn 0.000000 -1.000000 0.000000
vn 0.000000 -1.000000 0.000000
vn 0.000000 -1.000000 0.000000
vn 0.000000 -1.000000 0.000000
vn 0.000000 -1.000000 0.000000
vn 0.000000 -1.000000 0.000000
vn 0.000000 -1.000000 0.000000
vn 0.000000 -1.000000 0.000000
vn 0.000000 -1.000000 0.000000
vn 0.000000 -1.000000 0.000000
vn 0.000000 -1.000000 0.000000
vn 0.000000 -1.000000 0.000000
vn 0.000000 -1.000000 0.000000
vn 0.000000 -1.000000 0.000000
vn -0.000000 -1.000000 0.000000
vn 0.000000 -1.000000 0.000000
vn 0.000000 -1.000000 0.000000
vn 0.000000 -1.000000 0.000000
vn 0.000000 -1.000000 0.000000
vn 0.000000 -1.000000 0.000000
vn 0.000000 -1.000000 0.000000
vn 0.000000 -1.000000 0.000000
vn 0.000000 -1.000000 0.000000
vn 0.000000 -1.000000 0.000000
vn 0.000000 -1.000000 0.000000
vn 0.000000 -1.000000 0.000000
vn 0.000000 -1.000000 0.000000
vn -0.000000 -1.000000 0.000000
vn 0.000000 -1.000000 0.000000
vn 0.000000 -1.000000 0.000000
vn 0.000000 -1.000000 0.000000
vn 0.000000 -1.000000 0.000000
vn 0.000000 -1.000000 0.000000
vn 0.000000 -1.000000 0.000000
vn 0.000000 -1.000000 0.000000
vn 0.000000 -1.000000 0.000000
vn 0.000000 -1.000000 0.000000
vn 0.000000 -1.000000 0.000000
vn 0.000000 -1.000000 0.000000
vn 0.000000 -1.000000 0.000000
vn 0.000000 -1.000000 0.000000
vn 0.000000 -1.000000 0.000000
vn 0.000000 -1.000000 0.000000
vn -0.000000 -1.000000 0.000000
vn 0.000000 -1.000000 -0.000000
vn 0.000000 -1.000000 0.000000
vn 0.000000 -1.000000 0.000000
vn 0.000000 -1.000000 0.000000
vn 0.000000 -1.000000 0.000000
vn 0.000000 -1.000000 0.000000
vn 0.000000 -1.000000 0.000000
vn 0.000000 -1.000000 0.000000
vn 0.000000 -1.000000 0.000000
vn 0.000000 -1.000000 0.000000
vn -0.000000 -1.000000 -0.000000
vn -0.024932 0.000000 0.999689
vn -0.024932 0.000000 0.999689
vn -0.074731 0.000000 0.997204
vn -0.074731 0.000000 0.997204
vn -0.124338 0.000000 0.992240
vn -0.173654 0.000000 0.984807
vn -0.124338 0.000000 0.992240
vn -0.222512 0.000000 0.974930
vn -0.173654 -0.000000 0.984807
vn -0.222512 0.000000 0.974930
vn -0.270843 0.000000 0.962624
vn -0.270843 0.000000 0.962624
vn -0.318490 0.000000 0.947926
vn -0.318490 0.000000 0.947926
vn -0.365344 -0.000000 0.930873
vn -0.411288 0.000000 0.911506
vn -0.365344 0.000000 0.930873
vn -0.456205 0.000000 0.889875
vn -0.411288 -0.000000 0.911506
vn -0.456205 0.000000 0.889875
vn -0.500004 0.000000 0.866023
vn -0.500004 0.000000 0.866023
vn -0.542545 0.000000 0.840027
vn -0.542545 0.000000 0.840027
vn -0.583743 0.000000 0.811938
vn -0.583743 0.000000 0.811938
vn -0.623488 0.000000 0.781833
vn -0.623488 -0.000000 0.781833
vn -0.661686 0.000000 0.749781
vn -0.661686 -0.000000 0.749781
vn -0.698238 0.000000 0.715866
vn -0.698238 0.000000 0.715866
vn -0.733053 0.000000 0.680171
vn -0.733053 -0.000000 0.680171
vn -0.766043 0.000000 0.642790
vn -0.766043 -0.000000 0.642790
vn -0.797132 0.000000 0.603806
vn -0.797132 -0.000000 0.603806
vn -0.826239 0.000000 0.563320
vn -0.826239 -0.000000 0.563320
vn -0.853291 0.000000 0.521435
vn -0.853291 0.000000 0.521435
vn -0.878222 0.000000 0.478254
vn -0.878222 0.000000 0.478254
vn -0.900969 0.000000 0.433883
vn -0.900969 0.000000 0.433883
vn -0.921476 -0.000000 0.388434
vn -0.939693 0.000000 0.342019
vn -0.921476 0.000000 0.388434
vn -0.939693 -0.000000 0.342019
vn -0.955572 0.000000 0.294757
vn -0.955572 0.000000 0.294757
vn -0.969078 -0.000000 0.246756
vn -0.969078 0.000000 0.246756
vn -0.980173 0.000000 0.198145
vn -0.988831 0.000000 0.149042
vn -0.980173 0.000000 0.198145
vn -0.988831 -0.000000 0.149042
vn -0.995031 0.000000 0.099568
vn -0.995031 0.000000 0.099568
vn -0.998757 -0.000000 0.049846
vn -0.998757 0.000000 0.049846
vn -1.000000 0.000000 0.000000
vn -0.998757 -0.000000 -0.049846
vn -1.000000 0.000000 0.000000
vn -0.998757 0.000000 -0.049846
vn -0.995031 -0.000000 -0.099568
vn -0.988831 -0.000000 -0.149042
vn -0.995031 0.000000 -0.099568
vn -0.988831 0.000000 -0.149042
vn -0.980173 0.000000 -0.198145
vn -0.980173 -0.000000 -0.198145
vn -0.969078 -0.000000 -0.246756
vn -0.969078 0.000000 -0.246756
vn -0.955572 -0.000000 -0.294757
vn -0.939693 -0.000000 -0.342019
vn -0.955572 0.000000 -0.294757
vn -0.939693 0.000000 -0.342019
vn -0.921476 0.000000 -0.388434
vn -0.921476 0.000000 -0.388434
vn -0.900969 0.000000 -0.433883
vn -0.900969 -0.000000 -0.433883
vn -0.878222 0.000000 -0.478254
vn -0.878222 -0.000000 -0.478254
vn -0.853291 0.000000 -0.521435
vn -0.853291 -0.000000 -0.521435
vn -0.826239 -0.000000 -0.563320
vn -0.826239 0.000000 -0.563320
vn -0.797132 0.000000 -0.603806
vn -0.797132 0.000000 -0.603806
vn -0.766043 0.000000 -0.642790
vn -0.766043 0.000000 -0.642790
vn -0.733053 0.000000 -0.680171
vn -0.733053 0.000000 -0.680171
vn -0.698238 0.000000 -0.715866
vn -0.698238 -0.000000 -0.715866
vn -0.661686 -0.000000 -0.749781
vn -0.661686 0.000000 -0.749781
vn -0.623488 -0.000000 -0.781833
vn -0.623488 0.000000 -0.781833
vn -0.583743 0.000000 -0.811938
vn -0.583743 -0.000000 -0.811938
vn -0.542545 -0.000000 -0.840027
vn -0.542545 -0.000000 -0.840027
vn -0.500004 0.000000 -0.866023
vn -0.500004 -0.000000 -0.866023
vn -0.456205 0.000000 -0.889875
vn -0.456205 -0.000000 -0.889875
vn -0.411288 0.000000 -0.911506
vn -0.411288 0.000000 -0.911506
vn -0.365344 0.000000 -0.930873
vn -0.365344 0.000000 -0.930873
vn -0.318490 -0.000000 -0.947926
vn -0.318490 -0.000000 -0.947926
vn -0.270843 -0.000000 -0.962624
vn -0.222512 -0.000000 -0.974930
vn -0.270843 0.000000 -0.962624
vn -0.222512 -0.000000 -0.974930
vn -0.173654 0.000000 -0.984807
vn -0.173654 0.000000 -0.984807
vn -0.124338 -0.000000 -0.992240
vn -0.074731 -0.000000 -0.997204
vn -0.124338 0.000000 -0.992240
vn -0.074731 -0.000000 -0.997204
vn -0.024932 0.000000 -0.999689
vn -0.024932 0.000000 -0.999689
vn 0.024932 0.000000 -0.999689
vn 0.024932 0.000000 -0.999689
vn 0.074731 0.000000 -0.997204
vn 0.074731 0.000000 -0.997204
vn 0.124338 0.000000 -0.992240
vn 0.124338 0.000000 -0.992240
vn 0.173654 0.000000 -0.984807
vn 0.173654 -0.000000 -0.984807
vn 0.222512 0.000000 -0.974930
vn 0.222512 0.000000 -0.974930
vn 0.270843 0.000000 -0.962623
vn 0.270843 -0.000000 -0.962623
vn 0.318490 0.000000 -0.947926
vn 0.318490 0.000000 -0.947926
vn 0.365344 0.000000 -0.930873
vn 0.365344 0.000000 -0.930873
vn 0.411288 0.000000 -0.911505
vn 0.411288 0.000000 -0.911505
vn 0.456205 0.000000 -0.889875
vn 0.456205 0.000000 -0.889875
vn 0.500005 0.000000 -0.866023
vn 0.500005 0.000000 -0.866023
vn 0.542544 -0.000000 -0.840027
vn 0.583743 0.000000 -0.811939
vn 0.542544 0.000000 -0.840027
vn 0.583743 -0.000000 -0.811939
vn 0.623488 -0.000000 -0.781833
vn 0.661687 0.000000 -0.749780
vn 0.623488 0.000000 -0.781833
vn 0.661687 0.000000 -0.749780
vn 0.698238 -0.000000 -0.715866
vn 0.698238 0.000000 -0.715866
vn 0.733053 0.000000 -0.680172
vn 0.733053 0.000000 -0.680172
vn 0.766043 0.000000 -0.642789
vn 0.766043 0.000000 -0.642789
vn 0.797132 -0.000000 -0.603806
vn 0.797132 0.000000 -0.603806
vn 0.826239 0.000000 -0.563320
vn 0.853291 0.000000 -0.521435
vn 0.826239 0.000000 -0.563320
vn 0.853291 0.000000 -0.521435
vn 0.878223 -0.000000 -0.478252
vn 0.878223 0.000000 -0.478252
vn 0.900968 0.000000 -0.433885
vn 0.921477 0.000000 -0.388433
vn 0.900968 0.000000 -0.433885
vn 0.921477 0.000000 -0.388433
vn 0.939692 0.000000 -0.342021
vn 0.939692 -0.000000 -0.342021
vn 0.955572 0.000000 -0.294757
vn 0.955572 0.000000 -0.294757
vn 0.969077 0.000000 -0.246757
vn 0.969077 -0.000000 -0.246757
vn 0.980173 0.000000 -0.198144
vn 0.980173 0.000000 -0.198144
vn 0.988831 0.000000 -0.149044
vn 0.988831 -0.000000 -0.149044
vn 0.995031 0.000000 -0.099566
vn 0.995031 0.000000 -0.099566
vn 0.998757 -0.000000 -0.049847
vn 0.998757 0.000000 -0.049847
vn 1.000000 0.000000 0.000000
vn 0.998757 0.000000 0.049847
vn 1.000000 -0.000000 0.000000
vn 0.998757 0.000000 0.049847
vn 0.995031 -0.000000 0.099566
vn 0.995031 -0.000000 0.099566
vn 0.988831 0.000000 0.149044
vn 0.988831 -0.000000 0.149044
vn 0.980173 -0.000000 0.198144
vn 0.969077 0.000000 0.246757
vn 0.980173 -0.000000 0.198144
vn 0.969077 0.000000 0.246757
vn 0.955572 0.000000 0.294757
vn 0.955572 -0.000000 0.294757
vn 0.939692 0.000000 0.342021
vn 0.939692 -0.000000 0.342021
vn 0.921477 -0.000000 0.388433
vn 0.900968 0.000000 0.433885
vn 0.921477 -0.000000 0.388433
vn 0.900968 -0.000000 0.433885
vn 0.878223 0.000000 0.478252
vn 0.853291 0.000000 0.521435
vn 0.878223 -0.000000 0.478252
vn 0.853291 -0.000000 0.521435
vn 0.826239 -0.000000 0.563320
vn 0.826239 -0.000000 0.563320
vn 0.797132 0.000000 0.603806
vn 0.797132 -0.000000 0.603806
vn 0.766043 -0.000000 0.642789
vn 0.733053 0.000000 0.680172
vn 0.766043 -0.000000 0.642789
vn 0.733053 -0.000000 0.680172
vn 0.698238 0.000000 0.715866
vn 0.698238 -0.000000 0.715866
vn 0.661687 -0.000000 0.749780
vn 0.661687 -0.000000 0.749780
vn 0.623488 -0.000000 0.781833
vn 0.623488 0.000000 0.781833
vn 0.583743 0.000000 0.811939
vn 0.583743 0.000000 0.811939
vn 0.542544 0.000000 0.840027
vn 0.542544 0.000000 0.840027
vn 0.500005 -0.000000 0.866023
vn 0.500005 -0.000000 0.866023
vn 0.456205 0.000000 0.889875
vn 0.456205 -0.000000 0.889875
vn 0.411288 0.000000 0.911505
vn 0.411288 -0.000000 0.911505
vn 0.365344 -0.000000 0.930873
vn 0.365344 -0.000000 0.930873
vn 0.318490 -0.000000 0.947926
vn 0.318490 -0.000000 0.947926
vn 0.270843 -0.000000 0.962623
vn 0.270843 0.000000 0.962623
vn 0.222512 -0.000000 0.974930
vn 0.222512 -0.000000 0.974930
vn 0.173654 0.000000 0.984807
vn 0.173654 0.000000 0.984807
vn 0.124338 0.000000 0.992240
vn 0.074731 0.000000 0.997204
vn 0.124338 -0.000000 0.992240
vn 0.074731 -0.000000 0.997204
vn 0.024932 0.000000 0.999689
vn 0.024932 -0.000000 0.999689
f 1//1 2//1 3//1
f 4//2 5//2 6//2
f 6//3 5//3 7//3
f 8//4 9//4 10//4
f 11//5 9//5 12//5
f 13//6 9//6 11//6
f 14//7 9//7 8//7
f 12//8 9//8 14//8
f 2//9 15//9 16//9
f 17//10 18//10 19//10
f 16//11 15//11 20//11
f 20//12 15//12 21//12
f 5//13 22//13 7//13
f 7//14 22//14 1//14
f 9//15 23//15 10//15
f 10//16 23//16 4//16
f 24//17 23//17 13//17
f 25//18 23//18 24//18
f 13//19 23//19 9//19
f 21//20 26//20 27//20
f 27//21 26//21 28//21
f 15//22 26//22 21//22
f 1//23 29//23 2//23
f 22//24 29//24 1//24
f 23//25 30//25 4//25
f 25//26 30//26 23//26
f 31//27 30//27 25//27
f 32//28 30//28 31//28
f 4//29 30//29 5//29
f 28//30 33//30 34//30
f 34//31 33//31 35//31
f 26//32 33//32 28//32
f 29//33 36//33 2//33
f 2//34 36//34 15//34
f 37//35 38//35 39//35
f 40//36 41//36 32//36
f 42//37 41//37 40//37
f 5//38 41//38 22//38
f 30//39 41//39 5//39
f 32//40 41//40 30//40
f 35//41 43//41 44//41
f 44//42 43//42 45//42
f 33//43 43//43 35//43
f 36//44 46//44 15//44
f 15//45 46//45 26//45
f 47//46 48//46 42//46
f 49//47 48//47 47//47
f 42//48 48//48 41//48
f 22//49 48//49 29//49
f 41//50 48//50 22//50
f 45//51 50//51 51//51
f 51//52 50//52 52//52
f 43//53 50//53 45//53
f 26//54 53//54 33//54
f 46//55 53//55 26//55
f 29//56 54//56 36//56
f 55//57 54//57 49//57
f 56//58 54//58 55//58
f 48//59 54//59 29//59
f 49//60 54//60 48//60
f 50//61 57//61 52//61
f 52//62 57//62 58//62
f 58//63 57//63 59//63
f 33//64 60//64 43//64
f 53//65 60//65 33//65
f 36//66 61//66 46//66
f 62//67 61//67 56//67
f 63//68 61//68 62//68
f 56//69 61//69 54//69
f 54//70 61//70 36//70
f 57//71 64//71 59//71
f 59//72 64//72 65//72
f 65//73 64//73 66//73
f 60//74 67//74 43//74
f 43//75 67//75 50//75
f 63//76 68//76 61//76
f 46//77 68//77 53//77
f 61//78 68//78 46//78
f 69//79 68//79 63//79
f 70//80 68//80 69//80
f 64//81 71//81 66//81
f 66//82 71//82 72//82
f 72//83 71//83 73//83
f 50//84 74//84 57//84
f 67//85 74//85 50//85
f 70//86 75//86 68//86
f 76//87 75//87 70//87
f 77//88 75//88 76//88
f 53//89 75//89 60//89
f 68//90 75//90 53//90
f 73//91 78//91 79//91
f 79//92 78//92 80//92
f 71//93 78//93 73//93
f 74//94 81//94 57//94
f 57//95 81//95 64//95
f 77//96 82//96 75//96
f 60//97 82//97 67//97
f 83//98 82//98 77//98
f 84//99 82//99 83//99
f 75//100 82//100 60//100
f 80//101 85//101 86//101
f 86//102 85//102 87//102
f 78//103 85//103 80//103
f 81//104 88//104 64//104
f 64//105 88//105 71//105
f 84//106 89//106 82//106
f 82//107 89//107 67//107
f 67//108 89//108 74//108
f 90//109 89//109 84//109
f 91//110 89//110 90//110
f 85//111 92//111 87//111
f 87//112 92//112 93//112
f 93//113 92//113 94//113
f 71//114 95//114 78//114
f 88//115 95//115 71//115
f 81//116 96//116 88//116
f 74//117 96//117 81//117
f 97//118 96//118 91//118
f 98//119 96//119 97//119
f 91//120 96//120 89//120
f 89//121 96//121 74//121
f 92//122 99//122 94//122
f 94//123 99//123 100//123
f 100//124 99//124 101//124
f 95//125 102//125 78//125
f 78//126 102//126 85//126
f 98//127 103//127 96//127
f 104//128 103//128 98//128
f 105//129 103//129 104//129
f 96//130 103//130 88//130
f 101//131 106//131 107//131
f 107//132 106//132 108//132
f 99//133 106//133 101//133
f 85//134 109//134 92//134
f 102//135 109//135 85//135
f 88//136 110//136 95//136
f 105//137 110//137 103//137
f 103//138 110//138 88//138
f 111//139 110//139 105//139
f 112//140 110//140 111//140
f 106//141 113//141 108//141
f 108//142 113//142 114//142
f 114//143 113//143 115//143
f 109//144 116//144 92//144
f 92//145 116//145 99//145
f 95//146 117//146 102//146
f 112//147 117//147 110//147
f 110//148 117//148 95//148
f 118//149 117//149 112//149
f 119//150 117//150 118//150
f 115//151 120//151 121//151
f 121//152 120//152 122//152
f 113//153 120//153 115//153
f 99//154 123//154 106//154
f 116//155 123//155 99//155
f 117//156 124//156 102//156
f 125//157 124//157 119//157
f 126//158 124//158 125//158
f 119//159 124//159 117//159
f 102//160 124//160 109//160
f 120//161 127//161 122//161
f 122//162 127//162 128//162
f 128//163 127//163 129//163
f 106//164 130//164 113//164
f 123//165 130//165 106//165
f 109//166 131//166 116//166
f 124//167 131//167 109//167
f 132//168 131//168 126//168
f 133//169 131//169 132//169
f 126//170 131//170 124//170
f 129//171 134//171 135//171
f 135//172 134//172 136//172
f 127//173 134//173 129//173
f 130//174 137//174 113//174
f 113//175 137//175 120//175
f 138//176 139//176 133//176
f 140//177 139//177 138//177
f 133//178 139//178 131//178
f 116//179 139//179 123//179
f 131//180 139//180 116//180
f 134//181 141//181 136//181
f 136//182 141//182 142//182
f 142//183 141//183 143//183
f 120//184 144//184 127//184
f 127//185 144//185 134//185
f 137//186 144//186 120//186
f 139//187 145//187 123//187
f 140//188 145//188 139//188
f 123//189 145//189 130//189
f 146//190 145//190 140//190
f 147//191 145//191 146//191
f 143//192 148//192 149//192
f 149//193 148//193 150//193
f 141//194 148//194 143//194
f 144//195 151//195 134//195
f 130//196 152//196 137//196
f 147//197 152//197 145//197
f 153//198 152//198 147//198
f 154//199 152//199 153//199
f 145//200 152//200 130//200
f 148//201 155//201 150//201
f 150//202 155//202 156//202
f 156//203 155//203 157//203
f 134//204 158//204 141//204
f 151//205 158//205 134//205
f 137//206 159//206 144//206
f 154//207 159//207 152//207
f 152//208 159//208 137//208
f 160//209 159//209 154//209
f 161//210 159//210 160//210
f 157//211 162//211 163//211
f 155//212 162//212 157//212
f 163//213 162//213 164//213
f 158//214 165//214 141//214
f 141//215 165//215 148//215
f 159//216 166//216 144//216
f 144//217 166//217 151//217
f 161//218 166//218 159//218
f 167//219 166//219 161//219
f 168//220 166//220 167//220
f 162//221 169//221 164//221
f 164//222 169//222 170//222
f 170//223 169//223 171//223
f 155//224 172//224 162//224
f 165//225 172//225 148//225
f 148//226 172//226 155//226
f 166//227 173//227 151//227
f 151//228 173//228 158//228
f 158//229 173//229 165//229
f 168//230 173//230 166//230
f 174//231 173//231 168//231
f 175//232 173//232 174//232
f 169//233 176//233 171//233
f 171//234 176//234 177//234
f 177//235 176//235 178//235
f 172//236 179//236 162//236
f 175//237 180//237 173//237
f 181//238 180//238 175//238
f 182//239 180//239 181//239
f 173//240 180//240 165//240
f 176//241 183//241 178//241
f 178//242 183//242 184//242
f 184//243 183//243 185//243
f 162//244 186//244 169//244
f 179//245 186//245 162//245
f 182//246 187//246 180//246
f 180//247 187//247 165//247
f 188//248 187//248 182//248
f 189//249 187//249 188//249
f 165//250 187//250 172//250
f 185//251 190//251 191//251
f 191//252 190//252 192//252
f 183//253 190//253 185//253
f 186//254 193//254 169//254
f 169//255 193//255 176//255
f 172//256 194//256 179//256
f 187//257 194//257 172//257
f 189//258 194//258 187//258
f 195//259 194//259 189//259
f 196//260 194//260 195//260
f 190//261 197//261 192//261
f 192//262 197//262 198//262
f 198//263 197//263 199//263
f 176//264 200//264 183//264
f 193//265 200//265 176//265
f 194//266 201//266 179//266
f 179//267 201//267 186//267
f 196//268 201//268 194//268
f 202//269 201//269 196//269
f 203//270 201//270 202//270
f 199//271 204//271 205//271
f 205//272 204//272 206//272
f 197//273 204//273 199//273
f 190//274 207//274 197//274
f 183//275 207//275 190//275
f 200//276 207//276 183//276
f 203//277 208//277 201//277
f 186//278 208//278 193//278
f 201//279 208//279 186//279
f 209//280 208//280 203//280
f 210//281 208//281 209//281
f 206//282 211//282 212//282
f 212//283 211//283 213//283
f 204//284 211//284 206//284
f 207//285 214//285 197//285
f 210//286 215//286 208//286
f 193//287 215//287 200//287
f 208//288 215//288 193//288
f 216//289 215//289 210//289
f 217//290 215//290 216//290
f 211//291 218//291 213//291
f 213//292 218//292 219//292
f 219//293 218//293 220//293
f 197//294 221//294 204//294
f 214//295 221//295 197//295
f 204//296 221//296 211//296
f 217//297 222//297 215//297
f 215//298 222//298 200//298
f 223//299 222//299 217//299
f 224//300 222//300 223//300
f 200//301 222//301 207//301
f 218//302 225//302 220//302
f 220//303 225//303 226//303
f 226//304 225//304 227//304
f 211//305 228//305 218//305
f 221//306 228//306 211//306
f 224//307 229//307 222//307
f 222//308 229//308 207//308
f 207//309 229//309 214//309
f 230//310 229//310 224//310
f 231//311 229//311 230//311
f 225//312 232//312 227//312
f 227//313 232//313 233//313
f 233//314 232//314 234//314
f 228//315 235//315 218//315
f 229//316 236//316 214//316
f 214//317 236//317 221//317
f 237//318 236//318 231//318
f 231//319 236//319 229//319
f 238//320 236//320 237//320
f 232//321 239//321 234//321
f 234//322 239//322 240//322
f 240//323 239//323 241//323
f 218//324 242//324 225//324
f 235//325 242//325 218//325
f 221//326 243//326 228//326
f 236//327 243//327 221//327
f 238//328 243//328 236//328
f 244//329 243//329 238//329
f 245//330 243//330 244//330
f 239//331 246//331 241//331
f 241//332 246//332 247//332
f 247//333 246//333 248//333
f 242//334 249//334 225//334
f 225//335 249//335 232//335
f 243//336 250//336 228//336
f 228//337 250//337 235//337
f 235//338 250//338 242//338
f 245//339 250//339 243//339
f 251//340 250//340 245//340
f 252//341 250//341 251//341
f 246//342 253//342 248//342
f 248//343 253//343 254//343
f 254//344 253//344 255//344
f 249//345 256//345 232//345
f 232//346 256//346 239//346
f 239//347 256//347 246//347
f 257//348 258//348 252//348
f 259//349 258//349 257//349
f 252//350 258//350 250//350
f 250//351 258//351 242//351
f 253//352 260//352 255//352
f 255//353 260//353 261//353
f 261//354 260//354 262//354
f 256//355 263//355 246//355
f 264//356 265//356 259//356
f 266//357 265//357 264//357
f 242//358 265//358 249//358
f 258//359 265//359 242//359
f 259//360 265//360 258//360
f 260//361 267//361 262//361
f 262//362 267//362 268//362
f 268//363 267//363 269//363
f 246//364 270//364 253//364
f 263//365 270//365 246//365
f 271//366 272//366 266//366
f 273//367 272//367 271//367
f 249//368 272//368 256//368
f 265//369 272//369 249//369
f 266//370 272//370 265//370
f 267//371 274//371 269//371
f 269//372 274//372 275//372
f 275//373 274//373 276//373
f 270//374 277//374 253//374
f 260//375 277//375 267//375
f 253//376 277//376 260//376
f 272//377 278//377 256//377
f 279//378 278//378 273//378
f 280//379 278//379 279//379
f 256//380 278//380 263//380
f 263//381 278//381 270//381
f 273//382 278//382 272//382
f 274//383 281//383 276//383
f 276//384 281//384 282//384
f 282//385 281//385 283//385
f 277//386 284//386 267//386
f 285//387 286//387 280//387
f 287//388 286//388 285//388
f 270//389 286//389 277//389
f 280//390 286//390 278//390
f 278//391 286//391 270//391
f 281//392 288//392 283//392
f 283//393 288//393 289//393
f 289//394 288//394 290//394
f 274//395 291//395 281//395
f 267//396 291//396 274//396
f 284//397 291//397 267//397
f 292//398 293//398 287//398
f 294//399 293//399 292//399
f 287//400 293//400 286//400
f 286//401 293//401 277//401
f 288//402 295//402 290//402
f 290//403 295//403 296//403
f 296//404 295//404 297//404
f 291//405 298//405 281//405
f 299//406 300//406 294//406
f 301//407 300//407 299//407
f 294//408 300//408 293//408
f 277//409 300//409 284//409
f 284//410 300//410 291//410
f 293//411 300//411 277//411
f 295//412 302//412 297//412
f 297//413 302//413 303//413
f 303//414 302//414 304//414
f 281//415 305//415 288//415
f 298//416 305//416 281//416
f 306//417 307//417 301//417
f 308//418 307//418 306//418
f 300//419 307//419 291//419
f 301//420 307//420 300//420
f 302//421 309//421 304//421
f 304//422 309//422 310//422
f 310//423 309//423 311//423
f 305//424 312//424 288//424
f 288//425 312//425 295//425
f 307//426 313//426 291//426
f 314//427 313//427 308//427
f 315//428 313//428 314//428
f 308//429 313//429 307//429
f 291//430 313//430 298//430
f 309//431 316//431 311//431
f 311//432 316//432 317//432
f 317//433 316//433 318//433
f 295//434 319//434 302//434
f 312//435 319//435 295//435
f 313//436 320//436 298//436
f 298//437 320//437 305//437
f 321//438 320//438 315//438
f 322//439 320//439 321//439
f 315//440 320//440 313//440
f 323//441 324//441 325//441
f 316//442 324//442 318//442
f 318//443 324//443 323//443
f 302//444 326//444 309//444
f 309//445 326//445 316//445
f 319//446 326//446 302//446
f 320//447 327//447 305//447
f 322//448 327//448 320//448
f 328//449 327//449 322//449
f 329//450 327//450 328//450
f 305//451 327//451 312//451
f 325//452 330//452 331//452
f 331//453 330//453 332//453
f 324//454 330//454 325//454
f 326//455 333//455 316//455
f 334//456 335//456 329//456
f 336//457 335//457 334//457
f 312//458 335//458 319//458
f 329//459 335//459 327//459
f 327//460 335//460 312//460
f 332//461 337//461 338//461
f 338//462 337//462 339//462
f 330//463 337//463 332//463
f 316//464 340//464 324//464
f 333//465 340//465 316//465
f 341//466 342//466 336//466
f 343//467 342//467 341//467
f 319//468 342//468 326//468
f 336//469 342//469 335//469
f 335//470 342//470 319//470
f 339//471 344//471 345//471
f 345//472 344//472 346//472
f 337//473 344//473 339//473
f 324//474 347//474 330//474
f 340//475 347//475 324//475
f 326//476 348//476 333//476
f 349//477 348//477 343//477
f 350//478 348//478 349//478
f 342//479 348//479 326//479
f 343//480 348//480 342//480
f 333//481 348//481 340//481
f 346//482 351//482 352//482
f 352//483 351//483 353//483
f 344//484 351//484 346//484
f 347//485 354//485 330//485
f 330//486 354//486 337//486
f 337//487 354//487 344//487
f 355//488 356//488 350//488
f 357//489 356//489 355//489
f 348//490 356//490 340//490
f 350//491 356//491 348//491
f 353//492 358//492 359//492
f 359//493 358//493 360//493
f 351//494 358//494 353//494
f 354//495 361//495 344//495
f 340//496 362//496 347//496
f 363//497 362//497 357//497
f 364//498 362//498 363//498
f 356//499 362//499 340//499
f 357//500 362//500 356//500
f 360//501 365//501 366//501
f 366//502 365//502 367//502
f 358//503 365//503 360//503
f 344//504 368//504 351//504
f 361//505 368//505 344//505
f 369//506 370//506 364//506
f 371//507 370//507 369//507
f 362//508 370//508 347//508
f 347//509 370//509 354//509
f 364//510 370//510 362//510
f 354//511 370//511 361//511
f 367//512 372//512 373//512
f 373//513 372//513 374//513
f 365//514 372//514 367//514
f 351//515 375//515 358//515
f 358//516 375//516 365//516
f 368//517 375//517 351//517
f 376//518 377//518 371//518
f 378//519 377//519 376//519
f 371//520 377//520 370//520
f 370//521 377//521 361//521
f 374//522 379//522 380//522
f 380//523 379//523 381//523
f 372//524 379//524 374//524
f 375//525 382//525 365//525
f 377//526 383//526 361//526
f 384//527 383//527 378//527
f 385//528 383//528 384//528
f 378//529 383//529 377//529
f 361//530 383//530 368//530
f 381//531 386//531 387//531
f 387//532 386//532 388//532
f 379//533 386//533 381//533
f 382//534 389//534 365//534
f 365//535 389//535 372//535
f 375//536 390//536 382//536
f 383//537 390//537 368//537
f 391//538 390//538 385//538
f 392//539 390//539 391//539
f 385//540 390//540 383//540
f 368//541 390//541 375//541
f 388//542 393//542 394//542
f 394//543 393//543 395//543
f 386//544 393//544 388//544
f 379//545 396//545 386//545
f 372//546 396//546 379//546
f 389//547 396//547 372//547
f 390//548 397//548 382//548
f 398//549 397//549 392//549
f 399//550 397//550 398//550
f 392//551 397//551 390//551
f 393//552 400//552 395//552
f 395//553 400//553 401//553
f 401//554 400//554 402//554
f 396//555 403//555 386//555
f 399//556 404//556 397//556
f 397//557 404//557 382//557
f 405//558 404//558 399//558
f 406//559 404//559 405//559
f 382//560 404//560 389//560
f 402//561 407//561 408//561
f 408//562 407//562 409//562
f 400//563 407//563 402//563
f 409//564 407//564 18//564
f 403//565 410//565 386//565
f 386//566 410//566 393//566
f 406//567 411//567 404//567
f 389//568 411//568 396//568
f 396//569 411//569 403//569
f 412//570 411//570 406//570
f 413//571 411//571 412//571
f 404//572 411//572 389//572
f 393//573 414//573 400//573
f 410//574 414//574 393//574
f 400//575 414//575 407//575
f 411//576 415//576 403//576
f 416//577 415//577 413//577
f 417//578 415//578 416//578
f 413//579 415//579 411//579
f 18//580 418//580 419//580
f 407//581 418//581 18//581
f 414//582 418//582 407//582
f 403//583 420//583 410//583
f 415//584 420//584 403//584
f 421//585 420//585 417//585
f 422//586 420//586 421//586
f 417//587 420//587 415//587
f 410//588 423//588 414//588
f 422//589 423//589 420//589
f 424//590 423//590 422//590
f 425//591 423//591 424//591
f 420//592 423//592 410//592
f 419//593 426//593 39//593
f 418//594 426//594 419//594
f 427//595 426//595 425//595
f 428//596 426//596 427//596
f 414//597 426//597 418//597
f 423//598 426//598 414//598
f 425//599 426//599 423//599
f 39//600 426//600 428//600
f 409//601 18//601 17//601
f 428//602 37//602 39//602
f 19//603 429//603 430//603
f 430//604 429//604 431//604
f 18//605 429//605 19//605
f 431//606 432//606 433//606
f 433//607 432//607 434//607
f 429//608 432//608 431//608
f 432//609 6//609 434//609
f 434//610 6//610 435//610
f 435//611 6//611 436//611
f 419//612 8//612 18//612
f 18//613 8//613 429//613
f 436//614 7//614 437//614
f 437//615 7//615 438//615
f 6//616 7//616 436//616
f 429//617 10//617 432//617
f 8//618 10//618 429//618
f 438//619 1//619 439//619
f 7//620 1//620 438//620
f 439//621 1//621 3//621
f 10//622 4//622 432//622
f 432//623 4//623 6//623
f 38//624 14//624 39//624
f 440//625 14//625 38//625
f 12//626 14//626 440//626
f 39//627 14//627 419//627
f 419//628 14//628 8//628
f 3//629 2//629 441//629
f 441//630 2//630 16//630
f 442//631 443//631 17//631
f 17//632 443//632 409//632
f 409//633 444//633 408//633
f 443//634 444//634 409//634
f 408//635 445//635 402//635
f 444//636 445//636 408//636
f 402//637 446//637 401//637
f 445//638 446//638 402//638
f 401//639 447//639 395//639
f 446//640 447//640 401//640
f 395//641 448//641 394//641
f 447//642 448//642 395//642
f 388//643 449//643 387//643
f 394//644 449//644 388//644
f 448//645 449//645 394//645
f 449//646 450//646 387//646
f 387//647 451//647 381//647
f 450//648 451//648 387//648
f 381//649 452//649 380//649
f 451//650 452//650 381//650
f 452//651 453//651 380//651
f 374//652 453//652 373//652
f 380//653 453//653 374//653
f 453//654 454//654 373//654
f 454//655 455//655 373//655
f 373//656 455//656 367//656
f 455//657 456//657 367//657
f 367//658 456//658 366//658
f 456//659 457//659 366//659
f 366//660 457//660 360//660
f 457//661 458//661 360//661
f 360//662 458//662 359//662
f 458//663 459//663 359//663
f 359//664 459//664 353//664
f 459//665 460//665 353//665
f 353//666 460//666 352//666
f 352//667 461//667 346//667
f 460//668 461//668 352//668
f 346//669 462//669 345//669
f 461//670 462//670 346//670
f 339//671 463//671 338//671
f 345//672 463//672 339//672
f 462//673 463//673 345//673
f 338//674 464//674 332//674
f 463//675 464//675 338//675
f 332//676 465//676 331//676
f 464//677 465//677 332//677
f 331//678 466//678 325//678
f 465//679 466//679 331//679
f 466//680 467//680 325//680
f 325//681 468//681 323//681
f 467//682 468//682 325//682
f 323//683 469//683 318//683
f 468//684 469//684 323//684
f 318//685 470//685 317//685
f 469//686 470//686 318//686
f 311//687 471//687 310//687
f 317//688 471//688 311//688
f 470//689 471//689 317//689
f 471//690 472//690 310//690
f 304//691 473//691 303//691
f 310//692 473//692 304//692
f 472//693 473//693 310//693
f 473//694 474//694 303//694
f 303//695 475//695 297//695
f 474//696 475//696 303//696
f 297//697 476//697 296//697
f 475//698 476//698 297//698
f 290//699 477//699 289//699
f 296//700 477//700 290//700
f 476//701 477//701 296//701
f 477//702 478//702 289//702
f 478//703 479//703 289//703
f 289//704 479//704 283//704
f 479//705 480//705 283//705
f 283//706 480//706 282//706
f 276//707 481//707 275//707
f 282//708 481//708 276//708
f 480//709 481//709 282//709
f 481//710 482//710 275//710
f 275//711 483//711 269//711
f 482//712 483//712 275//712
f 268//713 484//713 262//713
f 269//714 484//714 268//714
f 483//715 484//715 269//715
f 484//716 485//716 262//716
f 261//717 486//717 255//717
f 262//718 486//718 261//718
f 485//719 486//719 262//719
f 255//720 487//720 254//720
f 486//721 487//721 255//721
f 487//722 488//722 254//722
f 254//723 489//723 248//723
f 488//724 489//724 254//724
f 248//725 490//725 247//725
f 489//726 490//726 248//726
f 247//727 491//727 241//727
f 490//728 491//728 247//728
f 240//729 492//729 234//729
f 241//730 492//730 240//730
f 491//731 492//731 241//731
f 492//732 493//732 234//732
f 234//733 494//733 233//733
f 493//734 494//734 234//734
f 233//735 494//735 227//735
f 494//736 495//736 227//736
f 495//737 496//737 227//737
f 227//738 496//738 226//738
f 496//739 497//739 226//739
f 226//740 497//740 220//740
f 497//741 498//741 220//741
f 220//742 498//742 219//742
f 498//743 499//743 219//743
f 219//744 499//744 213//744
f 499//745 500//745 213//745
f 213//746 500//746 212//746
f 212//747 501//747 206//747
f 500//748 501//748 212//748
f 206//749 502//749 205//749
f 501//750 502//750 206//750
f 205//751 503//751 199//751
f 502//752 503//752 205//752
f 503//753 504//753 199//753
f 199//754 504//754 198//754
f 504//755 505//755 198//755
f 198//756 505//756 192//756
f 505//757 506//757 192//757
f 192//758 506//758 191//758
f 506//759 507//759 191//759
f 191//760 507//760 185//760
f 507//761 508//761 185//761
f 185//762 508//762 184//762
f 508//763 509//763 184//763
f 178//764 509//764 177//764
f 184//765 509//765 178//765
f 509//766 510//766 177//766
f 510//767 511//767 177//767
f 177//768 511//768 171//768
f 511//769 512//769 171//769
f 170//770 512//770 164//770
f 171//771 512//771 170//771
f 512//772 513//772 164//772
f 513//773 514//773 164//773
f 164//774 514//774 163//774
f 514//775 515//775 163//775
f 163//776 515//776 157//776
f 515//777 516//777 157//777
f 156//778 516//778 150//778
f 157//779 516//779 156//779
f 516//780 517//780 150//780
f 517//781 518//781 150//781
f 150//782 518//782 149//782
f 518//783 519//783 149//783
f 143//784 519//784 142//784
f 149//785 519//785 143//785
f 519//786 520//786 142//786
f 520//787 521//787 142//787
f 136//788 521//788 135//788
f 142//789 521//789 136//789
f 521//790 522//790 135//790
f 135//791 523//791 129//791
f 522//792 523//792 135//792
f 129//793 524//793 128//793
f 523//794 524//794 129//794
f 128//795 525//795 122//795
f 524//796 525//796 128//796
f 121//797 526//797 115//797
f 122//798 526//798 121//798
f 525//799 526//799 122//799
f 115//800 527//800 114//800
f 526//801 527//801 115//801
f 114//802 528//802 108//802
f 527//803 528//803 114//803
f 528//804 529//804 108//804
f 529//805 530//805 108//805
f 108//806 530//806 107//806
f 530//807 531//807 107//807
f 107//808 531//808 101//808
f 531//809 532//809 101//809
f 101//810 532//810 100//810
f 532//811 533//811 100//811
f 100//812 533//812 94//812
f 533//813 534//813 94//813
f 93//814 534//814 87//814
f 94//815 534//815 93//815
f 534//816 535//816 87//816
f 87//817 535//817 86//817
f 535//818 536//818 86//818
f 536//819 537//819 86//819
f 86//820 537//820 80//820
f 537//821 538//821 80//821
f 79//822 538//822 73//822
f 80//823 538//823 79//823
f 538//824 539//824 73//824
f 73//825 539//825 72//825
f 539//826 540//826 72//826
f 540//827 541//827 72//827
f 66//828 541//828 65//828
f 72//829 541//829 66//829
f 541//830 542//830 65//830
f 65//831 543//831 59//831
f 542//832 543//832 65//832
f 58//833 544//833 52//833
f 59//834 544//834 58//834
f 543//835 544//835 59//835
f 544//836 545//836 52//836
f 51//837 546//837 45//837
f 52//838 546//838 51//838
f 545//839 546//839 52//839
f 546//840 547//840 45//840
f 45//841 548//841 44//841
f 547//842 548//842 45//842
f 44//843 549//843 35//843
f 548//844 549//844 44//844
f 35//845 550//845 34//845
f 549//846 550//846 35//846
f 34//847 551//847 28//847
f 550//848 551//848 34//848
f 27//849 552//849 21//849
f 28//850 552//850 27//850
f 551//851 552//851 28//851
f 552//852 553//852 21//852
f 21//853 554//853 20//853
f 553//854 554//854 21//854
f 554//855 555//855 20//855
f 16//856 555//856 441//856
f 20//857 555//857 16//857
f 555//858 556//858 441//858
f 556//859 557//859 441//859
f 3//860 557//860 439//860
f 441//861 557//861 3//861
f 557//862 558//862 439//862
f 558//863 559//863 439//863
f 439//864 559//864 438//864
f 559//865 560//865 438//865
f 438//866 560//866 437//866
f 560//867 561//867 437//867
f 437//868 561//868 436//868
f 436//869 562//869 435//869
f 561//870 562//870 436//870
f 562//871 563//871 435//871
f 435//872 563//872 434//872
f 434//873 564//873 433//873
f 563//874 564//874 434//874
f 431//875 565//875 430//875
f 433//876 565//876 431//876
f 564//877 565//877 433//877
f 430//878 566//878 19//878
f 565//879 566//879 430//879
f 566//880 567//880 19//880
f 19//881 442//881 17//881
f 567//882 442//882 19//882
f 568//883 569//883 570//883
f 571//884 572//884 573//884
f 573//885 572//885 574//885
f 575//886 576//886 577//886
f 578//887 576//887 579//887
f 580//888 576//888 578//888
f 581//889 576//889 575//889
f 579//890 576//890 581//890
f 569//891 582//891 583//891
f 584//892 585//892 586//892
f 583//893 582//893 587//893
f 587//894 582//894 588//894
f 572//895 589//895 574//895
f 574//896 589//896 568//896
f 576//897 590//897 577//897
f 577//898 590//898 571//898
f 591//899 590//899 580//899
f 592//900 590//900 591//900
f 580//901 590//901 576//901
f 588//902 593//902 594//902
f 594//903 593//903 595//903
f 582//904 593//904 588//904
f 568//905 596//905 569//905
f 589//906 596//906 568//906
f 590//907 597//907 571//907
f 592//908 597//908 590//908
f 598//909 597//909 592//909
f 599//910 597//910 598//910
f 571//911 597//911 572//911
f 595//912 600//912 601//912
f 601//913 600//913 602//913
f 593//914 600//914 595//914
f 596//915 603//915 569//915
f 569//916 603//916 582//916
f 604//917 605//917 606//917
f 607//918 608//918 599//918
f 609//919 608//919 607//919
f 572//920 608//920 589//920
f 597//921 608//921 572//921
f 599//922 608//922 597//922
f 602//923 610//923 611//923
f 611//924 610//924 612//924
f 600//925 610//925 602//925
f 603//926 613//926 582//926
f 582//927 613//927 593//927
f 614//928 615//928 609//928
f 616//929 615//929 614//929
f 609//930 615//930 608//930
f 589//931 615//931 596//931
f 608//932 615//932 589//932
f 612//933 617//933 618//933
f 618//934 617//934 619//934
f 610//935 617//935 612//935
f 593//936 620//936 600//936
f 613//937 620//937 593//937
f 596//938 621//938 603//938
f 622//939 621//939 616//939
f 623//940 621//940 622//940
f 615//941 621//941 596//941
f 616//942 621//942 615//942
f 617//943 624//943 619//943
f 619//944 624//944 625//944
f 625//945 624//945 626//945
f 600//946 627//946 610//946
f 620//947 627//947 600//947
f 603//948 628//948 613//948
f 629//949 628//949 623//949
f 630//950 628//950 629//950
f 623//951 628//951 621//951
f 621//952 628//952 603//952
f 624//953 631//953 626//953
f 626//954 631//954 632//954
f 632//955 631//955 633//955
f 627//956 634//956 610//956
f 610//957 634//957 617//957
f 630//958 635//958 628//958
f 613//959 635//959 620//959
f 628//960 635//960 613//960
f 636//961 635//961 630//961
f 637//962 635//962 636//962
f 631//963 638//963 633//963
f 633//964 638//964 639//964
f 639//965 638//965 640//965
f 617//966 641//966 624//966
f 634//967 641//967 617//967
f 637//968 642//968 635//968
f 643//969 642//969 637//969
f 644//970 642//970 643//970
f 620//971 642//971 627//971
f 635//972 642//972 620//972
f 640//973 645//973 646//973
f 646//974 645//974 647//974
f 638//975 645//975 640//975
f 641//976 648//976 624//976
f 624//977 648//977 631//977
f 644//978 649//978 642//978
f 627//979 649//979 634//979
f 650//980 649//980 644//980
f 651//981 649//981 650//981
f 642//982 649//982 627//982
f 647//983 652//983 653//983
f 653//984 652//984 654//984
f 645//985 652//985 647//985
f 648//986 655//986 631//986
f 631//987 655//987 638//987
f 651//988 656//988 649//988
f 649//989 656//989 634//989
f 634//990 656//990 641//990
f 657//991 656//991 651//991
f 658//992 656//992 657//992
f 652//993 659//993 654//993
f 654//994 659//994 660//994
f 660//995 659//995 661//995
f 638//996 662//996 645//996
f 655//997 662//997 638//997
f 648//998 663//998 655//998
f 641//999 663//999 648//999
f 664//1000 663//1000 658//1000
f 665//1001 663//1001 664//1001
f 658//1002 663//1002 656//1002
f 656//1003 663//1003 641//1003
f 659//1004 666//1004 661//1004
f 661//1005 666//1005 667//1005
f 667//1006 666//1006 668//1006
f 662//1007 669//1007 645//1007
f 645//1008 669//1008 652//1008
f 665//1009 670//1009 663//1009
f 671//1010 670//1010 665//1010
f 672//1011 670//1011 671//1011
f 663//1012 670//1012 655//1012
f 668//1013 673//1013 674//1013
f 674//1014 673//1014 675//1014
f 666//1015 673//1015 668//1015
f 652//1016 676//1016 659//1016
f 669//1017 676//1017 652//1017
f 655//1018 677//1018 662//1018
f 672//1019 677//1019 670//1019
f 670//1020 677//1020 655//1020
f 678//1021 677//1021 672//1021
f 679//1022 677//1022 678//1022
f 673//1023 680//1023 675//1023
f 675//1024 680//1024 681//1024
f 681//1025 680//1025 682//1025
f 676//1026 683//1026 659//1026
f 659//1027 683//1027 666//1027
f 662//1028 684//1028 669//1028
f 679//1029 684//1029 677//1029
f 677//1030 684//1030 662//1030
f 685//1031 684//1031 679//1031
f 686//1032 684//1032 685//1032
f 682//1033 687//1033 688//1033
f 688//1034 687//1034 689//1034
f 680//1035 687//1035 682//1035
f 666//1036 690//1036 673//1036
f 683//1037 690//1037 666//1037
f 684//1038 691//1038 669//1038
f 692//1039 691//1039 686//1039
f 693//1040 691//1040 692//1040
f 686//1041 691//1041 684//1041
f 669//1042 691//1042 676//1042
f 687//1043 694//1043 689//1043
f 689//1044 694//1044 695//1044
f 695//1045 694//1045 696//1045
f 673//1046 697//1046 680//1046
f 690//1047 697//1047 673//1047
f 676//1048 698//1048 683//1048
f 691//1049 698//1049 676//1049
f 699//1050 698//1050 693//1050
f 700//1051 698//1051 699//1051
f 693//1052 698//1052 691//1052
f 696//1053 701//1053 702//1053
f 702//1054 701//1054 703//1054
f 694//1055 701//1055 696//1055
f 697//1056 704//1056 680//1056
f 680//1057 704//1057 687//1057
f 705//1058 706//1058 700//1058
f 707//1059 706//1059 705//1059
f 700//1060 706//1060 698//1060
f 683//1061 706//1061 690//1061
f 698//1062 706//1062 683//1062
f 701//1063 708//1063 703//1063
f 703//1064 708//1064 709//1064
f 709//1065 708//1065 710//1065
f 687//1066 711//1066 694//1066
f 694//1067 711//1067 701//1067
f 704//1068 711//1068 687//1068
f 706//1069 712//1069 690//1069
f 707//1070 712//1070 706//1070
f 690//1071 712//1071 697//1071
f 713//1072 712//1072 707//1072
f 714//1073 712//1073 713//1073
f 710//1074 715//1074 716//1074
f 716//1075 715//1075 717//1075
f 708//1076 715//1076 710//1076
f 711//1077 718//1077 701//1077
f 697//1078 719//1078 704//1078
f 714//1079 719//1079 712//1079
f 720//1080 719//1080 714//1080
f 721//1081 719//1081 720//1081
f 712//1082 719//1082 697//1082
f 715//1083 722//1083 717//1083
f 717//1084 722//1084 723//1084
f 723//1085 722//1085 724//1085
f 701//1086 725//1086 708//1086
f 718//1087 725//1087 701//1087
f 704//1088 726//1088 711//1088
f 721//1089 726//1089 719//1089
f 719//1090 726//1090 704//1090
f 727//1091 726//1091 721//1091
f 728//1092 726//1092 727//1092
f 724//1093 729//1093 730//1093
f 722//1094 729//1094 724//1094
f 730//1095 729//1095 731//1095
f 725//1096 732//1096 708//1096
f 708//1097 732//1097 715//1097
f 726//1098 733//1098 711//1098
f 711//1099 733//1099 718//1099
f 728//1100 733//1100 726//1100
f 734//1101 733//1101 728//1101
f 735//1102 733//1102 734//1102
f 729//1103 736//1103 731//1103
f 731//1104 736//1104 737//1104
f 737//1105 736//1105 738//1105
f 722//1106 739//1106 729//1106
f 732//1107 739//1107 715//1107
f 715//1108 739//1108 722//1108
f 733//1109 740//1109 718//1109
f 718//1110 740//1110 725//1110
f 725//1111 740//1111 732//1111
f 735//1112 740//1112 733//1112
f 741//1113 740//1113 735//1113
f 742//1114 740//1114 741//1114
f 736//1115 743//1115 738//1115
f 738//1116 743//1116 744//1116
f 744//1117 743//1117 745//1117
f 739//1118 746//1118 729//1118
f 742//1119 747//1119 740//1119
f 748//1120 747//1120 742//1120
f 749//1121 747//1121 748//1121
f 740//1122 747//1122 732//1122
f 743//1123 750//1123 745//1123
f 745//1124 750//1124 751//1124
f 751//1125 750//1125 752//1125
f 729//1126 753//1126 736//1126
f 746//1127 753//1127 729//1127
f 749//1128 754//1128 747//1128
f 747//1129 754//1129 732//1129
f 755//1130 754//1130 749//1130
f 756//1131 754//1131 755//1131
f 732//1132 754//1132 739//1132
f 752//1133 757//1133 758//1133
f 758//1134 757//1134 759//1134
f 750//1135 757//1135 752//1135
f 753//1136 760//1136 736//1136
f 736//1137 760//1137 743//1137
f 739//1138 761//1138 746//1138
f 754//1139 761//1139 739//1139
f 756//1140 761//1140 754//1140
f 762//1141 761//1141 756//1141
f 763//1142 761//1142 762//1142
f 757//1143 764//1143 759//1143
f 759//1144 764//1144 765//1144
f 765//1145 764//1145 766//1145
f 743//1146 767//1146 750//1146
f 760//1147 767//1147 743//1147
f 761//1148 768//1148 746//1148
f 746//1149 768//1149 753//1149
f 763//1150 768//1150 761//1150
f 769//1151 768//1151 763//1151
f 770//1152 768//1152 769//1152
f 766//1153 771//1153 772//1153
f 772//1154 771//1154 773//1154
f 764//1155 771//1155 766//1155
f 757//1156 774//1156 764//1156
f 750//1157 774//1157 757//1157
f 767//1158 774//1158 750//1158
f 770//1159 775//1159 768//1159
f 753//1160 775//1160 760//1160
f 768//1161 775//1161 753//1161
f 776//1162 775//1162 770//1162
f 777//1163 775//1163 776//1163
f 773//1164 778//1164 779//1164
f 779//1165 778//1165 780//1165
f 771//1166 778//1166 773//1166
f 774//1167 781//1167 764//1167
f 777//1168 782//1168 775//1168
f 760//1169 782//1169 767//1169
f 775//1170 782//1170 760//1170
f 783//1171 782//1171 777//1171
f 784//1172 782//1172 783//1172
f 778//1173 785//1173 780//1173
f 780//1174 785//1174 786//1174
f 786//1175 785//1175 787//1175
f 764//1176 788//1176 771//1176
f 781//1177 788//1177 764//1177
f 771//1178 788//1178 778//1178
f 784//1179 789//1179 782//1179
f 782//1180 789//1180 767//1180
f 790//1181 789//1181 784//1181
f 791//1182 789//1182 790//1182
f 767//1183 789//1183 774//1183
f 785//1184 792//1184 787//1184
f 787//1185 792//1185 793//1185
f 793//1186 792//1186 794//1186
f 778//1187 795//1187 785//1187
f 788//1188 795//1188 778//1188
f 791//1189 796//1189 789//1189
f 789//1190 796//1190 774//1190
f 774//1191 796//1191 781//1191
f 797//1192 796//1192 791//1192
f 798//1193 796//1193 797//1193
f 792//1194 799//1194 794//1194
f 794//1195 799//1195 800//1195
f 800//1196 799//1196 801//1196
f 795//1197 802//1197 785//1197
f 796//1198 803//1198 781//1198
f 781//1199 803//1199 788//1199
f 804//1200 803//1200 798//1200
f 798//1201 803//1201 796//1201
f 805//1202 803//1202 804//1202
f 799//1203 806//1203 801//1203
f 801//1204 806//1204 807//1204
f 807//1205 806//1205 808//1205
f 785//1206 809//1206 792//1206
f 802//1207 809//1207 785//1207
f 788//1208 810//1208 795//1208
f 803//1209 810//1209 788//1209
f 805//1210 810//1210 803//1210
f 811//1211 810//1211 805//1211
f 812//1212 810//1212 811//1212
f 806//1213 813//1213 808//1213
f 808//1214 813//1214 814//1214
f 814//1215 813//1215 815//1215
f 809//1216 816//1216 792//1216
f 792//1217 816//1217 799//1217
f 810//1218 817//1218 795//1218
f 795//1219 817//1219 802//1219
f 802//1220 817//1220 809//1220
f 812//1221 817//1221 810//1221
f 818//1222 817//1222 812//1222
f 819//1223 817//1223 818//1223
f 813//1224 820//1224 815//1224
f 815//1225 820//1225 821//1225
f 821//1226 820//1226 822//1226
f 816//1227 823//1227 799//1227
f 799//1228 823//1228 806//1228
f 806//1229 823//1229 813//1229
f 824//1230 825//1230 819//1230
f 826//1231 825//1231 824//1231
f 819//1232 825//1232 817//1232
f 817//1233 825//1233 809//1233
f 820//1234 827//1234 822//1234
f 822//1235 827//1235 828//1235
f 828//1236 827//1236 829//1236
f 823//1237 830//1237 813//1237
f 831//1238 832//1238 826//1238
f 833//1239 832//1239 831//1239
f 809//1240 832//1240 816//1240
f 825//1241 832//1241 809//1241
f 826//1242 832//1242 825//1242
f 827//1243 834//1243 829//1243
f 829//1244 834//1244 835//1244
f 835//1245 834//1245 836//1245
f 813//1246 837//1246 820//1246
f 830//1247 837//1247 813//1247
f 838//1248 839//1248 833//1248
f 840//1249 839//1249 838//1249
f 816//1250 839//1250 823//1250
f 832//1251 839//1251 816//1251
f 833//1252 839//1252 832//1252
f 834//1253 841//1253 836//1253
f 836//1254 841//1254 842//1254
f 842//1255 841//1255 843//1255
f 837//1256 844//1256 820//1256
f 827//1257 844//1257 834//1257
f 820//1258 844//1258 827//1258
f 839//1259 845//1259 823//1259
f 846//1260 845//1260 840//1260
f 847//1261 845//1261 846//1261
f 823//1262 845//1262 830//1262
f 830//1263 845//1263 837//1263
f 840//1264 845//1264 839//1264
f 841//1265 848//1265 843//1265
f 843//1266 848//1266 849//1266
f 849//1267 848//1267 850//1267
f 844//1268 851//1268 834//1268
f 852//1269 853//1269 847//1269
f 854//1270 853//1270 852//1270
f 837//1271 853//1271 844//1271
f 847//1272 853//1272 845//1272
f 845//1273 853//1273 837//1273
f 848//1274 855//1274 850//1274
f 850//1275 855//1275 856//1275
f 856//1276 855//1276 857//1276
f 841//1277 858//1277 848//1277
f 834//1278 858//1278 841//1278
f 851//1279 858//1279 834//1279
f 859//1280 860//1280 854//1280
f 861//1281 860//1281 859//1281
f 854//1282 860//1282 853//1282
f 853//1283 860//1283 844//1283
f 855//1284 862//1284 857//1284
f 857//1285 862//1285 863//1285
f 863//1286 862//1286 864//1286
f 858//1287 865//1287 848//1287
f 866//1288 867//1288 861//1288
f 868//1289 867//1289 866//1289
f 861//1290 867//1290 860//1290
f 844//1291 867//1291 851//1291
f 851//1292 867//1292 858//1292
f 860//1293 867//1293 844//1293
f 862//1294 869//1294 864//1294
f 864//1295 869//1295 870//1295
f 870//1296 869//1296 871//1296
f 848//1297 872//1297 855//1297
f 865//1298 872//1298 848//1298
f 873//1299 874//1299 868//1299
f 875//1300 874//1300 873//1300
f 867//1301 874//1301 858//1301
f 868//1302 874//1302 867//1302
f 869//1303 876//1303 871//1303
f 871//1304 876//1304 877//1304
f 877//1305 876//1305 878//1305
f 872//1306 879//1306 855//1306
f 855//1307 879//1307 862//1307
f 874//1308 880//1308 858//1308
f 881//1309 880//1309 875//1309
f 882//1310 880//1310 881//1310
f 875//1311 880//1311 874//1311
f 858//1312 880//1312 865//1312
f 876//1313 883//1313 878//1313
f 878//1314 883//1314 884//1314
f 884//1315 883//1315 885//1315
f 862//1316 886//1316 869//1316
f 879//1317 886//1317 862//1317
f 880//1318 887//1318 865//1318
f 865//1319 887//1319 872//1319
f 888//1320 887//1320 882//1320
f 889//1321 887//1321 888//1321
f 882//1322 887//1322 880//1322
f 890//1323 891//1323 892//1323
f 883//1324 891//1324 885//1324
f 885//1325 891//1325 890//1325
f 869//1326 893//1326 876//1326
f 876//1327 893//1327 883//1327
f 886//1328 893//1328 869//1328
f 887//1329 894//1329 872//1329
f 889//1330 894//1330 887//1330
f 895//1331 894//1331 889//1331
f 896//1332 894//1332 895//1332
f 872//1333 894//1333 879//1333
f 892//1334 897//1334 898//1334
f 898//1335 897//1335 899//1335
f 891//1336 897//1336 892//1336
f 893//1337 900//1337 883//1337
f 901//1338 902//1338 896//1338
f 903//1339 902//1339 901//1339
f 879//1340 902//1340 886//1340
f 896//1341 902//1341 894//1341
f 894//1342 902//1342 879//1342
f 899//1343 904//1343 905//1343
f 905//1344 904//1344 906//1344
f 897//1345 904//1345 899//1345
f 883//1346 907//1346 891//1346
f 900//1347 907//1347 883//1347
f 908//1348 909//1348 903//1348
f 910//1349 909//1349 908//1349
f 886//1350 909//1350 893//1350
f 903//1351 909//1351 902//1351
f 902//1352 909//1352 886//1352
f 906//1353 911//1353 912//1353
f 912//1354 911//1354 913//1354
f 904//1355 911//1355 906//1355
f 891//1356 914//1356 897//1356
f 907//1357 914//1357 891//1357
f 893//1358 915//1358 900//1358
f 916//1359 915//1359 910//1359
f 917//1360 915//1360 916//1360
f 909//1361 915//1361 893//1361
f 910//1362 915//1362 909//1362
f 900//1363 915//1363 907//1363
f 913//1364 918//1364 919//1364
f 919//1365 918//1365 920//1365
f 911//1366 918//1366 913//1366
f 914//1367 921//1367 897//1367
f 897//1368 921//1368 904//1368
f 904//1369 921//1369 911//1369
f 922//1370 923//1370 917//1370
f 924//1371 923//1371 922//1371
f 915//1372 923//1372 907//1372
f 917//1373 923//1373 915//1373
f 920//1374 925//1374 926//1374
f 926//1375 925//1375 927//1375
f 918//1376 925//1376 920//1376
f 921//1377 928//1377 911//1377
f 907//1378 929//1378 914//1378
f 930//1379 929//1379 924//1379
f 931//1380 929//1380 930//1380
f 923//1381 929//1381 907//1381
f 924//1382 929//1382 923//1382
f 927//1383 932//1383 933//1383
f 933//1384 932//1384 934//1384
f 925//1385 932//1385 927//1385
f 911//1386 935//1386 918//1386
f 928//1387 935//1387 911//1387
f 936//1388 937//1388 931//1388
f 938//1389 937//1389 936//1389
f 929//1390 937//1390 914//1390
f 914//1391 937//1391 921//1391
f 931//1392 937//1392 929//1392
f 921//1393 937//1393 928//1393
f 934//1394 939//1394 940//1394
f 940//1395 939//1395 941//1395
f 932//1396 939//1396 934//1396
f 918//1397 942//1397 925//1397
f 925//1398 942//1398 932//1398
f 935//1399 942//1399 918//1399
f 943//1400 944//1400 938//1400
f 945//1401 944//1401 943//1401
f 938//1402 944//1402 937//1402
f 937//1403 944//1403 928//1403
f 941//1404 946//1404 947//1404
f 947//1405 946//1405 948//1405
f 939//1406 946//1406 941//1406
f 942//1407 949//1407 932//1407
f 944//1408 950//1408 928//1408
f 951//1409 950//1409 945//1409
f 952//1410 950//1410 951//1410
f 945//1411 950//1411 944//1411
f 928//1412 950//1412 935//1412
f 948//1413 953//1413 954//1413
f 954//1414 953//1414 955//1414
f 946//1415 953//1415 948//1415
f 949//1416 956//1416 932//1416
f 932//1417 956//1417 939//1417
f 942//1418 957//1418 949//1418
f 950//1419 957//1419 935//1419
f 958//1420 957//1420 952//1420
f 959//1421 957//1421 958//1421
f 952//1422 957//1422 950//1422
f 935//1423 957//1423 942//1423
f 955//1424 960//1424 961//1424
f 961//1425 960//1425 962//1425
f 953//1426 960//1426 955//1426
f 946//1427 963//1427 953//1427
f 939//1428 963//1428 946//1428
f 956//1429 963//1429 939//1429
f 957//1430 964//1430 949//1430
f 965//1431 964//1431 959//1431
f 966//1432 964//1432 965//1432
f 959//1433 964//1433 957//1433
f 960//1434 967//1434 962//1434
f 962//1435 967//1435 968//1435
f 968//1436 967//1436 969//1436
f 963//1437 970//1437 953//1437
f 966//1438 971//1438 964//1438
f 964//1439 971//1439 949//1439
f 972//1440 971//1440 966//1440
f 973//1441 971//1441 972//1441
f 949//1442 971//1442 956//1442
f 969//1443 974//1443 975//1443
f 975//1444 974//1444 976//1444
f 967//1445 974//1445 969//1445
f 976//1446 974//1446 585//1446
f 970//1447 977//1447 953//1447
f 953//1448 977//1448 960//1448
f 973//1449 978//1449 971//1449
f 956//1450 978//1450 963//1450
f 963//1451 978//1451 970//1451
f 979//1452 978//1452 973//1452
f 980//1453 978//1453 979//1453
f 971//1454 978//1454 956//1454
f 960//1455 981//1455 967//1455
f 977//1456 981//1456 960//1456
f 967//1457 981//1457 974//1457
f 978//1458 982//1458 970//1458
f 983//1459 982//1459 980//1459
f 984//1460 982//1460 983//1460
f 980//1461 982//1461 978//1461
f 585//1462 985//1462 986//1462
f 974//1463 985//1463 585//1463
f 981//1464 985//1464 974//1464
f 970//1465 987//1465 977//1465
f 982//1466 987//1466 970//1466
f 988//1467 987//1467 984//1467
f 989//1468 987//1468 988//1468
f 984//1469 987//1469 982//1469
f 977//1470 990//1470 981//1470
f 989//1471 990//1471 987//1471
f 991//1472 990//1472 989//1472
f 992//1473 990//1473 991//1473
f 987//1474 990//1474 977//1474
f 986//1475 993//1475 606//1475
f 985//1476 993//1476 986//1476
f 994//1477 993//1477 992//1477
f 995//1478 993//1478 994//1478
f 981//1479 993//1479 985//1479
f 990//1480 993//1480 981//1480
f 992//1481 993//1481 990//1481
f 606//1482 993//1482 995//1482
f 976//1483 585//1483 584//1483
f 995//1484 604//1484 606//1484
f 586//1485 996//1485 997//1485
f 997//1486 996//1486 998//1486
f 585//1487 996//1487 586//1487
f 998//1488 999//1488 1000//1488
f 1000//1489 999//1489 1001//1489
f 996//1490 999//1490 998//1490
f 999//1491 573//1491 1001//1491
f 1001//1492 573//1492 1002//1492
f 1002//1493 573//1493 1003//1493
f 986//1494 575//1494 585//1494
f 585//1495 575//1495 996//1495
f 1003//1496 574//1496 1004//1496
f 1004//1497 574//1497 1005//1497
f 573//1498 574//1498 1003//1498
f 996//1499 577//1499 999//1499
f 575//1500 577//1500 996//1500
f 1005//1501 568//1501 1006//1501
f 574//1502 568//1502 1005//1502
f 1006//1503 568//1503 570//1503
f 577//1504 571//1504 999//1504
f 999//1505 571//1505 573//1505
f 605//1506 581//1506 606//1506
f 1007//1507 581//1507 605//1507
f 579//1508 581//1508 1007//1508
f 606//1509 581//1509 986//1509
f 986//1510 581//1510 575//1510
f 570//1511 569//1511 1008//1511
f 1008//1512 569//1512 583//1512
f 1009//1513 1010//1513 584//1513
f 584//1514 1010//1514 976//1514
f 976//1515 1011//1515 975//1515
f 1010//1516 1011//1516 976//1516
f 975//1517 1012//1517 969//1517
f 1011//1518 1012//1518 975//1518
f 969//1519 1013//1519 968//1519
f 1012//1520 1013//1520 969//1520
f 968//1521 1014//1521 962//1521
f 1013//1522 1014//1522 968//1522
f 962//1523 1015//1523 961//1523
f 1014//1524 1015//1524 962//1524
f 955//1525 1016//1525 954//1525
f 961//1526 1016//1526 955//1526
f 1015//1527 1016//1527 961//1527
f 1016//1528 1017//1528 954//1528
f 954//1529 1018//1529 948//1529
f 1017//1530 1018//1530 954//1530
f 948//1531 1019//1531 947//1531
f 1018//1532 1019//1532 948//1532
f 1019//1533 1020//1533 947//1533
f 941//1534 1020//1534 940//1534
f 947//1535 1020//1535 941//1535
f 1020//1536 1021//1536 940//1536
f 1021//1537 1022//1537 940//1537
f 940//1538 1022//1538 934//1538
f 1022//1539 1023//1539 934//1539
f 934//1540 1023//1540 933//1540
f 1023//1541 1024//1541 933//1541
f 933//1542 1024//1542 927//1542
f 1024//1543 1025//1543 927//1543
f 927//1544 1025//1544 926//1544
f 1025//1545 1026//1545 926//1545
f 926//1546 1026//1546 920//1546
f 1026//1547 1027//1547 920//1547
f 920//1548 1027//1548 919//1548
f 919//1549 1028//1549 913//1549
f 1027//1550 1028//1550 919//1550
f 913//1551 1029//1551 912//1551
f 1028//1552 1029//1552 913//1552
f 906//1553 1030//1553 905//1553
f 912//1554 1030//1554 906//1554
f 1029//1555 1030//1555 912//1555
f 905//1556 1031//1556 899//1556
f 1030//1557 1031//1557 905//1557
f 899//1558 1032//1558 898//1558
f 1031//1559 1032//1559 899//1559
f 898//1560 1033//1560 892//1560
f 1032//1561 1033//1561 898//1561
f 1033//1562 1034//1562 892//1562
f 892//1563 1035//1563 890//1563
f 1034//1564 1035//1564 892//1564
f 890//1565 1036//1565 885//1565
f 1035//1566 1036//1566 890//1566
f 885//1567 1037//1567 884//1567
f 1036//1568 1037//1568 885//1568
f 878//1569 1038//1569 877//1569
f 884//1570 1038//1570 878//1570
f 1037//1571 1038//1571 884//1571
f 1038//1572 1039//1572 877//1572
f 871//1573 1040//1573 870//1573
f 877//1574 1040//1574 871//1574
f 1039//1575 1040//1575 877//1575
f 1040//1576 1041//1576 870//1576
f 870//1577 1042//1577 864//1577
f 1041//1578 1042//1578 870//1578
f 864//1579 1043//1579 863//1579
f 1042//1580 1043//1580 864//1580
f 857//1581 1044//1581 856//1581
f 863//1582 1044//1582 857//1582
f 1043//1583 1044//1583 863//1583
f 1044//1584 1045//1584 856//1584
f 1045//1585 1046//1585 856//1585
f 856//1586 1046//1586 850//1586
f 1046//1587 1047//1587 850//1587
f 850//1588 1047//1588 849//1588
f 843//1589 1048//1589 842//1589
f 849//1590 1048//1590 843//1590
f 1047//1591 1048//1591 849//1591
f 1048//1592 1049//1592 842//1592
f 842//1593 1050//1593 836//1593
f 1049//1594 1050//1594 842//1594
f 835//1595 1051//1595 829//1595
f 836//1596 1051//1596 835//1596
f 1050//1597 1051//1597 836//1597
f 1051//1598 1052//1598 829//1598
f 828//1599 1053//1599 822//1599
f 829//1600 1053//1600 828//1600
f 1052//1601 1053//1601 829//1601
f 822//1602 1054//1602 821//1602
f 1053//1603 1054//1603 822//1603
f 1054//1604 1055//1604 821//1604
f 821//1605 1056//1605 815//1605
f 1055//1606 1056//1606 821//1606
f 815//1607 1057//1607 814//1607
f 1056//1608 1057//1608 815//1608
f 814//1609 1058//1609 808//1609
f 1057//1610 1058//1610 814//1610
f 807//1611 1059//1611 801//1611
f 808//1612 1059//1612 807//1612
f 1058//1613 1059//1613 808//1613
f 1059//1614 1060//1614 801//1614
f 801//1615 1061//1615 800//1615
f 1060//1616 1061//1616 801//1616
f 800//1617 1061//1617 794//1617
f 1061//1618 1062//1618 794//1618
f 1062//1619 1063//1619 794//1619
f 794//1620 1063//1620 793//1620
f 1063//1621 1064//1621 793//1621
f 793//1622 1064//1622 787//1622
f 1064//1623 1065//1623 787//1623
f 787//1624 1065//1624 786//1624
f 1065//1625 1066//1625 786//1625
f 786//1626 1066//1626 780//1626
f 1066//1627 1067//1627 780//1627
f 780//1628 1067//1628 779//1628
f 779//1629 1068//1629 773//1629
f 1067//1630 1068//1630 779//1630
f 773//1631 1069//1631 772//1631
f 1068//1632 1069//1632 773//1632
f 772//1633 1070//1633 766//1633
f 1069//1634 1070//1634 772//1634
f 1070//1635 1071//1635 766//1635
f 766//1636 1071//1636 765//1636
f 1071//1637 1072//1637 765//1637
f 765//1638 1072//1638 759//1638
f 1072//1639 1073//1639 759//1639
f 759//1640 1073//1640 758//1640
f 1073//1641 1074//1641 758//1641
f 758//1642 1074//1642 752//1642
f 1074//1643 1075//1643 752//1643
f 752//1644 1075//1644 751//1644
f 1075//1645 1076//1645 751//1645
f 745//1646 1076//1646 744//1646
f 751//1647 1076//1647 745//1647
f 1076//1648 1077//1648 744//1648
f 1077//1649 1078//1649 744//1649
f 744//1650 1078//1650 738//1650
f 1078//1651 1079//1651 738//1651
f 737//1652 1079//1652 731//1652
f 738//1653 1079//1653 737//1653
f 1079//1654 1080//1654 731//1654
f 1080//1655 1081//1655 731//1655
f 731//1656 1081//1656 730//1656
f 1081//1657 1082//1657 730//1657
f 730//1658 1082//1658 724//1658
f 1082//1659 1083//1659 724//1659
f 723//1660 1083//1660 717//1660
f 724//1661 1083//1661 723//1661
f 1083//1662 1084//1662 717//1662
f 1084//1663 1085//1663 717//1663
f 717//1664 1085//1664 716//1664
f 1085//1665 1086//1665 716//1665
f 710//1666 1086//1666 709//1666
f 716//1667 1086//1667 710//1667
f 1086//1668 1087//1668 709//1668
f 1087//1669 1088//1669 709//1669
f 703//1670 1088//1670 702//1670
f 709//1671 1088//1671 703//1671
f 1088//1672 1089//1672 702//1672
f 702//1673 1090//1673 696//1673
f 1089//1674 1090//1674 702//1674
f 696//1675 1091//1675 695//1675
f 1090//1676 1091//1676 696//1676
f 695//1677 1092//1677 689//1677
f 1091//1678 1092//1678 695//1678
f 688//1679 1093//1679 682//1679
f 689//1680 1093//1680 688//1680
f 1092//1681 1093//1681 689//1681
f 682//1682 1094//1682 681//1682
f 1093//1683 1094//1683 682//1683
f 681//1684 1095//1684 675//1684
f 1094//1685 1095//1685 681//1685
f 1095//1686 1096//1686 675//1686
f 1096//1687 1097//1687 675//1687
f 675//1688 1097//1688 674//1688
f 1097//1689 1098//1689 674//1689
f 674//1690 1098//1690 668//1690
f 1098//1691 1099//1691 668//1691
f 668//1692 1099//1692 667//1692
f 1099//1693 1100//1693 667//1693
f 667//1694 1100//1694 661//1694
f 1100//1695 1101//1695 661//1695
f 660//1696 1101//1696 654//1696
f 661//1697 1101//1697 660//1697
f 1101//1698 1102//1698 654//1698
f 654//1699 1102//1699 653//1699
f 1102//1700 1103//1700 653//1700
f 1103//1701 1104//1701 653//1701
f 653//1702 1104//1702 647//1702
f 1104//1703 1105//1703 647//1703
f 646//1704 1105//1704 640//1704
f 647//1705 1105//1705 646//1705
f 1105//1706 1106//1706 640//1706
f 640//1707 1106//1707 639//1707
f 1106//1708 1107//1708 639//1708
f 1107//1709 1108//1709 639//1709
f 633//1710 1108//1710 632//1710
f 639//1711 1108//1711 633//1711
f 1108//1712 1109//1712 632//1712
f 632//1713 1110//1713 626//1713
f 1109//1714 1110//1714 632//1714
f 625//1715 1111//1715 619//1715
f 626//1716 1111//1716 625//1716
f 1110//1717 1111//1717 626//1717
f 1111//1718 1112//1718 619//1718
f 618//1719 1113//1719 612//1719
f 619//1720 1113//1720 618//1720
f 1112//1721 1113//1721 619//1721
f 1113//1722 1114//1722 612//1722
f 612//1723 1115//1723 611//1723
f 1114//1724 1115//1724 612//1724
f 611//1725 1116//1725 602//1725
f 1115//1726 1116//1726 611//1726
f 602//1727 1117//1727 601//1727
f 1116//1728 1117//1728 602//1728
f 601//1729 1118//1729 595//1729
f 1117//1730 1118//1730 601//1730
f 594//1731 1119//1731 588//1731
f 595//1732 1119//1732 594//1732
f 1118//1733 1119//1733 595//1733
f 1119//1734 1120//1734 588//1734
f 588//1735 1121//1735 587//1735
f 1120//1736 1121//1736 588//1736
f 1121//1737 1122//1737 587//1737
f 583//1738 1122//1738 1008//1738
f 587//1739 1122//1739 583//1739
f 1122//1740 1123//1740 1008//1740
f 1123//1741 1124//1741 1008//1741
f 570//1742 1124//1742 1006//1742
f 1008//1743 1124//1743 570//1743
f 1124//1744 1125//1744 1006//1744
f 1125//1745 1126//1745 1006//1745
f 1006//1746 1126//1746 1005//1746
f 1126//1747 1127//1747 1005//1747
f 1005//1748 1127//1748 1004//1748
f 1127//1749 1128//1749 1004//1749
f 1004//1750 1128//1750 1003//1750
f 1003//1751 1129//1751 1002//1751
f 1128//1752 1129//1752 1003//1752
f 1129//1753 1130//1753 1002//1753
f 1002//1754 1130//1754 1001//1754
f 1001//1755 1131//1755 1000//1755
f 1130//1756 1131//1756 1001//1756
f 998//1757 1132//1757 997//1757
f 1000//1758 1132//1758 998//1758
f 1131//1759 1132//1759 1000//1759
f 997//1760 1133//1760 586//1760
f 1132//1761 1133//1761 997//1761
f 1133//1762 1134//1762 586//1762
f 586//1763 1009//1763 584//1763
f 1134//1764 1009//1764 586//1764
f 1135//1765 1136//1765 1137//1765
f 1135//1766 1138//1766 1136//1766
f 1139//1767 1136//1767 1138//1767
f 1140//1768 1139//1768 1138//1768
f 1141//1769 1139//1769 1140//1769
f 1142//1770 1141//1770 1135//1770
f 1142//1771 1135//1771 1137//1771
f 1142//1772 1139//1772 1141//1772
f 1143//1773 553//1773 552//1773
f 552//1774 551//1774 1143//1774
f 1143//1775 554//1775 553//1775
f 551//1776 550//1776 1143//1776
f 1143//1777 555//1777 554//1777
f 550//1778 549//1778 1143//1778
f 1143//1779 556//1779 555//1779
f 549//1780 548//1780 1143//1780
f 1143//1781 557//1781 556//1781
f 548//1782 547//1782 1143//1782
f 1143//1783 558//1783 557//1783
f 547//1784 546//1784 1143//1784
f 1143//1785 559//1785 558//1785
f 546//1786 545//1786 1143//1786
f 1143//1787 560//1787 559//1787
f 545//1788 544//1788 1143//1788
f 1143//1789 561//1789 560//1789
f 544//1790 543//1790 1143//1790
f 1143//1791 562//1791 561//1791
f 543//1792 542//1792 1143//1792
f 1143//1793 563//1793 562//1793
f 542//1794 541//1794 1143//1794
f 1143//1795 564//1795 563//1795
f 541//1796 540//1796 1143//1796
f 1143//1797 565//1797 564//1797
f 540//1798 539//1798 1143//1798
f 1143//1799 566//1799 565//1799
f 539//1800 538//1800 1143//1800
f 1143//1801 567//1801 566//1801
f 538//1802 537//1802 1143//1802
f 1143//1803 442//1803 567//1803
f 537//1804 536//1804 1143//1804
f 1143//1805 443//1805 442//1805
f 536//1806 535//1806 1143//1806
f 1143//1807 444//1807 443//1807
f 535//1808 534//1808 1143//1808
f 1143//1809 445//1809 444//1809
f 534//1810 533//1810 1143//1810
f 1143//1811 446//1811 445//1811
f 533//1812 532//1812 1143//1812
f 1143//1813 447//1813 446//1813
f 532//1814 531//1814 1143//1814
f 1143//1815 448//1815 447//1815
f 1143//1816 449//1816 448//1816
f 1143//1817 450//1817 449//1817
f 519//1818 1144//1818 520//1818
f 518//1819 1144//1819 519//1819
f 517//1820 1144//1820 518//1820
f 516//1821 1144//1821 517//1821
f 515//1822 1144//1822 516//1822
f 514//1823 1144//1823 515//1823
f 513//1824 1144//1824 514//1824
f 512//1825 1144//1825 513//1825
f 511//1826 1144//1826 512//1826
f 510//1827 1144//1827 511//1827
f 509//1828 1144//1828 510//1828
f 508//1829 1144//1829 509//1829
f 507//1830 1144//1830 508//1830
f 506//1831 1144//1831 507//1831
f 505//1832 1144//1832 506//1832
f 504//1833 1144//1833 505//1833
f 503//1834 1144//1834 504//1834
f 502//1835 1144//1835 503//1835
f 501//1836 1144//1836 502//1836
f 500//1837 1144//1837 501//1837
f 499//1838 1144//1838 500//1838
f 498//1839 1144//1839 499//1839
f 497//1840 1144//1840 498//1840
f 496//1841 1144//1841 497//1841
f 495//1842 1144//1842 496//1842
f 494//1843 1144//1843 495//1843
f 493//1844 1144//1844 494//1844
f 492//1845 1144//1845 493//1845
f 491//1846 1144//1846 492//1846
f 490//1847 1144//1847 491//1847
f 1144//1848 1145//1848 1146//1848
f 1147//1849 1148//1849 1149//1849
f 1150//1850 1151//1850 1147//1850
f 1148//1851 1151//1851 1152//1851
f 1147//1852 1151//1852 1148//1852
f 1145//1853 1153//1853 1150//1853
f 1150//1854 1153//1854 1151//1854
f 1145//1855 1154//1855 1153//1855
f 1145//1856 1155//1856 1154//1856
f 1155//1857 1156//1857 1157//1857
f 1156//1858 1158//1858 1159//1858
f 1156//1859 1160//1859 1158//1859
f 1155//1860 1160//1860 1156//1860
f 1145//1861 1160//1861 1155//1861
f 1160//1862 1161//1862 1162//1862
f 1145//1863 1163//1863 1160//1863
f 1160//1864 1163//1864 1161//1864
f 1161//1865 1163//1865 1164//1865
f 1145//1866 1165//1866 1163//1866
f 1163//1867 1165//1867 1166//1867
f 1165//1868 1167//1868 1168//1868
f 1165//1869 1169//1869 1167//1869
f 1145//1870 1170//1870 1165//1870
f 1165//1871 1170//1871 1169//1871
f 1145//1872 1171//1872 1170//1872
f 1145//1873 1172//1873 1171//1873
f 1172//1874 1173//1874 1174//1874
f 1174//1875 1173//1875 1175//1875
f 1175//1876 1173//1876 1176//1876
f 1145//1877 1177//1877 1172//1877
f 1172//1878 1177//1878 1173//1878
f 1144//1879 1178//1879 1145//1879
f 1145//1880 1178//1880 1177//1880
f 458//1881 1120//1881 1119//1881
f 457//1882 1120//1882 458//1882
f 1119//1883 1118//1883 458//1883
f 458//1884 1118//1884 459//1884
f 457//1885 1121//1885 1120//1885
f 456//1886 1121//1886 457//1886
f 1118//1887 1117//1887 459//1887
f 459//1888 1117//1888 460//1888
f 456//1889 1122//1889 1121//1889
f 455//1890 1122//1890 456//1890
f 1117//1891 1116//1891 460//1891
f 460//1892 1116//1892 461//1892
f 455//1893 1123//1893 1122//1893
f 454//1894 1123//1894 455//1894
f 453//1895 1123//1895 454//1895
f 1116//1896 1115//1896 461//1896
f 462//1897 1115//1897 463//1897
f 461//1898 1115//1898 462//1898
f 453//1899 1124//1899 1123//1899
f 1115//1900 1114//1900 463//1900
f 453//1901 1125//1901 1124//1901
f 452//1902 1125//1902 453//1902
f 451//1903 1125//1903 452//1903
f 1114//1904 1113//1904 463//1904
f 464//1905 1113//1905 465//1905
f 463//1906 1113//1906 464//1906
f 451//1907 1126//1907 1125//1907
f 1113//1908 1112//1908 465//1908
f 465//1909 1112//1909 466//1909
f 451//1910 1127//1910 1126//1910
f 450//1911 1127//1911 451//1911
f 1112//1912 1111//1912 466//1912
f 467//1913 1110//1913 468//1913
f 466//1914 1110//1914 467//1914
f 1111//1915 1110//1915 466//1915
f 1110//1916 1109//1916 468//1916
f 468//1917 1108//1917 469//1917
f 1109//1918 1108//1918 468//1918
f 469//1919 1107//1919 470//1919
f 1108//1920 1107//1920 469//1920
f 471//1921 1106//1921 472//1921
f 470//1922 1106//1922 471//1922
f 1107//1923 1106//1923 470//1923
f 1106//1924 1105//1924 472//1924
f 472//1925 1105//1925 473//1925
f 1105//1926 1104//1926 473//1926
f 1104//1927 1103//1927 473//1927
f 473//1928 1103//1928 474//1928
f 1103//1929 1102//1929 474//1929
f 474//1930 1102//1930 475//1930
f 1102//1931 1101//1931 475//1931
f 475//1932 1101//1932 476//1932
f 1101//1933 1100//1933 476//1933
f 476//1934 1100//1934 477//1934
f 1100//1935 1099//1935 477//1935
f 477//1936 1099//1936 478//1936
f 1099//1937 1098//1937 478//1937
f 478//1938 1098//1938 479//1938
f 1098//1939 1097//1939 479//1939
f 479//1940 1097//1940 480//1940
f 1097//1941 1096//1941 480//1941
f 481//1942 1096//1942 482//1942
f 480//1943 1096//1943 481//1943
f 1096//1944 1095//1944 482//1944
f 1095//1945 1094//1945 482//1945
f 482//1946 1094//1946 483//1946
f 1094//1947 1093//1947 483//1947
f 483//1948 1093//1948 484//1948
f 1093//1949 1092//1949 484//1949
f 484//1950 1092//1950 485//1950
f 486//1951 1091//1951 487//1951
f 485//1952 1091//1952 486//1952
f 1092//1953 1091//1953 485//1953
f 1091//1954 1090//1954 487//1954
f 1090//1955 1089//1955 487//1955
f 488//1956 1089//1956 489//1956
f 487//1957 1089//1957 488//1957
f 489//1958 1088//1958 490//1958
f 1089//1959 1088//1959 489//1959
f 1088//1960 1087//1960 490//1960
f 1131//1961 1179//1961 1132//1961
f 1130//1962 1179//1962 1131//1962
f 1129//1963 1179//1963 1130//1963
f 1128//1964 1179//1964 1129//1964
f 1127//1965 1179//1965 1128//1965
f 1026//1966 1179//1966 1027//1966
f 1025//1967 1179//1967 1026//1967
f 1024//1968 1179//1968 1025//1968
f 1023//1969 1179//1969 1024//1969
f 1022//1970 1179//1970 1023//1970
f 1021//1971 1179//1971 1022//1971
f 1020//1972 1179//1972 1021//1972
f 1019//1973 1179//1973 1020//1973
f 1018//1974 1179//1974 1019//1974
f 1017//1975 1179//1975 1018//1975
f 1016//1976 1179//1976 1017//1976
f 1015//1977 1179//1977 1016//1977
f 1014//1978 1179//1978 1015//1978
f 1013//1979 1179//1979 1014//1979
f 1012//1980 1179//1980 1013//1980
f 1143//1981 1179//1981 450//1981
f 1011//1982 1179//1982 1012//1982
f 1010//1983 1179//1983 1011//1983
f 1009//1984 1179//1984 1010//1984
f 450//1985 1179//1985 1127//1985
f 1134//1986 1179//1986 1009//1986
f 1133//1987 1179//1987 1134//1987
f 1132//1988 1179//1988 1133//1988
f 1179//1989 1028//1989 1027//1989
f 1179//1990 1029//1990 1028//1990
f 1179//1991 1030//1991 1029//1991
f 1179//1992 1031//1992 1030//1992
f 1179//1993 1032//1993 1031//1993
f 1179//1994 1033//1994 1032//1994
f 1179//1995 1034//1995 1033//1995
f 1179//1996 1035//1996 1034//1996
f 1179//1997 1036//1997 1035//1997
f 1179//1998 1037//1998 1036//1998
f 1179//1999 1038//1999 1037//1999
f 1179//2000 1039//2000 1038//2000
f 1179//2001 1040//2001 1039//2001
f 1179//2002 1041//2002 1040//2002
f 1179//2003 1042//2003 1041//2003
f 1179//2004 1043//2004 1042//2004
f 1179//2005 1044//2005 1043//2005
f 1179//2006 1045//2006 1044//2006
f 1179//2007 1046//2007 1045//2007
f 1086//2008 1180//2008 1087//2008
f 1085//2009 1180//2009 1086//2009
f 1084//2010 1180//2010 1085//2010
f 1083//2011 1180//2011 1084//2011
f 1082//2012 1180//2012 1083//2012
f 1081//2013 1180//2013 1082//2013
f 1080//2014 1180//2014 1081//2014
f 1079//2015 1180//2015 1080//2015
f 1078//2016 1180//2016 1079//2016
f 1077//2017 1180//2017 1078//2017
f 1076//2018 1180//2018 1077//2018
f 1075//2019 1180//2019 1076//2019
f 1074//2020 1180//2020 1075//2020
f 1073//2021 1180//2021 1074//2021
f 1072//2022 1180//2022 1073//2022
f 1071//2023 1180//2023 1072//2023
f 1070//2024 1180//2024 1071//2024
f 1069//2025 1180//2025 1070//2025
f 1068//2026 1180//2026 1069//2026
f 1067//2027 1180//2027 1068//2027
f 1066//2028 1180//2028 1067//2028
f 1065//2029 1180//2029 1066//2029
f 1064//2030 1180//2030 1065//2030
f 1063//2031 1180//2031 1064//2031
f 1062//2032 1180//2032 1063//2032
f 1061//2033 1180//2033 1062//2033
f 1060//2034 1180//2034 1061//2034
f 1059//2035 1180//2035 1060//2035
f 1058//2036 1180//2036 1059//2036
f 1057//2037 1180//2037 1058//2037
f 490//2038 1180//2038 1144//2038
f 1087//2039 1180//2039 490//2039
f 1180//2040 1181//2040 1144//2040
f 1144//2041 1181//2041 1178//2041
f 1182//2042 1183//2042 1180//2042
f 1180//2043 1183//2043 1181//2043
f 1184//2044 1185//2044 1183//2044
f 1186//2045 1187//2045 1185//2045
f 1188//2046 1189//2046 1190//2046
f 1190//2047 1189//2047 1191//2047
f 1183//2048 1192//2048 1181//2048
f 1185//2049 1192//2049 1183//2049
f 1187//2050 1192//2050 1185//2050
f 1188//2051 1193//2051 1189//2051
f 1192//2052 1194//2052 1181//2052
f 1181//2053 1194//2053 1195//2053
f 1196//2054 1197//2054 1194//2054
f 1188//2055 1198//2055 1193//2055
f 1195//2056 1198//2056 1188//2056
f 1193//2057 1198//2057 1199//2057
f 1199//2058 1198//2058 1200//2058
f 1198//2059 1201//2059 1202//2059
f 1203//2060 1204//2060 1205//2060
f 1205//2061 1204//2061 1206//2061
f 1206//2062 1204//2062 1197//2062
f 1195//2063 1207//2063 1198//2063
f 1198//2064 1207//2064 1201//2064
f 1201//2065 1207//2065 1208//2065
f 1197//2066 1209//2066 1194//2066
f 1204//2067 1209//2067 1197//2067
f 1195//2068 1210//2068 1207//2068
f 1209//2069 1211//2069 1194//2069
f 1211//2070 1212//2070 1194//2070
f 1194//2071 1213//2071 1195//2071
f 1195//2072 1213//2072 1210//2072
f 1210//2073 1213//2073 1214//2073
f 1212//2074 1213//2074 1194//2074
f 1179//2075 1180//2075 1046//2075
f 1046//2076 1180//2076 1047//2076
f 1047//2077 1180//2077 1048//2077
f 1048//2078 1180//2078 1049//2078
f 1049//2079 1180//2079 1050//2079
f 1050//2080 1180//2080 1051//2080
f 1051//2081 1180//2081 1052//2081
f 1052//2082 1180//2082 1053//2082
f 1053//2083 1180//2083 1054//2083
f 1054//2084 1180//2084 1055//2084
f 1055//2085 1180//2085 1056//2085
f 1056//2086 1180//2086 1057//2086
f 1144//2087 1143//2087 531//2087
f 1144//2088 531//2088 530//2088
f 1144//2089 530//2089 529//2089
f 1144//2090 529//2090 528//2090
f 1144//2091 528//2091 527//2091
f 1144//2092 527//2092 526//2092
f 1144//2093 526//2093 525//2093
f 1144//2094 525//2094 524//2094
f 1144//2095 524//2095 523//2095
f 1144//2096 523//2096 522//2096
f 1144//2097 522//2097 521//2097
f 1144//2098 521//2098 520//2098
f 1215//2099 1216//2099 1217//2099
f 1218//2100 1215//2100 1219//2100
f 1220//2101 1218//2101 1219//2101
f 1221//2102 1215//2102 1218//2102
f 1222//2103 1216//2103 1215//2103
f 1222//2104 1215//2104 1221//2104
f 1223//2105 1220//2105 1224//2105
f 1225//2106 1223//2106 1224//2106
f 1225//2107 1226//2107 1227//2107
f 1228//2108 1223//2108 1225//2108
f 1228//2109 1218//2109 1223//2109
f 1228//2110 1221//2110 1218//2110
f 1229//2111 1230//2111 1222//2111
f 1229//2112 1222//2112 1221//2112
f 1231//2113 1216//2113 1222//2113
f 1232//2114 1231//2114 1230//2114
f 1233//2115 1225//2115 1227//2115
f 1233//2116 1234//2116 1229//2116
f 1233//2117 1229//2117 1228//2117
f 1233//2118 1228//2118 1225//2118
f 1235//2119 1232//2119 1230//2119
f 1235//2120 1229//2120 1234//2120
f 1235//2121 1230//2121 1229//2121
f 1236//2122 1231//2122 1232//2122
f 1237//2123 1231//2123 1236//2123
f 1238//2124 1235//2124 1234//2124
f 1239//2125 1233//2125 1227//2125
f 1239//2126 1238//2126 1234//2126
f 1240//2127 1236//2127 1232//2127
f 1240//2128 1232//2128 1238//2128
f 1240//2129 1238//2129 1239//2129
f 1241//2130 1237//2130 1236//2130
f 1241//2131 1242//2131 1237//2131
f 1243//2132 1244//2132 1242//2132
f 1245//2133 1240//2133 1239//2133
f 1245//2134 1241//2134 1240//2134
f 1246//2135 1241//2135 1245//2135
f 1247//2136 1242//2136 1241//2136
f 1247//2137 1243//2137 1242//2137
f 1247//2138 1241//2138 1246//2138
f 1248//2139 1244//2139 1243//2139
f 1249//2140 1244//2140 1248//2140
f 1250//2141 1247//2141 1246//2141
f 1250//2142 1248//2142 1243//2142
f 1251//2143 1250//2143 1246//2143
f 1252//2144 1250//2144 1251//2144
f 1252//2145 1248//2145 1250//2145
f 1253//2146 1249//2146 1248//2146
f 1254//2147 1249//2147 1253//2147
f 1255//2148 1254//2148 1253//2148
f 1256//2149 1253//2149 1252//2149
f 1256//2150 1252//2150 1251//2150
f 1256//2151 1255//2151 1253//2151
f 1257//2152 1258//2152 1254//2152
f 1257//2153 1254//2153 1255//2153
f 1259//2154 1258//2154 1257//2154
f 1260//2155 1258//2155 1259//2155
f 1261//2156 1258//2156 1260//2156
f 1262//2157 1257//2157 1255//2157
f 1263//2158 1257//2158 1262//2158
f 1264//2159 1261//2159 1260//2159
f 1265//2160 1261//2160 1264//2160
f 1266//2161 1259//2161 1263//2161
f 1266//2162 1260//2162 1259//2162
f 1267//2163 1268//2163 1265//2163
f 1269//2164 1264//2164 1266//2164
f 1269//2165 1263//2165 1262//2165
f 1269//2166 1266//2166 1263//2166
f 1270//2167 1267//2167 1265//2167
f 1271//2168 1265//2168 1264//2168
f 1271//2169 1264//2169 1269//2169
f 1271//2170 1270//2170 1265//2170
f 1272//2171 1268//2171 1267//2171
f 1273//2172 1268//2172 1272//2172
f 1274//2173 1270//2173 1271//2173
f 1275//2174 1270//2174 1274//2174
f 1276//2175 1273//2175 1272//2175
f 1277//2176 1267//2176 1275//2176
f 1277//2177 1272//2177 1267//2177
f 1278//2178 1276//2178 1272//2178
f 1279//2179 1273//2179 1280//2179
f 1279//2180 1268//2180 1273//2180
f 1281//2181 1280//2181 1276//2181
f 1282//2182 1275//2182 1274//2182
f 1282//2183 1278//2183 1277//2183
f 1282//2184 1277//2184 1275//2184
f 1283//2185 1281//2185 1276//2185
f 1283//2186 1276//2186 1278//2186
f 1283//2187 1278//2187 1282//2187
f 1284//2188 1280//2188 1281//2188
f 1284//2189 1279//2189 1280//2189
f 1285//2190 1281//2190 1283//2190
f 1285//2191 1283//2191 1286//2191
f 1287//2192 1286//2192 1282//2192
f 1287//2193 1279//2193 1284//2193
f 1287//2194 1284//2194 1285//2194
f 1287//2195 1285//2195 1286//2195
f 1287//2196 1282//2196 1274//2196
f 1227//2197 1287//2197 1262//2197
f 1262//2198 1287//2198 1269//2198
f 1269//2199 1287//2199 1274//2199
f 1227//2200 1262//2200 1256//2200
f 1227//2201 1256//2201 1251//2201
f 1227//2202 1251//2202 1245//2202
f 1227//2203 1245//2203 1239//2203
f 1279//2204 1216//2204 1258//2204
f 1258//2205 1216//2205 1249//2205
f 1249//2206 1216//2206 1244//2206
f 1244//2207 1216//2207 1237//2207
f 1237//2208 1216//2208 1231//2208
f 1279//2209 1258//2209 1261//2209
f 1279//2210 1261//2210 1268//2210
f 1219//2211 1224//2211 1220//2211
f 1288//2212 1289//2212 1290//2212
f 1289//2213 1291//2213 1292//2213
f 1292//2214 1293//2214 1294//2214
f 1295//2215 1293//2215 1292//2215
f 1291//2216 1296//2216 1292//2216
f 1292//2217 1296//2217 1295//2217
f 1289//2218 1297//2218 1291//2218
f 1289//2219 1298//2219 1297//2219
f 1288//2220 1298//2220 1289//2220
f 1296//2221 1299//2221 1295//2221
f 1299//2222 1300//2222 1295//2222
f 1301//2223 1300//2223 1302//2223
f 1299//2224 1303//2224 1300//2224
f 1291//2225 1303//2225 1299//2225
f 1297//2226 1303//2226 1291//2226
f 1288//2227 1304//2227 1298//2227
f 1305//2228 1306//2228 1298//2228
f 1298//2229 1306//2229 1297//2229
f 1304//2230 1307//2230 1305//2230
f 1300//2231 1308//2231 1302//2231
f 1306//2232 1308//2232 1303//2232
f 1303//2233 1308//2233 1300//2233
f 1305//2234 1309//2234 1306//2234
f 1307//2235 1309//2235 1305//2235
f 1306//2236 1310//2236 1308//2236
f 1309//2237 1310//2237 1306//2237
f 1304//2238 1311//2238 1307//2238
f 1304//2239 1312//2239 1311//2239
f 1309//2240 1313//2240 1310//2240
f 1308//2241 1314//2241 1302//2241
f 1313//2242 1314//2242 1310//2242
f 1313//2243 1315//2243 1314//2243
f 1311//2244 1315//2244 1307//2244
f 1307//2245 1315//2245 1313//2245
f 1312//2246 1316//2246 1311//2246
f 1317//2247 1316//2247 1312//2247
f 1318//2248 1319//2248 1317//2248
f 1316//2249 1320//2249 1321//2249
f 1317//2250 1320//2250 1316//2250
f 1319//2251 1320//2251 1317//2251
f 1316//2252 1322//2252 1315//2252
f 1315//2253 1322//2253 1314//2253
f 1321//2254 1322//2254 1316//2254
f 1318//2255 1323//2255 1319//2255
f 1318//2256 1324//2256 1323//2256
f 1320//2257 1325//2257 1321//2257
f 1325//2258 1326//2258 1321//2258
f 1324//2259 1327//2259 1323//2259
f 1319//2260 1328//2260 1325//2260
f 1323//2261 1328//2261 1319//2261
f 1325//2262 1328//2262 1326//2262
f 1324//2263 1329//2263 1327//2263
f 1327//2264 1330//2264 1328//2264
f 1328//2265 1330//2265 1326//2265
f 1329//2266 1331//2266 1327//2266
f 1327//2267 1331//2267 1330//2267
f 1332//2268 1333//2268 1329//2268
f 1329//2269 1333//2269 1331//2269
f 1332//2270 1334//2270 1333//2270
f 1332//2271 1335//2271 1334//2271
f 1332//2272 1336//2272 1335//2272
f 1333//2273 1337//2273 1331//2273
f 1333//2274 1338//2274 1337//2274
f 1336//2275 1339//2275 1335//2275
f 1334//2276 1340//2276 1338//2276
f 1335//2277 1340//2277 1334//2277
f 1338//2278 1340//2278 1337//2278
f 1336//2279 1341//2279 1339//2279
f 1342//2280 1343//2280 1341//2280
f 1339//2281 1344//2281 1340//2281
f 1340//2282 1344//2282 1337//2282
f 1339//2283 1345//2283 1344//2283
f 1341//2284 1345//2284 1339//2284
f 1343//2285 1346//2285 1341//2285
f 1341//2286 1346//2286 1345//2286
f 1342//2287 1347//2287 1343//2287
f 1342//2288 1348//2288 1347//2288
f 1346//2289 1349//2289 1345//2289
f 1349//2290 1350//2290 1345//2290
f 1349//2291 1351//2291 1350//2291
f 1343//2292 1351//2292 1349//2292
f 1347//2293 1351//2293 1343//2293
f 1348//2294 1352//2294 1347//2294
f 1348//2295 1353//2295 1352//2295
f 1348//2296 1354//2296 1355//2296
f 1342//2297 1354//2297 1348//2297
f 1355//2298 1356//2298 1353//2298
f 1351//2299 1357//2299 1350//2299
f 1352//2300 1357//2300 1351//2300
f 1353//2301 1358//2301 1352//2301
f 1356//2302 1358//2302 1353//2302
f 1352//2303 1358//2303 1357//2303
f 1354//2304 1359//2304 1355//2304
f 1355//2305 1359//2305 1356//2305
f 1356//2306 1360//2306 1358//2306
f 1358//2307 1360//2307 1361//2307
f 1354//2308 1362//2308 1359//2308
f 1360//2309 1362//2309 1361//2309
f 1361//2310 1362//2310 1357//2310
f 1359//2311 1362//2311 1360//2311
f 1357//2312 1362//2312 1350//2312
f 1362//2313 1302//2313 1337//2313
f 1362//2314 1337//2314 1344//2314
f 1362//2315 1344//2315 1350//2315
f 1337//2316 1302//2316 1330//2316
f 1330//2317 1302//2317 1326//2317
f 1326//2318 1302//2318 1322//2318
f 1322//2319 1302//2319 1314//2319
f 1288//2320 1354//2320 1304//2320
f 1304//2321 1354//2321 1312//2321
f 1312//2322 1354//2322 1318//2322
f 1318//2323 1354//2323 1324//2323
f 1324//2324 1354//2324 1332//2324
f 1332//2325 1354//2325 1336//2325
f 1336//2326 1354//2326 1342//2326
f 1219//2327 1363//2327 1224//2327
f 1224//2328 1363//2328 1364//2328
f 1364//2329 1365//2329 1366//2329
f 1363//2330 1365//2330 1364//2330
f 1366//2331 1367//2331 1368//2331
f 1365//2332 1367//2332 1366//2332
f 1368//2333 1369//2333 1370//2333
f 1367//2334 1369//2334 1368//2334
f 1369//2335 1371//2335 1370//2335
f 1370//2336 1371//2336 1372//2336
f 1372//2337 1373//2337 1374//2337
f 1371//2338 1373//2338 1372//2338
f 1374//2339 1375//2339 1376//2339
f 1373//2340 1375//2340 1374//2340
f 1376//2341 1377//2341 1378//2341
f 1375//2342 1377//2342 1376//2342
f 1378//2343 1379//2343 1380//2343
f 1377//2344 1379//2344 1378//2344
f 1380//2345 1381//2345 1382//2345
f 1379//2346 1381//2346 1380//2346
f 1382//2347 1383//2347 1384//2347
f 1381//2348 1383//2348 1382//2348
f 1384//2349 1385//2349 1386//2349
f 1383//2350 1385//2350 1384//2350
f 1386//2351 1387//2351 1388//2351
f 1385//2352 1387//2352 1386//2352
f 1388//2353 1389//2353 1390//2353
f 1387//2354 1389//2354 1388//2354
f 1390//2355 1391//2355 1392//2355
f 1389//2356 1391//2356 1390//2356
f 1392//2357 1393//2357 1394//2357
f 1391//2358 1393//2358 1392//2358
f 1394//2359 1395//2359 1396//2359
f 1393//2360 1395//2360 1394//2360
f 1396//2361 1397//2361 1398//2361
f 1395//2362 1397//2362 1396//2362
f 1398//2363 1399//2363 1400//2363
f 1397//2364 1399//2364 1398//2364
f 1400//2365 1401//2365 1402//2365
f 1399//2366 1401//2366 1400//2366
f 1402//2367 1403//2367 1404//2367
f 1401//2368 1403//2368 1402//2368
f 1403//2369 1405//2369 1404//2369
f 1404//2370 1405//2370 1406//2370
f 1406//2371 1407//2371 1408//2371
f 1405//2372 1407//2372 1406//2372
f 1408//2373 1409//2373 1410//2373
f 1407//2374 1409//2374 1408//2374
f 1410//2375 1411//2375 1412//2375
f 1409//2376 1411//2376 1410//2376
f 1412//2377 1413//2377 1414//2377
f 1411//2378 1413//2378 1412//2378
f 1414//2379 1415//2379 1416//2379
f 1413//2380 1415//2380 1414//2380
f 1417//2381 1418//2381 1419//2381
f 1416//2382 1418//2382 1417//2382
f 1415//2383 1418//2383 1416//2383
f 1419//2384 1420//2384 1421//2384
f 1418//2385 1420//2385 1419//2385
f 1420//2386 1422//2386 1421//2386
f 1422//2387 1423//2387 1421//2387
f 1421//2388 1423//2388 1424//2388
f 1423//2389 1425//2389 1424//2389
f 1424//2390 1425//2390 1426//2390
f 1425//2391 1427//2391 1426//2391
f 1428//2392 1427//2392 1429//2392
f 1426//2393 1427//2393 1428//2393
f 1427//2394 1430//2394 1429//2394
f 1430//2395 1431//2395 1429//2395
f 1432//2396 1431//2396 1433//2396
f 1429//2397 1431//2397 1432//2397
f 1431//2398 1434//2398 1433//2398
f 1433//2399 1435//2399 1436//2399
f 1434//2400 1435//2400 1433//2400
f 1436//2401 1437//2401 1438//2401
f 1435//2402 1437//2402 1436//2402
f 1439//2403 1440//2403 1441//2403
f 1438//2404 1440//2404 1439//2404
f 1437//2405 1440//2405 1438//2405
f 1441//2406 1442//2406 1443//2406
f 1440//2407 1442//2407 1441//2407
f 1442//2408 1444//2408 1443//2408
f 1226//2409 1445//2409 1227//2409
f 1227//2410 1445//2410 1446//2410
f 1446//2411 1447//2411 1448//2411
f 1448//2412 1447//2412 1449//2412
f 1445//2413 1447//2413 1446//2413
f 1447//2414 1450//2414 1449//2414
f 1449//2415 1451//2415 1452//2415
f 1452//2416 1451//2416 1453//2416
f 1450//2417 1451//2417 1449//2417
f 1451//2418 1454//2418 1453//2418
f 1453//2419 1455//2419 1456//2419
f 1454//2420 1455//2420 1453//2420
f 1456//2421 1457//2421 1458//2421
f 1455//2422 1457//2422 1456//2422
f 1458//2423 1459//2423 1460//2423
f 1460//2424 1459//2424 1461//2424
f 1457//2425 1459//2425 1458//2425
f 1459//2426 1462//2426 1461//2426
f 1461//2427 1462//2427 1463//2427
f 1462//2428 1464//2428 1463//2428
f 1463//2429 1465//2429 1466//2429
f 1464//2430 1465//2430 1463//2430
f 1466//2431 1467//2431 1468//2431
f 1468//2432 1467//2432 1469//2432
f 1465//2433 1467//2433 1466//2433
f 1467//2434 1470//2434 1469//2434
f 1469//2435 1471//2435 1472//2435
f 1470//2436 1471//2436 1469//2436
f 1472//2437 1473//2437 1474//2437
f 1471//2438 1473//2438 1472//2438
f 1474//2439 1475//2439 1476//2439
f 1473//2440 1475//2440 1474//2440
f 1476//2441 1477//2441 1478//2441
f 1475//2442 1477//2442 1476//2442
f 1478//2443 1479//2443 1480//2443
f 1480//2444 1479//2444 1481//2444
f 1477//2445 1479//2445 1478//2445
f 1479//2446 1482//2446 1481//2446
f 1481//2447 1483//2447 1484//2447
f 1482//2448 1483//2448 1481//2448
f 1484//2449 1485//2449 1486//2449
f 1486//2450 1485//2450 1487//2450
f 1483//2451 1485//2451 1484//2451
f 1485//2452 1488//2452 1487//2452
f 1487//2453 1489//2453 1490//2453
f 1490//2454 1489//2454 1491//2454
f 1488//2455 1489//2455 1487//2455
f 1489//2456 1492//2456 1491//2456
f 1491//2457 1493//2457 1494//2457
f 1492//2458 1493//2458 1491//2458
f 1494//2459 1495//2459 1496//2459
f 1493//2460 1495//2460 1494//2460
f 1496//2461 1497//2461 1498//2461
f 1495//2462 1497//2462 1496//2462
f 1498//2463 1499//2463 1500//2463
f 1497//2464 1499//2464 1498//2464
f 1500//2465 1501//2465 1502//2465
f 1499//2466 1501//2466 1500//2466
f 1502//2467 1503//2467 1504//2467
f 1501//2468 1503//2468 1502//2468
f 1504//2469 1505//2469 1506//2469
f 1503//2470 1505//2470 1504//2470
f 1506//2471 1507//2471 1508//2471
f 1505//2472 1507//2472 1506//2472
f 1216//2473 1509//2473 1217//2473
f 1217//2474 1509//2474 1510//2474
f 1510//2475 1511//2475 1512//2475
f 1509//2476 1511//2476 1510//2476
f 1512//2477 1513//2477 1514//2477
f 1511//2478 1513//2478 1512//2478
f 1514//2479 1515//2479 1516//2479
f 1513//2480 1515//2480 1514//2480
f 1516//2481 1517//2481 1518//2481
f 1515//2482 1517//2482 1516//2482
f 1518//2483 1519//2483 1520//2483
f 1517//2484 1519//2484 1518//2484
f 1520//2485 1521//2485 1522//2485
f 1519//2486 1521//2486 1520//2486
f 1522//2487 1523//2487 1524//2487
f 1524//2488 1523//2488 1525//2488
f 1521//2489 1523//2489 1522//2489
f 1523//2490 1526//2490 1525//2490
f 1526//2491 1527//2491 1525//2491
f 1525//2492 1527//2492 1528//2492
f 1527//2493 1529//2493 1528//2493
f 1528//2494 1529//2494 1530//2494
f 1529//2495 1531//2495 1530//2495
f 1530//2496 1531//2496 1532//2496
f 1532//2497 1531//2497 1533//2497
f 1531//2498 1534//2498 1533//2498
f 1533//2499 1534//2499 1535//2499
f 1534//2500 1536//2500 1535//2500
f 1536//2501 1537//2501 1535//2501
f 1535//2502 1537//2502 1538//2502
f 1537//2503 1539//2503 1538//2503
f 1538//2504 1539//2504 1540//2504
f 1539//2505 1541//2505 1540//2505
f 1540//2506 1541//2506 1542//2506
f 1541//2507 1543//2507 1542//2507
f 1542//2508 1543//2508 1544//2508
f 1543//2509 1545//2509 1544//2509
f 1544//2510 1545//2510 1546//2510
f 1546//2511 1545//2511 1547//2511
f 1545//2512 1548//2512 1547//2512
f 1547//2513 1549//2513 1550//2513
f 1548//2514 1549//2514 1547//2514
f 1549//2515 1551//2515 1550//2515
f 1550//2516 1551//2516 1552//2516
f 1552//2517 1553//2517 1554//2517
f 1551//2518 1553//2518 1552//2518
f 1554//2519 1555//2519 1556//2519
f 1556//2520 1555//2520 1557//2520
f 1553//2521 1555//2521 1554//2521
f 1555//2522 1558//2522 1557//2522
f 1557//2523 1559//2523 1560//2523
f 1558//2524 1559//2524 1557//2524
f 1560//2525 1561//2525 1562//2525
f 1559//2526 1561//2526 1560//2526
f 1562//2527 1563//2527 1564//2527
f 1561//2528 1563//2528 1562//2528
f 1564//2529 1565//2529 1566//2529
f 1563//2530 1565//2530 1564//2530
f 1566//2531 1567//2531 1568//2531
f 1565//2532 1567//2532 1566//2532
f 1568//2533 1569//2533 1570//2533
f 1570//2534 1569//2534 1571//2534
f 1567//2535 1569//2535 1568//2535
f 1569//2536 1572//2536 1571//2536
f 1293//2537 1507//2537 1301//2537
f 1293//2538 1443//2538 1507//2538
f 1290//2539 1444//2539 1294//2539
f 1290//2540 1571//2540 1444//2540
f 1507//2541 1573//2541 1508//2541
f 1444//2542 1573//2542 1443//2542
f 1443//2543 1573//2543 1507//2543
f 1572//2544 1574//2544 1571//2544
f 1444//2545 1574//2545 1573//2545
f 1571//2546 1574//2546 1444//2546
f 1575//2547 1293//2547 1301//2547
f 1575//2548 1301//2548 1302//2548
f 1294//2549 1293//2549 1575//2549
f 1576//2550 1288//2550 1290//2550
f 1576//2551 1290//2551 1294//2551
f 1576//2552 1575//2552 1577//2552
f 1576//2553 1294//2553 1575//2553
f 1578//2554 1577//2554 1579//2554
f 1578//2555 1576//2555 1577//2555
f 1580//2556 1578//2556 1579//2556
f 1581//2557 1579//2557 1582//2557
f 1581//2558 1582//2558 1583//2558
f 1581//2559 1580//2559 1579//2559
f 1584//2560 1581//2560 1583//2560
f 1584//2561 1583//2561 1585//2561
f 1586//2562 1584//2562 1585//2562
f 1587//2563 1586//2563 1585//2563
f 1587//2564 1585//2564 1588//2564
f 1589//2565 1587//2565 1588//2565
f 1589//2566 1588//2566 1590//2566
f 1589//2567 1590//2567 1591//2567
f 1592//2568 1589//2568 1591//2568
f 1592//2569 1591//2569 1593//2569
f 1594//2570 1592//2570 1593//2570
f 1594//2571 1593//2571 1595//2571
f 1596//2572 1594//2572 1595//2572
f 1596//2573 1595//2573 1597//2573
f 1598//2574 1596//2574 1597//2574
f 1599//2575 1598//2575 1597//2575
f 1599//2576 1597//2576 1600//2576
f 1601//2577 1599//2577 1600//2577
f 1601//2578 1600//2578 1602//2578
f 1601//2579 1602//2579 1603//2579
f 1604//2580 1601//2580 1603//2580
f 1605//2581 1604//2581 1603//2581
f 1605//2582 1603//2582 1606//2582
f 1605//2583 1606//2583 1607//2583
f 1608//2584 1605//2584 1607//2584
f 1608//2585 1607//2585 1609//2585
f 1610//2586 1609//2586 1611//2586
f 1610//2587 1608//2587 1609//2587
f 1612//2588 1610//2588 1611//2588
f 1613//2589 1611//2589 1614//2589
f 1613//2590 1614//2590 1615//2590
f 1613//2591 1612//2591 1611//2591
f 1616//2592 1613//2592 1615//2592
f 1617//2593 1615//2593 1618//2593
f 1617//2594 1616//2594 1615//2594
f 1619//2595 1618//2595 1620//2595
f 1619//2596 1617//2596 1618//2596
f 1621//2597 1619//2597 1620//2597
f 1621//2598 1620//2598 1622//2598
f 1621//2599 1622//2599 1623//2599
f 1624//2600 1621//2600 1623//2600
f 1625//2601 1623//2601 1626//2601
f 1625//2602 1624//2602 1623//2602
f 1627//2603 1626//2603 1628//2603
f 1627//2604 1625//2604 1626//2604
f 1629//2605 1628//2605 1630//2605
f 1629//2606 1627//2606 1628//2606
f 1631//2607 1630//2607 1632//2607
f 1631//2608 1629//2608 1630//2608
f 1633//2609 1631//2609 1632//2609
f 1633//2610 1632//2610 1634//2610
f 1633//2611 1634//2611 1635//2611
f 1636//2612 1633//2612 1635//2612
f 1636//2613 1635//2613 1637//2613
f 1638//2614 1636//2614 1637//2614
f 1639//2615 1638//2615 1637//2615
f 1640//2616 1638//2616 1639//2616
f 1637//2617 1508//2617 1639//2617
f 1639//2618 1508//2618 1573//2618
f 1637//2619 1506//2619 1508//2619
f 1637//2620 1504//2620 1506//2620
f 1637//2621 1502//2621 1504//2621
f 1637//2622 1500//2622 1502//2622
f 1637//2623 1498//2623 1500//2623
f 1635//2624 1496//2624 1637//2624
f 1637//2625 1496//2625 1498//2625
f 1634//2626 1494//2626 1635//2626
f 1635//2627 1494//2627 1496//2627
f 1630//2628 1491//2628 1632//2628
f 1632//2629 1491//2629 1634//2629
f 1634//2630 1491//2630 1494//2630
f 1628//2631 1490//2631 1630//2631
f 1630//2632 1490//2632 1491//2632
f 1623//2633 1487//2633 1626//2633
f 1626//2634 1487//2634 1628//2634
f 1628//2635 1487//2635 1490//2635
f 1620//2636 1486//2636 1622//2636
f 1622//2637 1486//2637 1623//2637
f 1623//2638 1486//2638 1487//2638
f 1618//2639 1484//2639 1620//2639
f 1620//2640 1484//2640 1486//2640
f 1614//2641 1481//2641 1615//2641
f 1615//2642 1481//2642 1618//2642
f 1618//2643 1481//2643 1484//2643
f 1611//2644 1480//2644 1614//2644
f 1614//2645 1480//2645 1481//2645
f 1607//2646 1478//2646 1609//2646
f 1609//2647 1478//2647 1611//2647
f 1611//2648 1478//2648 1480//2648
f 1606//2649 1476//2649 1607//2649
f 1607//2650 1476//2650 1478//2650
f 1476//2651 1603//2651 1474//2651
f 1606//2652 1603//2652 1476//2652
f 1603//2653 1602//2653 1474//2653
f 1602//2654 1600//2654 1474//2654
f 1474//2655 1600//2655 1472//2655
f 1600//2656 1597//2656 1472//2656
f 1472//2657 1597//2657 1469//2657
f 1597//2658 1595//2658 1469//2658
f 1469//2659 1593//2659 1468//2659
f 1595//2660 1593//2660 1469//2660
f 1593//2661 1591//2661 1468//2661
f 1468//2662 1591//2662 1466//2662
f 1591//2663 1590//2663 1466//2663
f 1466//2664 1588//2664 1463//2664
f 1590//2665 1588//2665 1466//2665
f 1588//2666 1585//2666 1463//2666
f 1585//2667 1583//2667 1463//2667
f 1463//2668 1583//2668 1461//2668
f 1461//2669 1582//2669 1460//2669
f 1583//2670 1582//2670 1461//2670
f 1582//2671 1579//2671 1460//2671
f 1460//2672 1577//2672 1458//2672
f 1579//2673 1577//2673 1460//2673
f 1458//2674 1575//2674 1456//2674
f 1577//2675 1575//2675 1458//2675
f 1446//2676 1302//2676 1227//2676
f 1448//2677 1302//2677 1446//2677
f 1449//2678 1302//2678 1448//2678
f 1452//2679 1302//2679 1449//2679
f 1453//2680 1302//2680 1452//2680
f 1456//2681 1302//2681 1453//2681
f 1575//2682 1302//2682 1456//2682
f 1641//2683 1642//2683 1643//2683
f 1644//2684 1645//2684 1646//2684
f 1646//2685 1645//2685 1647//2685
f 1647//2686 1645//2686 1648//2686
f 1648//2687 1645//2687 1641//2687
f 1642//2688 1649//2688 1650//2688
f 1641//2689 1649//2689 1642//2689
f 1645//2690 1649//2690 1641//2690
f 1649//2691 1651//2691 1650//2691
f 1649//2692 1652//2692 1651//2692
f 1653//2693 1654//2693 1652//2693
f 1651//2694 1654//2694 1655//2694
f 1655//2695 1654//2695 1656//2695
f 1652//2696 1654//2696 1651//2696
f 1654//2697 1657//2697 1658//2697
f 1653//2698 1657//2698 1654//2698
f 1659//2699 1660//2699 1661//2699
f 1661//2700 1662//2700 1663//2700
f 1663//2701 1662//2701 1653//2701
f 1653//2702 1662//2702 1657//2702
f 1660//2703 1662//2703 1661//2703
f 1664//2704 1665//2704 1662//2704
f 1662//2705 1665//2705 1657//2705
f 1666//2706 1667//2706 1668//2706
f 1657//2707 1669//2707 1670//2707
f 1670//2708 1669//2708 1666//2708
f 1665//2709 1669//2709 1657//2709
f 1666//2710 1671//2710 1667//2710
f 1669//2711 1671//2711 1666//2711
f 1667//2712 1671//2712 1672//2712
f 1672//2713 1671//2713 1673//2713
f 1671//2714 1674//2714 1673//2714
f 1673//2715 959//2715 958//2715
f 958//2716 952//2716 1673//2716
f 1673//2717 965//2717 959//2717
f 952//2718 951//2718 1673//2718
f 1673//2719 966//2719 965//2719
f 951//2720 945//2720 1673//2720
f 1673//2721 972//2721 966//2721
f 945//2722 943//2722 1673//2722
f 1673//2723 973//2723 972//2723
f 943//2724 938//2724 1673//2724
f 1674//2725 979//2725 1673//2725
f 1673//2726 979//2726 973//2726
f 1675//2727 979//2727 1674//2727
f 938//2728 936//2728 1673//2728
f 1675//2729 980//2729 979//2729
f 1676//2730 980//2730 1675//2730
f 936//2731 931//2731 1673//2731
f 1676//2732 983//2732 980//2732
f 1677//2733 983//2733 1676//2733
f 931//2734 930//2734 1673//2734
f 1677//2735 984//2735 983//2735
f 1678//2736 984//2736 1677//2736
f 930//2737 924//2737 1673//2737
f 1678//2738 988//2738 984//2738
f 1679//2739 988//2739 1678//2739
f 1680//2740 988//2740 1679//2740
f 924//2741 922//2741 1673//2741
f 1680//2742 989//2742 988//2742
f 1681//2743 989//2743 1680//2743
f 922//2744 917//2744 1673//2744
f 1681//2745 991//2745 989//2745
f 1682//2746 991//2746 1681//2746
f 917//2747 916//2747 1673//2747
f 1682//2748 992//2748 991//2748
f 1683//2749 992//2749 1682//2749
f 916//2750 910//2750 1673//2750
f 1683//2751 994//2751 992//2751
f 1684//2752 994//2752 1683//2752
f 910//2753 908//2753 1673//2753
f 1684//2754 995//2754 994//2754
f 1685//2755 995//2755 1684//2755
f 908//2756 903//2756 1673//2756
f 1685//2757 604//2757 995//2757
f 1686//2758 604//2758 1685//2758
f 903//2759 901//2759 1673//2759
f 1687//2760 605//2760 1686//2760
f 1686//2761 605//2761 604//2761
f 901//2762 896//2762 1673//2762
f 1687//2763 1007//2763 605//2763
f 1688//2764 1007//2764 1687//2764
f 896//2765 895//2765 1673//2765
f 1688//2766 579//2766 1007//2766
f 1689//2767 579//2767 1688//2767
f 895//2768 889//2768 1673//2768
f 1689//2769 578//2769 579//2769
f 1690//2770 578//2770 1689//2770
f 889//2771 888//2771 1673//2771
f 1690//2772 580//2772 578//2772
f 1691//2773 580//2773 1690//2773
f 1691//2774 591//2774 580//2774
f 1692//2775 591//2775 1691//2775
f 1692//2776 592//2776 591//2776
f 1693//2777 592//2777 1692//2777
f 1693//2778 598//2778 592//2778
f 1694//2779 598//2779 1693//2779
f 1694//2780 599//2780 598//2780
f 1695//2781 599//2781 1694//2781
f 1695//2782 607//2782 599//2782
f 1696//2783 607//2783 1695//2783
f 1696//2784 609//2784 607//2784
f 1697//2785 609//2785 1696//2785
f 1697//2786 614//2786 609//2786
f 1698//2787 614//2787 1697//2787
f 1698//2788 616//2788 614//2788
f 1699//2789 616//2789 1698//2789
f 1699//2790 622//2790 616//2790
f 1700//2791 622//2791 1699//2791
f 1700//2792 623//2792 622//2792
f 1701//2793 623//2793 1700//2793
f 1701//2794 629//2794 623//2794
f 1702//2795 629//2795 1701//2795
f 1702//2796 630//2796 629//2796
f 1703//2797 630//2797 1702//2797
f 1703//2798 636//2798 630//2798
f 790//2799 1704//2799 791//2799
f 791//2800 1704//2800 797//2800
f 797//2801 1704//2801 798//2801
f 798//2802 1704//2802 804//2802
f 804//2803 1704//2803 805//2803
f 805//2804 1704//2804 811//2804
f 811//2805 1704//2805 812//2805
f 812//2806 1704//2806 818//2806
f 818//2807 1704//2807 819//2807
f 888//2808 1704//2808 1673//2808
f 819//2809 1704//2809 824//2809
f 824//2810 1704//2810 826//2810
f 826//2811 1704//2811 831//2811
f 831//2812 1704//2812 833//2812
f 833//2813 1704//2813 838//2813
f 838//2814 1704//2814 840//2814
f 840//2815 1704//2815 846//2815
f 846//2816 1704//2816 847//2816
f 847//2817 1704//2817 852//2817
f 852//2818 1704//2818 854//2818
f 854//2819 1704//2819 859//2819
f 859//2820 1704//2820 861//2820
f 861//2821 1704//2821 866//2821
f 866//2822 1704//2822 868//2822
f 868//2823 1704//2823 873//2823
f 873//2824 1704//2824 875//2824
f 875//2825 1704//2825 881//2825
f 881//2826 1704//2826 882//2826
f 882//2827 1704//2827 888//2827
f 1704//2828 1705//2828 1706//2828
f 1706//2829 1705//2829 1707//2829
f 1704//2830 1708//2830 1705//2830
f 1705//2831 1708//2831 1709//2831
f 1708//2832 1710//2832 1711//2832
f 1711//2833 1710//2833 1712//2833
f 1704//2834 1710//2834 1708//2834
f 1704//2835 1713//2835 1710//2835
f 1704//2836 1714//2836 1713//2836
f 1704//2837 1715//2837 1714//2837
f 1715//2838 1716//2838 1717//2838
f 1704//2839 1716//2839 1715//2839
f 1704//2840 1718//2840 1716//2840
f 1718//2841 1719//2841 1720//2841
f 1704//2842 1719//2842 1718//2842
f 1719//2843 1721//2843 1722//2843
f 1704//2844 1721//2844 1719//2844
f 1704//2845 1723//2845 1721//2845
f 1723//2846 1724//2846 1725//2846
f 1704//2847 1724//2847 1723//2847
f 1302//2848 1362//2848 1227//2848
f 1227//2849 1362//2849 1287//2849
f 1287//2850 1362//2850 1726//2850
f 1362//2851 1727//2851 1726//2851
f 1726//2852 1727//2852 1728//2852
f 1727//2853 1729//2853 1728//2853
f 1724//2854 1730//2854 1731//2854
f 1731//2855 1730//2855 1732//2855
f 1704//2856 1730//2856 1724//2856
f 1729//2857 1733//2857 1728//2857
f 1728//2858 1733//2858 1703//2858
f 1730//2859 1734//2859 1735//2859
f 1735//2860 1734//2860 1736//2860
f 1704//2861 1734//2861 1730//2861
f 1734//2862 1737//2862 1738//2862
f 1704//2863 1737//2863 1734//2863
f 1704//2864 1739//2864 1737//2864
f 742//2865 1740//2865 748//2865
f 748//2866 1740//2866 749//2866
f 749//2867 1740//2867 755//2867
f 755//2868 1740//2868 756//2868
f 756//2869 1740//2869 762//2869
f 762//2870 1740//2870 763//2870
f 763//2871 1740//2871 769//2871
f 769//2872 1740//2872 770//2872
f 770//2873 1740//2873 776//2873
f 776//2874 1740//2874 777//2874
f 777//2875 1740//2875 783//2875
f 783//2876 1740//2876 784//2876
f 784//2877 1740//2877 790//2877
f 1739//2878 1740//2878 1741//2878
f 1704//2879 1740//2879 1739//2879
f 790//2880 1740//2880 1704//2880
f 1742//2881 1743//2881 1744//2881
f 1744//2882 1745//2882 1746//2882
f 1743//2883 1745//2883 1744//2883
f 1745//2884 1747//2884 1746//2884
f 1748//2885 1747//2885 1745//2885
f 1749//2886 391//2886 1750//2886
f 1751//2887 392//2887 1749//2887
f 1749//2888 392//2888 391//2888
f 391//2889 385//2889 1750//2889
f 1750//2890 385//2890 1733//2890
f 1751//2891 398//2891 392//2891
f 1752//2892 398//2892 1751//2892
f 636//2893 384//2893 637//2893
f 1703//2894 384//2894 636//2894
f 385//2895 384//2895 1733//2895
f 1733//2896 384//2896 1703//2896
f 1753//2897 399//2897 1752//2897
f 1752//2898 399//2898 398//2898
f 384//2899 378//2899 637//2899
f 1754//2900 405//2900 1753//2900
f 1753//2901 405//2901 399//2901
f 1755//2902 1756//2902 1747//2902
f 1747//2903 1756//2903 1746//2903
f 637//2904 376//2904 643//2904
f 378//2905 376//2905 637//2905
f 1757//2906 406//2906 1754//2906
f 1754//2907 406//2907 405//2907
f 643//2908 371//2908 644//2908
f 644//2909 371//2909 650//2909
f 376//2910 371//2910 643//2910
f 1758//2911 412//2911 1757//2911
f 1757//2912 412//2912 406//2912
f 371//2913 369//2913 650//2913
f 1758//2914 413//2914 412//2914
f 1759//2915 413//2915 1758//2915
f 650//2916 364//2916 651//2916
f 369//2917 364//2917 650//2917
f 1760//2918 416//2918 1759//2918
f 1759//2919 416//2919 413//2919
f 651//2920 363//2920 657//2920
f 657//2921 363//2921 658//2921
f 364//2922 363//2922 651//2922
f 1760//2923 417//2923 416//2923
f 1761//2924 417//2924 1760//2924
f 658//2925 357//2925 664//2925
f 363//2926 357//2926 658//2926
f 1761//2927 421//2927 417//2927
f 1762//2928 421//2928 1761//2928
f 357//2929 355//2929 664//2929
f 1762//2930 422//2930 421//2930
f 1763//2931 422//2931 1762//2931
f 664//2932 350//2932 665//2932
f 355//2933 350//2933 664//2933
f 1764//2934 1765//2934 1766//2934
f 1766//2935 1765//2935 1756//2935
f 1767//2936 424//2936 1763//2936
f 1763//2937 424//2937 422//2937
f 665//2938 349//2938 671//2938
f 671//2939 349//2939 672//2939
f 350//2940 349//2940 665//2940
f 1767//2941 425//2941 424//2941
f 1768//2942 425//2942 1767//2942
f 1765//2943 1769//2943 1756//2943
f 672//2944 343//2944 678//2944
f 349//2945 343//2945 672//2945
f 1768//2946 427//2946 425//2946
f 1770//2947 427//2947 1768//2947
f 678//2948 341//2948 679//2948
f 343//2949 341//2949 678//2949
f 1769//2950 1771//2950 1756//2950
f 1770//2951 428//2951 427//2951
f 1772//2952 428//2952 1770//2952
f 341//2953 336//2953 679//2953
f 1772//2954 37//2954 428//2954
f 1773//2955 37//2955 1772//2955
f 1771//2956 1774//2956 1756//2956
f 679//2957 334//2957 685//2957
f 685//2958 334//2958 686//2958
f 336//2959 334//2959 679//2959
f 1773//2960 38//2960 37//2960
f 1775//2961 38//2961 1773//2961
f 1774//2962 1776//2962 1756//2962
f 334//2963 329//2963 686//2963
f 1775//2964 440//2964 38//2964
f 1777//2965 440//2965 1775//2965
f 686//2966 328//2966 692//2966
f 692//2967 328//2967 693//2967
f 329//2968 328//2968 686//2968
f 1776//2969 1778//2969 1756//2969
f 1777//2970 12//2970 440//2970
f 1779//2971 12//2971 1777//2971
f 328//2972 322//2972 693//2972
f 1780//2973 11//2973 1779//2973
f 1779//2974 11//2974 12//2974
f 693//2975 321//2975 699//2975
f 699//2976 321//2976 700//2976
f 322//2977 321//2977 693//2977
f 1781//2978 1782//2978 1778//2978
f 1778//2979 1782//2979 1756//2979
f 1756//2980 1782//2980 1746//2980
f 1780//2981 13//2981 11//2981
f 1783//2982 13//2982 1780//2982
f 700//2983 315//2983 705//2983
f 321//2984 315//2984 700//2984
f 1782//2985 1784//2985 1746//2985
f 1783//2986 24//2986 13//2986
f 1785//2987 24//2987 1783//2987
f 1786//2988 24//2988 1785//2988
f 705//2989 314//2989 707//2989
f 315//2990 314//2990 705//2990
f 1786//2991 25//2991 24//2991
f 1787//2992 25//2992 1786//2992
f 314//2993 308//2993 707//2993
f 1788//2994 31//2994 1787//2994
f 1787//2995 31//2995 25//2995
f 707//2996 306//2996 713//2996
f 713//2997 306//2997 714//2997
f 308//2998 306//2998 707//2998
f 1789//2999 1790//2999 1791//2999
f 1791//3000 1790//3000 1784//3000
f 1788//3001 32//3001 31//3001
f 1792//3002 32//3002 1788//3002
f 306//3003 301//3003 714//3003
f 1790//3004 1793//3004 1784//3004
f 1792//3005 40//3005 32//3005
f 1794//3006 40//3006 1792//3006
f 714//3007 299//3007 720//3007
f 720//3008 299//3008 721//3008
f 301//3009 299//3009 714//3009
f 1793//3010 1795//3010 1784//3010
f 1784//3011 1795//3011 1746//3011
f 299//3012 294//3012 721//3012
f 294//3013 292//3013 721//3013
f 721//3014 292//3014 727//3014
f 1796//3015 1797//3015 1795//3015
f 292//3016 287//3016 727//3016
f 727//3017 287//3017 728//3017
f 728//3018 287//3018 734//3018
f 1795//3019 1798//3019 1746//3019
f 1797//3020 1798//3020 1795//3020
f 1799//3021 1798//3021 1797//3021
f 734//3022 285//3022 735//3022
f 287//3023 285//3023 734//3023
f 1798//3024 1800//3024 1746//3024
f 285//3025 280//3025 735//3025
f 735//3026 280//3026 741//3026
f 1800//3027 1801//3027 1746//3027
f 741//3028 279//3028 742//3028
f 280//3029 279//3029 741//3029
f 1802//3030 1803//3030 1801//3030
f 1801//3031 1803//3031 1746//3031
f 1746//3032 1803//3032 1794//3032
f 40//3033 1803//3033 42//3033
f 42//3034 1803//3034 47//3034
f 47//3035 1803//3035 49//3035
f 49//3036 1803//3036 55//3036
f 55//3037 1803//3037 56//3037
f 56//3038 1803//3038 62//3038
f 62//3039 1803//3039 63//3039
f 1794//3040 1803//3040 40//3040
f 279//3041 273//3041 742//3041
f 742//3042 273//3042 1740//3042
f 1803//3043 69//3043 63//3043
f 1803//3044 70//3044 69//3044
f 1803//3045 76//3045 70//3045
f 1803//3046 77//3046 76//3046
f 1803//3047 83//3047 77//3047
f 1803//3048 84//3048 83//3048
f 1803//3049 90//3049 84//3049
f 1803//3050 91//3050 90//3050
f 1803//3051 97//3051 91//3051
f 1803//3052 98//3052 97//3052
f 1803//3053 104//3053 98//3053
f 1803//3054 105//3054 104//3054
f 1803//3055 111//3055 105//3055
f 1803//3056 112//3056 111//3056
f 1803//3057 118//3057 112//3057
f 1803//3058 119//3058 118//3058
f 1803//3059 125//3059 119//3059
f 1803//3060 126//3060 125//3060
f 1803//3061 132//3061 126//3061
f 132//3062 1804//3062 133//3062
f 133//3063 1804//3063 138//3063
f 138//3064 1804//3064 140//3064
f 140//3065 1804//3065 146//3065
f 146//3066 1804//3066 147//3066
f 147//3067 1804//3067 153//3067
f 153//3068 1804//3068 154//3068
f 154//3069 1804//3069 160//3069
f 160//3070 1804//3070 161//3070
f 161//3071 1804//3071 167//3071
f 167//3072 1804//3072 168//3072
f 168//3073 1804//3073 174//3073
f 174//3074 1804//3074 175//3074
f 175//3075 1804//3075 181//3075
f 181//3076 1804//3076 182//3076
f 182//3077 1804//3077 188//3077
f 188//3078 1804//3078 189//3078
f 189//3079 1804//3079 195//3079
f 195//3080 1804//3080 196//3080
f 196//3081 1804//3081 202//3081
f 202//3082 1804//3082 203//3082
f 203//3083 1804//3083 209//3083
f 209//3084 1804//3084 210//3084
f 210//3085 1804//3085 216//3085
f 216//3086 1804//3086 217//3086
f 217//3087 1804//3087 223//3087
f 223//3088 1804//3088 224//3088
f 224//3089 1804//3089 230//3089
f 1803//3090 1804//3090 132//3090
f 1804//3091 1805//3091 230//3091
f 230//3092 1805//3092 231//3092
f 231//3093 1805//3093 237//3093
f 237//3094 1805//3094 238//3094
f 238//3095 1805//3095 244//3095
f 244//3096 1805//3096 245//3096
f 245//3097 1805//3097 251//3097
f 251//3098 1805//3098 252//3098
f 252//3099 1805//3099 257//3099
f 257//3100 1805//3100 259//3100
f 259//3101 1805//3101 264//3101
f 264//3102 1805//3102 266//3102
f 266//3103 1805//3103 271//3103
f 271//3104 1805//3104 273//3104
f 273//3105 1805//3105 1740//3105
f 1806//3106 1807//3106 1808//3106
f 1807//3107 1809//3107 1808//3107
f 1809//3108 1810//3108 1808//3108
f 1810//3109 1811//3109 1808//3109
f 1811//3110 1812//3110 1808//3110
f 1808//3111 1812//3111 1804//3111
f 1812//3112 1813//3112 1804//3112
f 1805//3113 1814//3113 1815//3113
f 1815//3114 1814//3114 1816//3114
f 1816//3115 1814//3115 1817//3115
f 1817//3116 1814//3116 1818//3116
f 1818//3117 1814//3117 1819//3117
f 1819//3118 1814//3118 1820//3118
f 1820//3119 1814//3119 1821//3119
f 1813//3120 1822//3120 1804//3120
f 1822//3121 1823//3121 1804//3121
f 1823//3122 1824//3122 1804//3122
f 1825//3123 1826//3123 1827//3123
f 1824//3124 1828//3124 1804//3124
f 1825//3125 1829//3125 1826//3125
f 1825//3126 1830//3126 1829//3126
f 1831//3127 1832//3127 1828//3127
f 1814//3128 1833//3128 1834//3128
f 1834//3129 1833//3129 1825//3129
f 1825//3130 1833//3130 1830//3130
f 1805//3131 1833//3131 1814//3131
f 1828//3132 1835//3132 1804//3132
f 1832//3133 1835//3133 1828//3133
f 1835//3134 1836//3134 1804//3134
f 1804//3135 1836//3135 1805//3135
f 1805//3136 1836//3136 1833//3136
f 1572//3137 1638//3137 1640//3137
f 1572//3138 1640//3138 1574//3138
f 1569//3139 1638//3139 1572//3139
f 1567//3140 1638//3140 1569//3140
f 1565//3141 1638//3141 1567//3141
f 1563//3142 1638//3142 1565//3142
f 1561//3143 1638//3143 1563//3143
f 1559//3144 1638//3144 1561//3144
f 1559//3145 1636//3145 1638//3145
f 1558//3146 1636//3146 1559//3146
f 1558//3147 1633//3147 1636//3147
f 1555//3148 1629//3148 1631//3148
f 1555//3149 1631//3149 1633//3149
f 1555//3150 1633//3150 1558//3150
f 1553//3151 1629//3151 1555//3151
f 1553//3152 1627//3152 1629//3152
f 1551//3153 1624//3153 1625//3153
f 1551//3154 1625//3154 1627//3154
f 1551//3155 1627//3155 1553//3155
f 1549//3156 1624//3156 1551//3156
f 1549//3157 1619//3157 1621//3157
f 1549//3158 1621//3158 1624//3158
f 1548//3159 1617//3159 1619//3159
f 1548//3160 1619//3160 1549//3160
f 1545//3161 1613//3161 1616//3161
f 1545//3162 1616//3162 1617//3162
f 1545//3163 1617//3163 1548//3163
f 1543//3164 1613//3164 1545//3164
f 1543//3165 1612//3165 1613//3165
f 1541//3166 1608//3166 1610//3166
f 1541//3167 1610//3167 1612//3167
f 1541//3168 1612//3168 1543//3168
f 1539//3169 1605//3169 1608//3169
f 1539//3170 1608//3170 1541//3170
f 1604//3171 1605//3171 1539//3171
f 1604//3172 1539//3172 1537//3172
f 1601//3173 1604//3173 1537//3173
f 1599//3174 1601//3174 1537//3174
f 1599//3175 1537//3175 1536//3175
f 1598//3176 1599//3176 1536//3176
f 1598//3177 1536//3177 1534//3177
f 1596//3178 1598//3178 1534//3178
f 1594//3179 1596//3179 1534//3179
f 1594//3180 1534//3180 1531//3180
f 1592//3181 1594//3181 1531//3181
f 1592//3182 1531//3182 1529//3182
f 1589//3183 1592//3183 1529//3183
f 1587//3184 1529//3184 1527//3184
f 1587//3185 1589//3185 1529//3185
f 1586//3186 1587//3186 1527//3186
f 1584//3187 1586//3187 1527//3187
f 1584//3188 1527//3188 1526//3188
f 1581//3189 1584//3189 1526//3189
f 1581//3190 1526//3190 1523//3190
f 1580//3191 1581//3191 1523//3191
f 1578//3192 1580//3192 1523//3192
f 1578//3193 1523//3193 1521//3193
f 1576//3194 1578//3194 1521//3194
f 1576//3195 1521//3195 1519//3195
f 1288//3196 1576//3196 1519//3196
f 1288//3197 1509//3197 1216//3197
f 1288//3198 1511//3198 1509//3198
f 1288//3199 1513//3199 1511//3199
f 1288//3200 1515//3200 1513//3200
f 1288//3201 1517//3201 1515//3201
f 1288//3202 1519//3202 1517//3202
f 1837//3203 1838//3203 1839//3203
f 1840//3204 1841//3204 1842//3204
f 1840//3205 1842//3205 1843//3205
f 1840//3206 1843//3206 1844//3206
f 1840//3207 1844//3207 1838//3207
f 1845//3208 1837//3208 1846//3208
f 1845//3209 1838//3209 1837//3209
f 1845//3210 1840//3210 1838//3210
f 1847//3211 1846//3211 1848//3211
f 1847//3212 1845//3212 1846//3212
f 1849//3213 1850//3213 1851//3213
f 1852//3214 1853//3214 1854//3214
f 1855//3215 1854//3215 1849//3215
f 1855//3216 1851//3216 1845//3216
f 1855//3217 1849//3217 1851//3217
f 1855//3218 1845//3218 1847//3218
f 1855//3219 1852//3219 1854//3219
f 1856//3220 1847//3220 1857//3220
f 1856//3221 1855//3221 1847//3221
f 1858//3222 1859//3222 1860//3222
f 1861//3223 1862//3223 1856//3223
f 1863//3224 1861//3224 1856//3224
f 1863//3225 1859//3225 1858//3225
f 1863//3226 1864//3226 1861//3226
f 1863//3227 1857//3227 1865//3227
f 1863//3228 1865//3228 1866//3228
f 1863//3229 1866//3229 1867//3229
f 1863//3230 1867//3230 1868//3230
f 1863//3231 1868//3231 1859//3231
f 1863//3232 1858//3232 1869//3232
f 1863//3233 1856//3233 1857//3233
f 1870//3234 1864//3234 1863//3234
f 1871//3235 1863//3235 1872//3235
f 1873//3236 1872//3236 1863//3236
f 1874//3237 1863//3237 1871//3237
f 1875//3238 1873//3238 1863//3238
f 1876//3239 1863//3239 1874//3239
f 1877//3240 1875//3240 1863//3240
f 1878//3241 1863//3241 1876//3241
f 1879//3242 1877//3242 1863//3242
f 1880//3243 1863//3243 1878//3243
f 1881//3244 1879//3244 1863//3244
f 1882//3245 1883//3245 1870//3245
f 1882//3246 1870//3246 1863//3246
f 1882//3247 1863//3247 1880//3247
f 1884//3248 1881//3248 1863//3248
f 1885//3249 1886//3249 1883//3249
f 1885//3250 1883//3250 1882//3250
f 1887//3251 1884//3251 1863//3251
f 1888//3252 1889//3252 1886//3252
f 1888//3253 1886//3253 1885//3253
f 1890//3254 1887//3254 1863//3254
f 1891//3255 1892//3255 1889//3255
f 1891//3256 1889//3256 1888//3256
f 1893//3257 1890//3257 1863//3257
f 1894//3258 1895//3258 1892//3258
f 1894//3259 1896//3259 1895//3259
f 1894//3260 1892//3260 1891//3260
f 1897//3261 1893//3261 1863//3261
f 1898//3262 1899//3262 1896//3262
f 1898//3263 1896//3263 1894//3263
f 1900//3264 1897//3264 1863//3264
f 1901//3265 1902//3265 1899//3265
f 1901//3266 1899//3266 1898//3266
f 1903//3267 1900//3267 1863//3267
f 1904//3268 1902//3268 1901//3268
f 1904//3269 1905//3269 1902//3269
f 1906//3270 1903//3270 1863//3270
f 1907//3271 1908//3271 1905//3271
f 1907//3272 1905//3272 1904//3272
f 1909//3273 1906//3273 1863//3273
f 1910//3274 1911//3274 1908//3274
f 1910//3275 1908//3275 1907//3275
f 1912//3276 1909//3276 1863//3276
f 1913//3277 1914//3277 1911//3277
f 1913//3278 1911//3278 1910//3278
f 1915//3279 1912//3279 1863//3279
f 1916//3280 1917//3280 1914//3280
f 1916//3281 1914//3281 1913//3281
f 1918//3282 1915//3282 1863//3282
f 1919//3283 1920//3283 1917//3283
f 1919//3284 1917//3284 1916//3284
f 1921//3285 1918//3285 1863//3285
f 1922//3286 1923//3286 1920//3286
f 1922//3287 1920//3287 1919//3287
f 1924//3288 1921//3288 1863//3288
f 1925//3289 1926//3289 1923//3289
f 1925//3290 1923//3290 1922//3290
f 1927//3291 1924//3291 1863//3291
f 1928//3292 1929//3292 1926//3292
f 1928//3293 1926//3293 1925//3293
f 1930//3294 1931//3294 1929//3294
f 1930//3295 1929//3295 1928//3295
f 1932//3296 1931//3296 1930//3296
f 1932//3297 1933//3297 1931//3297
f 1934//3298 1935//3298 1933//3298
f 1934//3299 1933//3299 1932//3299
f 1936//3300 1937//3300 1935//3300
f 1936//3301 1935//3301 1934//3301
f 1938//3302 1937//3302 1936//3302
f 1938//3303 1939//3303 1937//3303
f 1940//3304 1941//3304 1939//3304
f 1940//3305 1939//3305 1938//3305
f 1942//3306 1943//3306 1941//3306
f 1942//3307 1941//3307 1940//3307
f 1944//3308 1945//3308 1943//3308
f 1944//3309 1943//3309 1942//3309
f 1946//3310 1947//3310 1945//3310
f 1946//3311 1945//3311 1944//3311
f 1948//3312 1949//3312 1947//3312
f 1948//3313 1947//3313 1946//3313
f 1950//3314 1949//3314 1948//3314
f 1950//3315 1951//3315 1949//3315
f 1952//3316 1951//3316 1950//3316
f 1952//3317 1953//3317 1951//3317
f 1954//3318 1953//3318 1952//3318
f 1955//3319 1956//3319 1957//3319
f 1955//3320 1957//3320 1958//3320
f 1955//3321 1958//3321 1959//3321
f 1955//3322 1959//3322 1960//3322
f 1955//3323 1960//3323 1961//3323
f 1955//3324 1961//3324 1962//3324
f 1955//3325 1962//3325 1963//3325
f 1955//3326 1963//3326 1964//3326
f 1955//3327 1964//3327 1965//3327
f 1955//3328 1965//3328 1966//3328
f 1955//3329 1966//3329 1967//3329
f 1955//3330 1967//3330 1968//3330
f 1955//3331 1968//3331 1969//3331
f 1955//3332 1969//3332 1970//3332
f 1955//3333 1970//3333 1971//3333
f 1955//3334 1971//3334 1972//3334
f 1955//3335 1972//3335 1973//3335
f 1955//3336 1973//3336 1974//3336
f 1955//3337 1974//3337 1975//3337
f 1955//3338 1975//3338 1976//3338
f 1955//3339 1976//3339 1977//3339
f 1955//3340 1977//3340 1978//3340
f 1955//3341 1978//3341 1979//3341
f 1955//3342 1979//3342 1980//3342
f 1955//3343 1980//3343 1981//3343
f 1955//3344 1981//3344 1982//3344
f 1955//3345 1982//3345 1983//3345
f 1955//3346 1983//3346 1927//3346
f 1955//3347 1927//3347 1863//3347
f 1984//3348 1955//3348 1985//3348
f 1984//3349 1985//3349 1986//3349
f 1987//3350 1984//3350 1988//3350
f 1987//3351 1955//3351 1984//3351
f 1989//3352 1987//3352 1990//3352
f 1989//3353 1990//3353 1991//3353
f 1989//3354 1955//3354 1987//3354
f 1992//3355 1955//3355 1989//3355
f 1993//3356 1955//3356 1992//3356
f 1994//3357 1955//3357 1993//3357
f 1995//3358 1994//3358 1996//3358
f 1995//3359 1955//3359 1994//3359
f 1997//3360 1955//3360 1995//3360
f 1998//3361 1997//3361 1999//3361
f 1998//3362 1955//3362 1997//3362
f 2000//3363 1998//3363 2001//3363
f 2000//3364 1955//3364 1998//3364
f 2002//3365 1955//3365 2000//3365
f 2003//3366 2002//3366 2004//3366
f 2003//3367 1955//3367 2002//3367
f 1354//3368 1288//3368 1216//3368
f 1354//3369 1279//3369 2005//3369
f 1354//3370 1216//3370 1279//3370
f 2006//3371 1354//3371 2005//3371
f 2006//3372 2005//3372 2007//3372
f 2008//3373 2006//3373 2007//3373
f 2009//3374 2003//3374 2010//3374
f 2009//3375 2010//3375 2011//3375
f 2009//3376 1955//3376 2003//3376
f 2012//3377 2007//3377 1953//3377
f 2012//3378 2008//3378 2007//3378
f 2013//3379 2009//3379 2014//3379
f 2013//3380 2014//3380 2015//3380
f 2013//3381 1955//3381 2009//3381
f 2016//3382 2013//3382 2017//3382
f 2016//3383 1955//3383 2013//3383
f 2018//3384 1955//3384 2016//3384
f 2019//3385 2020//3385 2021//3385
f 2019//3386 2021//3386 2022//3386
f 2019//3387 2022//3387 2023//3387
f 2019//3388 2023//3388 2024//3388
f 2019//3389 2024//3389 2025//3389
f 2019//3390 2025//3390 2026//3390
f 2019//3391 2026//3391 2027//3391
f 2019//3392 2027//3392 2028//3392
f 2019//3393 2028//3393 2029//3393
f 2019//3394 2029//3394 2030//3394
f 2019//3395 2030//3395 2031//3395
f 2019//3396 2031//3396 2032//3396
f 2019//3397 2032//3397 1956//3397
f 2019//3398 2018//3398 2033//3398
f 2019//3399 1955//3399 2018//3399
f 2019//3400 1956//3400 1955//3400
f 2034//3401 2035//3401 2036//3401
f 2037//3402 2034//3402 2036//3402
f 2037//3403 2036//3403 2038//3403
f 2039//3404 2037//3404 2038//3404
f 2039//3405 2040//3405 2037//3405
f 2041//3406 2042//3406 2043//3406
f 2044//3407 2045//3407 2042//3407
f 2044//3408 2042//3408 2041//3408
f 2046//3409 2043//3409 2012//3409
f 2046//3410 2041//3410 2043//3410
f 2047//3411 2048//3411 2045//3411
f 2047//3412 2045//3412 2044//3412
f 2049//3413 2046//3413 2012//3413
f 2049//3414 1954//3414 2050//3414
f 2049//3415 2012//3415 1953//3415
f 2049//3416 1953//3416 1954//3416
f 2051//3417 2052//3417 2048//3417
f 2051//3418 2048//3418 2047//3418
f 2053//3419 2049//3419 2050//3419
f 2054//3420 2055//3420 2052//3420
f 2054//3421 2052//3421 2051//3421
f 2056//3422 2039//3422 2038//3422
f 2056//3423 2057//3423 2039//3423
f 2058//3424 2053//3424 2050//3424
f 2058//3425 2050//3425 2059//3425
f 2060//3426 2061//3426 2055//3426
f 2060//3427 2055//3427 2054//3427
f 2062//3428 2058//3428 2059//3428
f 2062//3429 2059//3429 2063//3429
f 2062//3430 2063//3430 2064//3430
f 2065//3431 2066//3431 2061//3431
f 2065//3432 2061//3432 2060//3432
f 2067//3433 2062//3433 2064//3433
f 2068//3434 2069//3434 2066//3434
f 2068//3435 2066//3435 2065//3435
f 2070//3436 2067//3436 2064//3436
f 2070//3437 2064//3437 2071//3437
f 2072//3438 2069//3438 2068//3438
f 2072//3439 2073//3439 2069//3439
f 2074//3440 2071//3440 2075//3440
f 2074//3441 2075//3441 2076//3441
f 2074//3442 2070//3442 2071//3442
f 2077//3443 2078//3443 2073//3443
f 2077//3444 2073//3444 2072//3444
f 2079//3445 2076//3445 2080//3445
f 2079//3446 2074//3446 2076//3446
f 2081//3447 2078//3447 2077//3447
f 2081//3448 2082//3448 2078//3448
f 2083//3449 2079//3449 2080//3449
f 2084//3450 2085//3450 2082//3450
f 2084//3451 2082//3451 2081//3451
f 2086//3452 2083//3452 2080//3452
f 2086//3453 2080//3453 2087//3453
f 2088//3454 2089//3454 2090//3454
f 2088//3455 2090//3455 2056//3455
f 2091//3456 2092//3456 2085//3456
f 2091//3457 2085//3457 2084//3457
f 2093//3458 2086//3458 2087//3458
f 2093//3459 2087//3459 2094//3459
f 2093//3460 2094//3460 2095//3460
f 2096//3461 2097//3461 2092//3461
f 2096//3462 2092//3462 2091//3462
f 2098//3463 2088//3463 2056//3463
f 2099//3464 2093//3464 2095//3464
f 2099//3465 2095//3465 2100//3465
f 2101//3466 2102//3466 2097//3466
f 2101//3467 2097//3467 2096//3467
f 2103//3468 2099//3468 2100//3468
f 2103//3469 2100//3469 2104//3469
f 2105//3470 2098//3470 2056//3470
f 2106//3471 2102//3471 2101//3471
f 2106//3472 2107//3472 2102//3472
f 2108//3473 2103//3473 2104//3473
f 2109//3474 2110//3474 2107//3474
f 2109//3475 2107//3475 2106//3475
f 2111//3476 2105//3476 2056//3476
f 2112//3477 2108//3477 2104//3477
f 2112//3478 2104//3478 2113//3478
f 2112//3479 2113//3479 2114//3479
f 2115//3480 2116//3480 2110//3480
f 2115//3481 2110//3481 2109//3481
f 2117//3482 2111//3482 2056//3482
f 2118//3483 2112//3483 2114//3483
f 2119//3484 2120//3484 2116//3484
f 2119//3485 2116//3485 2115//3485
f 2121//3486 2118//3486 2114//3486
f 2121//3487 2114//3487 2122//3487
f 2121//3488 2122//3488 2123//3488
f 2124//3489 2117//3489 2056//3489
f 2125//3490 2120//3490 2119//3490
f 2125//3491 2126//3491 2120//3491
f 2127//3492 2121//3492 2123//3492
f 2128//3493 2129//3493 2126//3493
f 2128//3494 2126//3494 2125//3494
f 2130//3495 2131//3495 2132//3495
f 2130//3496 2127//3496 2123//3496
f 2130//3497 2123//3497 2131//3497
f 2133//3498 2124//3498 2056//3498
f 2133//3499 2134//3499 2124//3499
f 2133//3500 2056//3500 2038//3500
f 2135//3501 2136//3501 2129//3501
f 2135//3502 2129//3502 2128//3502
f 2137//3503 2132//3503 2138//3503
f 2137//3504 2130//3504 2132//3504
f 2139//3505 2133//3505 2038//3505
f 2140//3506 2141//3506 2136//3506
f 2140//3507 2142//3507 2141//3507
f 2140//3508 2136//3508 2135//3508
f 2143//3509 2138//3509 2144//3509
f 2143//3510 2137//3510 2138//3510
f 2145//3511 2142//3511 2140//3511
f 2145//3512 2146//3512 2142//3512
f 2147//3513 2143//3513 2144//3513
f 2148//3514 2149//3514 2146//3514
f 2148//3515 2146//3515 2145//3515
f 2150//3516 2144//3516 2151//3516
f 2150//3517 2151//3517 2152//3517
f 2150//3518 2147//3518 2144//3518
f 2153//3519 2154//3519 2155//3519
f 2153//3520 2155//3520 2139//3520
f 2156//3521 2157//3521 2149//3521
f 2156//3522 2149//3522 2148//3522
f 2158//3523 2150//3523 2152//3523
f 2159//3524 2153//3524 2139//3524
f 2160//3525 2161//3525 2157//3525
f 2160//3526 2157//3526 2156//3526
f 2162//3527 2152//3527 2163//3527
f 2162//3528 2163//3528 2164//3528
f 2162//3529 2158//3529 2152//3529
f 2165//3530 2159//3530 2139//3530
f 2165//3531 2139//3531 2038//3531
f 2166//3532 2162//3532 2164//3532
f 2167//3533 2164//3533 2168//3533
f 2167//3534 2166//3534 2164//3534
f 2169//3535 2170//3535 2165//3535
f 2171//3536 2168//3536 2172//3536
f 2171//3537 2172//3537 2173//3537
f 2171//3538 2167//3538 2168//3538
f 2174//3539 2165//3539 2038//3539
f 2174//3540 2169//3540 2165//3540
f 2174//3541 2175//3541 2169//3541
f 2176//3542 2173//3542 2177//3542
f 2176//3543 2171//3543 2173//3543
f 2178//3544 2174//3544 2038//3544
f 2179//3545 2177//3545 2180//3545
f 2179//3546 2176//3546 2177//3546
f 2181//3547 2178//3547 2038//3547
f 2182//3548 2180//3548 2020//3548
f 2182//3549 2179//3549 2180//3549
f 2183//3550 2184//3550 2185//3550
f 2183//3551 2185//3551 2186//3551
f 2183//3552 2186//3552 2187//3552
f 2183//3553 2187//3553 2188//3553
f 2183//3554 2188//3554 2189//3554
f 2183//3555 2189//3555 2190//3555
f 2183//3556 2161//3556 2160//3556
f 2183//3557 2181//3557 2038//3557
f 2183//3558 2191//3558 2181//3558
f 2183//3559 2038//3559 2161//3559
f 2183//3560 2160//3560 2184//3560
f 2192//3561 2182//3561 2020//3561
f 2192//3562 2020//3562 2019//3562
f 2193//3563 2183//3563 2190//3563
f 2194//3564 2183//3564 2193//3564
f 2195//3565 2183//3565 2194//3565
f 2196//3566 2183//3566 2195//3566
f 2197//3567 2183//3567 2196//3567
f 2198//3568 2183//3568 2197//3568
f 2199//3569 2183//3569 2198//3569
f 2200//3570 2183//3570 2199//3570
f 2201//3571 2183//3571 2200//3571
f 2202//3572 2183//3572 2201//3572
f 2203//3573 2183//3573 2202//3573
f 2204//3574 2183//3574 2203//3574
f 2205//3575 2183//3575 2204//3575
f 2206//3576 2183//3576 2205//3576
f 2207//3577 2183//3577 2206//3577
f 2208//3578 2183//3578 2207//3578
f 2209//3579 2183//3579 2208//3579
f 2210//3580 2183//3580 2209//3580
f 2211//3581 2183//3581 2210//3581
f 2212//3582 2211//3582 2213//3582
f 2212//3583 2213//3583 2214//3583
f 2212//3584 2214//3584 2215//3584
f 2212//3585 2215//3585 2216//3585
f 2212//3586 2216//3586 2217//3586
f 2212//3587 2217//3587 2218//3587
f 2212//3588 2218//3588 2219//3588
f 2212//3589 2219//3589 2220//3589
f 2212//3590 2220//3590 2221//3590
f 2212//3591 2221//3591 2222//3591
f 2212//3592 2183//3592 2211//3592
f 2212//3593 2222//3593 2223//3593
f 2212//3594 2223//3594 2224//3594
f 2212//3595 2224//3595 2225//3595
f 2212//3596 2225//3596 2226//3596
f 2212//3597 2226//3597 2227//3597
f 2212//3598 2227//3598 2228//3598
f 2212//3599 2228//3599 2229//3599
f 2212//3600 2229//3600 2230//3600
f 2212//3601 2230//3601 2231//3601
f 2212//3602 2231//3602 2232//3602
f 2212//3603 2232//3603 2233//3603
f 2212//3604 2233//3604 2234//3604
f 2212//3605 2234//3605 2235//3605
f 2212//3606 2235//3606 2236//3606
f 2212//3607 2236//3607 2237//3607
f 2212//3608 2237//3608 2238//3608
f 2212//3609 2238//3609 2239//3609
f 2212//3610 2239//3610 2240//3610
f 2241//3611 2212//3611 2240//3611
f 2241//3612 2240//3612 2242//3612
f 2241//3613 2242//3613 2243//3613
f 2241//3614 2243//3614 2244//3614
f 2241//3615 2244//3615 2245//3615
f 2241//3616 2245//3616 2246//3616
f 2241//3617 2246//3617 2247//3617
f 2241//3618 2247//3618 2248//3618
f 2241//3619 2248//3619 2249//3619
f 2241//3620 2249//3620 2250//3620
f 2241//3621 2192//3621 2019//3621
f 2241//3622 2250//3622 2251//3622
f 2241//3623 2251//3623 2252//3623
f 2241//3624 2252//3624 2253//3624
f 2241//3625 2253//3625 2192//3625
f 2254//3626 2255//3626 2256//3626
f 2257//3627 2254//3627 2256//3627
f 2258//3628 2257//3628 2256//3628
f 2259//3629 2258//3629 2256//3629
f 2260//3630 2261//3630 2262//3630
f 2260//3631 2262//3631 2263//3631
f 2264//3632 2256//3632 2212//3632
f 2264//3633 2259//3633 2256//3633
f 2265//3634 2261//3634 2260//3634
f 2265//3635 2266//3635 2261//3635
f 2267//3636 2264//3636 2212//3636
f 2268//3637 2266//3637 2265//3637
f 2268//3638 2241//3638 2269//3638
f 2268//3639 2269//3639 2266//3639
f 2270//3640 2267//3640 2212//3640
f 2271//3641 2270//3641 2212//3641
f 2272//3642 2271//3642 2212//3642
f 2273//3643 2272//3643 2212//3643
f 2274//3644 2275//3644 2276//3644
f 2277//3645 2275//3645 2274//3645
f 2278//3646 2279//3646 2273//3646
f 2280//3647 2275//3647 2277//3647
f 2281//3648 2241//3648 2268//3648
f 2281//3649 2275//3649 2280//3649
f 2281//3650 2268//3650 2282//3650
f 2281//3651 2282//3651 2275//3651
f 2283//3652 2273//3652 2212//3652
f 2283//3653 2278//3653 2273//3653
f 2284//3654 2241//3654 2281//3654
f 2284//3655 2283//3655 2212//3655
f 2284//3656 2212//3656 2241//3656
f 1293//3657 1410//3657 1412//3657
f 1293//3658 1408//3658 1410//3658
f 1293//3659 1406//3659 1408//3659
f 1293//3660 1404//3660 1406//3660
f 1293//3661 1402//3661 1404//3661
f 1293//3662 1400//3662 1402//3662
f 1293//3663 1398//3663 1400//3663
f 1293//3664 1396//3664 1398//3664
f 1293//3665 1394//3665 1396//3665
f 1293//3666 1392//3666 1394//3666
f 1293//3667 1390//3667 1392//3667
f 1293//3668 1295//3668 1390//3668
f 1443//3669 1293//3669 1441//3669
f 1441//3670 1293//3670 1439//3670
f 1439//3671 1293//3671 1438//3671
f 1438//3672 1293//3672 1436//3672
f 1436//3673 1293//3673 1433//3673
f 1433//3674 1293//3674 1432//3674
f 1432//3675 1293//3675 1429//3675
f 1429//3676 1293//3676 1428//3676
f 1428//3677 1293//3677 1426//3677
f 1426//3678 1293//3678 1424//3678
f 1424//3679 1293//3679 1421//3679
f 1421//3680 1293//3680 1419//3680
f 1419//3681 1293//3681 1417//3681
f 1417//3682 1293//3682 1416//3682
f 1416//3683 1293//3683 1414//3683
f 1414//3684 1293//3684 1412//3684
f 1301//3685 1445//3685 1226//3685
f 1301//3686 1447//3686 1445//3686
f 1301//3687 1450//3687 1447//3687
f 1301//3688 1451//3688 1450//3688
f 1301//3689 1454//3689 1451//3689
f 1301//3690 1455//3690 1454//3690
f 1301//3691 1457//3691 1455//3691
f 1301//3692 1459//3692 1457//3692
f 1301//3693 1462//3693 1459//3693
f 1301//3694 1464//3694 1462//3694
f 1301//3695 1465//3695 1464//3695
f 1301//3696 1467//3696 1465//3696
f 1301//3697 1470//3697 1467//3697
f 1301//3698 1471//3698 1470//3698
f 1301//3699 1473//3699 1471//3699
f 1301//3700 1475//3700 1473//3700
f 1301//3701 1477//3701 1475//3701
f 1301//3702 1479//3702 1477//3702
f 1301//3703 1482//3703 1479//3703
f 1301//3704 1483//3704 1482//3704
f 1301//3705 1485//3705 1483//3705
f 1301//3706 1488//3706 1485//3706
f 1301//3707 1489//3707 1488//3707
f 1300//3708 1226//3708 1225//3708
f 1300//3709 1301//3709 1226//3709
f 1301//3710 1507//3710 1505//3710
f 1301//3711 1505//3711 1503//3711
f 1301//3712 1503//3712 1501//3712
f 1301//3713 1501//3713 1499//3713
f 1301//3714 1499//3714 1497//3714
f 1301//3715 1497//3715 1495//3715
f 1301//3716 1495//3716 1493//3716
f 1301//3717 1493//3717 1492//3717
f 1301//3718 1492//3718 1489//3718
f 1364//3719 1295//3719 1224//3719
f 1366//3720 1295//3720 1364//3720
f 1368//3721 1295//3721 1366//3721
f 1370//3722 1295//3722 1368//3722
f 1372//3723 1295//3723 1370//3723
f 1374//3724 1295//3724 1372//3724
f 1376//3725 1295//3725 1374//3725
f 1378//3726 1295//3726 1376//3726
f 1380//3727 1295//3727 1378//3727
f 1382//3728 1295//3728 1380//3728
f 1384//3729 1295//3729 1382//3729
f 1386//3730 1295//3730 1384//3730
f 1388//3731 1295//3731 1386//3731
f 1390//3732 1295//3732 1388//3732
f 1224//3733 1300//3733 1225//3733
f 1295//3734 1300//3734 1224//3734
f 1409//3735 1294//3735 1411//3735
f 1407//3736 1294//3736 1409//3736
f 1405//3737 1294//3737 1407//3737
f 1403//3738 1294//3738 1405//3738
f 1401//3739 1294//3739 1403//3739
f 1399//3740 1294//3740 1401//3740
f 1397//3741 1294//3741 1399//3741
f 1395//3742 1294//3742 1397//3742
f 1393//3743 1294//3743 1395//3743
f 1391//3744 1294//3744 1393//3744
f 1389//3745 1294//3745 1391//3745
f 1292//3746 1294//3746 1389//3746
f 1294//3747 1444//3747 1442//3747
f 1294//3748 1442//3748 1440//3748
f 1294//3749 1440//3749 1437//3749
f 1294//3750 1437//3750 1435//3750
f 1294//3751 1435//3751 1434//3751
f 1294//3752 1434//3752 1431//3752
f 1294//3753 1431//3753 1430//3753
f 1294//3754 1430//3754 1427//3754
f 1294//3755 1427//3755 1425//3755
f 1294//3756 1425//3756 1423//3756
f 1294//3757 1423//3757 1422//3757
f 1294//3758 1422//3758 1420//3758
f 1294//3759 1420//3759 1418//3759
f 1294//3760 1418//3760 1415//3760
f 1294//3761 1415//3761 1413//3761
f 1294//3762 1413//3762 1411//3762
f 1292//3763 1363//3763 1219//3763
f 1292//3764 1365//3764 1363//3764
f 1292//3765 1367//3765 1365//3765
f 1292//3766 1369//3766 1367//3766
f 1292//3767 1371//3767 1369//3767
f 1292//3768 1373//3768 1371//3768
f 1292//3769 1375//3769 1373//3769
f 1292//3770 1377//3770 1375//3770
f 1292//3771 1379//3771 1377//3771
f 1292//3772 1381//3772 1379//3772
f 1292//3773 1383//3773 1381//3773
f 1292//3774 1385//3774 1383//3774
f 1292//3775 1387//3775 1385//3775
f 1292//3776 1389//3776 1387//3776
f 1289//3777 1219//3777 1215//3777
f 1289//3778 1292//3778 1219//3778
f 1510//3779 1290//3779 1217//3779
f 1512//3780 1290//3780 1510//3780
f 1514//3781 1290//3781 1512//3781
f 1516//3782 1290//3782 1514//3782
f 1518//3783 1290//3783 1516//3783
f 1520//3784 1290//3784 1518//3784
f 1522//3785 1290//3785 1520//3785
f 1524//3786 1290//3786 1522//3786
f 1525//3787 1290//3787 1524//3787
f 1528//3788 1290//3788 1525//3788
f 1530//3789 1290//3789 1528//3789
f 1532//3790 1290//3790 1530//3790
f 1533//3791 1290//3791 1532//3791
f 1535//3792 1290//3792 1533//3792
f 1538//3793 1290//3793 1535//3793
f 1540//3794 1290//3794 1538//3794
f 1542//3795 1290//3795 1540//3795
f 1544//3796 1290//3796 1542//3796
f 1546//3797 1290//3797 1544//3797
f 1547//3798 1290//3798 1546//3798
f 1550//3799 1290//3799 1547//3799
f 1552//3800 1290//3800 1550//3800
f 1554//3801 1290//3801 1552//3801
f 1217//3802 1289//3802 1215//3802
f 1290//3803 1289//3803 1217//3803
f 1571//3804 1290//3804 1570//3804
f 1570//3805 1290//3805 1568//3805
f 1568//3806 1290//3806 1566//3806
f 1566//3807 1290//3807 1564//3807
f 1564//3808 1290//3808 1562//3808
f 1562//3809 1290//3809 1560//3809
f 1560//3810 1290//3810 1557//3810
f 1557//3811 1290//3811 1556//3811
f 1556//3812 1290//3812 1554//3812
f 1357//3813 1358//3813 1283//3813
f 1357//3814 1283//3814 1282//3814
f 1283//3815 1358//3815 1286//3815
f 1358//3816 1361//3816 1286//3816
f 1361//3817 1357//3817 1282//3817
f 1361//3818 1282//3818 1286//3818
f 1359//3819 1360//3819 1285//3819
f 1359//3820 1285//3820 1284//3820
f 1360//3821 1356//3821 1285//3821
f 1285//3822 1356//3822 1281//3822
f 1356//3823 1359//3823 1284//3823
f 1356//3824 1284//3824 1281//3824
f 1353//3825 1348//3825 1276//3825
f 1276//3826 1348//3826 1273//3826
f 1348//3827 1355//3827 1273//3827
f 1273//3828 1355//3828 1280//3828
f 1355//3829 1353//3829 1276//3829
f 1355//3830 1276//3830 1280//3830
f 1307//3831 1313//3831 1238//3831
f 1307//3832 1238//3832 1232//3832
f 1313//3833 1309//3833 1238//3833
f 1238//3834 1309//3834 1235//3834
f 1309//3835 1307//3835 1232//3835
f 1309//3836 1232//3836 1235//3836
f 1291//3837 1299//3837 1223//3837
f 1291//3838 1223//3838 1218//3838
f 1223//3839 1299//3839 1220//3839
f 1299//3840 1296//3840 1220//3840
f 1291//3841 1218//3841 1220//3841
f 1296//3842 1291//3842 1220//3842
f 1343//3843 1349//3843 1275//3843
f 1343//3844 1275//3844 1267//3844
f 1275//3845 1349//3845 1270//3845
f 1349//3846 1346//3846 1270//3846
f 1346//3847 1343//3847 1267//3847
f 1346//3848 1267//3848 1270//3848
f 1337//3849 1330//3849 1256//3849
f 1337//3850 1256//3850 1262//3850
f 1330//3851 1331//3851 1255//3851
f 1330//3852 1255//3852 1256//3852
f 1255//3853 1331//3853 1262//3853
f 1331//3854 1337//3854 1262//3854
f 1328//3855 1252//3855 1253//3855
f 1327//3856 1328//3856 1253//3856
f 1328//3857 1323//3857 1252//3857
f 1252//3858 1323//3858 1248//3858
f 1248//3859 1323//3859 1253//3859
f 1323//3860 1327//3860 1253//3860
f 1332//3861 1329//3861 1254//3861
f 1332//3862 1254//3862 1258//3862
f 1329//3863 1324//3863 1254//3863
f 1254//3864 1324//3864 1249//3864
f 1324//3865 1332//3865 1249//3865
f 1249//3866 1332//3866 1258//3866
f 1351//3867 1347//3867 1277//3867
f 1277//3868 1347//3868 1272//3868
f 1347//3869 1352//3869 1272//3869
f 1272//3870 1352//3870 1278//3870
f 1352//3871 1351//3871 1277//3871
f 1352//3872 1277//3872 1278//3872
f 1274//3873 1344//3873 1269//3873
f 1350//3874 1344//3874 1274//3874
f 1344//3875 1345//3875 1271//3875
f 1344//3876 1271//3876 1269//3876
f 1271//3877 1345//3877 1274//3877
f 1345//3878 1350//3878 1274//3878
f 1339//3879 1340//3879 1266//3879
f 1339//3880 1266//3880 1264//3880
f 1340//3881 1335//3881 1266//3881
f 1266//3882 1335//3882 1260//3882
f 1335//3883 1339//3883 1260//3883
f 1260//3884 1339//3884 1264//3884
f 1341//3885 1265//3885 1268//3885
f 1342//3886 1341//3886 1268//3886
f 1265//3887 1341//3887 1261//3887
f 1341//3888 1336//3888 1261//3888
f 1336//3889 1342//3889 1261//3889
f 1261//3890 1342//3890 1268//3890
f 1243//3891 1325//3891 1250//3891
f 1319//3892 1325//3892 1243//3892
f 1250//3893 1325//3893 1247//3893
f 1325//3894 1320//3894 1247//3894
f 1319//3895 1243//3895 1247//3895
f 1320//3896 1319//3896 1247//3896
f 1314//3897 1308//3897 1233//3897
f 1314//3898 1233//3898 1239//3898
f 1310//3899 1234//3899 1233//3899
f 1308//3900 1310//3900 1233//3900
f 1234//3901 1310//3901 1239//3901
f 1310//3902 1314//3902 1239//3902
f 1303//3903 1228//3903 1229//3903
f 1306//3904 1303//3904 1229//3904
f 1303//3905 1297//3905 1228//3905
f 1228//3906 1297//3906 1221//3906
f 1221//3907 1297//3907 1229//3907
f 1297//3908 1306//3908 1229//3908
f 1305//3909 1230//3909 1231//3909
f 1304//3910 1305//3910 1231//3910
f 1230//3911 1305//3911 1222//3911
f 1305//3912 1298//3912 1222//3912
f 1298//3913 1304//3913 1222//3913
f 1222//3914 1304//3914 1231//3914
f 1334//3915 1338//3915 1263//3915
f 1334//3916 1263//3916 1259//3916
f 1338//3917 1333//3917 1263//3917
f 1263//3918 1333//3918 1257//3918
f 1333//3919 1334//3919 1259//3919
f 1333//3920 1259//3920 1257//3920
f 1326//3921 1322//3921 1245//3921
f 1326//3922 1245//3922 1251//3922
f 1322//3923 1321//3923 1246//3923
f 1322//3924 1246//3924 1245//3924
f 1246//3925 1321//3925 1251//3925
f 1321//3926 1326//3926 1251//3926
f 1316//3927 1315//3927 1240//3927
f 1316//3928 1240//3928 1241//3928
f 1315//3929 1236//3929 1240//3929
f 1315//3930 1311//3930 1236//3930
f 1236//3931 1311//3931 1241//3931
f 1311//3932 1316//3932 1241//3932
f 1318//3933 1317//3933 1242//3933
f 1318//3934 1242//3934 1244//3934
f 1242//3935 1317//3935 1237//3935
f 1317//3936 1312//3936 1237//3936
f 1312//3937 1318//3937 1237//3937
f 1237//3938 1318//3938 1244//3938
f 1178//3939 1181//3939 1805//3939
f 1181//3940 1740//3940 1805//3940
f 1870//3941 1674//3941 1671//3941
f 1870//3942 1671//3942 1864//3942
f 1146//3943 1804//3943 1803//3943
f 1146//3944 1145//3944 1804//3944
f 1803//3945 2183//3945 1146//3945
f 2183//3946 2285//3946 1146//3946
f 2285//3947 2212//3947 2286//3947
f 2183//3948 2212//3948 2285//3948
f 2038//3949 1746//3949 1794//3949
f 2038//3950 1794//3950 2161//3950
f 1183//3951 1182//3951 1704//3951
f 1182//3952 1673//3952 1704//3952
f 1955//3953 2287//3953 2288//3953
f 1182//3954 2287//3954 1673//3954
f 1955//3955 1863//3955 2287//3955
f 2287//3956 1863//3956 1673//3956
f 2289//3957 2241//3957 2290//3957
f 2290//3958 2241//3958 2019//3958
f 2291//3959 2292//3959 2293//3959
f 2293//3960 2294//3960 2291//3960
f 2291//3961 2295//3961 2292//3961
f 2294//3962 2296//3962 2291//3962
f 2291//3963 2297//3963 2295//3963
f 2296//3964 2298//3964 2291//3964
f 2291//3965 2299//3965 2297//3965
f 2298//3966 2300//3966 2291//3966
f 2291//3967 2301//3967 2299//3967
f 2300//3968 2302//3968 2291//3968
f 2291//3969 2303//3969 2301//3969
f 2302//3970 2304//3970 2291//3970
f 2291//3971 2305//3971 2303//3971
f 2304//3972 2306//3972 2291//3972
f 2291//3973 2307//3973 2305//3973
f 2306//3974 2308//3974 2291//3974
f 2291//3975 2309//3975 2307//3975
f 2308//3976 2310//3976 2291//3976
f 2291//3977 2311//3977 2309//3977
f 2310//3978 2312//3978 2291//3978
f 2291//3979 2313//3979 2311//3979
f 2312//3980 2314//3980 2291//3980
f 2291//3981 2315//3981 2313//3981
f 2314//3982 2316//3982 2291//3982
f 2291//3983 2317//3983 2315//3983
f 2316//3984 2318//3984 2291//3984
f 2291//3985 2319//3985 2317//3985
f 2318//3986 2320//3986 2291//3986
f 2291//3987 2321//3987 2319//3987
f 2320//3988 2322//3988 2291//3988
f 2291//3989 2323//3989 2321//3989
f 2322//3990 2324//3990 2291//3990
f 2291//3991 2325//3991 2323//3991
f 2324//3992 2326//3992 2291//3992
f 2291//3993 2327//3993 2325//3993
f 2326//3994 2328//3994 2291//3994
f 2291//3995 2329//3995 2327//3995
f 2328//3996 2330//3996 2291//3996
f 2291//3997 2331//3997 2329//3997
f 2330//3998 2332//3998 2291//3998
f 2291//3999 2333//3999 2331//3999
f 2332//4000 2334//4000 2291//4000
f 2291//4001 2335//4001 2333//4001
f 2291//4002 2336//4002 2335//4002
f 2291//4003 2337//4003 2336//4003
f 2338//4004 2339//4004 2340//4004
f 2340//4005 2339//4005 2341//4005
f 2341//4006 2339//4006 2342//4006
f 2342//4007 2339//4007 2343//4007
f 2343//4008 2339//4008 2344//4008
f 2344//4009 2339//4009 2345//4009
f 2345//4010 2339//4010 2346//4010
f 2346//4011 2339//4011 2347//4011
f 2347//4012 2339//4012 2348//4012
f 2348//4013 2339//4013 2349//4013
f 2349//4014 2339//4014 2350//4014
f 2350//4015 2339//4015 2351//4015
f 2351//4016 2339//4016 2352//4016
f 2352//4017 2339//4017 2353//4017
f 2353//4018 2339//4018 2354//4018
f 2354//4019 2339//4019 2355//4019
f 2355//4020 2339//4020 2356//4020
f 2356//4021 2339//4021 2357//4021
f 2357//4022 2339//4022 2358//4022
f 2358//4023 2339//4023 2359//4023
f 2359//4024 2339//4024 2360//4024
f 2360//4025 2339//4025 2361//4025
f 2361//4026 2339//4026 2362//4026
f 2362//4027 2339//4027 2363//4027
f 2363//4028 2339//4028 2364//4028
f 2364//4029 2339//4029 2365//4029
f 2365//4030 2339//4030 2366//4030
f 2366//4031 2339//4031 2367//4031
f 2367//4032 2339//4032 2368//4032
f 2368//4033 2339//4033 2369//4033
f 2339//4034 2288//4034 2287//4034
f 2288//4035 2370//4035 2371//4035
f 2371//4036 2370//4036 2372//4036
f 2370//4037 2373//4037 2374//4037
f 2374//4038 2373//4038 2375//4038
f 2288//4039 2376//4039 2370//4039
f 2370//4040 2376//4040 2373//4040
f 2288//4041 2377//4041 2376//4041
f 2377//4042 2378//4042 2379//4042
f 2377//4043 2380//4043 2378//4043
f 2288//4044 2380//4044 2377//4044
f 2380//4045 2381//4045 2382//4045
f 2380//4046 2383//4046 2381//4046
f 2381//4047 2383//4047 2384//4047
f 2288//4048 2385//4048 2380//4048
f 2380//4049 2385//4049 2383//4049
f 2383//4050 2385//4050 2386//4050
f 2385//4051 2387//4051 2388//4051
f 2387//4052 2389//4052 2390//4052
f 2288//4053 2391//4053 2385//4053
f 2385//4054 2391//4054 2387//4054
f 2387//4055 2391//4055 2389//4055
f 2288//4056 2392//4056 2391//4056
f 2391//4057 2392//4057 2393//4057
f 2288//4058 2394//4058 2392//4058
f 2394//4059 2395//4059 2396//4059
f 2394//4060 2397//4060 2395//4060
f 2394//4061 2398//4061 2397//4061
f 2394//4062 2399//4062 2398//4062
f 2398//4063 2399//4063 2400//4063
f 2288//4064 2290//4064 2394//4064
f 2394//4065 2290//4065 2399//4065
f 2339//4066 2290//4066 2288//4066
f 2401//4067 2402//4067 2403//4067
f 2404//4068 2402//4068 2405//4068
f 2405//4069 2402//4069 2401//4069
f 2403//4070 2406//4070 2401//4070
f 2401//4071 2406//4071 2407//4071
f 2404//4072 2408//4072 2402//4072
f 2409//4073 2408//4073 2404//4073
f 2406//4074 2410//4074 2407//4074
f 2407//4075 2410//4075 2411//4075
f 2409//4076 2412//4076 2408//4076
f 2410//4077 2413//4077 2411//4077
f 2411//4078 2413//4078 2414//4078
f 2409//4079 2415//4079 2412//4079
f 2416//4080 2415//4080 2409//4080
f 2413//4081 2417//4081 2414//4081
f 2414//4082 2417//4082 2418//4082
f 2416//4083 2419//4083 2415//4083
f 2420//4084 2419//4084 2421//4084
f 2421//4085 2419//4085 2416//4085
f 2417//4086 2422//4086 2418//4086
f 2418//4087 2422//4087 2423//4087
f 2423//4088 2422//4088 2424//4088
f 2420//4089 2425//4089 2419//4089
f 2426//4090 2425//4090 2420//4090
f 2422//4091 2427//4091 2424//4091
f 2426//4092 2428//4092 2425//4092
f 2427//4093 2429//4093 2424//4093
f 2424//4094 2429//4094 2430//4094
f 2426//4095 2431//4095 2428//4095
f 2337//4096 2431//4096 2426//4096
f 2429//4097 2432//4097 2430//4097
f 2430//4098 2432//4098 2433//4098
f 2433//4099 2432//4099 2434//4099
f 2432//4100 2435//4100 2434//4100
f 2435//4101 2436//4101 2434//4101
f 2434//4102 2436//4102 2437//4102
f 2436//4103 2438//4103 2437//4103
f 2437//4104 2438//4104 2439//4104
f 2438//4105 2440//4105 2439//4105
f 2439//4106 2440//4106 2441//4106
f 2441//4107 2442//4107 2443//4107
f 2440//4108 2442//4108 2441//4108
f 2443//4109 2444//4109 2445//4109
f 2442//4110 2444//4110 2443//4110
f 2445//4111 2446//4111 2447//4111
f 2444//4112 2446//4112 2445//4112
f 2447//4113 2448//4113 2449//4113
f 2446//4114 2448//4114 2447//4114
f 2449//4115 2450//4115 2451//4115
f 2448//4116 2450//4116 2449//4116
f 2451//4117 2452//4117 2453//4117
f 2453//4118 2452//4118 2454//4118
f 2450//4119 2452//4119 2451//4119
f 2452//4120 2455//4120 2454//4120
f 2454//4121 2456//4121 2457//4121
f 2455//4122 2456//4122 2454//4122
f 2457//4123 2458//4123 2459//4123
f 2456//4124 2458//4124 2457//4124
f 2459//4125 2460//4125 2461//4125
f 2458//4126 2460//4126 2459//4126
f 2461//4127 2462//4127 2463//4127
f 2460//4128 2462//4128 2461//4128
f 2463//4129 2464//4129 2465//4129
f 2462//4130 2464//4130 2463//4130
f 2465//4131 2466//4131 2467//4131
f 2464//4132 2466//4132 2465//4132
f 2467//4133 2468//4133 2469//4133
f 2469//4134 2468//4134 2470//4134
f 2466//4135 2468//4135 2467//4135
f 2468//4136 2471//4136 2470//4136
f 2470//4137 2472//4137 2473//4137
f 2471//4138 2472//4138 2470//4138
f 2473//4139 2474//4139 2475//4139
f 2475//4140 2474//4140 2476//4140
f 2472//4141 2474//4141 2473//4141
f 2474//4142 2477//4142 2476//4142
f 2476//4143 2478//4143 2479//4143
f 2477//4144 2478//4144 2476//4144
f 2479//4145 2480//4145 2338//4145
f 2338//4146 2480//4146 2339//4146
f 2478//4147 2480//4147 2479//4147
f 2481//4148 2482//4148 2483//4148
f 2483//4149 2482//4149 2484//4149
f 2484//4150 2482//4150 2485//4150
f 2485//4151 2482//4151 2486//4151
f 2486//4152 2482//4152 2487//4152
f 2487//4153 2482//4153 2488//4153
f 2488//4154 2482//4154 2489//4154
f 2489//4155 2482//4155 2490//4155
f 2490//4156 2482//4156 2491//4156
f 2491//4157 2482//4157 2492//4157
f 2492//4158 2482//4158 2493//4158
f 2493//4159 2482//4159 2494//4159
f 2494//4160 2482//4160 2495//4160
f 2495//4161 2482//4161 2496//4161
f 2431//4162 2482//4162 2497//4162
f 2496//4163 2482//4163 2498//4163
f 2497//4164 2482//4164 2499//4164
f 2499//4165 2482//4165 2500//4165
f 2500//4166 2482//4166 2501//4166
f 2501//4167 2482//4167 2502//4167
f 2502//4168 2482//4168 2503//4168
f 2503//4169 2482//4169 2504//4169
f 2337//4170 2482//4170 2431//4170
f 2504//4171 2482//4171 2505//4171
f 2291//4172 2482//4172 2337//4172
f 2505//4173 2482//4173 2506//4173
f 2506//4174 2482//4174 2507//4174
f 2507//4175 2482//4175 2481//4175
f 2482//4176 2508//4176 2498//4176
f 2482//4177 2509//4177 2508//4177
f 2482//4178 2510//4178 2509//4178
f 2482//4179 2511//4179 2510//4179
f 2482//4180 2512//4180 2511//4180
f 2482//4181 2513//4181 2512//4181
f 2482//4182 2514//4182 2513//4182
f 2482//4183 2515//4183 2514//4183
f 2482//4184 2516//4184 2515//4184
f 2482//4185 2517//4185 2516//4185
f 2482//4186 2518//4186 2517//4186
f 2482//4187 2519//4187 2518//4187
f 2482//4188 2520//4188 2519//4188
f 2482//4189 2521//4189 2520//4189
f 2482//4190 2522//4190 2521//4190
f 2482//4191 2523//4191 2522//4191
f 2482//4192 2524//4192 2523//4192
f 2482//4193 2525//4193 2524//4193
f 2482//4194 2526//4194 2525//4194
f 2527//4195 2528//4195 2529//4195
f 2529//4196 2528//4196 2530//4196
f 2339//4197 2528//4197 2290//4197
f 2530//4198 2528//4198 2531//4198
f 2531//4199 2528//4199 2532//4199
f 2532//4200 2528//4200 2533//4200
f 2533//4201 2528//4201 2534//4201
f 2534//4202 2528//4202 2535//4202
f 2535//4203 2528//4203 2536//4203
f 2536//4204 2528//4204 2537//4204
f 2537//4205 2528//4205 2538//4205
f 2538//4206 2528//4206 2539//4206
f 2539//4207 2528//4207 2540//4207
f 2480//4208 2528//4208 2339//4208
f 2540//4209 2528//4209 2541//4209
f 2541//4210 2528//4210 2542//4210
f 2542//4211 2528//4211 2543//4211
f 2543//4212 2528//4212 2544//4212
f 2544//4213 2528//4213 2545//4213
f 2545//4214 2528//4214 2546//4214
f 2546//4215 2528//4215 2547//4215
f 2547//4216 2528//4216 2548//4216
f 2548//4217 2528//4217 2549//4217
f 2549//4218 2528//4218 2550//4218
f 2550//4219 2528//4219 2551//4219
f 2551//4220 2528//4220 2552//4220
f 2552//4221 2528//4221 2553//4221
f 2553//4222 2528//4222 2554//4222
f 2554//4223 2528//4223 2555//4223
f 2555//4224 2528//4224 2556//4224
f 2556//4225 2528//4225 2557//4225
f 2557//4226 2528//4226 2480//4226
f 2285//4227 2286//4227 2528//4227
f 2286//4228 2289//4228 2528//4228
f 2528//4229 2289//4229 2290//4229
f 2558//4230 2559//4230 2286//4230
f 2289//4231 2560//4231 2561//4231
f 2289//4232 2562//4232 2560//4232
f 2289//4233 2563//4233 2562//4233
f 2559//4234 2564//4234 2286//4234
f 2565//4235 2564//4235 2566//4235
f 2566//4236 2564//4236 2559//4236
f 2563//4237 2567//4237 2568//4237
f 2564//4238 2569//4238 2286//4238
f 2570//4239 2571//4239 2569//4239
f 2569//4240 2571//4240 2286//4240
f 2567//4241 2572//4241 2573//4241
f 2573//4242 2572//4242 2574//4242
f 2574//4243 2572//4243 2575//4243
f 2572//4244 2576//4244 2577//4244
f 2578//4245 2579//4245 2580//4245
f 2580//4246 2579//4246 2581//4246
f 2581//4247 2579//4247 2571//4247
f 2567//4248 2582//4248 2572//4248
f 2572//4249 2582//4249 2576//4249
f 2286//4250 2583//4250 2289//4250
f 2289//4251 2583//4251 2563//4251
f 2563//4252 2583//4252 2567//4252
f 2571//4253 2583//4253 2286//4253
f 2579//4254 2583//4254 2571//4254
f 2567//4255 2584//4255 2582//4255
f 2583//4256 2585//4256 2567//4256
f 2586//4257 2585//4257 2583//4257
f 2584//4258 2587//4258 2588//4258
f 2585//4259 2587//4259 2567//4259
f 2567//4260 2587//4260 2584//4260
f 2482//4261 2528//4261 2526//4261
f 2526//4262 2528//4262 2589//4262
f 2589//4263 2528//4263 2590//4263
f 2590//4264 2528//4264 2591//4264
f 2591//4265 2528//4265 2592//4265
f 2592//4266 2528//4266 2593//4266
f 2593//4267 2528//4267 2594//4267
f 2594//4268 2528//4268 2595//4268
f 2595//4269 2528//4269 2596//4269
f 2596//4270 2528//4270 2597//4270
f 2597//4271 2528//4271 2598//4271
f 2598//4272 2528//4272 2527//4272
f 2339//4273 2291//4273 2334//4273
f 2339//4274 2334//4274 2599//4274
f 2339//4275 2599//4275 2600//4275
f 2339//4276 2600//4276 2601//4276
f 2339//4277 2601//4277 2602//4277
f 2339//4278 2602//4278 2603//4278
f 2339//4279 2603//4279 2604//4279
f 2339//4280 2604//4280 2605//4280
f 2339//4281 2605//4281 2606//4281
f 2339//4282 2606//4282 2607//4282
f 2339//4283 2607//4283 2608//4283
f 2339//4284 2608//4284 2369//4284
f 2609//4285 2610//4285 1137//4285
f 2609//4286 1137//4286 1136//4286
f 2610//4287 1142//4287 1137//4287
f 2610//4288 2611//4288 1142//4288
f 2611//4289 2612//4289 1142//4289
f 1142//4290 2612//4290 1139//4290
f 1139//4291 2609//4291 1136//4291
f 2612//4292 2609//4292 1139//4292
f 2609//4293 1573//4293 2610//4293
f 1639//4294 1573//4294 2609//4294
f 2609//4295 2612//4295 1639//4295
f 2612//4296 1640//4296 1639//4296
f 2612//4297 1574//4297 1640//4297
f 1574//4298 2611//4298 1573//4298
f 1573//4299 2611//4299 2610//4299
f 2612//4300 2611//4300 1574//4300
f 1143//4301 2482//4301 1179//4301
f 1179//4302 2482//4302 2291//4302
f 2528//4303 2482//4303 1143//4303
f 2528//4304 1143//4304 1144//4304
f 1146//4305 2285//4305 2528//4305
f 1146//4306 2528//4306 1144//4306
f 1180//4307 2339//4307 2287//4307
f 1180//4308 2287//4308 1182//4308
f 1179//4309 2339//4309 1180//4309
f 2291//4310 2339//4310 1179//4310
f 2613//4311 1141//4311 1140//4311
f 2613//4312 2614//4312 1141//4312
f 1138//4313 2613//4313 1140//4313
f 2615//4314 2613//4314 1138//4314
f 2616//4315 2615//4315 1135//4315
f 1135//4316 2615//4316 1138//4316
f 2614//4317 1135//4317 1141//4317
f 2614//4318 2616//4318 1135//4318
f 2617//4319 2618//4319 2615//4319
f 2619//4320 2615//4320 2618//4320
f 2620//4321 2617//4321 2615//4321
f 2621//4322 2615//4322 2619//4322
f 2622//4323 2620//4323 2615//4323
f 2623//4324 2615//4324 2621//4324
f 2624//4325 2622//4325 2615//4325
f 2625//4326 2615//4326 2623//4326
f 2626//4327 2624//4327 2615//4327
f 2627//4328 2615//4328 2625//4328
f 2628//4329 2626//4329 2615//4329
f 2629//4330 2615//4330 2627//4330
f 2630//4331 2628//4331 2615//4331
f 2631//4332 2615//4332 2629//4332
f 2632//4333 2630//4333 2615//4333
f 2633//4334 2615//4334 2631//4334
f 2634//4335 2632//4335 2615//4335
f 2635//4336 2615//4336 2633//4336
f 2636//4337 2634//4337 2615//4337
f 2637//4338 2615//4338 2635//4338
f 2638//4339 2636//4339 2615//4339
f 2639//4340 2615//4340 2637//4340
f 2640//4341 2638//4341 2615//4341
f 2641//4342 2615//4342 2639//4342
f 2642//4343 2640//4343 2615//4343
f 2643//4344 2615//4344 2641//4344
f 2644//4345 2642//4345 2615//4345
f 2645//4346 2615//4346 2643//4346
f 2646//4347 2644//4347 2615//4347
f 2647//4348 2615//4348 2645//4348
f 2648//4349 2646//4349 2615//4349
f 2649//4350 2615//4350 2647//4350
f 2650//4351 2648//4351 2615//4351
f 2651//4352 2615//4352 2649//4352
f 2652//4353 2650//4353 2615//4353
f 2653//4354 2615//4354 2651//4354
f 2654//4355 2652//4355 2615//4355
f 2655//4356 2615//4356 2653//4356
f 2656//4357 2654//4357 2615//4357
f 2657//4358 2615//4358 2655//4358
f 2658//4359 2656//4359 2615//4359
f 2659//4360 2615//4360 2657//4360
f 2660//4361 2658//4361 2615//4361
f 2661//4362 2660//4362 2615//4362
f 2662//4363 2661//4363 2615//4363
f 2663//4364 2662//4364 2615//4364
f 2664//4365 2665//4365 2666//4365
f 2667//4366 2664//4366 2666//4366
f 2668//4367 2665//4367 2664//4367
f 2668//4368 2669//4368 2665//4368
f 2670//4369 2667//4369 2666//4369
f 2670//4370 2666//4370 2671//4370
f 2672//4371 2669//4371 2668//4371
f 2672//4372 2673//4372 2669//4372
f 2674//4373 2670//4373 2671//4373
f 2674//4374 2671//4374 2675//4374
f 2676//4375 2673//4375 2672//4375
f 2676//4376 2677//4376 2673//4376
f 2678//4377 2674//4377 2675//4377
f 2678//4378 2679//4378 2680//4378
f 2678//4379 2675//4379 2679//4379
f 2681//4380 2677//4380 2676//4380
f 2681//4381 2682//4381 2677//4381
f 2616//4382 2663//4382 2615//4382
f 2683//4383 2678//4383 2680//4383
f 2684//4384 2685//4384 2686//4384
f 2684//4385 2682//4385 2681//4385
f 2684//4386 2686//4386 2682//4386
f 2687//4387 2683//4387 2680//4387
f 2687//4388 2688//4388 2663//4388
f 2687//4389 2680//4389 2688//4389
f 2689//4390 2685//4390 2684//4390
f 2690//4391 2663//4391 2616//4391
f 2690//4392 2687//4392 2663//4392
f 2691//4393 2692//4393 2685//4393
f 2691//4394 2685//4394 2689//4394
f 2693//4395 2690//4395 2616//4395
f 2694//4396 2695//4396 2692//4396
f 2694//4397 2692//4397 2691//4397
f 2696//4398 2693//4398 2616//4398
f 2697//4399 2698//4399 2695//4399
f 2697//4400 2695//4400 2694//4400
f 2699//4401 2696//4401 2616//4401
f 2700//4402 2701//4402 2698//4402
f 2700//4403 2698//4403 2697//4403
f 2702//4404 2699//4404 2616//4404
f 2703//4405 2704//4405 2701//4405
f 2703//4406 2701//4406 2700//4406
f 2705//4407 2702//4407 2616//4407
f 2706//4408 2707//4408 2704//4408
f 2706//4409 2704//4409 2703//4409
f 2708//4410 2705//4410 2616//4410
f 2709//4411 2707//4411 2706//4411
f 2709//4412 2710//4412 2707//4412
f 2711//4413 2708//4413 2616//4413
f 2712//4414 2710//4414 2709//4414
f 2712//4415 2713//4415 2710//4415
f 2714//4416 2711//4416 2616//4416
f 2715//4417 2716//4417 2713//4417
f 2715//4418 2713//4418 2712//4418
f 2717//4419 2714//4419 2616//4419
f 2718//4420 2719//4420 2716//4420
f 2718//4421 2716//4421 2715//4421
f 2720//4422 2717//4422 2616//4422
f 2721//4423 2722//4423 2719//4423
f 2721//4424 2719//4424 2718//4424
f 2723//4425 2720//4425 2616//4425
f 2724//4426 2725//4426 2722//4426
f 2724//4427 2722//4427 2721//4427
f 2726//4428 2723//4428 2616//4428
f 2727//4429 2728//4429 2725//4429
f 2727//4430 2725//4430 2724//4430
f 2729//4431 2726//4431 2616//4431
f 2730//4432 2731//4432 2728//4432
f 2730//4433 2728//4433 2727//4433
f 2732//4434 2729//4434 2616//4434
f 2733//4435 2734//4435 2731//4435
f 2733//4436 2731//4436 2730//4436
f 2735//4437 2732//4437 2616//4437
f 2736//4438 2737//4438 2734//4438
f 2736//4439 2734//4439 2733//4439
f 2738//4440 2735//4440 2616//4440
f 2739//4441 2740//4441 2737//4441
f 2739//4442 2741//4442 2740//4442
f 2739//4443 2737//4443 2736//4443
f 2742//4444 2738//4444 2616//4444
f 2743//4445 2741//4445 2739//4445
f 2744//4446 2742//4446 2616//4446
f 2745//4447 2746//4447 2741//4447
f 2745//4448 2741//4448 2743//4448
f 2747//4449 2744//4449 2616//4449
f 2748//4450 2749//4450 2746//4450
f 2748//4451 2746//4451 2745//4451
f 2750//4452 2747//4452 2616//4452
f 2751//4453 2749//4453 2748//4453
f 2751//4454 2752//4454 2749//4454
f 2753//4455 2750//4455 2616//4455
f 2754//4456 2755//4456 2752//4456
f 2754//4457 2752//4457 2751//4457
f 2756//4458 2753//4458 2616//4458
f 2757//4459 2758//4459 2755//4459
f 2757//4460 2755//4460 2754//4460
f 2759//4461 2756//4461 2616//4461
f 2760//4462 2761//4462 2758//4462
f 2760//4463 2758//4463 2757//4463
f 2762//4464 2759//4464 2616//4464
f 2763//4465 2761//4465 2760//4465
f 2763//4466 2764//4466 2761//4466
f 2765//4467 2762//4467 2616//4467
f 2766//4468 2767//4468 2764//4468
f 2766//4469 2764//4469 2763//4469
f 2768//4470 2765//4470 2616//4470
f 2769//4471 2770//4471 2767//4471
f 2769//4472 2767//4472 2766//4472
f 2771//4473 2768//4473 2616//4473
f 2772//4474 2773//4474 2770//4474
f 2772//4475 2770//4475 2769//4475
f 2774//4476 2771//4476 2616//4476
f 2775//4477 2776//4477 2773//4477
f 2775//4478 2773//4478 2772//4478
f 2777//4479 2774//4479 2616//4479
f 2778//4480 2776//4480 2775//4480
f 2778//4481 2779//4481 2776//4481
f 2780//4482 2777//4482 2616//4482
f 2781//4483 2779//4483 2778//4483
f 2781//4484 2782//4484 2779//4484
f 2783//4485 2780//4485 2616//4485
f 2784//4486 2782//4486 2781//4486
f 2784//4487 2785//4487 2782//4487
f 2786//4488 2783//4488 2616//4488
f 2787//4489 2786//4489 2616//4489
f 2788//4490 2787//4490 2616//4490
f 2789//4491 2788//4491 2616//4491
f 2790//4492 2789//4492 2616//4492
f 2791//4493 2790//4493 2616//4493
f 2792//4494 2791//4494 2616//4494
f 2793//4495 2792//4495 2616//4495
f 2794//4496 2793//4496 2616//4496
f 2795//4497 2794//4497 2616//4497
f 2796//4498 2795//4498 2616//4498
f 2797//4499 2796//4499 2616//4499
f 2798//4500 2797//4500 2616//4500
f 2799//4501 2798//4501 2616//4501
f 2800//4502 2799//4502 2616//4502
f 2801//4503 2802//4503 2803//4503
f 2801//4504 2804//4504 2802//4504
f 2805//4505 2801//4505 2803//4505
f 2806//4506 2804//4506 2801//4506
f 2807//4507 2805//4507 2803//4507
f 2807//4508 2808//4508 2809//4508
f 2807//4509 2803//4509 2808//4509
f 2810//4510 2804//4510 2806//4510
f 2810//4511 2811//4511 2804//4511
f 2810//4512 2812//4512 2811//4512
f 2813//4513 2807//4513 2809//4513
f 2814//4514 2812//4514 2810//4514
f 2814//4515 2815//4515 2812//4515
f 2816//4516 2809//4516 2817//4516
f 2816//4517 2813//4517 2809//4517
f 2818//4518 2815//4518 2814//4518
f 2819//4519 2816//4519 2817//4519
f 2819//4520 2820//4520 2821//4520
f 2819//4521 2817//4521 2820//4521
f 2822//4522 2815//4522 2818//4522
f 2822//4523 2823//4523 2815//4523
f 2824//4524 2819//4524 2821//4524
f 2825//4525 2823//4525 2822//4525
f 2825//4526 2826//4526 2823//4526
f 2827//4527 2824//4527 2821//4527
f 2827//4528 2828//4528 2829//4528
f 2827//4529 2821//4529 2828//4529
f 2830//4530 2826//4530 2825//4530
f 2830//4531 2831//4531 2826//4531
f 2832//4532 2827//4532 2829//4532
f 2833//4533 2831//4533 2830//4533
f 2833//4534 2834//4534 2831//4534
f 2835//4535 2832//4535 2829//4535
f 2835//4536 2829//4536 2836//4536
f 2837//4537 2834//4537 2833//4537
f 2837//4538 2838//4538 2834//4538
f 2839//4539 2835//4539 2836//4539
f 2839//4540 2840//4540 2841//4540
f 2839//4541 2836//4541 2840//4541
f 2842//4542 2838//4542 2837//4542
f 2842//4543 2659//4543 2838//4543
f 2842//4544 2615//4544 2659//4544
f 2843//4545 2839//4545 2841//4545
f 2844//4546 2843//4546 2841//4546
f 2844//4547 2845//4547 2846//4547
f 2844//4548 2841//4548 2845//4548
f 2847//4549 2846//4549 2848//4549
f 2847//4550 2844//4550 2846//4550
f 2849//4551 2847//4551 2848//4551
f 2850//4552 2849//4552 2848//4552
f 2850//4553 2848//4553 2851//4553
f 2852//4554 2850//4554 2851//4554
f 2852//4555 2853//4555 2854//4555
f 2852//4556 2851//4556 2853//4556
f 2855//4557 2852//4557 2854//4557
f 2856//4558 2854//4558 2857//4558
f 2856//4559 2855//4559 2854//4559
f 2858//4560 2856//4560 2857//4560
f 2858//4561 2857//4561 2859//4561
f 2860//4562 2858//4562 2859//4562
f 2860//4563 2859//4563 2861//4563
f 2862//4564 2861//4564 2863//4564
f 2862//4565 2860//4565 2861//4565
f 2864//4566 2863//4566 2865//4566
f 2864//4567 2862//4567 2863//4567
f 2866//4568 2865//4568 2867//4568
f 2866//4569 2864//4569 2865//4569
f 2868//4570 2867//4570 2869//4570
f 2868//4571 2866//4571 2867//4571
f 2870//4572 2869//4572 2785//4572
f 2870//4573 2868//4573 2869//4573
f 2613//4574 2871//4574 2872//4574
f 2613//4575 2873//4575 2871//4575
f 2613//4576 2874//4576 2873//4576
f 2613//4577 2875//4577 2874//4577
f 2613//4578 2876//4578 2875//4578
f 2613//4579 2877//4579 2876//4579
f 2613//4580 2878//4580 2877//4580
f 2613//4581 2879//4581 2878//4581
f 2613//4582 2880//4582 2879//4582
f 2613//4583 2881//4583 2880//4583
f 2613//4584 2882//4584 2881//4584
f 2613//4585 2883//4585 2882//4585
f 2613//4586 2884//4586 2883//4586
f 2613//4587 2885//4587 2884//4587
f 2613//4588 2886//4588 2885//4588
f 2613//4589 2887//4589 2886//4589
f 2613//4590 2888//4590 2887//4590
f 2613//4591 2889//4591 2888//4591
f 2613//4592 2890//4592 2889//4592
f 2613//4593 2891//4593 2890//4593
f 2613//4594 2892//4594 2891//4594
f 2613//4595 2893//4595 2892//4595
f 2613//4596 2894//4596 2893//4596
f 2613//4597 2895//4597 2894//4597
f 2613//4598 2896//4598 2895//4598
f 2613//4599 2897//4599 2896//4599
f 2613//4600 2898//4600 2897//4600
f 2613//4601 2899//4601 2898//4601
f 2613//4602 2842//4602 2899//4602
f 2613//4603 2615//4603 2842//4603
f 2613//4604 2900//4604 2901//4604
f 2613//4605 2902//4605 2900//4605
f 2613//4606 2903//4606 2902//4606
f 2613//4607 2904//4607 2903//4607
f 2613//4608 2905//4608 2904//4608
f 2613//4609 2906//4609 2905//4609
f 2613//4610 2907//4610 2906//4610
f 2613//4611 2908//4611 2907//4611
f 2613//4612 2909//4612 2908//4612
f 2613//4613 2910//4613 2909//4613
f 2613//4614 2911//4614 2910//4614
f 2613//4615 2912//4615 2911//4615
f 2613//4616 2913//4616 2912//4616
f 2613//4617 2914//4617 2913//4617
f 2613//4618 2915//4618 2914//4618
f 2613//4619 2916//4619 2915//4619
f 2613//4620 2872//4620 2916//4620
f 2917//4621 2918//4621 2919//4621
f 2917//4622 2920//4622 2918//4622
f 2921//4623 2922//4623 2918//4623
f 2921//4624 2918//4624 2920//4624
f 2923//4625 2919//4625 2924//4625
f 2923//4626 2917//4626 2919//4626
f 2925//4627 2926//4627 2922//4627
f 2925//4628 2922//4628 2921//4628
f 2927//4629 2924//4629 2928//4629
f 2927//4630 2923//4630 2924//4630
f 2929//4631 2926//4631 2925//4631
f 2929//4632 2930//4632 2926//4632
f 2931//4633 2927//4633 2928//4633
f 2931//4634 2932//4634 2933//4634
f 2931//4635 2928//4635 2932//4635
f 2934//4636 2935//4636 2930//4636
f 2934//4637 2930//4637 2929//4637
f 2936//4638 2931//4638 2933//4638
f 2937//4639 2938//4639 2935//4639
f 2937//4640 2935//4640 2934//4640
f 2939//4641 2933//4641 2940//4641
f 2939//4642 2936//4642 2933//4642
f 2941//4643 2938//4643 2937//4643
f 2941//4644 2942//4644 2938//4644
f 2941//4645 2943//4645 2942//4645
f 2944//4646 2785//4646 2784//4646
f 2944//4647 2940//4647 2870//4647
f 2944//4648 2939//4648 2940//4648
f 2944//4649 2784//4649 2945//4649
f 2944//4650 2870//4650 2785//4650
f 2946//4651 2943//4651 2941//4651
f 2947//4652 2945//4652 2948//4652
f 2947//4653 2944//4653 2945//4653
f 2949//4654 2950//4654 2943//4654
f 2949//4655 2943//4655 2946//4655
f 2951//4656 2947//4656 2948//4656
f 2952//4657 2953//4657 2950//4657
f 2952//4658 2950//4658 2949//4658
f 2954//4659 2955//4659 2956//4659
f 2954//4660 2948//4660 2955//4660
f 2954//4661 2951//4661 2948//4661
f 2957//4662 2958//4662 2953//4662
f 2957//4663 2959//4663 2958//4663
f 2957//4664 2953//4664 2952//4664
f 2960//4665 2956//4665 2961//4665
f 2960//4666 2954//4666 2956//4666
f 2962//4667 2959//4667 2957//4667
f 2963//4668 2960//4668 2961//4668
f 2964//4669 2965//4669 2959//4669
f 2964//4670 2959//4670 2962//4670
f 2966//4671 2967//4671 2968//4671
f 2966//4672 2961//4672 2967//4672
f 2966//4673 2963//4673 2961//4673
f 2969//4674 2965//4674 2964//4674
f 2969//4675 2970//4675 2965//4675
f 2971//4676 2966//4676 2968//4676
f 2972//4677 2970//4677 2969//4677
f 2972//4678 2973//4678 2970//4678
f 2972//4679 2974//4679 2973//4679
f 2975//4680 2976//4680 2977//4680
f 2975//4681 2968//4681 2976//4681
f 2975//4682 2971//4682 2968//4682
f 2978//4683 2974//4683 2972//4683
f 2979//4684 2977//4684 2980//4684
f 2979//4685 2975//4685 2977//4685
f 2981//4686 2982//4686 2974//4686
f 2981//4687 2974//4687 2978//4687
f 2983//4688 2979//4688 2980//4688
f 2984//4689 2982//4689 2981//4689
f 2984//4690 2985//4690 2982//4690
f 2986//4691 2983//4691 2980//4691
f 2986//4692 2987//4692 2988//4692
f 2986//4693 2980//4693 2987//4693
f 2989//4694 2985//4694 2984//4694
f 2989//4695 2990//4695 2985//4695
f 2989//4696 2991//4696 2990//4696
f 2992//4697 2986//4697 2988//4697
f 2993//4698 2991//4698 2989//4698
f 2994//4699 2992//4699 2988//4699
f 2994//4700 2995//4700 2996//4700
f 2994//4701 2988//4701 2995//4701
f 2997//4702 2991//4702 2993//4702
f 2997//4703 2998//4703 2991//4703
f 2999//4704 2994//4704 2996//4704
f 2999//4705 2996//4705 3000//4705
f 3001//4706 3002//4706 2998//4706
f 3001//4707 2998//4707 2997//4707
f 3003//4708 2999//4708 3000//4708
f 3004//4709 3002//4709 3001//4709
f 3004//4710 3005//4710 3002//4710
f 3006//4711 3003//4711 3000//4711
f 3006//4712 3000//4712 3007//4712
f 3008//4713 3005//4713 3004//4713
f 3008//4714 3009//4714 3005//4714
f 3008//4715 3010//4715 3009//4715
f 3011//4716 3006//4716 3007//4716
f 3011//4717 3007//4717 3012//4717
f 3013//4718 3010//4718 3008//4718
f 3014//4719 3011//4719 3012//4719
f 3014//4720 3015//4720 3016//4720
f 3014//4721 3012//4721 3015//4721
f 3017//4722 3018//4722 3010//4722
f 3017//4723 3019//4723 3018//4723
f 3017//4724 3010//4724 3013//4724
f 3020//4725 3014//4725 3016//4725
f 3021//4726 3019//4726 3017//4726
f 3022//4727 3016//4727 3023//4727
f 3022//4728 3020//4728 3016//4728
f 3024//4729 3019//4729 3021//4729
f 3024//4730 3025//4730 3019//4730
f 3026//4731 3023//4731 3027//4731
f 3026//4732 3022//4732 3023//4732
f 3028//4733 3029//4733 3025//4733
f 3028//4734 3025//4734 3024//4734
f 3030//4735 3026//4735 3027//4735
f 3030//4736 3031//4736 3032//4736
f 3030//4737 3027//4737 3031//4737
f 3033//4738 3029//4738 3028//4738
f 3033//4739 3034//4739 3029//4739
f 3035//4740 3032//4740 3036//4740
f 3035//4741 3030//4741 3032//4741
f 3037//4742 3038//4742 3034//4742
f 3037//4743 3034//4743 3033//4743
f 3039//4744 3035//4744 3036//4744
f 3040//4745 3041//4745 3038//4745
f 3040//4746 3042//4746 3041//4746
f 3040//4747 3038//4747 3037//4747
f 3043//4748 3036//4748 3044//4748
f 3043//4749 3039//4749 3036//4749
f 3045//4750 3042//4750 3040//4750
f 3045//4751 3046//4751 3042//4751
f 3047//4752 3043//4752 3044//4752
f 3047//4753 3044//4753 3048//4753
f 3049//4754 3050//4754 3046//4754
f 3049//4755 3046//4755 3045//4755
f 3051//4756 3052//4756 3053//4756
f 3051//4757 3048//4757 3052//4757
f 3051//4758 3047//4758 3048//4758
f 3054//4759 3050//4759 3049//4759
f 3055//4760 3051//4760 3053//4760
f 3056//4761 3057//4761 3050//4761
f 3056//4762 3050//4762 3054//4762
f 3058//4763 3059//4763 3060//4763
f 3058//4764 3053//4764 3059//4764
f 3058//4765 3055//4765 3053//4765
f 3061//4766 3062//4766 3057//4766
f 3061//4767 3057//4767 3056//4767
f 3063//4768 3058//4768 3060//4768
f 3064//4769 3062//4769 3061//4769
f 3064//4770 3065//4770 3062//4770
f 3066//4771 3060//4771 3067//4771
f 3066//4772 3063//4772 3060//4772
f 3068//4773 3065//4773 3064//4773
f 3068//4774 2901//4774 3065//4774
f 3069//4775 3070//4775 3071//4775
f 3069//4776 3067//4776 3070//4776
f 3069//4777 3066//4777 3067//4777
f 3072//4778 3069//4778 3071//4778
f 3073//4779 3072//4779 3071//4779
f 3073//4780 3074//4780 2800//4780
f 3073//4781 3071//4781 3074//4781
f 3075//4782 2800//4782 2616//4782
f 3075//4783 3073//4783 2800//4783
f 2614//4784 3076//4784 3077//4784
f 2614//4785 3078//4785 3076//4785
f 2614//4786 3079//4786 3078//4786
f 2614//4787 3080//4787 3079//4787
f 2614//4788 3081//4788 3080//4788
f 2614//4789 3082//4789 3081//4789
f 2614//4790 3083//4790 3082//4790
f 2614//4791 3084//4791 3083//4791
f 2614//4792 2613//4792 2901//4792
f 2614//4793 3085//4793 3084//4793
f 2614//4794 3086//4794 3085//4794
f 2614//4795 3087//4795 3086//4795
f 2614//4796 3088//4796 3087//4796
f 2614//4797 3089//4797 3088//4797
f 2614//4798 3090//4798 3089//4798
f 2614//4799 2901//4799 3068//4799
f 2614//4800 3091//4800 3090//4800
f 2614//4801 3092//4801 3091//4801
f 2614//4802 3093//4802 3092//4802
f 2614//4803 3094//4803 3093//4803
f 2614//4804 3095//4804 3094//4804
f 2614//4805 3096//4805 3095//4805
f 2614//4806 3097//4806 3096//4806
f 2614//4807 3098//4807 3097//4807
f 2614//4808 3099//4808 3098//4808
f 2614//4809 3100//4809 3099//4809
f 2614//4810 3101//4810 3100//4810
f 2614//4811 3075//4811 2616//4811
f 2614//4812 3068//4812 3101//4812
f 2614//4813 3102//4813 3075//4813
f 2614//4814 3103//4814 3102//4814
f 2614//4815 3104//4815 3103//4815
f 2614//4816 3105//4816 3104//4816
f 2614//4817 3106//4817 3105//4817
f 2614//4818 3107//4818 3106//4818
f 2614//4819 3108//4819 3107//4819
f 2614//4820 3109//4820 3108//4820
f 2614//4821 3110//4821 3109//4821
f 2614//4822 3111//4822 3110//4822
f 2614//4823 3112//4823 3111//4823
f 2614//4824 3113//4824 3112//4824
f 2614//4825 3114//4825 3113//4825
f 2614//4826 3115//4826 3114//4826
f 2614//4827 3116//4827 3115//4827
f 2614//4828 3117//4828 3116//4828
f 2614//4829 3118//4829 3117//4829
f 2614//4830 3119//4830 3118//4830
f 2614//4831 3120//4831 3119//4831
f 2614//4832 3077//4832 3120//4832
f 1362//4833 1354//4833 1727//4833
f 1354//4834 2006//4834 1727//4834
f 1727//4835 2008//4835 1729//4835
f 2006//4836 2008//4836 1727//4836
f 1729//4837 2012//4837 1733//4837
f 2008//4838 2012//4838 1729//4838
f 1733//4839 2043//4839 1750//4839
f 2012//4840 2043//4840 1733//4840
f 1750//4841 2042//4841 1749//4841
f 2043//4842 2042//4842 1750//4842
f 1749//4843 2045//4843 1751//4843
f 2042//4844 2045//4844 1749//4844
f 1751//4845 2048//4845 1752//4845
f 2045//4846 2048//4846 1751//4846
f 1752//4847 2052//4847 1753//4847
f 2048//4848 2052//4848 1752//4848
f 2052//4849 2055//4849 1753//4849
f 1753//4850 2055//4850 1754//4850
f 1754//4851 2055//4851 1757//4851
f 2055//4852 2061//4852 1757//4852
f 2061//4853 2066//4853 1757//4853
f 1757//4854 2066//4854 1758//4854
f 2066//4855 2069//4855 1758//4855
f 1758//4856 2069//4856 1759//4856
f 2069//4857 2073//4857 1759//4857
f 1759//4858 2073//4858 1760//4858
f 1760//4859 2073//4859 1761//4859
f 2073//4860 2078//4860 1761//4860
f 2078//4861 2082//4861 1761//4861
f 1761//4862 2082//4862 1762//4862
f 2082//4863 2085//4863 1762//4863
f 1762//4864 2085//4864 1763//4864
f 2085//4865 2092//4865 1763//4865
f 1763//4866 2092//4866 1767//4866
f 1767//4867 2092//4867 1768//4867
f 2092//4868 2097//4868 1768//4868
f 2097//4869 2102//4869 1768//4869
f 1768//4870 2102//4870 1770//4870
f 2102//4871 2107//4871 1770//4871
f 1770//4872 2107//4872 1772//4872
f 1772//4873 2107//4873 1773//4873
f 2107//4874 2110//4874 1773//4874
f 2110//4875 2116//4875 1773//4875
f 1773//4876 2116//4876 1775//4876
f 1775//4877 2120//4877 1777//4877
f 2116//4878 2120//4878 1775//4878
f 1777//4879 2126//4879 1779//4879
f 2120//4880 2126//4880 1777//4880
f 1779//4881 2129//4881 1780//4881
f 1780//4882 2129//4882 1783//4882
f 2126//4883 2129//4883 1779//4883
f 1783//4884 2136//4884 1785//4884
f 2129//4885 2136//4885 1783//4885
f 1785//4886 2141//4886 1786//4886
f 2136//4887 2141//4887 1785//4887
f 2141//4888 2142//4888 1786//4888
f 1786//4889 2146//4889 1787//4889
f 2142//4890 2146//4890 1786//4890
f 1787//4891 2149//4891 1788//4891
f 2146//4892 2149//4892 1787//4892
f 1788//4893 2157//4893 1792//4893
f 2149//4894 2157//4894 1788//4894
f 2157//4895 2161//4895 1792//4895
f 1792//4896 2161//4896 1794//4896
f 1287//4897 1726//4897 1279//4897
f 1279//4898 1726//4898 2005//4898
f 2005//4899 1728//4899 2007//4899
f 1726//4900 1728//4900 2005//4900
f 2007//4901 1703//4901 1953//4901
f 1728//4902 1703//4902 2007//4902
f 1953//4903 1702//4903 1951//4903
f 1703//4904 1702//4904 1953//4904
f 1951//4905 1701//4905 1949//4905
f 1702//4906 1701//4906 1951//4906
f 1947//4907 1700//4907 1945//4907
f 1949//4908 1700//4908 1947//4908
f 1701//4909 1700//4909 1949//4909
f 1700//4910 1699//4910 1945//4910
f 1699//4911 1698//4911 1945//4911
f 1945//4912 1698//4912 1943//4912
f 1698//4913 1697//4913 1943//4913
f 1943//4914 1697//4914 1941//4914
f 1697//4915 1696//4915 1941//4915
f 1939//4916 1696//4916 1937//4916
f 1941//4917 1696//4917 1939//4917
f 1696//4918 1695//4918 1937//4918
f 1937//4919 1695//4919 1935//4919
f 1695//4920 1694//4920 1935//4920
f 1694//4921 1693//4921 1935//4921
f 1933//4922 1693//4922 1931//4922
f 1935//4923 1693//4923 1933//4923
f 1693//4924 1692//4924 1931//4924
f 1692//4925 1691//4925 1931//4925
f 1931//4926 1691//4926 1929//4926
f 1691//4927 1690//4927 1929//4927
f 1929//4928 1690//4928 1926//4928
f 1690//4929 1689//4929 1926//4929
f 1926//4930 1689//4930 1923//4930
f 1689//4931 1688//4931 1923//4931
f 1923//4932 1688//4932 1920//4932
f 1917//4933 1687//4933 1914//4933
f 1920//4934 1687//4934 1917//4934
f 1688//4935 1687//4935 1920//4935
f 1687//4936 1686//4936 1914//4936
f 1911//4937 1685//4937 1908//4937
f 1914//4938 1685//4938 1911//4938
f 1686//4939 1685//4939 1914//4939
f 1908//4940 1684//4940 1905//4940
f 1685//4941 1684//4941 1908//4941
f 1684//4942 1683//4942 1905//4942
f 1905//4943 1682//4943 1902//4943
f 1683//4944 1682//4944 1905//4944
f 1899//4945 1681//4945 1896//4945
f 1902//4946 1681//4946 1899//4946
f 1682//4947 1681//4947 1902//4947
f 1681//4948 1680//4948 1896//4948
f 1895//4949 1679//4949 1892//4949
f 1896//4950 1679//4950 1895//4950
f 1680//4951 1679//4951 1896//4951
f 1892//4952 1678//4952 1889//4952
f 1679//4953 1678//4953 1892//4953
f 1889//4954 1677//4954 1886//4954
f 1678//4955 1677//4955 1889//4955
f 1677//4956 1676//4956 1886//4956
f 1883//4957 1675//4957 1870//4957
f 1886//4958 1675//4958 1883//4958
f 1676//4959 1675//4959 1886//4959
f 1675//4960 1674//4960 1870//4960
f 1672//4961 1673//4961 1863//4961
f 1672//4962 1863//4962 1869//4962
f 1667//4963 1869//4963 1858//4963
f 1667//4964 1672//4964 1869//4964
f 1668//4965 1860//4965 1859//4965
f 1668//4966 1858//4966 1860//4966
f 1668//4967 1667//4967 1858//4967
f 1666//4968 1668//4968 1859//4968
f 1670//4969 1859//4969 1868//4969
f 1670//4970 1666//4970 1859//4970
f 1657//4971 1868//4971 1867//4971
f 1657//4972 1670//4972 1868//4972
f 1658//4973 1866//4973 1865//4973
f 1658//4974 1867//4974 1866//4974
f 1658//4975 1657//4975 1867//4975
f 1654//4976 1865//4976 1857//4976
f 1654//4977 1658//4977 1865//4977
f 1656//4978 1654//4978 1857//4978
f 1655//4979 1656//4979 1857//4979
f 1655//4980 1857//4980 1847//4980
f 1651//4981 1655//4981 1847//4981
f 1651//4982 1847//4982 1848//4982
f 1650//4983 1651//4983 1848//4983
f 1650//4984 1846//4984 1837//4984
f 1650//4985 1848//4985 1846//4985
f 1642//4986 1650//4986 1837//4986
f 1643//4987 1642//4987 1837//4987
f 1643//4988 1837//4988 1839//4988
f 1641//4989 1643//4989 1839//4989
f 1641//4990 1839//4990 1838//4990
f 1648//4991 1641//4991 1838//4991
f 1648//4992 1838//4992 1844//4992
f 1647//4993 1648//4993 1844//4993
f 1647//4994 1844//4994 1843//4994
f 1646//4995 1647//4995 1843//4995
f 1646//4996 1843//4996 1842//4996
f 1644//4997 1842//4997 1841//4997
f 1644//4998 1646//4998 1842//4998
f 1645//4999 1840//4999 1845//4999
f 1645//5000 1841//5000 1840//5000
f 1645//5001 1644//5001 1841//5001
f 1649//5002 1845//5002 1851//5002
f 1649//5003 1645//5003 1845//5003
f 1652//5004 1649//5004 1851//5004
f 1653//5005 1851//5005 1850//5005
f 1653//5006 1652//5006 1851//5006
f 1663//5007 1653//5007 1850//5007
f 1663//5008 1850//5008 1849//5008
f 1661//5009 1854//5009 1853//5009
f 1661//5010 1849//5010 1854//5010
f 1661//5011 1663//5011 1849//5011
f 1659//5012 1661//5012 1853//5012
f 1660//5013 1853//5013 1852//5013
f 1660//5014 1659//5014 1853//5014
f 1662//5015 1852//5015 1855//5015
f 1662//5016 1660//5016 1852//5016
f 1664//5017 1855//5017 1856//5017
f 1664//5018 1662//5018 1855//5018
f 1665//5019 1856//5019 1862//5019
f 1665//5020 1664//5020 1856//5020
f 1669//5021 1861//5021 1864//5021
f 1669//5022 1862//5022 1861//5022
f 1669//5023 1665//5023 1862//5023
f 1671//5024 1669//5024 1864//5024
f 1744//5025 1746//5025 2038//5025
f 1744//5026 2038//5026 2036//5026
f 1742//5027 2036//5027 2035//5027
f 1742//5028 1744//5028 2036//5028
f 1743//5029 2035//5029 2034//5029
f 1743//5030 1742//5030 2035//5030
f 1745//5031 2034//5031 2037//5031
f 1745//5032 1743//5032 2034//5032
f 1748//5033 2037//5033 2040//5033
f 1748//5034 1745//5034 2037//5034
f 1747//5035 2040//5035 2039//5035
f 1747//5036 1748//5036 2040//5036
f 1755//5037 2039//5037 2057//5037
f 1755//5038 1747//5038 2039//5038
f 1756//5039 1755//5039 2057//5039
f 1756//5040 2057//5040 2056//5040
f 1766//5041 1756//5041 2056//5041
f 1766//5042 2056//5042 2090//5042
f 1764//5043 1766//5043 2090//5043
f 1764//5044 2090//5044 2089//5044
f 1765//5045 1764//5045 2089//5045
f 1765//5046 2089//5046 2088//5046
f 1769//5047 1765//5047 2088//5047
f 1769//5048 2088//5048 2098//5048
f 1771//5049 1769//5049 2098//5049
f 1771//5050 2098//5050 2105//5050
f 1774//5051 1771//5051 2105//5051
f 1774//5052 2111//5052 2117//5052
f 1774//5053 2105//5053 2111//5053
f 1776//5054 1774//5054 2117//5054
f 1778//5055 1776//5055 2117//5055
f 1778//5056 2117//5056 2124//5056
f 1781//5057 1778//5057 2124//5057
f 1781//5058 2134//5058 2133//5058
f 1781//5059 2124//5059 2134//5059
f 1782//5060 1781//5060 2133//5060
f 1784//5061 2133//5061 2139//5061
f 1784//5062 1782//5062 2133//5062
f 1791//5063 2139//5063 2155//5063
f 1791//5064 1784//5064 2139//5064
f 1789//5065 2155//5065 2154//5065
f 1789//5066 1791//5066 2155//5066
f 1790//5067 2153//5067 2159//5067
f 1790//5068 2154//5068 2153//5068
f 1790//5069 1789//5069 2154//5069
f 1793//5070 1790//5070 2159//5070
f 1795//5071 2159//5071 2165//5071
f 1795//5072 1793//5072 2159//5072
f 1796//5073 2165//5073 2170//5073
f 1796//5074 1795//5074 2165//5074
f 1797//5075 2170//5075 2169//5075
f 1797//5076 1796//5076 2170//5076
f 1799//5077 2169//5077 2175//5077
f 1799//5078 1797//5078 2169//5078
f 1798//5079 2175//5079 2174//5079
f 1798//5080 1799//5080 2175//5080
f 1800//5081 2174//5081 2178//5081
f 1800//5082 1798//5082 2174//5082
f 1801//5083 2178//5083 2181//5083
f 1801//5084 1800//5084 2178//5084
f 1802//5085 2191//5085 2183//5085
f 1802//5086 2181//5086 2191//5086
f 1802//5087 1801//5087 2181//5087
f 1803//5088 1802//5088 2183//5088
f 1985//5089 2288//5089 2371//5089
f 1985//5090 1955//5090 2288//5090
f 1986//5091 2371//5091 2372//5091
f 1986//5092 1985//5092 2371//5092
f 1984//5093 2372//5093 2370//5093
f 1984//5094 1986//5094 2372//5094
f 1988//5095 2370//5095 2374//5095
f 1988//5096 2374//5096 2375//5096
f 1988//5097 1984//5097 2370//5097
f 1987//5098 1988//5098 2375//5098
f 1990//5099 2375//5099 2373//5099
f 1990//5100 1987//5100 2375//5100
f 1991//5101 2373//5101 2376//5101
f 1991//5102 1990//5102 2373//5102
f 1989//5103 2376//5103 2377//5103
f 1989//5104 2377//5104 2379//5104
f 1989//5105 1991//5105 2376//5105
f 1992//5106 1989//5106 2379//5106
f 1992//5107 2379//5107 2378//5107
f 1993//5108 1992//5108 2378//5108
f 1994//5109 1993//5109 2378//5109
f 1994//5110 2378//5110 2380//5110
f 1996//5111 2380//5111 2382//5111
f 1996//5112 1994//5112 2380//5112
f 1995//5113 2382//5113 2381//5113
f 1995//5114 1996//5114 2382//5114
f 1997//5115 2381//5115 2384//5115
f 1997//5116 1995//5116 2381//5116
f 1999//5117 2384//5117 2383//5117
f 1999//5118 1997//5118 2384//5118
f 1998//5119 2383//5119 2386//5119
f 1998//5120 2386//5120 2385//5120
f 1998//5121 1999//5121 2383//5121
f 2001//5122 1998//5122 2385//5122
f 2000//5123 2385//5123 2388//5123
f 2000//5124 2388//5124 2387//5124
f 2000//5125 2001//5125 2385//5125
f 2002//5126 2000//5126 2387//5126
f 2004//5127 2387//5127 2390//5127
f 2004//5128 2002//5128 2387//5128
f 2003//5129 2390//5129 2389//5129
f 2003//5130 2389//5130 2391//5130
f 2003//5131 2004//5131 2390//5131
f 2010//5132 2391//5132 2393//5132
f 2010//5133 2003//5133 2391//5133
f 2011//5134 2010//5134 2393//5134
f 2009//5135 2393//5135 2392//5135
f 2009//5136 2011//5136 2393//5136
f 2014//5137 2392//5137 2394//5137
f 2014//5138 2009//5138 2392//5138
f 2015//5139 2394//5139 2396//5139
f 2015//5140 2396//5140 2395//5140
f 2015//5141 2014//5141 2394//5141
f 2013//5142 2015//5142 2395//5142
f 2017//5143 2395//5143 2397//5143
f 2017//5144 2013//5144 2395//5144
f 2016//5145 2397//5145 2398//5145
f 2016//5146 2017//5146 2397//5146
f 2018//5147 2398//5147 2400//5147
f 2018//5148 2016//5148 2398//5148
f 2033//5149 2400//5149 2399//5149
f 2033//5150 2399//5150 2290//5150
f 2033//5151 2018//5151 2400//5151
f 2019//5152 2033//5152 2290//5152
f 2269//5153 2289//5153 2561//5153
f 2269//5154 2241//5154 2289//5154
f 2266//5155 2561//5155 2560//5155
f 2266//5156 2269//5156 2561//5156
f 2261//5157 2560//5157 2562//5157
f 2261//5158 2562//5158 2563//5158
f 2261//5159 2266//5159 2560//5159
f 2262//5160 2563//5160 2568//5160
f 2262//5161 2261//5161 2563//5161
f 2263//5162 2262//5162 2568//5162
f 2260//5163 2568//5163 2567//5163
f 2260//5164 2263//5164 2568//5164
f 2265//5165 2567//5165 2573//5165
f 2265//5166 2260//5166 2567//5166
f 2268//5167 2573//5167 2574//5167
f 2268//5168 2265//5168 2573//5168
f 2282//5169 2268//5169 2574//5169
f 2282//5170 2574//5170 2575//5170
f 2275//5171 2575//5171 2572//5171
f 2275//5172 2572//5172 2577//5172
f 2275//5173 2282//5173 2575//5173
f 2276//5174 2275//5174 2577//5174
f 2274//5175 2577//5175 2576//5175
f 2274//5176 2276//5176 2577//5176
f 2277//5177 2576//5177 2582//5177
f 2277//5178 2582//5178 2584//5178
f 2277//5179 2274//5179 2576//5179
f 2280//5180 2277//5180 2584//5180
f 2281//5181 2584//5181 2588//5181
f 2281//5182 2280//5182 2584//5182
f 2284//5183 2588//5183 2587//5183
f 2284//5184 2281//5184 2588//5184
f 2283//5185 2587//5185 2585//5185
f 2283//5186 2284//5186 2587//5186
f 2278//5187 2585//5187 2586//5187
f 2278//5188 2283//5188 2585//5188
f 2279//5189 2586//5189 2583//5189
f 2279//5190 2278//5190 2586//5190
f 2273//5191 2583//5191 2579//5191
f 2273//5192 2279//5192 2583//5192
f 2272//5193 2579//5193 2578//5193
f 2272//5194 2273//5194 2579//5194
f 2271//5195 2578//5195 2580//5195
f 2271//5196 2272//5196 2578//5196
f 2270//5197 2580//5197 2581//5197
f 2270//5198 2271//5198 2580//5198
f 2267//5199 2581//5199 2571//5199
f 2267//5200 2571//5200 2570//5200
f 2267//5201 2270//5201 2581//5201
f 2264//5202 2570//5202 2569//5202
f 2264//5203 2267//5203 2570//5203
f 2259//5204 2264//5204 2569//5204
f 2258//5205 2569//5205 2564//5205
f 2258//5206 2259//5206 2569//5206
f 2257//5207 2564//5207 2565//5207
f 2257//5208 2258//5208 2564//5208
f 2254//5209 2565//5209 2566//5209
f 2254//5210 2257//5210 2565//5210
f 2255//5211 2566//5211 2559//5211
f 2255//5212 2559//5212 2558//5212
f 2255//5213 2254//5213 2566//5213
f 2256//5214 2255//5214 2558//5214
f 2212//5215 2558//5215 2286//5215
f 2212//5216 2256//5216 2558//5216
f 1740//5217 1181//5217 1195//5217
f 1741//5218 1195//5218 1188//5218
f 1741//5219 1740//5219 1195//5219
f 1739//5220 1188//5220 1190//5220
f 1739//5221 1741//5221 1188//5221
f 1737//5222 1190//5222 1191//5222
f 1737//5223 1739//5223 1190//5223
f 1738//5224 1191//5224 1189//5224
f 1738//5225 1737//5225 1191//5225
f 1734//5226 1189//5226 1193//5226
f 1734//5227 1738//5227 1189//5227
f 1736//5228 1193//5228 1199//5228
f 1736//5229 1734//5229 1193//5229
f 1735//5230 1199//5230 1200//5230
f 1735//5231 1736//5231 1199//5231
f 1730//5232 1735//5232 1200//5232
f 1730//5233 1200//5233 1198//5233
f 1732//5234 1730//5234 1198//5234
f 1732//5235 1198//5235 1202//5235
f 1731//5236 1202//5236 1201//5236
f 1731//5237 1732//5237 1202//5237
f 1724//5238 1201//5238 1208//5238
f 1724//5239 1731//5239 1201//5239
f 1725//5240 1208//5240 1207//5240
f 1725//5241 1724//5241 1208//5241
f 1723//5242 1207//5242 1210//5242
f 1723//5243 1725//5243 1207//5243
f 1721//5244 1210//5244 1214//5244
f 1721//5245 1723//5245 1210//5245
f 1722//5246 1214//5246 1213//5246
f 1722//5247 1721//5247 1214//5247
f 1719//5248 1213//5248 1212//5248
f 1719//5249 1722//5249 1213//5249
f 1720//5250 1212//5250 1211//5250
f 1720//5251 1719//5251 1212//5251
f 1718//5252 1211//5252 1209//5252
f 1718//5253 1720//5253 1211//5253
f 1716//5254 1209//5254 1204//5254
f 1716//5255 1718//5255 1209//5255
f 1717//5256 1204//5256 1203//5256
f 1717//5257 1716//5257 1204//5257
f 1715//5258 1203//5258 1205//5258
f 1715//5259 1717//5259 1203//5259
f 1714//5260 1205//5260 1206//5260
f 1714//5261 1715//5261 1205//5261
f 1713//5262 1206//5262 1197//5262
f 1713//5263 1714//5263 1206//5263
f 1710//5264 1197//5264 1196//5264
f 1710//5265 1713//5265 1197//5265
f 1712//5266 1196//5266 1194//5266
f 1712//5267 1710//5267 1196//5267
f 1711//5268 1194//5268 1192//5268
f 1711//5269 1712//5269 1194//5269
f 1708//5270 1192//5270 1187//5270
f 1708//5271 1711//5271 1192//5271
f 1709//5272 1187//5272 1186//5272
f 1709//5273 1708//5273 1187//5273
f 1705//5274 1709//5274 1186//5274
f 1707//5275 1186//5275 1185//5275
f 1707//5276 1185//5276 1184//5276
f 1707//5277 1705//5277 1186//5277
f 1706//5278 1707//5278 1184//5278
f 1704//5279 1184//5279 1183//5279
f 1704//5280 1706//5280 1184//5280
f 1808//5281 1804//5281 1145//5281
f 1808//5282 1145//5282 1150//5282
f 1806//5283 1150//5283 1147//5283
f 1806//5284 1808//5284 1150//5284
f 1807//5285 1147//5285 1149//5285
f 1807//5286 1806//5286 1147//5286
f 1809//5287 1149//5287 1148//5287
f 1809//5288 1807//5288 1149//5288
f 1810//5289 1148//5289 1152//5289
f 1810//5290 1809//5290 1148//5290
f 1811//5291 1152//5291 1151//5291
f 1811//5292 1810//5292 1152//5292
f 1812//5293 1151//5293 1153//5293
f 1812//5294 1811//5294 1151//5294
f 1813//5295 1153//5295 1154//5295
f 1813//5296 1812//5296 1153//5296
f 1822//5297 1813//5297 1154//5297
f 1822//5298 1154//5298 1155//5298
f 1823//5299 1155//5299 1157//5299
f 1823//5300 1822//5300 1155//5300
f 1824//5301 1157//5301 1156//5301
f 1824//5302 1823//5302 1157//5302
f 1828//5303 1156//5303 1159//5303
f 1828//5304 1824//5304 1156//5304
f 1831//5305 1159//5305 1158//5305
f 1831//5306 1158//5306 1160//5306
f 1831//5307 1828//5307 1159//5307
f 1832//5308 1831//5308 1160//5308
f 1835//5309 1160//5309 1162//5309
f 1835//5310 1832//5310 1160//5310
f 1836//5311 1162//5311 1161//5311
f 1836//5312 1835//5312 1162//5312
f 1833//5313 1161//5313 1164//5313
f 1833//5314 1836//5314 1161//5314
f 1830//5315 1164//5315 1163//5315
f 1830//5316 1163//5316 1166//5316
f 1830//5317 1833//5317 1164//5317
f 1829//5318 1166//5318 1165//5318
f 1829//5319 1830//5319 1166//5319
f 1826//5320 1165//5320 1168//5320
f 1826//5321 1829//5321 1165//5321
f 1827//5322 1168//5322 1167//5322
f 1827//5323 1826//5323 1168//5323
f 1825//5324 1827//5324 1167//5324
f 1834//5325 1167//5325 1169//5325
f 1834//5326 1169//5326 1170//5326
f 1834//5327 1825//5327 1167//5327
f 1814//5328 1170//5328 1171//5328
f 1814//5329 1834//5329 1170//5329
f 1821//5330 1171//5330 1172//5330
f 1821//5331 1814//5331 1171//5331
f 1820//5332 1172//5332 1174//5332
f 1820//5333 1821//5333 1172//5333
f 1819//5334 1174//5334 1175//5334
f 1819//5335 1820//5335 1174//5335
f 1818//5336 1175//5336 1176//5336
f 1818//5337 1819//5337 1175//5337
f 1817//5338 1176//5338 1173//5338
f 1817//5339 1818//5339 1176//5339
f 1816//5340 1173//5340 1177//5340
f 1816//5341 1817//5341 1173//5341
f 1815//5342 1816//5342 1177//5342
f 1805//5343 1177//5343 1178//5343
f 1805//5344 1815//5344 1177//5344
f 2505//5345 2506//5345 3121//5345
f 3121//5346 2506//5346 3122//5346
f 3122//5347 2507//5347 3123//5347
f 2506//5348 2507//5348 3122//5348
f 3123//5349 2481//5349 3124//5349
f 2507//5350 2481//5350 3123//5350
f 3124//5351 2483//5351 3125//5351
f 2481//5352 2483//5352 3124//5352
f 3125//5353 2484//5353 3126//5353
f 2483//5354 2484//5354 3125//5354
f 3126//5355 2485//5355 3127//5355
f 2484//5356 2485//5356 3126//5356
f 3127//5357 2486//5357 3128//5357
f 2485//5358 2486//5358 3127//5358
f 3128//5359 2487//5359 3129//5359
f 2486//5360 2487//5360 3128//5360
f 3129//5361 2488//5361 3130//5361
f 2487//5362 2488//5362 3129//5362
f 3130//5363 2489//5363 3131//5363
f 2488//5364 2489//5364 3130//5364
f 2489//5365 2490//5365 3131//5365
f 3131//5366 2490//5366 3132//5366
f 2490//5367 2491//5367 3132//5367
f 3132//5368 2491//5368 3133//5368
f 2491//5369 2492//5369 3133//5369
f 3133//5370 2492//5370 3134//5370
f 3134//5371 2492//5371 3135//5371
f 2492//5372 2493//5372 3135//5372
f 2493//5373 2494//5373 3135//5373
f 3135//5374 2494//5374 3136//5374
f 3136//5375 2494//5375 3137//5375
f 2494//5376 2495//5376 3137//5376
f 2495//5377 2496//5377 3137//5377
f 3137//5378 2496//5378 3138//5378
f 2496//5379 2498//5379 3138//5379
f 3138//5380 2498//5380 3139//5380
f 2498//5381 2508//5381 3139//5381
f 3139//5382 2508//5382 3140//5382
f 2508//5383 2509//5383 3140//5383
f 3140//5384 2509//5384 3141//5384
f 2509//5385 2510//5385 3141//5385
f 3141//5386 2510//5386 3142//5386
f 2510//5387 2511//5387 3142//5387
f 3142//5388 2511//5388 3143//5388
f 3143//5389 2512//5389 3144//5389
f 2511//5390 2512//5390 3143//5390
f 3144//5391 2513//5391 3145//5391
f 2512//5392 2513//5392 3144//5392
f 3145//5393 2514//5393 3146//5393
f 2513//5394 2514//5394 3145//5394
f 3146//5395 2515//5395 3147//5395
f 3147//5396 2515//5396 3148//5396
f 2514//5397 2515//5397 3146//5397
f 2515//5398 2516//5398 3148//5398
f 3148//5399 2517//5399 3149//5399
f 2516//5400 2517//5400 3148//5400
f 3149//5401 2518//5401 3150//5401
f 2517//5402 2518//5402 3149//5402
f 3150//5403 2519//5403 3151//5403
f 2518//5404 2519//5404 3150//5404
f 3151//5405 2520//5405 3152//5405
f 3152//5406 2520//5406 3153//5406
f 2519//5407 2520//5407 3151//5407
f 2520//5408 2521//5408 3153//5408
f 3153//5409 2522//5409 3154//5409
f 3154//5410 2522//5410 3155//5410
f 2521//5411 2522//5411 3153//5411
f 2522//5412 2523//5412 3155//5412
f 3155//5413 2524//5413 3156//5413
f 3156//5414 2524//5414 3157//5414
f 2523//5415 2524//5415 3155//5415
f 2524//5416 2525//5416 3157//5416
f 2525//5417 2526//5417 3157//5417
f 3157//5418 2526//5418 3158//5418
f 3158//5419 2526//5419 3159//5419
f 2526//5420 2589//5420 3159//5420
f 2589//5421 2590//5421 3159//5421
f 3159//5422 2590//5422 3160//5422
f 3160//5423 2590//5423 3161//5423
f 2590//5424 2591//5424 3161//5424
f 2591//5425 2592//5425 3161//5425
f 3161//5426 2592//5426 3162//5426
f 2592//5427 2593//5427 3162//5427
f 3162//5428 2593//5428 3163//5428
f 2593//5429 2594//5429 3163//5429
f 3163//5430 2594//5430 3164//5430
f 3164//5431 2594//5431 3165//5431
f 2594//5432 2595//5432 3165//5432
f 3165//5433 2595//5433 3166//5433
f 2595//5434 2596//5434 3166//5434
f 2596//5435 2597//5435 3166//5435
f 3166//5436 2597//5436 3167//5436
f 3167//5437 2597//5437 3168//5437
f 2597//5438 2598//5438 3168//5438
f 2598//5439 2527//5439 3168//5439
f 3168//5440 2527//5440 3169//5440
f 2527//5441 2529//5441 3169//5441
f 3169//5442 2529//5442 3170//5442
f 2529//5443 2530//5443 3170//5443
f 3170//5444 2530//5444 3171//5444
f 3171//5445 2530//5445 3172//5445
f 2530//5446 2531//5446 3172//5446
f 2531//5447 2532//5447 3172//5447
f 3172//5448 2532//5448 3173//5448
f 2532//5449 2533//5449 3173//5449
f 3173//5450 2533//5450 3174//5450
f 2533//5451 2534//5451 3174//5451
f 3174//5452 2534//5452 3175//5452
f 2534//5453 2535//5453 3175//5453
f 3175//5454 2535//5454 3176//5454
f 2535//5455 2536//5455 3176//5455
f 3176//5456 2536//5456 3177//5456
f 2536//5457 2537//5457 3177//5457
f 3177//5458 2537//5458 3178//5458
f 3178//5459 2538//5459 3179//5459
f 2537//5460 2538//5460 3178//5460
f 3179//5461 2539//5461 3180//5461
f 2538//5462 2539//5462 3179//5462
f 3180//5463 2540//5463 3181//5463
f 2539//5464 2540//5464 3180//5464
f 3181//5465 2541//5465 3182//5465
f 2540//5466 2541//5466 3181//5466
f 2541//5467 2542//5467 3182//5467
f 3182//5468 2542//5468 3183//5468
f 2542//5469 2543//5469 3183//5469
f 3183//5470 2543//5470 3184//5470
f 3184//5471 2543//5471 3185//5471
f 2543//5472 2544//5472 3185//5472
f 2544//5473 2545//5473 3185//5473
f 3185//5474 2545//5474 3186//5474
f 2545//5475 2546//5475 3186//5475
f 3186//5476 2546//5476 3187//5476
f 2546//5477 2547//5477 3187//5477
f 3187//5478 2547//5478 3188//5478
f 3188//5479 2547//5479 3189//5479
f 2547//5480 2548//5480 3189//5480
f 2548//5481 2549//5481 3189//5481
f 3189//5482 2549//5482 3190//5482
f 2549//5483 2550//5483 3190//5483
f 3190//5484 2550//5484 3191//5484
f 3191//5485 2550//5485 3192//5485
f 2550//5486 2551//5486 3192//5486
f 2551//5487 2552//5487 3192//5487
f 3192//5488 2552//5488 3193//5488
f 2552//5489 2553//5489 3193//5489
f 3193//5490 2553//5490 3194//5490
f 2553//5491 2554//5491 3194//5491
f 3194//5492 2554//5492 3195//5492
f 3195//5493 2555//5493 3196//5493
f 2554//5494 2555//5494 3195//5494
f 3196//5495 2556//5495 3197//5495
f 2555//5496 2556//5496 3196//5496
f 3197//5497 2557//5497 3198//5497
f 3198//5498 2557//5498 3199//5498
f 2556//5499 2557//5499 3197//5499
f 3199//5500 2480//5500 3200//5500
f 2557//5501 2480//5501 3199//5501
f 3200//5502 2478//5502 3201//5502
f 2480//5503 2478//5503 3200//5503
f 2478//5504 2477//5504 3201//5504
f 3201//5505 2474//5505 3202//5505
f 3202//5506 2474//5506 3203//5506
f 2477//5507 2474//5507 3201//5507
f 2474//5508 2472//5508 3203//5508
f 3203//5509 2471//5509 3204//5509
f 2472//5510 2471//5510 3203//5510
f 3204//5511 2468//5511 3205//5511
f 3205//5512 2468//5512 3206//5512
f 2471//5513 2468//5513 3204//5513
f 2468//5514 2466//5514 3206//5514
f 3206//5515 2464//5515 3207//5515
f 3207//5516 2464//5516 3208//5516
f 2466//5517 2464//5517 3206//5517
f 2464//5518 2462//5518 3208//5518
f 2462//5519 2460//5519 3208//5519
f 3208//5520 2460//5520 3209//5520
f 2460//5521 2458//5521 3209//5521
f 3209//5522 2458//5522 3210//5522
f 3210//5523 2458//5523 3211//5523
f 3211//5524 2456//5524 3212//5524
f 2458//5525 2456//5525 3211//5525
f 2456//5526 2455//5526 3212//5526
f 3212//5527 2452//5527 3213//5527
f 3213//5528 2452//5528 3214//5528
f 2455//5529 2452//5529 3212//5529
f 3214//5530 2450//5530 3215//5530
f 2452//5531 2450//5531 3214//5531
f 2450//5532 2448//5532 3215//5532
f 3215//5533 2446//5533 3216//5533
f 2448//5534 2446//5534 3215//5534
f 3216//5535 2444//5535 3217//5535
f 2446//5536 2444//5536 3216//5536
f 3217//5537 2442//5537 3218//5537
f 3218//5538 2442//5538 3219//5538
f 2444//5539 2442//5539 3217//5539
f 2442//5540 2440//5540 3219//5540
f 3219//5541 2438//5541 3220//5541
f 3220//5542 2438//5542 3221//5542
f 2440//5543 2438//5543 3219//5543
f 2438//5544 2436//5544 3221//5544
f 3221//5545 2435//5545 3222//5545
f 3222//5546 2435//5546 3223//5546
f 2436//5547 2435//5547 3221//5547
f 2435//5548 2432//5548 3223//5548
f 3223//5549 2429//5549 3224//5549
f 2432//5550 2429//5550 3223//5550
f 3224//5551 2427//5551 3225//5551
f 2429//5552 2427//5552 3224//5552
f 3225//5553 2422//5553 3226//5553
f 2427//5554 2422//5554 3225//5554
f 3226//5555 2417//5555 3227//5555
f 2422//5556 2417//5556 3226//5556
f 3227//5557 2413//5557 3228//5557
f 3228//5558 2413//5558 3229//5558
f 2417//5559 2413//5559 3227//5559
f 2413//5560 2410//5560 3229//5560
f 3229//5561 2406//5561 3230//5561
f 2410//5562 2406//5562 3229//5562
f 3230//5563 2403//5563 3231//5563
f 2406//5564 2403//5564 3230//5564
f 3231//5565 2402//5565 3232//5565
f 3232//5566 2402//5566 3233//5566
f 2403//5567 2402//5567 3231//5567
f 3233//5568 2408//5568 3234//5568
f 2402//5569 2408//5569 3233//5569
f 2408//5570 2412//5570 3234//5570
f 3234//5571 2415//5571 3235//5571
f 2412//5572 2415//5572 3234//5572
f 2415//5573 2419//5573 3235//5573
f 3235//5574 2419//5574 3236//5574
f 2419//5575 2425//5575 3236//5575
f 3236//5576 2425//5576 3237//5576
f 3237//5577 2425//5577 3238//5577
f 2425//5578 2428//5578 3238//5578
f 2428//5579 2431//5579 3238//5579
f 3238//5580 2431//5580 3239//5580
f 3239//5581 2431//5581 3240//5581
f 2431//5582 2497//5582 3240//5582
f 3240//5583 2497//5583 3241//5583
f 2497//5584 2499//5584 3241//5584
f 2499//5585 2500//5585 3241//5585
f 3241//5586 2500//5586 3242//5586
f 2500//5587 2501//5587 3242//5587
f 3242//5588 2501//5588 3243//5588
f 2501//5589 2502//5589 3243//5589
f 3243//5590 2502//5590 3244//5590
f 2502//5591 2503//5591 3244//5591
f 3244//5592 2503//5592 3245//5592
f 3245//5593 2504//5593 3246//5593
f 2503//5594 2504//5594 3245//5594
f 3246//5595 2505//5595 3121//5595
f 2504//5596 2505//5596 3246//5596
f 3247//5597 3248//5597 3236//5597
f 3249//5598 3250//5598 3251//5598
f 3252//5599 3250//5599 3249//5599
f 3253//5600 3254//5600 3255//5600
f 2096//5601 3254//5601 3256//5601
f 2084//5602 3254//5602 2091//5602
f 2091//5603 3254//5603 2096//5603
f 3256//5604 3254//5604 3253//5604
f 3121//5605 3257//5605 3246//5605
f 3233//5606 3258//5606 3232//5606
f 3234//5607 3258//5607 3233//5607
f 3248//5608 3258//5608 3234//5608
f 3251//5609 3259//5609 3247//5609
f 3250//5610 3259//5610 3251//5610
f 2077//5611 3260//5611 2081//5611
f 2081//5612 3260//5612 2084//5612
f 2084//5613 3260//5613 3254//5613
f 3255//5614 3260//5614 3252//5614
f 3254//5615 3260//5615 3255//5615
f 3231//5616 3261//5616 3230//5616
f 3232//5617 3261//5617 3231//5617
f 3258//5618 3261//5618 3232//5618
f 3247//5619 3262//5619 3248//5619
f 3259//5620 3262//5620 3247//5620
f 3260//5621 3263//5621 3252//5621
f 2068//5622 3263//5622 2072//5622
f 2072//5623 3263//5623 2077//5623
f 2077//5624 3263//5624 3260//5624
f 3252//5625 3263//5625 3250//5625
f 3229//5626 3264//5626 3228//5626
f 3230//5627 3264//5627 3229//5627
f 3261//5628 3264//5628 3230//5628
f 3248//5629 3265//5629 3258//5629
f 3262//5630 3265//5630 3248//5630
f 2109//5631 2106//5631 3266//5631
f 2068//5632 3267//5632 3263//5632
f 3263//5633 3267//5633 3250//5633
f 2060//5634 3267//5634 2065//5634
f 3250//5635 3267//5635 3259//5635
f 2065//5636 3267//5636 2068//5636
f 3227//5637 3268//5637 3226//5637
f 3228//5638 3268//5638 3227//5638
f 3264//5639 3268//5639 3228//5639
f 3265//5640 3269//5640 3258//5640
f 3258//5641 3269//5641 3261//5641
f 2051//5642 3270//5642 2054//5642
f 2054//5643 3270//5643 2060//5643
f 3267//5644 3270//5644 3259//5644
f 3259//5645 3270//5645 3262//5645
f 2060//5646 3270//5646 3267//5646
f 3225//5647 3271//5647 3224//5647
f 3226//5648 3271//5648 3225//5648
f 3268//5649 3271//5649 3226//5649
f 3261//5650 3272//5650 3264//5650
f 3269//5651 3272//5651 3261//5651
f 3262//5652 3273//5652 3265//5652
f 3270//5653 3273//5653 3262//5653
f 2044//5654 3273//5654 2047//5654
f 2047//5655 3273//5655 2051//5655
f 2051//5656 3273//5656 3270//5656
f 3223//5657 3274//5657 3222//5657
f 3224//5658 3274//5658 3223//5658
f 3271//5659 3274//5659 3224//5659
f 3272//5660 3275//5660 3264//5660
f 3264//5661 3275//5661 3268//5661
f 2046//5662 3276//5662 2041//5662
f 3265//5663 3276//5663 3269//5663
f 2041//5664 3276//5664 2044//5664
f 3273//5665 3276//5665 3265//5665
f 2044//5666 3276//5666 3273//5666
f 3222//5667 3277//5667 3221//5667
f 3274//5668 3277//5668 3222//5668
f 3221//5669 3277//5669 3220//5669
f 3268//5670 3278//5670 3271//5670
f 3275//5671 3278//5671 3268//5671
f 3269//5672 3279//5672 3272//5672
f 2046//5673 3279//5673 3276//5673
f 2053//5674 3279//5674 2049//5674
f 2049//5675 3279//5675 2046//5675
f 3276//5676 3279//5676 3269//5676
f 3277//5677 3280//5677 3220//5677
f 3219//5678 3280//5678 3218//5678
f 3220//5679 3280//5679 3219//5679
f 3278//5680 3281//5680 3271//5680
f 3271//5681 3281//5681 3274//5681
f 3272//5682 3282//5682 3275//5682
f 2053//5683 3282//5683 3279//5683
f 2062//5684 3282//5684 2058//5684
f 2058//5685 3282//5685 2053//5685
f 3279//5686 3282//5686 3272//5686
f 3280//5687 3283//5687 3218//5687
f 3217//5688 3283//5688 3216//5688
f 3218//5689 3283//5689 3217//5689
f 3281//5690 3284//5690 3274//5690
f 3274//5691 3284//5691 3277//5691
f 2062//5692 3285//5692 3282//5692
f 2070//5693 3285//5693 2067//5693
f 2067//5694 3285//5694 2062//5694
f 3275//5695 3285//5695 3278//5695
f 3282//5696 3285//5696 3275//5696
f 3283//5697 3286//5697 3216//5697
f 3215//5698 3286//5698 3214//5698
f 3216//5699 3286//5699 3215//5699
f 3284//5700 3287//5700 3277//5700
f 3277//5701 3287//5701 3280//5701
f 2079//5702 3288//5702 2074//5702
f 2074//5703 3288//5703 2070//5703
f 2070//5704 3288//5704 3285//5704
f 3278//5705 3288//5705 3281//5705
f 3285//5706 3288//5706 3278//5706
f 3286//5707 3289//5707 3214//5707
f 3213//5708 3289//5708 3212//5708
f 3214//5709 3289//5709 3213//5709
f 3280//5710 3290//5710 3283//5710
f 3287//5711 3290//5711 3280//5711
f 2079//5712 3291//5712 3288//5712
f 3281//5713 3291//5713 3284//5713
f 2086//5714 3291//5714 2083//5714
f 2083//5715 3291//5715 2079//5715
f 3288//5716 3291//5716 3281//5716
f 3284//5717 3291//5717 3287//5717
f 3289//5718 3292//5718 3212//5718
f 3211//5719 3292//5719 3210//5719
f 3212//5720 3292//5720 3211//5720
f 3283//5721 3293//5721 3286//5721
f 3290//5722 3293//5722 3283//5722
f 2099//5723 3294//5723 2093//5723
f 2093//5724 3294//5724 2086//5724
f 2086//5725 3294//5725 3291//5725
f 3291//5726 3294//5726 3287//5726
f 3292//5727 3295//5727 3210//5727
f 3209//5728 3295//5728 3208//5728
f 3210//5729 3295//5729 3209//5729
f 3286//5730 3296//5730 3289//5730
f 3293//5731 3296//5731 3286//5731
f 3287//5732 3297//5732 3290//5732
f 2108//5733 3297//5733 2103//5733
f 2103//5734 3297//5734 2099//5734
f 3294//5735 3297//5735 3287//5735
f 2099//5736 3297//5736 3294//5736
f 3207//5737 3298//5737 3206//5737
f 3208//5738 3298//5738 3207//5738
f 3295//5739 3298//5739 3208//5739
f 3289//5740 3299//5740 3292//5740
f 3296//5741 3299//5741 3289//5741
f 3297//5742 3300//5742 3290//5742
f 2118//5743 3300//5743 2112//5743
f 2112//5744 3300//5744 2108//5744
f 3290//5745 3300//5745 3293//5745
f 2108//5746 3300//5746 3297//5746
f 3298//5747 3301//5747 3206//5747
f 3205//5748 3301//5748 3204//5748
f 3206//5749 3301//5749 3205//5749
f 3299//5750 3302//5750 3292//5750
f 3292//5751 3302//5751 3295//5751
f 2127//5752 3303//5752 2121//5752
f 2121//5753 3303//5753 2118//5753
f 3293//5754 3303//5754 3296//5754
f 2118//5755 3303//5755 3300//5755
f 3300//5756 3303//5756 3293//5756
f 3301//5757 3304//5757 3204//5757
f 3203//5758 3304//5758 3202//5758
f 3204//5759 3304//5759 3203//5759
f 3302//5760 3305//5760 3295//5760
f 3295//5761 3305//5761 3298//5761
f 3296//5762 3306//5762 3299//5762
f 2137//5763 3306//5763 2130//5763
f 2130//5764 3306//5764 2127//5764
f 3303//5765 3306//5765 3296//5765
f 2127//5766 3306//5766 3303//5766
f 3304//5767 3307//5767 3202//5767
f 3201//5768 3307//5768 3200//5768
f 3202//5769 3307//5769 3201//5769
f 3305//5770 3308//5770 3298//5770
f 3298//5771 3308//5771 3301//5771
f 3299//5772 3309//5772 3302//5772
f 2147//5773 3309//5773 2143//5773
f 2143//5774 3309//5774 2137//5774
f 2137//5775 3309//5775 3306//5775
f 3306//5776 3309//5776 3299//5776
f 3307//5777 3310//5777 3200//5777
f 3199//5778 3310//5778 3198//5778
f 3200//5779 3310//5779 3199//5779
f 3304//5780 3311//5780 3307//5780
f 3308//5781 3311//5781 3301//5781
f 3301//5782 3311//5782 3304//5782
f 2147//5783 3312//5783 3309//5783
f 2158//5784 3312//5784 2150//5784
f 2150//5785 3312//5785 2147//5785
f 3309//5786 3312//5786 3302//5786
f 3302//5787 3312//5787 3305//5787
f 3310//5788 3313//5788 3198//5788
f 3197//5789 3313//5789 3196//5789
f 3198//5790 3313//5790 3197//5790
f 3311//5791 3314//5791 3307//5791
f 2166//5792 3315//5792 2162//5792
f 2162//5793 3315//5793 2158//5793
f 2158//5794 3315//5794 3312//5794
f 3312//5795 3315//5795 3305//5795
f 3305//5796 3315//5796 3308//5796
f 3195//5797 3316//5797 3194//5797
f 3196//5798 3316//5798 3195//5798
f 3313//5799 3316//5799 3196//5799
f 3307//5800 3317//5800 3310//5800
f 3314//5801 3317//5801 3307//5801
f 3315//5802 3318//5802 3308//5802
f 2171//5803 3318//5803 2167//5803
f 2167//5804 3318//5804 2166//5804
f 2166//5805 3318//5805 3315//5805
f 3308//5806 3318//5806 3311//5806
f 3316//5807 3319//5807 3194//5807
f 3193//5808 3319//5808 3192//5808
f 3194//5809 3319//5809 3193//5809
f 3310//5810 3320//5810 3313//5810
f 3317//5811 3320//5811 3310//5811
f 2179//5812 3321//5812 2176//5812
f 2176//5813 3321//5813 2171//5813
f 2171//5814 3321//5814 3318//5814
f 3318//5815 3321//5815 3311//5815
f 3311//5816 3321//5816 3314//5816
f 3319//5817 3322//5817 3192//5817
f 3191//5818 3322//5818 3190//5818
f 3192//5819 3322//5819 3191//5819
f 3320//5820 3323//5820 3313//5820
f 3316//5821 3323//5821 3319//5821
f 3313//5822 3323//5822 3316//5822
f 2192//5823 3324//5823 2182//5823
f 2182//5824 3324//5824 2179//5824
f 3317//5825 3324//5825 3320//5825
f 3321//5826 3324//5826 3314//5826
f 2179//5827 3324//5827 3321//5827
f 3314//5828 3324//5828 3317//5828
f 3322//5829 3325//5829 3190//5829
f 3189//5830 3325//5830 3188//5830
f 3190//5831 3325//5831 3189//5831
f 3323//5832 3326//5832 3319//5832
f 2252//5833 3327//5833 2253//5833
f 2253//5834 3327//5834 2192//5834
f 2192//5835 3327//5835 3324//5835
f 3324//5836 3327//5836 3320//5836
f 3325//5837 3328//5837 3188//5837
f 3187//5838 3328//5838 3186//5838
f 3188//5839 3328//5839 3187//5839
f 3319//5840 3329//5840 3322//5840
f 3326//5841 3329//5841 3319//5841
f 2250//5842 3330//5842 2251//5842
f 2251//5843 3330//5843 2252//5843
f 2252//5844 3330//5844 3327//5844
f 3327//5845 3330//5845 3320//5845
f 3320//5846 3330//5846 3323//5846
f 3328//5847 3331//5847 3186//5847
f 3185//5848 3331//5848 3184//5848
f 3186//5849 3331//5849 3185//5849
f 3322//5850 3332//5850 3325//5850
f 3329//5851 3332//5851 3322//5851
f 2248//5852 3333//5852 2249//5852
f 2249//5853 3333//5853 2250//5853
f 3330//5854 3333//5854 3323//5854
f 2250//5855 3333//5855 3330//5855
f 3323//5856 3333//5856 3326//5856
f 3331//5857 3334//5857 3184//5857
f 3183//5858 3334//5858 3182//5858
f 3184//5859 3334//5859 3183//5859
f 3325//5860 3335//5860 3328//5860
f 3332//5861 3335//5861 3325//5861
f 2248//5862 3336//5862 3333//5862
f 3326//5863 3336//5863 3329//5863
f 3333//5864 3336//5864 3326//5864
f 2246//5865 3336//5865 2247//5865
f 2247//5866 3336//5866 2248//5866
f 3181//5867 3337//5867 3180//5867
f 3182//5868 3337//5868 3181//5868
f 3334//5869 3337//5869 3182//5869
f 3331//5870 3338//5870 3334//5870
f 3328//5871 3338//5871 3331//5871
f 3335//5872 3338//5872 3328//5872
f 3336//5873 3339//5873 3329//5873
f 3329//5874 3339//5874 3332//5874
f 2246//5875 3339//5875 3336//5875
f 2244//5876 3339//5876 2245//5876
f 2245//5877 3339//5877 2246//5877
f 3179//5878 3340//5878 3178//5878
f 3180//5879 3340//5879 3179//5879
f 3337//5880 3340//5880 3180//5880
f 3338//5881 3341//5881 3334//5881
f 3339//5882 3342//5882 3332//5882
f 3332//5883 3342//5883 3335//5883
f 2244//5884 3342//5884 3339//5884
f 2242//5885 3342//5885 2243//5885
f 2243//5886 3342//5886 2244//5886
f 3340//5887 3343//5887 3178//5887
f 3177//5888 3343//5888 3176//5888
f 3178//5889 3343//5889 3177//5889
f 3334//5890 3344//5890 3337//5890
f 3337//5891 3344//5891 3340//5891
f 3341//5892 3344//5892 3334//5892
f 3335//5893 3345//5893 3338//5893
f 3342//5894 3345//5894 3335//5894
f 2239//5895 3345//5895 2240//5895
f 2240//5896 3345//5896 2242//5896
f 2242//5897 3345//5897 3342//5897
f 3343//5898 3346//5898 3176//5898
f 3175//5899 3346//5899 3174//5899
f 3176//5900 3346//5900 3175//5900
f 3340//5901 3347//5901 3343//5901
f 3344//5902 3347//5902 3340//5902
f 2239//5903 3348//5903 3345//5903
f 3338//5904 3348//5904 3341//5904
f 3345//5905 3348//5905 3338//5905
f 2237//5906 3348//5906 2238//5906
f 2238//5907 3348//5907 2239//5907
f 3346//5908 3349//5908 3174//5908
f 3173//5909 3349//5909 3172//5909
f 3174//5910 3349//5910 3173//5910
f 3347//5911 3350//5911 3343//5911
f 3341//5912 3351//5912 3344//5912
f 3348//5913 3351//5913 3341//5913
f 2237//5914 3351//5914 3348//5914
f 2235//5915 3351//5915 2236//5915
f 2236//5916 3351//5916 2237//5916
f 3171//5917 3352//5917 3170//5917
f 3172//5918 3352//5918 3171//5918
f 3349//5919 3352//5919 3172//5919
f 3350//5920 3353//5920 3343//5920
f 3343//5921 3353//5921 3346//5921
f 3344//5922 3354//5922 3347//5922
f 3351//5923 3354//5923 3344//5923
f 2235//5924 3354//5924 3351//5924
f 2233//5925 3354//5925 2234//5925
f 2234//5926 3354//5926 2235//5926
f 3169//5927 3355//5927 3168//5927
f 3170//5928 3355//5928 3169//5928
f 3352//5929 3355//5929 3170//5929
f 3346//5930 3356//5930 3349//5930
f 3353//5931 3356//5931 3346//5931
f 3347//5932 3357//5932 3350//5932
f 3354//5933 3357//5933 3347//5933
f 2233//5934 3357//5934 3354//5934
f 3350//5935 3357//5935 3353//5935
f 2231//5936 3357//5936 2232//5936
f 2232//5937 3357//5937 2233//5937
f 3355//5938 3358//5938 3168//5938
f 3167//5939 3358//5939 3166//5939
f 3168//5940 3358//5940 3167//5940
f 3349//5941 3359//5941 3352//5941
f 3356//5942 3359//5942 3349//5942
f 3352//5943 3359//5943 3355//5943
f 2231//5944 3360//5944 3357//5944
f 2229//5945 3360//5945 2230//5945
f 2230//5946 3360//5946 2231//5946
f 3357//5947 3360//5947 3353//5947
f 3358//5948 3361//5948 3166//5948
f 3165//5949 3361//5949 3164//5949
f 3166//5950 3361//5950 3165//5950
f 3359//5951 3362//5951 3355//5951
f 3353//5952 3363//5952 3356//5952
f 3360//5953 3363//5953 3353//5953
f 2229//5954 3363//5954 3360//5954
f 2227//5955 3363//5955 2228//5955
f 2228//5956 3363//5956 2229//5956
f 3361//5957 3364//5957 3164//5957
f 3163//5958 3364//5958 3162//5958
f 3164//5959 3364//5959 3163//5959
f 3355//5960 3365//5960 3358//5960
f 3362//5961 3365//5961 3355//5961
f 3356//5962 3366//5962 3359//5962
f 3363//5963 3366//5963 3356//5963
f 2227//5964 3366//5964 3363//5964
f 2225//5965 3366//5965 2226//5965
f 2226//5966 3366//5966 2227//5966
f 3364//5967 3367//5967 3162//5967
f 3161//5968 3367//5968 3160//5968
f 3162//5969 3367//5969 3161//5969
f 3361//5970 3368//5970 3364//5970
f 3365//5971 3368//5971 3358//5971
f 3358//5972 3368//5972 3361//5972
f 3366//5973 3369//5973 3359//5973
f 3362//5974 3369//5974 3365//5974
f 3359//5975 3369//5975 3362//5975
f 2225//5976 3369//5976 3366//5976
f 2223//5977 3369//5977 2224//5977
f 2224//5978 3369//5978 2225//5978
f 3159//5979 3370//5979 3158//5979
f 3160//5980 3370//5980 3159//5980
f 3367//5981 3370//5981 3160//5981
f 3368//5982 3371//5982 3364//5982
f 3369//5983 3372//5983 3365//5983
f 3365//5984 3372//5984 3368//5984
f 2221//5985 3372//5985 2222//5985
f 2222//5986 3372//5986 2223//5986
f 2223//5987 3372//5987 3369//5987
f 3157//5988 3373//5988 3156//5988
f 3158//5989 3373//5989 3157//5989
f 3370//5990 3373//5990 3158//5990
f 3367//5991 3374//5991 3370//5991
f 3364//5992 3374//5992 3367//5992
f 3371//5993 3374//5993 3364//5993
f 3372//5994 3375//5994 3368//5994
f 2219//5995 3375//5995 2220//5995
f 2220//5996 3375//5996 2221//5996
f 2221//5997 3375//5997 3372//5997
f 3373//5998 3376//5998 3156//5998
f 3155//5999 3376//5999 3154//5999
f 3156//6000 3376//6000 3155//6000
f 3374//6001 3377//6001 3370//6001
f 2217//6002 3378//6002 2218//6002
f 2218//6003 3378//6003 2219//6003
f 2219//6004 3378//6004 3375//6004
f 3368//6005 3378//6005 3371//6005
f 3371//6006 3378//6006 3374//6006
f 3375//6007 3378//6007 3368//6007
f 3153//6008 3379//6008 3152//6008
f 3154//6009 3379//6009 3153//6009
f 3376//6010 3379//6010 3154//6010
f 3377//6011 3380//6011 3370//6011
f 3370//6012 3380//6012 3373//6012
f 2215//6013 3381//6013 2216//6013
f 2216//6014 3381//6014 2217//6014
f 2217//6015 3381//6015 3378//6015
f 3378//6016 3381//6016 3374//6016
f 3379//6017 3382//6017 3152//6017
f 3151//6018 3382//6018 3150//6018
f 3152//6019 3382//6019 3151//6019
f 3373//6020 3383//6020 3376//6020
f 3380//6021 3383//6021 3373//6021
f 3374//6022 3384//6022 3377//6022
f 3381//6023 3384//6023 3374//6023
f 2213//6024 3384//6024 2214//6024
f 2214//6025 3384//6025 2215//6025
f 2215//6026 3384//6026 3381//6026
f 3382//6027 3385//6027 3150//6027
f 3149//6028 3385//6028 3148//6028
f 3150//6029 3385//6029 3149//6029
f 3376//6030 3386//6030 3379//6030
f 3383//6031 3386//6031 3376//6031
f 3377//6032 3387//6032 3380//6032
f 3384//6033 3387//6033 3377//6033
f 2213//6034 3387//6034 3384//6034
f 2210//6035 3387//6035 2211//6035
f 2211//6036 3387//6036 2213//6036
f 3147//6037 3388//6037 3146//6037
f 3148//6038 3388//6038 3147//6038
f 3385//6039 3388//6039 3148//6039
f 3379//6040 3389//6040 3382//6040
f 3386//6041 3389//6041 3379//6041
f 3382//6042 3389//6042 3385//6042
f 2210//6043 3390//6043 3387//6043
f 3380//6044 3390//6044 3383//6044
f 2208//6045 3390//6045 2209//6045
f 2209//6046 3390//6046 2210//6046
f 3387//6047 3390//6047 3380//6047
f 3145//6048 3391//6048 3144//6048
f 3146//6049 3391//6049 3145//6049
f 3388//6050 3391//6050 3146//6050
f 3389//6051 3392//6051 3385//6051
f 2208//6052 3393//6052 3390//6052
f 2206//6053 3393//6053 2207//6053
f 2207//6054 3393//6054 2208//6054
f 3390//6055 3393//6055 3383//6055
f 3383//6056 3393//6056 3386//6056
f 3391//6057 3394//6057 3144//6057
f 3143//6058 3394//6058 3142//6058
f 3144//6059 3394//6059 3143//6059
f 3392//6060 3395//6060 3385//6060
f 3385//6061 3395//6061 3388//6061
f 3386//6062 3396//6062 3389//6062
f 3393//6063 3396//6063 3386//6063
f 2206//6064 3396//6064 3393//6064
f 2204//6065 3396//6065 2205//6065
f 2205//6066 3396//6066 2206//6066
f 3394//6067 3397//6067 3142//6067
f 3141//6068 3397//6068 3140//6068
f 3142//6069 3397//6069 3141//6069
f 3395//6070 3398//6070 3388//6070
f 3388//6071 3398//6071 3391//6071
f 3392//6072 3399//6072 3395//6072
f 3389//6073 3399//6073 3392//6073
f 2204//6074 3399//6074 3396//6074
f 2202//6075 3399//6075 2203//6075
f 2203//6076 3399//6076 2204//6076
f 3396//6077 3399//6077 3389//6077
f 3139//6078 3400//6078 3138//6078
f 3140//6079 3400//6079 3139//6079
f 3397//6080 3400//6080 3140//6080
f 3398//6081 3401//6081 3391//6081
f 3394//6082 3401//6082 3397//6082
f 3391//6083 3401//6083 3394//6083
f 2202//6084 3402//6084 3399//6084
f 2200//6085 3402//6085 2201//6085
f 2201//6086 3402//6086 2202//6086
f 3399//6087 3402//6087 3395//6087
f 3400//6088 3403//6088 3138//6088
f 3137//6089 3403//6089 3136//6089
f 3138//6090 3403//6090 3137//6090
f 3401//6091 3404//6091 3397//6091
f 2200//6092 3405//6092 3402//6092
f 2198//6093 3405//6093 2199//6093
f 2199//6094 3405//6094 2200//6094
f 3395//6095 3405//6095 3398//6095
f 3402//6096 3405//6096 3395//6096
f 3135//6097 3406//6097 3134//6097
f 3136//6098 3406//6098 3135//6098
f 3403//6099 3406//6099 3136//6099
f 3404//6100 3407//6100 3397//6100
f 3397//6101 3407//6101 3400//6101
f 2198//6102 3408//6102 3405//6102
f 2196//6103 3408//6103 2197//6103
f 2197//6104 3408//6104 2198//6104
f 3398//6105 3408//6105 3401//6105
f 3401//6106 3408//6106 3404//6106
f 3405//6107 3408//6107 3398//6107
f 3133//6108 3409//6108 3132//6108
f 3134//6109 3409//6109 3133//6109
f 3406//6110 3409//6110 3134//6110
f 3403//6111 3410//6111 3406//6111
f 3407//6112 3410//6112 3400//6112
f 3400//6113 3410//6113 3403//6113
f 2196//6114 3411//6114 3408//6114
f 2194//6115 3411//6115 2195//6115
f 2195//6116 3411//6116 2196//6116
f 3408//6117 3411//6117 3404//6117
f 3131//6118 3412//6118 3130//6118
f 3132//6119 3412//6119 3131//6119
f 3409//6120 3412//6120 3132//6120
f 3410//6121 3413//6121 3406//6121
f 3411//6122 3414//6122 3404//6122
f 2190//6123 3414//6123 2193//6123
f 2193//6124 3414//6124 2194//6124
f 2194//6125 3414//6125 3411//6125
f 3404//6126 3414//6126 3407//6126
f 3129//6127 3415//6127 3128//6127
f 3130//6128 3415//6128 3129//6128
f 3412//6129 3415//6129 3130//6129
f 3413//6130 3416//6130 3406//6130
f 3406//6131 3416//6131 3409//6131
f 2190//6132 3417//6132 3414//6132
f 3414//6133 3417//6133 3407//6133
f 2188//6134 3417//6134 2189//6134
f 2189//6135 3417//6135 2190//6135
f 3407//6136 3417//6136 3410//6136
f 3410//6137 3417//6137 3413//6137
f 3127//6138 3418//6138 3126//6138
f 3128//6139 3418//6139 3127//6139
f 3415//6140 3418//6140 3128//6140
f 3409//6141 3419//6141 3412//6141
f 3412//6142 3419//6142 3415//6142
f 3416//6143 3419//6143 3409//6143
f 3417//6144 3420//6144 3413//6144
f 2186//6145 3420//6145 2187//6145
f 2187//6146 3420//6146 2188//6146
f 2188//6147 3420//6147 3417//6147
f 3125//6148 3421//6148 3124//6148
f 3126//6149 3421//6149 3125//6149
f 3418//6150 3421//6150 3126//6150
f 3419//6151 3422//6151 3415//6151
f 3420//6152 3423//6152 3413//6152
f 2184//6153 3423//6153 2185//6153
f 2185//6154 3423//6154 2186//6154
f 2186//6155 3423//6155 3420//6155
f 3413//6156 3423//6156 3416//6156
f 3123//6157 3424//6157 3122//6157
f 3124//6158 3424//6158 3123//6158
f 3122//6159 3424//6159 3257//6159
f 3421//6160 3424//6160 3124//6160
f 3415//6161 3425//6161 3418//6161
f 3422//6162 3425//6162 3415//6162
f 3423//6163 3426//6163 3416//6163
f 2156//6164 3426//6164 2160//6164
f 2160//6165 3426//6165 2184//6165
f 3416//6166 3426//6166 3419//6166
f 3419//6167 3426//6167 3422//6167
f 2184//6168 3426//6168 3423//6168
f 3425//6169 3427//6169 3418//6169
f 3418//6170 3427//6170 3421//6170
f 3421//6171 3427//6171 3424//6171
f 2156//6172 3428//6172 3426//6172
f 2145//6173 3428//6173 2148//6173
f 2148//6174 3428//6174 2156//6174
f 3426//6175 3428//6175 3422//6175
f 3257//6176 3429//6176 3430//6176
f 3424//6177 3429//6177 3257//6177
f 3427//6178 3429//6178 3424//6178
f 2135//6179 3431//6179 2140//6179
f 2140//6180 3431//6180 2145//6180
f 3422//6181 3431//6181 3425//6181
f 2145//6182 3431//6182 3428//6182
f 3428//6183 3431//6183 3422//6183
f 2135//6184 3432//6184 3431//6184
f 2125//6185 3432//6185 2128//6185
f 3425//6186 3432//6186 3427//6186
f 2128//6187 3432//6187 2135//6187
f 3431//6188 3432//6188 3425//6188
f 3430//6189 3433//6189 3266//6189
f 2115//6190 3433//6190 2119//6190
f 2119//6191 3433//6191 2125//6191
f 3429//6192 3433//6192 3430//6192
f 3427//6193 3433//6193 3429//6193
f 2125//6194 3433//6194 3432//6194
f 3432//6195 3433//6195 3427//6195
f 3266//6196 3433//6196 2115//6196
f 3122//6197 3257//6197 3121//6197
f 2115//6198 2109//6198 3266//6198
f 3245//6199 3434//6199 3244//6199
f 3246//6200 3434//6200 3245//6200
f 3257//6201 3434//6201 3246//6201
f 3434//6202 3435//6202 3244//6202
f 3243//6203 3435//6203 3242//6203
f 3244//6204 3435//6204 3243//6204
f 3241//6205 3249//6205 3240//6205
f 3242//6206 3249//6206 3241//6206
f 3435//6207 3249//6207 3242//6207
f 3430//6208 3253//6208 3257//6208
f 3257//6209 3253//6209 3434//6209
f 3239//6210 3251//6210 3238//6210
f 3240//6211 3251//6211 3239//6211
f 3249//6212 3251//6212 3240//6212
f 3253//6213 3255//6213 3434//6213
f 3434//6214 3255//6214 3435//6214
f 3237//6215 3247//6215 3236//6215
f 3238//6216 3247//6216 3237//6216
f 3251//6217 3247//6217 3238//6217
f 3255//6218 3252//6218 3435//6218
f 3435//6219 3252//6219 3249//6219
f 2106//6220 3256//6220 3266//6220
f 2096//6221 3256//6221 2101//6221
f 2101//6222 3256//6222 2106//6222
f 3266//6223 3256//6223 3430//6223
f 3430//6224 3256//6224 3253//6224
f 3235//6225 3248//6225 3234//6225
f 3236//6226 3248//6226 3235//6226
f 2323//6227 2325//6227 3436//6227
f 3436//6228 2325//6228 3437//6228
f 3437//6229 2327//6229 3438//6229
f 2325//6230 2327//6230 3437//6230
f 3438//6231 2329//6231 3439//6231
f 2327//6232 2329//6232 3438//6232
f 3439//6233 2331//6233 3440//6233
f 2329//6234 2331//6234 3439//6234
f 3440//6235 2333//6235 3441//6235
f 2331//6236 2333//6236 3440//6236
f 3441//6237 2335//6237 3442//6237
f 2333//6238 2335//6238 3441//6238
f 3442//6239 2336//6239 3443//6239
f 2335//6240 2336//6240 3442//6240
f 3443//6241 2337//6241 3444//6241
f 2336//6242 2337//6242 3443//6242
f 3444//6243 2426//6243 3445//6243
f 2337//6244 2426//6244 3444//6244
f 3445//6245 2420//6245 3446//6245
f 2426//6246 2420//6246 3445//6246
f 2420//6247 2421//6247 3446//6247
f 3446//6248 2421//6248 3447//6248
f 2421//6249 2416//6249 3447//6249
f 3447//6250 2416//6250 3448//6250
f 2416//6251 2409//6251 3448//6251
f 3448//6252 2409//6252 3449//6252
f 3449//6253 2409//6253 3450//6253
f 2409//6254 2404//6254 3450//6254
f 2404//6255 2405//6255 3450//6255
f 3450//6256 2405//6256 3451//6256
f 3451//6257 2405//6257 3452//6257
f 2405//6258 2401//6258 3452//6258
f 2401//6259 2407//6259 3452//6259
f 3452//6260 2407//6260 3453//6260
f 2407//6261 2411//6261 3453//6261
f 3453//6262 2411//6262 3454//6262
f 2411//6263 2414//6263 3454//6263
f 3454//6264 2414//6264 3455//6264
f 2414//6265 2418//6265 3455//6265
f 3455//6266 2418//6266 3456//6266
f 2418//6267 2423//6267 3456//6267
f 3456//6268 2423//6268 3457//6268
f 2423//6269 2424//6269 3457//6269
f 3457//6270 2424//6270 3458//6270
f 3458//6271 2430//6271 3459//6271
f 2424//6272 2430//6272 3458//6272
f 3459//6273 2433//6273 3460//6273
f 2430//6274 2433//6274 3459//6274
f 3460//6275 2434//6275 3461//6275
f 2433//6276 2434//6276 3460//6276
f 3461//6277 2437//6277 3462//6277
f 3462//6278 2437//6278 3463//6278
f 2434//6279 2437//6279 3461//6279
f 2437//6280 2439//6280 3463//6280
f 3463//6281 2441//6281 3464//6281
f 2439//6282 2441//6282 3463//6282
f 3464//6283 2443//6283 3465//6283
f 2441//6284 2443//6284 3464//6284
f 3465//6285 2445//6285 3466//6285
f 2443//6286 2445//6286 3465//6286
f 3466//6287 2447//6287 3467//6287
f 3467//6288 2447//6288 3468//6288
f 2445//6289 2447//6289 3466//6289
f 2447//6290 2449//6290 3468//6290
f 3468//6291 2451//6291 3469//6291
f 3469//6292 2451//6292 3470//6292
f 2449//6293 2451//6293 3468//6293
f 2451//6294 2453//6294 3470//6294
f 3470//6295 2454//6295 3471//6295
f 3471//6296 2454//6296 3472//6296
f 2453//6297 2454//6297 3470//6297
f 2454//6298 2457//6298 3472//6298
f 2457//6299 2459//6299 3472//6299
f 3472//6300 2459//6300 3473//6300
f 3473//6301 2459//6301 3474//6301
f 2459//6302 2461//6302 3474//6302
f 2461//6303 2463//6303 3474//6303
f 3474//6304 2463//6304 3475//6304
f 3475//6305 2463//6305 3476//6305
f 2463//6306 2465//6306 3476//6306
f 2465//6307 2467//6307 3476//6307
f 3476//6308 2467//6308 3477//6308
f 2467//6309 2469//6309 3477//6309
f 3477//6310 2469//6310 3478//6310
f 2469//6311 2470//6311 3478//6311
f 3478//6312 2470//6312 3479//6312
f 3479//6313 2470//6313 3480//6313
f 2470//6314 2473//6314 3480//6314
f 3480//6315 2473//6315 3481//6315
f 2473//6316 2475//6316 3481//6316
f 2475//6317 2476//6317 3481//6317
f 3481//6318 2476//6318 3482//6318
f 3482//6319 2476//6319 3483//6319
f 2476//6320 2479//6320 3483//6320
f 2479//6321 2338//6321 3483//6321
f 3483//6322 2338//6322 3484//6322
f 2338//6323 2340//6323 3484//6323
f 3484//6324 2340//6324 3485//6324
f 2340//6325 2341//6325 3485//6325
f 3485//6326 2341//6326 3486//6326
f 3486//6327 2341//6327 3487//6327
f 2341//6328 2342//6328 3487//6328
f 2342//6329 2343//6329 3487//6329
f 3487//6330 2343//6330 3488//6330
f 2343//6331 2344//6331 3488//6331
f 3488//6332 2344//6332 3489//6332
f 2344//6333 2345//6333 3489//6333
f 3489//6334 2345//6334 3490//6334
f 2345//6335 2346//6335 3490//6335
f 3490//6336 2346//6336 3491//6336
f 2346//6337 2347//6337 3491//6337
f 3491//6338 2347//6338 3492//6338
f 2347//6339 2348//6339 3492//6339
f 3492//6340 2348//6340 3493//6340
f 3493//6341 2349//6341 3494//6341
f 2348//6342 2349//6342 3493//6342
f 3494//6343 2350//6343 3495//6343
f 2349//6344 2350//6344 3494//6344
f 3495//6345 2351//6345 3496//6345
f 2350//6346 2351//6346 3495//6346
f 3496//6347 2352//6347 3497//6347
f 2351//6348 2352//6348 3496//6348
f 2352//6349 2353//6349 3497//6349
f 3497//6350 2353//6350 3498//6350
f 2353//6351 2354//6351 3498//6351
f 3498//6352 2354//6352 3499//6352
f 3499//6353 2354//6353 3500//6353
f 2354//6354 2355//6354 3500//6354
f 2355//6355 2356//6355 3500//6355
f 3500//6356 2356//6356 3501//6356
f 2356//6357 2357//6357 3501//6357
f 3501//6358 2357//6358 3502//6358
f 2357//6359 2358//6359 3502//6359
f 3502//6360 2358//6360 3503//6360
f 3503//6361 2358//6361 3504//6361
f 2358//6362 2359//6362 3504//6362
f 2359//6363 2360//6363 3504//6363
f 3504//6364 2360//6364 3505//6364
f 2360//6365 2361//6365 3505//6365
f 3505//6366 2361//6366 3506//6366
f 3506//6367 2361//6367 3507//6367
f 2361//6368 2362//6368 3507//6368
f 2362//6369 2363//6369 3507//6369
f 3507//6370 2363//6370 3508//6370
f 2363//6371 2364//6371 3508//6371
f 3508//6372 2364//6372 3509//6372
f 2364//6373 2365//6373 3509//6373
f 3509//6374 2365//6374 3510//6374
f 3510//6375 2366//6375 3511//6375
f 2365//6376 2366//6376 3510//6376
f 3511//6377 2367//6377 3512//6377
f 2366//6378 2367//6378 3511//6378
f 3512//6379 2368//6379 3513//6379
f 3513//6380 2368//6380 3514//6380
f 2367//6381 2368//6381 3512//6381
f 3514//6382 2369//6382 3515//6382
f 2368//6383 2369//6383 3514//6383
f 3515//6384 2608//6384 3516//6384
f 2369//6385 2608//6385 3515//6385
f 2608//6386 2607//6386 3516//6386
f 3516//6387 2606//6387 3517//6387
f 3517//6388 2606//6388 3518//6388
f 2607//6389 2606//6389 3516//6389
f 2606//6390 2605//6390 3518//6390
f 3518//6391 2604//6391 3519//6391
f 2605//6392 2604//6392 3518//6392
f 3519//6393 2603//6393 3520//6393
f 3520//6394 2603//6394 3521//6394
f 2604//6395 2603//6395 3519//6395
f 2603//6396 2602//6396 3521//6396
f 3521//6397 2601//6397 3522//6397
f 3522//6398 2601//6398 3523//6398
f 2602//6399 2601//6399 3521//6399
f 2601//6400 2600//6400 3523//6400
f 2600//6401 2599//6401 3523//6401
f 3523//6402 2599//6402 3524//6402
f 2599//6403 2334//6403 3524//6403
f 3524//6404 2334//6404 3525//6404
f 3525//6405 2334//6405 3526//6405
f 3526//6406 2332//6406 3527//6406
f 2334//6407 2332//6407 3526//6407
f 2332//6408 2330//6408 3527//6408
f 3527//6409 2328//6409 3528//6409
f 3528//6410 2328//6410 3529//6410
f 2330//6411 2328//6411 3527//6411
f 3529//6412 2326//6412 3530//6412
f 2328//6413 2326//6413 3529//6413
f 2326//6414 2324//6414 3530//6414
f 3530//6415 2322//6415 3531//6415
f 2324//6416 2322//6416 3530//6416
f 3531//6417 2320//6417 3532//6417
f 2322//6418 2320//6418 3531//6418
f 3532//6419 2318//6419 3533//6419
f 3533//6420 2318//6420 3534//6420
f 2320//6421 2318//6421 3532//6421
f 2318//6422 2316//6422 3534//6422
f 3534//6423 2314//6423 3535//6423
f 3535//6424 2314//6424 3536//6424
f 2316//6425 2314//6425 3534//6425
f 2314//6426 2312//6426 3536//6426
f 3536//6427 2310//6427 3537//6427
f 3537//6428 2310//6428 3538//6428
f 2312//6429 2310//6429 3536//6429
f 2310//6430 2308//6430 3538//6430
f 3538//6431 2306//6431 3539//6431
f 2308//6432 2306//6432 3538//6432
f 3539//6433 2304//6433 3540//6433
f 2306//6434 2304//6434 3539//6434
f 3540//6435 2302//6435 3541//6435
f 2304//6436 2302//6436 3540//6436
f 3541//6437 2300//6437 3542//6437
f 2302//6438 2300//6438 3541//6438
f 3542//6439 2298//6439 3543//6439
f 3543//6440 2298//6440 3544//6440
f 2300//6441 2298//6441 3542//6441
f 2298//6442 2296//6442 3544//6442
f 3544//6443 2294//6443 3545//6443
f 2296//6444 2294//6444 3544//6444
f 3545//6445 2293//6445 3546//6445
f 2294//6446 2293//6446 3545//6446
f 3546//6447 2292//6447 3547//6447
f 3547//6448 2292//6448 3548//6448
f 2293//6449 2292//6449 3546//6449
f 3548//6450 2295//6450 3549//6450
f 2292//6451 2295//6451 3548//6451
f 2295//6452 2297//6452 3549//6452
f 3549//6453 2299//6453 3550//6453
f 2297//6454 2299//6454 3549//6454
f 2299//6455 2301//6455 3550//6455
f 3550//6456 2301//6456 3551//6456
f 2301//6457 2303//6457 3551//6457
f 3551//6458 2303//6458 3552//6458
f 3552//6459 2303//6459 3553//6459
f 2303//6460 2305//6460 3553//6460
f 2305//6461 2307//6461 3553//6461
f 3553//6462 2307//6462 3554//6462
f 3554//6463 2307//6463 3555//6463
f 2307//6464 2309//6464 3555//6464
f 3555//6465 2309//6465 3556//6465
f 2309//6466 2311//6466 3556//6466
f 2311//6467 2313//6467 3556//6467
f 3556//6468 2313//6468 3557//6468
f 2313//6469 2315//6469 3557//6469
f 3557//6470 2315//6470 3558//6470
f 2315//6471 2317//6471 3558//6471
f 3558//6472 2317//6472 3559//6472
f 2317//6473 2319//6473 3559//6473
f 3559//6474 2319//6474 3560//6474
f 3560//6475 2321//6475 3561//6475
f 2319//6476 2321//6476 3560//6476
f 3561//6477 2323//6477 3436//6477
f 2321//6478 2323//6478 3561//6478
f 3562//6479 3563//6479 3551//6479
f 3564//6480 3565//6480 3566//6480
f 3567//6481 3565//6481 3564//6481
f 3568//6482 3569//6482 3570//6482
f 1904//6483 3569//6483 3571//6483
f 1898//6484 3569//6484 1901//6484
f 1901//6485 3569//6485 1904//6485
f 3571//6486 3569//6486 3568//6486
f 3436//6487 3572//6487 3561//6487
f 3548//6488 3573//6488 3547//6488
f 3549//6489 3573//6489 3548//6489
f 3563//6490 3573//6490 3549//6490
f 3566//6491 3574//6491 3562//6491
f 3565//6492 3574//6492 3566//6492
f 1891//6493 3575//6493 1894//6493
f 1894//6494 3575//6494 1898//6494
f 1898//6495 3575//6495 3569//6495
f 3570//6496 3575//6496 3567//6496
f 3569//6497 3575//6497 3570//6497
f 3546//6498 3576//6498 3545//6498
f 3547//6499 3576//6499 3546//6499
f 3573//6500 3576//6500 3547//6500
f 3562//6501 3577//6501 3563//6501
f 3574//6502 3577//6502 3562//6502
f 3575//6503 3578//6503 3567//6503
f 1885//6504 3578//6504 1888//6504
f 1888//6505 3578//6505 1891//6505
f 1891//6506 3578//6506 3575//6506
f 3567//6507 3578//6507 3565//6507
f 3544//6508 3579//6508 3543//6508
f 3545//6509 3579//6509 3544//6509
f 3576//6510 3579//6510 3545//6510
f 3563//6511 3580//6511 3573//6511
f 3577//6512 3580//6512 3563//6512
f 1913//6513 1910//6513 3581//6513
f 1885//6514 3582//6514 3578//6514
f 3578//6515 3582//6515 3565//6515
f 1880//6516 3582//6516 1882//6516
f 3565//6517 3582//6517 3574//6517
f 1882//6518 3582//6518 1885//6518
f 3542//6519 3583//6519 3541//6519
f 3543//6520 3583//6520 3542//6520
f 3579//6521 3583//6521 3543//6521
f 3580//6522 3584//6522 3573//6522
f 3573//6523 3584//6523 3576//6523
f 1876//6524 3585//6524 1878//6524
f 1878//6525 3585//6525 1880//6525
f 3582//6526 3585//6526 3574//6526
f 3574//6527 3585//6527 3577//6527
f 1880//6528 3585//6528 3582//6528
f 3540//6529 3586//6529 3539//6529
f 3541//6530 3586//6530 3540//6530
f 3583//6531 3586//6531 3541//6531
f 3576//6532 3587//6532 3579//6532
f 3584//6533 3587//6533 3576//6533
f 3577//6534 3588//6534 3580//6534
f 3585//6535 3588//6535 3577//6535
f 1871//6536 3588//6536 1874//6536
f 1874//6537 3588//6537 1876//6537
f 1876//6538 3588//6538 3585//6538
f 3538//6539 3589//6539 3537//6539
f 3539//6540 3589//6540 3538//6540
f 3586//6541 3589//6541 3539//6541
f 3587//6542 3590//6542 3579//6542
f 3579//6543 3590//6543 3583//6543
f 1873//6544 3591//6544 1872//6544
f 3580//6545 3591//6545 3584//6545
f 1872//6546 3591//6546 1871//6546
f 3588//6547 3591//6547 3580//6547
f 1871//6548 3591//6548 3588//6548
f 3537//6549 3592//6549 3536//6549
f 3589//6550 3592//6550 3537//6550
f 3536//6551 3592//6551 3535//6551
f 3583//6552 3593//6552 3586//6552
f 3590//6553 3593//6553 3583//6553
f 3584//6554 3594//6554 3587//6554
f 1873//6555 3594//6555 3591//6555
f 1877//6556 3594//6556 1875//6556
f 1875//6557 3594//6557 1873//6557
f 3591//6558 3594//6558 3584//6558
f 3592//6559 3595//6559 3535//6559
f 3534//6560 3595//6560 3533//6560
f 3535//6561 3595//6561 3534//6561
f 3593//6562 3596//6562 3586//6562
f 3586//6563 3596//6563 3589//6563
f 3587//6564 3597//6564 3590//6564
f 1877//6565 3597//6565 3594//6565
f 1881//6566 3597//6566 1879//6566
f 1879//6567 3597//6567 1877//6567
f 3594//6568 3597//6568 3587//6568
f 3595//6569 3598//6569 3533//6569
f 3532//6570 3598//6570 3531//6570
f 3533//6571 3598//6571 3532//6571
f 3596//6572 3599//6572 3589//6572
f 3589//6573 3599//6573 3592//6573
f 1881//6574 3600//6574 3597//6574
f 1887//6575 3600//6575 1884//6575
f 1884//6576 3600//6576 1881//6576
f 3590//6577 3600//6577 3593//6577
f 3597//6578 3600//6578 3590//6578
f 3598//6579 3601//6579 3531//6579
f 3530//6580 3601//6580 3529//6580
f 3531//6581 3601//6581 3530//6581
f 3599//6582 3602//6582 3592//6582
f 3592//6583 3602//6583 3595//6583
f 1893//6584 3603//6584 1890//6584
f 1890//6585 3603//6585 1887//6585
f 1887//6586 3603//6586 3600//6586
f 3593//6587 3603//6587 3596//6587
f 3600//6588 3603//6588 3593//6588
f 3601//6589 3604//6589 3529//6589
f 3528//6590 3604//6590 3527//6590
f 3529//6591 3604//6591 3528//6591
f 3595//6592 3605//6592 3598//6592
f 3602//6593 3605//6593 3595//6593
f 1893//6594 3606//6594 3603//6594
f 3596//6595 3606//6595 3599//6595
f 1900//6596 3606//6596 1897//6596
f 1897//6597 3606//6597 1893//6597
f 3603//6598 3606//6598 3596//6598
f 3599//6599 3606//6599 3602//6599
f 3604//6600 3607//6600 3527//6600
f 3526//6601 3607//6601 3525//6601
f 3527//6602 3607//6602 3526//6602
f 3598//6603 3608//6603 3601//6603
f 3605//6604 3608//6604 3598//6604
f 1906//6605 3609//6605 1903//6605
f 1903//6606 3609//6606 1900//6606
f 1900//6607 3609//6607 3606//6607
f 3606//6608 3609//6608 3602//6608
f 3607//6609 3610//6609 3525//6609
f 3524//6610 3610//6610 3523//6610
f 3525//6611 3610//6611 3524//6611
f 3601//6612 3611//6612 3604//6612
f 3608//6613 3611//6613 3601//6613
f 3602//6614 3612//6614 3605//6614
f 1912//6615 3612//6615 1909//6615
f 1909//6616 3612//6616 1906//6616
f 3609//6617 3612//6617 3602//6617
f 1906//6618 3612//6618 3609//6618
f 3522//6619 3613//6619 3521//6619
f 3523//6620 3613//6620 3522//6620
f 3610//6621 3613//6621 3523//6621
f 3604//6622 3614//6622 3607//6622
f 3611//6623 3614//6623 3604//6623
f 3612//6624 3615//6624 3605//6624
f 1918//6625 3615//6625 1915//6625
f 1915//6626 3615//6626 1912//6626
f 3605//6627 3615//6627 3608//6627
f 1912//6628 3615//6628 3612//6628
f 3613//6629 3616//6629 3521//6629
f 3520//6630 3616//6630 3519//6630
f 3521//6631 3616//6631 3520//6631
f 3614//6632 3617//6632 3607//6632
f 3607//6633 3617//6633 3610//6633
f 1924//6634 3618//6634 1921//6634
f 1921//6635 3618//6635 1918//6635
f 3608//6636 3618//6636 3611//6636
f 1918//6637 3618//6637 3615//6637
f 3615//6638 3618//6638 3608//6638
f 3616//6639 3619//6639 3519//6639
f 3518//6640 3619//6640 3517//6640
f 3519//6641 3619//6641 3518//6641
f 3617//6642 3620//6642 3610//6642
f 3610//6643 3620//6643 3613//6643
f 3611//6644 3621//6644 3614//6644
f 1983//6645 3621//6645 1927//6645
f 1927//6646 3621//6646 1924//6646
f 3618//6647 3621//6647 3611//6647
f 1924//6648 3621//6648 3618//6648
f 3619//6649 3622//6649 3517//6649
f 3516//6650 3622//6650 3515//6650
f 3517//6651 3622//6651 3516//6651
f 3620//6652 3623//6652 3613//6652
f 3613//6653 3623//6653 3616//6653
f 3614//6654 3624//6654 3617//6654
f 1981//6655 3624//6655 1982//6655
f 1982//6656 3624//6656 1983//6656
f 1983//6657 3624//6657 3621//6657
f 3621//6658 3624//6658 3614//6658
f 3622//6659 3625//6659 3515//6659
f 3514//6660 3625//6660 3513//6660
f 3515//6661 3625//6661 3514//6661
f 3619//6662 3626//6662 3622//6662
f 3623//6663 3626//6663 3616//6663
f 3616//6664 3626//6664 3619//6664
f 1981//6665 3627//6665 3624//6665
f 1979//6666 3627//6666 1980//6666
f 1980//6667 3627//6667 1981//6667
f 3624//6668 3627//6668 3617//6668
f 3617//6669 3627//6669 3620//6669
f 3625//6670 3628//6670 3513//6670
f 3512//6671 3628//6671 3511//6671
f 3513//6672 3628//6672 3512//6672
f 3626//6673 3629//6673 3622//6673
f 1977//6674 3630//6674 1978//6674
f 1978//6675 3630//6675 1979//6675
f 1979//6676 3630//6676 3627//6676
f 3627//6677 3630//6677 3620//6677
f 3620//6678 3630//6678 3623//6678
f 3510//6679 3631//6679 3509//6679
f 3511//6680 3631//6680 3510//6680
f 3628//6681 3631//6681 3511//6681
f 3622//6682 3632//6682 3625//6682
f 3629//6683 3632//6683 3622//6683
f 3630//6684 3633//6684 3623//6684
f 1975//6685 3633//6685 1976//6685
f 1976//6686 3633//6686 1977//6686
f 1977//6687 3633//6687 3630//6687
f 3623//6688 3633//6688 3626//6688
f 3631//6689 3634//6689 3509//6689
f 3508//6690 3634//6690 3507//6690
f 3509//6691 3634//6691 3508//6691
f 3625//6692 3635//6692 3628//6692
f 3632//6693 3635//6693 3625//6693
f 1973//6694 3636//6694 1974//6694
f 1974//6695 3636//6695 1975//6695
f 1975//6696 3636//6696 3633//6696
f 3633//6697 3636//6697 3626//6697
f 3626//6698 3636//6698 3629//6698
f 3634//6699 3637//6699 3507//6699
f 3506//6700 3637//6700 3505//6700
f 3507//6701 3637//6701 3506//6701
f 3635//6702 3638//6702 3628//6702
f 3631//6703 3638//6703 3634//6703
f 3628//6704 3638//6704 3631//6704
f 1971//6705 3639//6705 1972//6705
f 1972//6706 3639//6706 1973//6706
f 3632//6707 3639//6707 3635//6707
f 3636//6708 3639//6708 3629//6708
f 1973//6709 3639//6709 3636//6709
f 3629//6710 3639//6710 3632//6710
f 3637//6711 3640//6711 3505//6711
f 3504//6712 3640//6712 3503//6712
f 3505//6713 3640//6713 3504//6713
f 3638//6714 3641//6714 3634//6714
f 1969//6715 3642//6715 1970//6715
f 1970//6716 3642//6716 1971//6716
f 1971//6717 3642//6717 3639//6717
f 3639//6718 3642//6718 3635//6718
f 3640//6719 3643//6719 3503//6719
f 3502//6720 3643//6720 3501//6720
f 3503//6721 3643//6721 3502//6721
f 3634//6722 3644//6722 3637//6722
f 3641//6723 3644//6723 3634//6723
f 1967//6724 3645//6724 1968//6724
f 1968//6725 3645//6725 1969//6725
f 1969//6726 3645//6726 3642//6726
f 3642//6727 3645//6727 3635//6727
f 3635//6728 3645//6728 3638//6728
f 3643//6729 3646//6729 3501//6729
f 3500//6730 3646//6730 3499//6730
f 3501//6731 3646//6731 3500//6731
f 3637//6732 3647//6732 3640//6732
f 3644//6733 3647//6733 3637//6733
f 1965//6734 3648//6734 1966//6734
f 1966//6735 3648//6735 1967//6735
f 3645//6736 3648//6736 3638//6736
f 1967//6737 3648//6737 3645//6737
f 3638//6738 3648//6738 3641//6738
f 3646//6739 3649//6739 3499//6739
f 3498//6740 3649//6740 3497//6740
f 3499//6741 3649//6741 3498//6741
f 3640//6742 3650//6742 3643//6742
f 3647//6743 3650//6743 3640//6743
f 1965//6744 3651//6744 3648//6744
f 3641//6745 3651//6745 3644//6745
f 3648//6746 3651//6746 3641//6746
f 1963//6747 3651//6747 1964//6747
f 1964//6748 3651//6748 1965//6748
f 3496//6749 3652//6749 3495//6749
f 3497//6750 3652//6750 3496//6750
f 3649//6751 3652//6751 3497//6751
f 3646//6752 3653//6752 3649//6752
f 3643//6753 3653//6753 3646//6753
f 3650//6754 3653//6754 3643//6754
f 3651//6755 3654//6755 3644//6755
f 3644//6756 3654//6756 3647//6756
f 1963//6757 3654//6757 3651//6757
f 1961//6758 3654//6758 1962//6758
f 1962//6759 3654//6759 1963//6759
f 3494//6760 3655//6760 3493//6760
f 3495//6761 3655//6761 3494//6761
f 3652//6762 3655//6762 3495//6762
f 3653//6763 3656//6763 3649//6763
f 3654//6764 3657//6764 3647//6764
f 3647//6765 3657//6765 3650//6765
f 1961//6766 3657//6766 3654//6766
f 1959//6767 3657//6767 1960//6767
f 1960//6768 3657//6768 1961//6768
f 3655//6769 3658//6769 3493//6769
f 3492//6770 3658//6770 3491//6770
f 3493//6771 3658//6771 3492//6771
f 3649//6772 3659//6772 3652//6772
f 3652//6773 3659//6773 3655//6773
f 3656//6774 3659//6774 3649//6774
f 3650//6775 3660//6775 3653//6775
f 3657//6776 3660//6776 3650//6776
f 1957//6777 3660//6777 1958//6777
f 1958//6778 3660//6778 1959//6778
f 1959//6779 3660//6779 3657//6779
f 3658//6780 3661//6780 3491//6780
f 3490//6781 3661//6781 3489//6781
f 3491//6782 3661//6782 3490//6782
f 3655//6783 3662//6783 3658//6783
f 3659//6784 3662//6784 3655//6784
f 1957//6785 3663//6785 3660//6785
f 3653//6786 3663//6786 3656//6786
f 3660//6787 3663//6787 3653//6787
f 2032//6788 3663//6788 1956//6788
f 1956//6789 3663//6789 1957//6789
f 3661//6790 3664//6790 3489//6790
f 3488//6791 3664//6791 3487//6791
f 3489//6792 3664//6792 3488//6792
f 3662//6793 3665//6793 3658//6793
f 3656//6794 3666//6794 3659//6794
f 3663//6795 3666//6795 3656//6795
f 2032//6796 3666//6796 3663//6796
f 2030//6797 3666//6797 2031//6797
f 2031//6798 3666//6798 2032//6798
f 3486//6799 3667//6799 3485//6799
f 3487//6800 3667//6800 3486//6800
f 3664//6801 3667//6801 3487//6801
f 3665//6802 3668//6802 3658//6802
f 3658//6803 3668//6803 3661//6803
f 3659//6804 3669//6804 3662//6804
f 3666//6805 3669//6805 3659//6805
f 2030//6806 3669//6806 3666//6806
f 2028//6807 3669//6807 2029//6807
f 2029//6808 3669//6808 2030//6808
f 3484//6809 3670//6809 3483//6809
f 3485//6810 3670//6810 3484//6810
f 3667//6811 3670//6811 3485//6811
f 3661//6812 3671//6812 3664//6812
f 3668//6813 3671//6813 3661//6813
f 3662//6814 3672//6814 3665//6814
f 3669//6815 3672//6815 3662//6815
f 2028//6816 3672//6816 3669//6816
f 3665//6817 3672//6817 3668//6817
f 2026//6818 3672//6818 2027//6818
f 2027//6819 3672//6819 2028//6819
f 3670//6820 3673//6820 3483//6820
f 3482//6821 3673//6821 3481//6821
f 3483//6822 3673//6822 3482//6822
f 3664//6823 3674//6823 3667//6823
f 3671//6824 3674//6824 3664//6824
f 3667//6825 3674//6825 3670//6825
f 2026//6826 3675//6826 3672//6826
f 2024//6827 3675//6827 2025//6827
f 2025//6828 3675//6828 2026//6828
f 3672//6829 3675//6829 3668//6829
f 3673//6830 3676//6830 3481//6830
f 3480//6831 3676//6831 3479//6831
f 3481//6832 3676//6832 3480//6832
f 3674//6833 3677//6833 3670//6833
f 3668//6834 3678//6834 3671//6834
f 3675//6835 3678//6835 3668//6835
f 2024//6836 3678//6836 3675//6836
f 2022//6837 3678//6837 2023//6837
f 2023//6838 3678//6838 2024//6838
f 3676//6839 3679//6839 3479//6839
f 3478//6840 3679//6840 3477//6840
f 3479//6841 3679//6841 3478//6841
f 3670//6842 3680//6842 3673//6842
f 3677//6843 3680//6843 3670//6843
f 3671//6844 3681//6844 3674//6844
f 3678//6845 3681//6845 3671//6845
f 2022//6846 3681//6846 3678//6846
f 2020//6847 3681//6847 2021//6847
f 2021//6848 3681//6848 2022//6848
f 3679//6849 3682//6849 3477//6849
f 3476//6850 3682//6850 3475//6850
f 3477//6851 3682//6851 3476//6851
f 3676//6852 3683//6852 3679//6852
f 3680//6853 3683//6853 3673//6853
f 3673//6854 3683//6854 3676//6854
f 3681//6855 3684//6855 3674//6855
f 3677//6856 3684//6856 3680//6856
f 3674//6857 3684//6857 3677//6857
f 2020//6858 3684//6858 3681//6858
f 2177//6859 3684//6859 2180//6859
f 2180//6860 3684//6860 2020//6860
f 3474//6861 3685//6861 3473//6861
f 3475//6862 3685//6862 3474//6862
f 3682//6863 3685//6863 3475//6863
f 3683//6864 3686//6864 3679//6864
f 3684//6865 3687//6865 3680//6865
f 3680//6866 3687//6866 3683//6866
f 2172//6867 3687//6867 2173//6867
f 2173//6868 3687//6868 2177//6868
f 2177//6869 3687//6869 3684//6869
f 3472//6870 3688//6870 3471//6870
f 3473//6871 3688//6871 3472//6871
f 3685//6872 3688//6872 3473//6872
f 3682//6873 3689//6873 3685//6873
f 3679//6874 3689//6874 3682//6874
f 3686//6875 3689//6875 3679//6875
f 3687//6876 3690//6876 3683//6876
f 2164//6877 3690//6877 2168//6877
f 2168//6878 3690//6878 2172//6878
f 2172//6879 3690//6879 3687//6879
f 3688//6880 3691//6880 3471//6880
f 3470//6881 3691//6881 3469//6881
f 3471//6882 3691//6882 3470//6882
f 3689//6883 3692//6883 3685//6883
f 2152//6884 3693//6884 2163//6884
f 2163//6885 3693//6885 2164//6885
f 2164//6886 3693//6886 3690//6886
f 3683//6887 3693//6887 3686//6887
f 3686//6888 3693//6888 3689//6888
f 3690//6889 3693//6889 3683//6889
f 3468//6890 3694//6890 3467//6890
f 3469//6891 3694//6891 3468//6891
f 3691//6892 3694//6892 3469//6892
f 3692//6893 3695//6893 3685//6893
f 3685//6894 3695//6894 3688//6894
f 2144//6895 3696//6895 2151//6895
f 2151//6896 3696//6896 2152//6896
f 2152//6897 3696//6897 3693//6897
f 3693//6898 3696//6898 3689//6898
f 3694//6899 3697//6899 3467//6899
f 3466//6900 3697//6900 3465//6900
f 3467//6901 3697//6901 3466//6901
f 3688//6902 3698//6902 3691//6902
f 3695//6903 3698//6903 3688//6903
f 3689//6904 3699//6904 3692//6904
f 3696//6905 3699//6905 3689//6905
f 2132//6906 3699//6906 2138//6906
f 2138//6907 3699//6907 2144//6907
f 2144//6908 3699//6908 3696//6908
f 3697//6909 3700//6909 3465//6909
f 3464//6910 3700//6910 3463//6910
f 3465//6911 3700//6911 3464//6911
f 3691//6912 3701//6912 3694//6912
f 3698//6913 3701//6913 3691//6913
f 3692//6914 3702//6914 3695//6914
f 3699//6915 3702//6915 3692//6915
f 2132//6916 3702//6916 3699//6916
f 2123//6917 3702//6917 2131//6917
f 2131//6918 3702//6918 2132//6918
f 3462//6919 3703//6919 3461//6919
f 3463//6920 3703//6920 3462//6920
f 3700//6921 3703//6921 3463//6921
f 3694//6922 3704//6922 3697//6922
f 3701//6923 3704//6923 3694//6923
f 3697//6924 3704//6924 3700//6924
f 2123//6925 3705//6925 3702//6925
f 3695//6926 3705//6926 3698//6926
f 2114//6927 3705//6927 2122//6927
f 2122//6928 3705//6928 2123//6928
f 3702//6929 3705//6929 3695//6929
f 3460//6930 3706//6930 3459//6930
f 3461//6931 3706//6931 3460//6931
f 3703//6932 3706//6932 3461//6932
f 3704//6933 3707//6933 3700//6933
f 2114//6934 3708//6934 3705//6934
f 2104//6935 3708//6935 2113//6935
f 2113//6936 3708//6936 2114//6936
f 3705//6937 3708//6937 3698//6937
f 3698//6938 3708//6938 3701//6938
f 3706//6939 3709//6939 3459//6939
f 3458//6940 3709//6940 3457//6940
f 3459//6941 3709//6941 3458//6941
f 3707//6942 3710//6942 3700//6942
f 3700//6943 3710//6943 3703//6943
f 3701//6944 3711//6944 3704//6944
f 3708//6945 3711//6945 3701//6945
f 2104//6946 3711//6946 3708//6946
f 2095//6947 3711//6947 2100//6947
f 2100//6948 3711//6948 2104//6948
f 3709//6949 3712//6949 3457//6949
f 3456//6950 3712//6950 3455//6950
f 3457//6951 3712//6951 3456//6951
f 3710//6952 3713//6952 3703//6952
f 3703//6953 3713//6953 3706//6953
f 3707//6954 3714//6954 3710//6954
f 3704//6955 3714//6955 3707//6955
f 2095//6956 3714//6956 3711//6956
f 2087//6957 3714//6957 2094//6957
f 2094//6958 3714//6958 2095//6958
f 3711//6959 3714//6959 3704//6959
f 3454//6960 3715//6960 3453//6960
f 3455//6961 3715//6961 3454//6961
f 3712//6962 3715//6962 3455//6962
f 3713//6963 3716//6963 3706//6963
f 3709//6964 3716//6964 3712//6964
f 3706//6965 3716//6965 3709//6965
f 2087//6966 3717//6966 3714//6966
f 2076//6967 3717//6967 2080//6967
f 2080//6968 3717//6968 2087//6968
f 3714//6969 3717//6969 3710//6969
f 3715//6970 3718//6970 3453//6970
f 3452//6971 3718//6971 3451//6971
f 3453//6972 3718//6972 3452//6972
f 3716//6973 3719//6973 3712//6973
f 2076//6974 3720//6974 3717//6974
f 2071//6975 3720//6975 2075//6975
f 2075//6976 3720//6976 2076//6976
f 3710//6977 3720//6977 3713//6977
f 3717//6978 3720//6978 3710//6978
f 3450//6979 3721//6979 3449//6979
f 3451//6980 3721//6980 3450//6980
f 3718//6981 3721//6981 3451//6981
f 3719//6982 3722//6982 3712//6982
f 3712//6983 3722//6983 3715//6983
f 2071//6984 3723//6984 3720//6984
f 2063//6985 3723//6985 2064//6985
f 2064//6986 3723//6986 2071//6986
f 3713//6987 3723//6987 3716//6987
f 3716//6988 3723//6988 3719//6988
f 3720//6989 3723//6989 3713//6989
f 3448//6990 3724//6990 3447//6990
f 3449//6991 3724//6991 3448//6991
f 3721//6992 3724//6992 3449//6992
f 3718//6993 3725//6993 3721//6993
f 3722//6994 3725//6994 3715//6994
f 3715//6995 3725//6995 3718//6995
f 2063//6996 3726//6996 3723//6996
f 2050//6997 3726//6997 2059//6997
f 2059//6998 3726//6998 2063//6998
f 3723//6999 3726//6999 3719//6999
f 3446//7000 3727//7000 3445//7000
f 3447//7001 3727//7001 3446//7001
f 3724//7002 3727//7002 3447//7002
f 3725//7003 3728//7003 3721//7003
f 3726//7004 3729//7004 3719//7004
f 1952//7005 3729//7005 1954//7005
f 1954//7006 3729//7006 2050//7006
f 2050//7007 3729//7007 3726//7007
f 3719//7008 3729//7008 3722//7008
f 3444//7009 3730//7009 3443//7009
f 3445//7010 3730//7010 3444//7010
f 3727//7011 3730//7011 3445//7011
f 3728//7012 3731//7012 3721//7012
f 3721//7013 3731//7013 3724//7013
f 1952//7014 3732//7014 3729//7014
f 3729//7015 3732//7015 3722//7015
f 1948//7016 3732//7016 1950//7016
f 1950//7017 3732//7017 1952//7017
f 3722//7018 3732//7018 3725//7018
f 3725//7019 3732//7019 3728//7019
f 3442//7020 3733//7020 3441//7020
f 3443//7021 3733//7021 3442//7021
f 3730//7022 3733//7022 3443//7022
f 3724//7023 3734//7023 3727//7023
f 3727//7024 3734//7024 3730//7024
f 3731//7025 3734//7025 3724//7025
f 3732//7026 3735//7026 3728//7026
f 1944//7027 3735//7027 1946//7027
f 1946//7028 3735//7028 1948//7028
f 1948//7029 3735//7029 3732//7029
f 3440//7030 3736//7030 3439//7030
f 3441//7031 3736//7031 3440//7031
f 3733//7032 3736//7032 3441//7032
f 3734//7033 3737//7033 3730//7033
f 3735//7034 3738//7034 3728//7034
f 1940//7035 3738//7035 1942//7035
f 1942//7036 3738//7036 1944//7036
f 1944//7037 3738//7037 3735//7037
f 3728//7038 3738//7038 3731//7038
f 3438//7039 3739//7039 3437//7039
f 3439//7040 3739//7040 3438//7040
f 3437//7041 3739//7041 3572//7041
f 3736//7042 3739//7042 3439//7042
f 3730//7043 3740//7043 3733//7043
f 3737//7044 3740//7044 3730//7044
f 3738//7045 3741//7045 3731//7045
f 1936//7046 3741//7046 1938//7046
f 1938//7047 3741//7047 1940//7047
f 3731//7048 3741//7048 3734//7048
f 3734//7049 3741//7049 3737//7049
f 1940//7050 3741//7050 3738//7050
f 3740//7051 3742//7051 3733//7051
f 3733//7052 3742//7052 3736//7052
f 3736//7053 3742//7053 3739//7053
f 1936//7054 3743//7054 3741//7054
f 1932//7055 3743//7055 1934//7055
f 1934//7056 3743//7056 1936//7056
f 3741//7057 3743//7057 3737//7057
f 3572//7058 3744//7058 3745//7058
f 3739//7059 3744//7059 3572//7059
f 3742//7060 3744//7060 3739//7060
f 1928//7061 3746//7061 1930//7061
f 1930//7062 3746//7062 1932//7062
f 3737//7063 3746//7063 3740//7063
f 1932//7064 3746//7064 3743//7064
f 3743//7065 3746//7065 3737//7065
f 1928//7066 3747//7066 3746//7066
f 1922//7067 3747//7067 1925//7067
f 3740//7068 3747//7068 3742//7068
f 1925//7069 3747//7069 1928//7069
f 3746//7070 3747//7070 3740//7070
f 3745//7071 3748//7071 3581//7071
f 1916//7072 3748//7072 1919//7072
f 1919//7073 3748//7073 1922//7073
f 3744//7074 3748//7074 3745//7074
f 3742//7075 3748//7075 3744//7075
f 1922//7076 3748//7076 3747//7076
f 3747//7077 3748//7077 3742//7077
f 3581//7078 3748//7078 1916//7078
f 3437//7079 3572//7079 3436//7079
f 1916//7080 1913//7080 3581//7080
f 3560//7081 3749//7081 3559//7081
f 3561//7082 3749//7082 3560//7082
f 3572//7083 3749//7083 3561//7083
f 3749//7084 3750//7084 3559//7084
f 3558//7085 3750//7085 3557//7085
f 3559//7086 3750//7086 3558//7086
f 3556//7087 3564//7087 3555//7087
f 3557//7088 3564//7088 3556//7088
f 3750//7089 3564//7089 3557//7089
f 3745//7090 3568//7090 3572//7090
f 3572//7091 3568//7091 3749//7091
f 3554//7092 3566//7092 3553//7092
f 3555//7093 3566//7093 3554//7093
f 3564//7094 3566//7094 3555//7094
f 3568//7095 3570//7095 3749//7095
f 3749//7096 3570//7096 3750//7096
f 3552//7097 3562//7097 3551//7097
f 3553//7098 3562//7098 3552//7098
f 3566//7099 3562//7099 3553//7099
f 3570//7100 3567//7100 3750//7100
f 3750//7101 3567//7101 3564//7101
f 1910//7102 3571//7102 3581//7102
f 1904//7103 3571//7103 1907//7103
f 1907//7104 3571//7104 1910//7104
f 3581//7105 3571//7105 3745//7105
f 3745//7106 3571//7106 3568//7106
f 3550//7107 3563//7107 3549//7107
f 3551//7108 3563//7108 3550//7108
f 3751//7109 3752//7109 3753//7109
f 3754//7110 3752//7110 3755//7110
f 3753//7111 3752//7111 3754//7111
f 2870//7112 3756//7112 3757//7112
f 3758//7113 3756//7113 3759//7113
f 2940//7114 3756//7114 2870//7114
f 2933//7115 3756//7115 2940//7115
f 3757//7116 3756//7116 3758//7116
f 3760//7117 3761//7117 3762//7117
f 3762//7118 3761//7118 3763//7118
f 3764//7119 3765//7119 3766//7119
f 3755//7120 3761//7120 3760//7120
f 3767//7121 3768//7121 3769//7121
f 3769//7122 3768//7122 3751//7122
f 3751//7123 3768//7123 3752//7123
f 3752//7124 3770//7124 3755//7124
f 2932//7125 3771//7125 2933//7125
f 2928//7126 3771//7126 2932//7126
f 2933//7127 3771//7127 3756//7127
f 3756//7128 3771//7128 3759//7128
f 3759//7129 3771//7129 3767//7129
f 3761//7130 3772//7130 3763//7130
f 3763//7131 3772//7131 3773//7131
f 3773//7132 3772//7132 3774//7132
f 3768//7133 3775//7133 3752//7133
f 3770//7134 3776//7134 3755//7134
f 3755//7135 3776//7135 3761//7135
f 2924//7136 3777//7136 2928//7136
f 2919//7137 3777//7137 2924//7137
f 3771//7138 3777//7138 3767//7138
f 3767//7139 3777//7139 3768//7139
f 2928//7140 3777//7140 3771//7140
f 3774//7141 3778//7141 3779//7141
f 3779//7142 3778//7142 3780//7142
f 3772//7143 3778//7143 3774//7143
f 2852//7144 2855//7144 3781//7144
f 3775//7145 3782//7145 3752//7145
f 3752//7146 3782//7146 3770//7146
f 3776//7147 3783//7147 3761//7147
f 3761//7148 3783//7148 3772//7148
f 2918//7149 3784//7149 2919//7149
f 2922//7150 3784//7150 2918//7150
f 2919//7151 3784//7151 3777//7151
f 3777//7152 3784//7152 3768//7152
f 3768//7153 3784//7153 3775//7153
f 3778//7154 3785//7154 3780//7154
f 3780//7155 3785//7155 3786//7155
f 3786//7156 3785//7156 3787//7156
f 3782//7157 3788//7157 3770//7157
f 3770//7158 3788//7158 3776//7158
f 3772//7159 3789//7159 3778//7159
f 3783//7160 3789//7160 3772//7160
f 2926//7161 3790//7161 2922//7161
f 2930//7162 3790//7162 2926//7162
f 3784//7163 3790//7163 3775//7163
f 2922//7164 3790//7164 3784//7164
f 3775//7165 3790//7165 3782//7165
f 3785//7166 3791//7166 3787//7166
f 3787//7167 3791//7167 3792//7167
f 3792//7168 3791//7168 3793//7168
f 3788//7169 3794//7169 3776//7169
f 3776//7170 3794//7170 3783//7170
f 3785//7171 3795//7171 3791//7171
f 3778//7172 3795//7172 3785//7172
f 3789//7173 3795//7173 3778//7173
f 3782//7174 3796//7174 3788//7174
f 2930//7175 3796//7175 3790//7175
f 2935//7176 3796//7176 2930//7176
f 2938//7177 3796//7177 2935//7177
f 3790//7178 3796//7178 3782//7178
f 3788//7179 3796//7179 3794//7179
f 3793//7180 3797//7180 3798//7180
f 3798//7181 3797//7181 3799//7181
f 3791//7182 3797//7182 3793//7182
f 3783//7183 3800//7183 3789//7183
f 3794//7184 3800//7184 3783//7184
f 3795//7185 3801//7185 3791//7185
f 3794//7186 3802//7186 3800//7186
f 2942//7187 3802//7187 2938//7187
f 2943//7188 3802//7188 2942//7188
f 2938//7189 3802//7189 3796//7189
f 3796//7190 3802//7190 3794//7190
f 3799//7191 3803//7191 3804//7191
f 3804//7192 3803//7192 3805//7192
f 3797//7193 3803//7193 3799//7193
f 3800//7194 3806//7194 3789//7194
f 3795//7195 3806//7195 3801//7195
f 3789//7196 3806//7196 3795//7196
f 3801//7197 3807//7197 3791//7197
f 3791//7198 3807//7198 3797//7198
f 2950//7199 3808//7199 2943//7199
f 2953//7200 3808//7200 2950//7200
f 3800//7201 3808//7201 3806//7201
f 2943//7202 3808//7202 3802//7202
f 3802//7203 3808//7203 3800//7203
f 3803//7204 3809//7204 3805//7204
f 3805//7205 3809//7205 3810//7205
f 3810//7206 3809//7206 3811//7206
f 3806//7207 3812//7207 3801//7207
f 3797//7208 3813//7208 3803//7208
f 3803//7209 3813//7209 3809//7209
f 3807//7210 3813//7210 3797//7210
f 2958//7211 3814//7211 2953//7211
f 2959//7212 3814//7212 2958//7212
f 3808//7213 3814//7213 3806//7213
f 2953//7214 3814//7214 3808//7214
f 3811//7215 3815//7215 3816//7215
f 3816//7216 3815//7216 3817//7216
f 3809//7217 3815//7217 3811//7217
f 3812//7218 3818//7218 3801//7218
f 3801//7219 3818//7219 3807//7219
f 3809//7220 3819//7220 3815//7220
f 3813//7221 3819//7221 3809//7221
f 3806//7222 3820//7222 3812//7222
f 2965//7223 3820//7223 2959//7223
f 2970//7224 3820//7224 2965//7224
f 3814//7225 3820//7225 3806//7225
f 2959//7226 3820//7226 3814//7226
f 3815//7227 3821//7227 3817//7227
f 3817//7228 3821//7228 3822//7228
f 3822//7229 3821//7229 3823//7229
f 3807//7230 3824//7230 3813//7230
f 3818//7231 3824//7231 3807//7231
f 3813//7232 3824//7232 3819//7232
f 3819//7233 3825//7233 3815//7233
f 3812//7234 3826//7234 3818//7234
f 3820//7235 3826//7235 3812//7235
f 2973//7236 3826//7236 2970//7236
f 2974//7237 3826//7237 2973//7237
f 2970//7238 3826//7238 3820//7238
f 3821//7239 3827//7239 3823//7239
f 3823//7240 3827//7240 3828//7240
f 3828//7241 3827//7241 3829//7241
f 3824//7242 3830//7242 3819//7242
f 3815//7243 3831//7243 3821//7243
f 3825//7244 3831//7244 3815//7244
f 2982//7245 3832//7245 2974//7245
f 2985//7246 3832//7246 2982//7246
f 2974//7247 3832//7247 3826//7247
f 3826//7248 3832//7248 3818//7248
f 3824//7249 3832//7249 3830//7249
f 3818//7250 3832//7250 3824//7250
f 3827//7251 3833//7251 3829//7251
f 3829//7252 3833//7252 3834//7252
f 3834//7253 3833//7253 3835//7253
f 3830//7254 3836//7254 3819//7254
f 3819//7255 3836//7255 3825//7255
f 3827//7256 3837//7256 3833//7256
f 3821//7257 3837//7257 3827//7257
f 3831//7258 3837//7258 3821//7258
f 3832//7259 3838//7259 3830//7259
f 2990//7260 3838//7260 2985//7260
f 2991//7261 3838//7261 2990//7261
f 2985//7262 3838//7262 3832//7262
f 3833//7263 3839//7263 3835//7263
f 3835//7264 3839//7264 3840//7264
f 3840//7265 3839//7265 3841//7265
f 3825//7266 3842//7266 3831//7266
f 3836//7267 3842//7267 3825//7267
f 3837//7268 3843//7268 3833//7268
f 3836//7269 3844//7269 3842//7269
f 2998//7270 3844//7270 2991//7270
f 3002//7271 3844//7271 2998//7271
f 2991//7272 3844//7272 3838//7272
f 3830//7273 3844//7273 3836//7273
f 3838//7274 3844//7274 3830//7274
f 3839//7275 3845//7275 3841//7275
f 3841//7276 3845//7276 3846//7276
f 3846//7277 3845//7277 3847//7277
f 3831//7278 3848//7278 3837//7278
f 3842//7279 3848//7279 3831//7279
f 3843//7280 3849//7280 3833//7280
f 3833//7281 3849//7281 3839//7281
f 3005//7282 3850//7282 3002//7282
f 3009//7283 3850//7283 3005//7283
f 3844//7284 3850//7284 3842//7284
f 3002//7285 3850//7285 3844//7285
f 3842//7286 3850//7286 3848//7286
f 3847//7287 3851//7287 3852//7287
f 3852//7288 3851//7288 3853//7288
f 3845//7289 3851//7289 3847//7289
f 3848//7290 3854//7290 3837//7290
f 3837//7291 3854//7291 3843//7291
f 3839//7292 3855//7292 3845//7292
f 3849//7293 3855//7293 3839//7293
f 3010//7294 3856//7294 3009//7294
f 3018//7295 3856//7295 3010//7295
f 3009//7296 3856//7296 3850//7296
f 3850//7297 3856//7297 3848//7297
f 3851//7298 3857//7298 3853//7298
f 3853//7299 3857//7299 3858//7299
f 3858//7300 3857//7300 3859//7300
f 3843//7301 3860//7301 3849//7301
f 3854//7302 3860//7302 3843//7302
f 3849//7303 3860//7303 3855//7303
f 3855//7304 3861//7304 3845//7304
f 3845//7305 3861//7305 3851//7305
f 3018//7306 3862//7306 3856//7306
f 3019//7307 3862//7307 3018//7307
f 3025//7308 3862//7308 3019//7308
f 3848//7309 3862//7309 3854//7309
f 3856//7310 3862//7310 3848//7310
f 3859//7311 3863//7311 3864//7311
f 3864//7312 3863//7312 3865//7312
f 3857//7313 3863//7313 3859//7313
f 3860//7314 3866//7314 3855//7314
f 3851//7315 3867//7315 3857//7315
f 3861//7316 3867//7316 3851//7316
f 3860//7317 3868//7317 3866//7317
f 3025//7318 3868//7318 3862//7318
f 3029//7319 3868//7319 3025//7319
f 3034//7320 3868//7320 3029//7320
f 3854//7321 3868//7321 3860//7321
f 3862//7322 3868//7322 3854//7322
f 3863//7323 3869//7323 3865//7323
f 3865//7324 3869//7324 3870//7324
f 3870//7325 3869//7325 3871//7325
f 3855//7326 3872//7326 3861//7326
f 3866//7327 3872//7327 3855//7327
f 3867//7328 3873//7328 3857//7328
f 3857//7329 3873//7329 3863//7329
f 3038//7330 3874//7330 3034//7330
f 3041//7331 3874//7331 3038//7331
f 3034//7332 3874//7332 3868//7332
f 3868//7333 3874//7333 3866//7333
f 3871//7334 3875//7334 3876//7334
f 3876//7335 3875//7335 3877//7335
f 3869//7336 3875//7336 3871//7336
f 3867//7337 3878//7337 3873//7337
f 3861//7338 3878//7338 3867//7338
f 3872//7339 3878//7339 3861//7339
f 3863//7340 3879//7340 3869//7340
f 3873//7341 3879//7341 3863//7341
f 3866//7342 3880//7342 3872//7342
f 3041//7343 3880//7343 3874//7343
f 3042//7344 3880//7344 3041//7344
f 3046//7345 3880//7345 3042//7345
f 3874//7346 3880//7346 3866//7346
f 3875//7347 3881//7347 3877//7347
f 3877//7348 3881//7348 3882//7348
f 3882//7349 3881//7349 3883//7349
f 3873//7350 3884//7350 3879//7350
f 3878//7351 3884//7351 3873//7351
f 3879//7352 3885//7352 3869//7352
f 3869//7353 3885//7353 3875//7353
f 3880//7354 3886//7354 3872//7354
f 3872//7355 3886//7355 3878//7355
f 3046//7356 3886//7356 3880//7356
f 3050//7357 3886//7357 3046//7357
f 3057//7358 3886//7358 3050//7358
f 3881//7359 3887//7359 3883//7359
f 3883//7360 3887//7360 3888//7360
f 3888//7361 3887//7361 3889//7361
f 3884//7362 3890//7362 3879//7362
f 3875//7363 3891//7363 3881//7363
f 3885//7364 3891//7364 3875//7364
f 3881//7365 3891//7365 3887//7365
f 3878//7366 3892//7366 3884//7366
f 3886//7367 3892//7367 3878//7367
f 3057//7368 3892//7368 3886//7368
f 3884//7369 3892//7369 3890//7369
f 3062//7370 3892//7370 3057//7370
f 3065//7371 3892//7371 3062//7371
f 3887//7372 3893//7372 3889//7372
f 3889//7373 3893//7373 3894//7373
f 3894//7374 3893//7374 3895//7374
f 3879//7375 3896//7375 3885//7375
f 3890//7376 3896//7376 3879//7376
f 3891//7377 3897//7377 3887//7377
f 3892//7378 3898//7378 3890//7378
f 3065//7379 3898//7379 3892//7379
f 2901//7380 3898//7380 3065//7380
f 2900//7381 3898//7381 2901//7381
f 3893//7382 3899//7382 3895//7382
f 3895//7383 3899//7383 3900//7383
f 3900//7384 3899//7384 3901//7384
f 3896//7385 3902//7385 3885//7385
f 3885//7386 3902//7386 3891//7386
f 3897//7387 3903//7387 3887//7387
f 3887//7388 3903//7388 3893//7388
f 3898//7389 3904//7389 3890//7389
f 3890//7390 3904//7390 3896//7390
f 2902//7391 3904//7391 2900//7391
f 2903//7392 3904//7392 2902//7392
f 2900//7393 3904//7393 3898//7393
f 3899//7394 3905//7394 3901//7394
f 3901//7395 3905//7395 3906//7395
f 3906//7396 3905//7396 3907//7396
f 3902//7397 3908//7397 3891//7397
f 3891//7398 3908//7398 3897//7398
f 3893//7399 3909//7399 3899//7399
f 3903//7400 3909//7400 3893//7400
f 3899//7401 3909//7401 3905//7401
f 3904//7402 3910//7402 3896//7402
f 3896//7403 3910//7403 3902//7403
f 2904//7404 3910//7404 2903//7404
f 2905//7405 3910//7405 2904//7405
f 2903//7406 3910//7406 3904//7406
f 3905//7407 3911//7407 3907//7407
f 3907//7408 3911//7408 3912//7408
f 3912//7409 3911//7409 3913//7409
f 3897//7410 3914//7410 3903//7410
f 3908//7411 3914//7411 3897//7411
f 3903//7412 3914//7412 3909//7412
f 3909//7413 3915//7413 3905//7413
f 3902//7414 3916//7414 3908//7414
f 3910//7415 3916//7415 3902//7415
f 2906//7416 3916//7416 2905//7416
f 2907//7417 3916//7417 2906//7417
f 3908//7418 3916//7418 3914//7418
f 2905//7419 3916//7419 3910//7419
f 3917//7420 3918//7420 3919//7420
f 3911//7421 3918//7421 3913//7421
f 3913//7422 3918//7422 3917//7422
f 3914//7423 3920//7423 3909//7423
f 3905//7424 3921//7424 3911//7424
f 3915//7425 3921//7425 3905//7425
f 2908//7426 3922//7426 2907//7426
f 2909//7427 3922//7427 2908//7427
f 2907//7428 3922//7428 3916//7428
f 3916//7429 3922//7429 3914//7429
f 3919//7430 3923//7430 3924//7430
f 3924//7431 3923//7431 3925//7431
f 3918//7432 3923//7432 3919//7432
f 3909//7433 3926//7433 3915//7433
f 3920//7434 3926//7434 3909//7434
f 3921//7435 3927//7435 3911//7435
f 3918//7436 3927//7436 3923//7436
f 3911//7437 3927//7437 3918//7437
f 3914//7438 3928//7438 3920//7438
f 3922//7439 3928//7439 3914//7439
f 2910//7440 3928//7440 2909//7440
f 2911//7441 3928//7441 2910//7441
f 2909//7442 3928//7442 3922//7442
f 3925//7443 3929//7443 3930//7443
f 3923//7444 3929//7444 3925//7444
f 3930//7445 3929//7445 3931//7445
f 3915//7446 3932//7446 3921//7446
f 3926//7447 3932//7447 3915//7447
f 3927//7448 3933//7448 3923//7448
f 3920//7449 3934//7449 3926//7449
f 2911//7450 3934//7450 3928//7450
f 2912//7451 3934//7451 2911//7451
f 2913//7452 3934//7452 2912//7452
f 3928//7453 3934//7453 3920//7453
f 3931//7454 3935//7454 3936//7454
f 3936//7455 3935//7455 3937//7455
f 3929//7456 3935//7456 3931//7456
f 3921//7457 3938//7457 3927//7457
f 3932//7458 3938//7458 3921//7458
f 3923//7459 3939//7459 3929//7459
f 3933//7460 3939//7460 3923//7460
f 3926//7461 3940//7461 3932//7461
f 2913//7462 3940//7462 3934//7462
f 3932//7463 3940//7463 3938//7463
f 2914//7464 3940//7464 2913//7464
f 2915//7465 3940//7465 2914//7465
f 3934//7466 3940//7466 3926//7466
f 3937//7467 3941//7467 3942//7467
f 3942//7468 3941//7468 3943//7468
f 3935//7469 3941//7469 3937//7469
f 3927//7470 3944//7470 3933//7470
f 3938//7471 3944//7471 3927//7471
f 3939//7472 3945//7472 3929//7472
f 3929//7473 3945//7473 3935//7473
f 3940//7474 3946//7474 3938//7474
f 3938//7475 3946//7475 3944//7475
f 2915//7476 3946//7476 3940//7476
f 2916//7477 3946//7477 2915//7477
f 2872//7478 3946//7478 2916//7478
f 3943//7479 3947//7479 3948//7479
f 3948//7480 3947//7480 3949//7480
f 3941//7481 3947//7481 3943//7481
f 3933//7482 3950//7482 3939//7482
f 3944//7483 3950//7483 3933//7483
f 3945//7484 3951//7484 3935//7484
f 3935//7485 3951//7485 3941//7485
f 3946//7486 3952//7486 3944//7486
f 2872//7487 3952//7487 3946//7487
f 2871//7488 3952//7488 2872//7488
f 2873//7489 3952//7489 2871//7489
f 3949//7490 3953//7490 3954//7490
f 3954//7491 3953//7491 3955//7491
f 3947//7492 3953//7492 3949//7492
f 3939//7493 3956//7493 3945//7493
f 3950//7494 3956//7494 3939//7494
f 3941//7495 3957//7495 3947//7495
f 3947//7496 3957//7496 3953//7496
f 3951//7497 3957//7497 3941//7497
f 3950//7498 3958//7498 3956//7498
f 3944//7499 3958//7499 3950//7499
f 2873//7500 3958//7500 3952//7500
f 2874//7501 3958//7501 2873//7501
f 2875//7502 3958//7502 2874//7502
f 3952//7503 3958//7503 3944//7503
f 3955//7504 3959//7504 3960//7504
f 3960//7505 3959//7505 3961//7505
f 3953//7506 3959//7506 3955//7506
f 3945//7507 3962//7507 3951//7507
f 3956//7508 3962//7508 3945//7508
f 3953//7509 3963//7509 3959//7509
f 3957//7510 3963//7510 3953//7510
f 3958//7511 3964//7511 3956//7511
f 3956//7512 3964//7512 3962//7512
f 2876//7513 3964//7513 2875//7513
f 2877//7514 3964//7514 2876//7514
f 2875//7515 3964//7515 3958//7515
f 3961//7516 3965//7516 3966//7516
f 3966//7517 3965//7517 3967//7517
f 3959//7518 3965//7518 3961//7518
f 3951//7519 3968//7519 3957//7519
f 3962//7520 3968//7520 3951//7520
f 3963//7521 3969//7521 3959//7521
f 3964//7522 3970//7522 3962//7522
f 2878//7523 3970//7523 2877//7523
f 2879//7524 3970//7524 2878//7524
f 3962//7525 3970//7525 3968//7525
f 2877//7526 3970//7526 3964//7526
f 3967//7527 3971//7527 3972//7527
f 3972//7528 3971//7528 3973//7528
f 3965//7529 3971//7529 3967//7529
f 3968//7530 3974//7530 3957//7530
f 3957//7531 3974//7531 3963//7531
f 3959//7532 3975//7532 3965//7532
f 3965//7533 3975//7533 3971//7533
f 3969//7534 3975//7534 3959//7534
f 2879//7535 3976//7535 3970//7535
f 2880//7536 3976//7536 2879//7536
f 2881//7537 3976//7537 2880//7537
f 3970//7538 3976//7538 3968//7538
f 3968//7539 3976//7539 3974//7539
f 3973//7540 3977//7540 3978//7540
f 3978//7541 3977//7541 3979//7541
f 3971//7542 3977//7542 3973//7542
f 3963//7543 3980//7543 3969//7543
f 3969//7544 3980//7544 3975//7544
f 3974//7545 3980//7545 3963//7545
f 3975//7546 3981//7546 3971//7546
f 2881//7547 3982//7547 3976//7547
f 2882//7548 3982//7548 2881//7548
f 2883//7549 3982//7549 2882//7549
f 3976//7550 3982//7550 3974//7550
f 3979//7551 3983//7551 3984//7551
f 3984//7552 3983//7552 3985//7552
f 3977//7553 3983//7553 3979//7553
f 3980//7554 3986//7554 3975//7554
f 3981//7555 3987//7555 3971//7555
f 3971//7556 3987//7556 3977//7556
f 3974//7557 3988//7557 3980//7557
f 2883//7558 3988//7558 3982//7558
f 3982//7559 3988//7559 3974//7559
f 2884//7560 3988//7560 2883//7560
f 2885//7561 3988//7561 2884//7561
f 3985//7562 3989//7562 3990//7562
f 3990//7563 3989//7563 3991//7563
f 3983//7564 3989//7564 3985//7564
f 3975//7565 3992//7565 3981//7565
f 3986//7566 3992//7566 3975//7566
f 3977//7567 3993//7567 3983//7567
f 3987//7568 3993//7568 3977//7568
f 3980//7569 3994//7569 3986//7569
f 3986//7570 3994//7570 3992//7570
f 2885//7571 3994//7571 3988//7571
f 3988//7572 3994//7572 3980//7572
f 2886//7573 3994//7573 2885//7573
f 2887//7574 3994//7574 2886//7574
f 3991//7575 3995//7575 3996//7575
f 3996//7576 3995//7576 3997//7576
f 3989//7577 3995//7577 3991//7577
f 3987//7578 3998//7578 3993//7578
f 3992//7579 3998//7579 3981//7579
f 3981//7580 3998//7580 3987//7580
f 3989//7581 3999//7581 3995//7581
f 3983//7582 3999//7582 3989//7582
f 3993//7583 3999//7583 3983//7583
f 3992//7584 4000//7584 3998//7584
f 3994//7585 4000//7585 3992//7585
f 2887//7586 4000//7586 3994//7586
f 2888//7587 4000//7587 2887//7587
f 2889//7588 4000//7588 2888//7588
f 3997//7589 4001//7589 4002//7589
f 4002//7590 4001//7590 4003//7590
f 3995//7591 4001//7591 3997//7591
f 3998//7592 4004//7592 3993//7592
f 3999//7593 4005//7593 3995//7593
f 4000//7594 4006//7594 3998//7594
f 2889//7595 4006//7595 4000//7595
f 2890//7596 4006//7596 2889//7596
f 2891//7597 4006//7597 2890//7597
f 4003//7598 4007//7598 4008//7598
f 4008//7599 4007//7599 4009//7599
f 4001//7600 4007//7600 4003//7600
f 4004//7601 4010//7601 3993//7601
f 3993//7602 4010//7602 3999//7602
f 3995//7603 4011//7603 4001//7603
f 4005//7604 4011//7604 3995//7604
f 4006//7605 4012//7605 3998//7605
f 3998//7606 4012//7606 4004//7606
f 2891//7607 4012//7607 4006//7607
f 2892//7608 4012//7608 2891//7608
f 2893//7609 4012//7609 2892//7609
f 4007//7610 4013//7610 4009//7610
f 4009//7611 4013//7611 4014//7611
f 4014//7612 4013//7612 4015//7612
f 4010//7613 4016//7613 3999//7613
f 3999//7614 4016//7614 4005//7614
f 4011//7615 4017//7615 4001//7615
f 4001//7616 4017//7616 4007//7616
f 4012//7617 4018//7617 4004//7617
f 4004//7618 4018//7618 4010//7618
f 2893//7619 4018//7619 4012//7619
f 2894//7620 4018//7620 2893//7620
f 2895//7621 4018//7621 2894//7621
f 4013//7622 4019//7622 4015//7622
f 4015//7623 4019//7623 4020//7623
f 4020//7624 4019//7624 4021//7624
f 4016//7625 4022//7625 4005//7625
f 4005//7626 4022//7626 4011//7626
f 4013//7627 4023//7627 4019//7627
f 4007//7628 4023//7628 4013//7628
f 4017//7629 4023//7629 4007//7629
f 4010//7630 4024//7630 4016//7630
f 4018//7631 4024//7631 4010//7631
f 2896//7632 4024//7632 2895//7632
f 2897//7633 4024//7633 2896//7633
f 2895//7634 4024//7634 4018//7634
f 4019//7635 4025//7635 4021//7635
f 4021//7636 4025//7636 4026//7636
f 4026//7637 4025//7637 4027//7637
f 4011//7638 4028//7638 4017//7638
f 4022//7639 4028//7639 4011//7639
f 4023//7640 4029//7640 4019//7640
f 2897//7641 4030//7641 4024//7641
f 4022//7642 4030//7642 4028//7642
f 4024//7643 4030//7643 4016//7643
f 4016//7644 4030//7644 4022//7644
f 2898//7645 4030//7645 2897//7645
f 2899//7646 4030//7646 2898//7646
f 4027//7647 4031//7647 4032//7647
f 4032//7648 4031//7648 4033//7648
f 4025//7649 4031//7649 4027//7649
f 4028//7650 4034//7650 4017//7650
f 4017//7651 4034//7651 4023//7651
f 4029//7652 4035//7652 4019//7652
f 4019//7653 4035//7653 4025//7653
f 2837//7654 4036//7654 2842//7654
f 2899//7655 4036//7655 4030//7655
f 4030//7656 4036//7656 4028//7656
f 2842//7657 4036//7657 2899//7657
f 4033//7658 4037//7658 4038//7658
f 4038//7659 4037//7659 4039//7659
f 4031//7660 4037//7660 4033//7660
f 4023//7661 4040//7661 4029//7661
f 4034//7662 4040//7662 4023//7662
f 4025//7663 4041//7663 4031//7663
f 4035//7664 4041//7664 4025//7664
f 4031//7665 4041//7665 4037//7665
f 2833//7666 4042//7666 2837//7666
f 2830//7667 4042//7667 2833//7667
f 2837//7668 4042//7668 4036//7668
f 4036//7669 4042//7669 4028//7669
f 4028//7670 4042//7670 4034//7670
f 4037//7671 4043//7671 4039//7671
f 4039//7672 4043//7672 4044//7672
f 4044//7673 4043//7673 4045//7673
f 4040//7674 4046//7674 4029//7674
f 4029//7675 4046//7675 4035//7675
f 4041//7676 4047//7676 4037//7676
f 2825//7677 4048//7677 2830//7677
f 2822//7678 4048//7678 2825//7678
f 2830//7679 4048//7679 4042//7679
f 4040//7680 4048//7680 4046//7680
f 4034//7681 4048//7681 4040//7681
f 4042//7682 4048//7682 4034//7682
f 4045//7683 4049//7683 4050//7683
f 4050//7684 4049//7684 4051//7684
f 4043//7685 4049//7685 4045//7685
f 4035//7686 4052//7686 4041//7686
f 4046//7687 4052//7687 4035//7687
f 4037//7688 4053//7688 4043//7688
f 4047//7689 4053//7689 4037//7689
f 2818//7690 4054//7690 2822//7690
f 2814//7691 4054//7691 2818//7691
f 2822//7692 4054//7692 4048//7692
f 4048//7693 4054//7693 4046//7693
f 4051//7694 4055//7694 4056//7694
f 4056//7695 4055//7695 4057//7695
f 4049//7696 4055//7696 4051//7696
f 4047//7697 4058//7697 4053//7697
f 4041//7698 4058//7698 4047//7698
f 4052//7699 4058//7699 4041//7699
f 4043//7700 4059//7700 4049//7700
f 4053//7701 4059//7701 4043//7701
f 2810//7702 4060//7702 2814//7702
f 2806//7703 4060//7703 2810//7703
f 2814//7704 4060//7704 4054//7704
f 4046//7705 4060//7705 4052//7705
f 4054//7706 4060//7706 4046//7706
f 4057//7707 4061//7707 4062//7707
f 4062//7708 4061//7708 4063//7708
f 4055//7709 4061//7709 4057//7709
f 4058//7710 4064//7710 4053//7710
f 4049//7711 4065//7711 4055//7711
f 4059//7712 4065//7712 4049//7712
f 2801//7713 4066//7713 2806//7713
f 2805//7714 4066//7714 2801//7714
f 2806//7715 4066//7715 4060//7715
f 4052//7716 4066//7716 4058//7716
f 4060//7717 4066//7717 4052//7717
f 4061//7718 4067//7718 4063//7718
f 4063//7719 4067//7719 4068//7719
f 4068//7720 4067//7720 4069//7720
f 4053//7721 4070//7721 4059//7721
f 4064//7722 4070//7722 4053//7722
f 4055//7723 4071//7723 4061//7723
f 4065//7724 4071//7724 4055//7724
f 2807//7725 4072//7725 2805//7725
f 2813//7726 4072//7726 2807//7726
f 2805//7727 4072//7727 4066//7727
f 4058//7728 4072//7728 4064//7728
f 4066//7729 4072//7729 4058//7729
f 4064//7730 4072//7730 4070//7730
f 4067//7731 4073//7731 4069//7731
f 4069//7732 4073//7732 4074//7732
f 4074//7733 4073//7733 4075//7733
f 4070//7734 4076//7734 4059//7734
f 4059//7735 4076//7735 4065//7735
f 4067//7736 4077//7736 4073//7736
f 4071//7737 4077//7737 4061//7737
f 4061//7738 4077//7738 4067//7738
f 4072//7739 4078//7739 4070//7739
f 2816//7740 4078//7740 2813//7740
f 2819//7741 4078//7741 2816//7741
f 2813//7742 4078//7742 4072//7742
f 4073//7743 4079//7743 4075//7743
f 4080//7744 4079//7744 3765//7744
f 4075//7745 4079//7745 4081//7745
f 4081//7746 4079//7746 4080//7746
f 4065//7747 4082//7747 4071//7747
f 4076//7748 4082//7748 4065//7748
f 4077//7749 4083//7749 4073//7749
f 4078//7750 4084//7750 4070//7750
f 2824//7751 4084//7751 2819//7751
f 2827//7752 4084//7752 2824//7752
f 2819//7753 4084//7753 4078//7753
f 4070//7754 4084//7754 4076//7754
f 4077//7755 4085//7755 4083//7755
f 4071//7756 4085//7756 4077//7756
f 4082//7757 4085//7757 4071//7757
f 4079//7758 4086//7758 3765//7758
f 4083//7759 4086//7759 4073//7759
f 4073//7760 4086//7760 4079//7760
f 3765//7761 4086//7761 4087//7761
f 2827//7762 4088//7762 4084//7762
f 2832//7763 4088//7763 2827//7763
f 2835//7764 4088//7764 2832//7764
f 4084//7765 4088//7765 4076//7765
f 4076//7766 4088//7766 4082//7766
f 4085//7767 4089//7767 4083//7767
f 2839//7768 4090//7768 2835//7768
f 2843//7769 4090//7769 2839//7769
f 2835//7770 4090//7770 4088//7770
f 4082//7771 4090//7771 4085//7771
f 4088//7772 4090//7772 4082//7772
f 4086//7773 4091//7773 4087//7773
f 4083//7774 4091//7774 4086//7774
f 4087//7775 4091//7775 4092//7775
f 4092//7776 4091//7776 3781//7776
f 4089//7777 4091//7777 4083//7777
f 2844//7778 4093//7778 2843//7778
f 2847//7779 4093//7779 2844//7779
f 2843//7780 4093//7780 4090//7780
f 4090//7781 4093//7781 4085//7781
f 4085//7782 4093//7782 4089//7782
f 2849//7783 4094//7783 2847//7783
f 2850//7784 4094//7784 2849//7784
f 4091//7785 4094//7785 3781//7785
f 2847//7786 4094//7786 4093//7786
f 4089//7787 4094//7787 4091//7787
f 4093//7788 4094//7788 4089//7788
f 3781//7789 4094//7789 2850//7789
f 4080//7790 3765//7790 3764//7790
f 2850//7791 2852//7791 3781//7791
f 3766//7792 4095//7792 4096//7792
f 4096//7793 4095//7793 4097//7793
f 3765//7794 4095//7794 3766//7794
f 4095//7795 4098//7795 4097//7795
f 4097//7796 4098//7796 4099//7796
f 4099//7797 4098//7797 4100//7797
f 3765//7798 4101//7798 4095//7798
f 4087//7799 4101//7799 3765//7799
f 4100//7800 4102//7800 4103//7800
f 4103//7801 4102//7801 4104//7801
f 4098//7802 4102//7802 4100//7802
f 4101//7803 4105//7803 4095//7803
f 4095//7804 4105//7804 4098//7804
f 4102//7805 4106//7805 4104//7805
f 4104//7806 4106//7806 4107//7806
f 4107//7807 4106//7807 4108//7807
f 4092//7808 4109//7808 4087//7808
f 4087//7809 4109//7809 4101//7809
f 4098//7810 4110//7810 4102//7810
f 4105//7811 4110//7811 4098//7811
f 4106//7812 4111//7812 4108//7812
f 4108//7813 4111//7813 4112//7813
f 4112//7814 4111//7814 4113//7814
f 4101//7815 4114//7815 4105//7815
f 4109//7816 4114//7816 4101//7816
f 4110//7817 4115//7817 4102//7817
f 4102//7818 4115//7818 4106//7818
f 2856//7819 4116//7819 2855//7819
f 2858//7820 4116//7820 2856//7820
f 3781//7821 4116//7821 4092//7821
f 4092//7822 4116//7822 4109//7822
f 2855//7823 4116//7823 3781//7823
f 4113//7824 4117//7824 4118//7824
f 4118//7825 4117//7825 4119//7825
f 4111//7826 4117//7826 4113//7826
f 4105//7827 4120//7827 4110//7827
f 4114//7828 4120//7828 4105//7828
f 4115//7829 4121//7829 4106//7829
f 4106//7830 4121//7830 4111//7830
f 4111//7831 4121//7831 4117//7831
f 2860//7832 4122//7832 2858//7832
f 2862//7833 4122//7833 2860//7833
f 2858//7834 4122//7834 4116//7834
f 4116//7835 4122//7835 4109//7835
f 4109//7836 4122//7836 4114//7836
f 4119//7837 3753//7837 4123//7837
f 4123//7838 3753//7838 4124//7838
f 4117//7839 3753//7839 4119//7839
f 4110//7840 3758//7840 4115//7840
f 4120//7841 3758//7841 4110//7841
f 4121//7842 3769//7842 4117//7842
f 2864//7843 4125//7843 2862//7843
f 2866//7844 4125//7844 2864//7844
f 2862//7845 4125//7845 4122//7845
f 4122//7846 4125//7846 4114//7846
f 4114//7847 4125//7847 4120//7847
f 3753//7848 3754//7848 4124//7848
f 4124//7849 3754//7849 4126//7849
f 4126//7850 3754//7850 4127//7850
f 4115//7851 3759//7851 4121//7851
f 3758//7852 3759//7852 4115//7852
f 3769//7853 3751//7853 4117//7853
f 4117//7854 3751//7854 3753//7854
f 2868//7855 3757//7855 2866//7855
f 2870//7856 3757//7856 2868//7856
f 2866//7857 3757//7857 4125//7857
f 4125//7858 3757//7858 4120//7858
f 4120//7859 3757//7859 3758//7859
f 4127//7860 3755//7860 4128//7860
f 4128//7861 3755//7861 3760//7861
f 3754//7862 3755//7862 4127//7862
f 4121//7863 3767//7863 3769//7863
f 3759//7864 3767//7864 4121//7864
f 4129//7865 4130//7865 4131//7865
f 3014//7866 4132//7866 4133//7866
f 4134//7867 4132//7867 4135//7867
f 3020//7868 4132//7868 3014//7868
f 3022//7869 4132//7869 3020//7869
f 4133//7870 4132//7870 4134//7870
f 4136//7871 4137//7871 4138//7871
f 4138//7872 4137//7872 4139//7872
f 4139//7873 4137//7873 4140//7873
f 4141//7874 4142//7874 4143//7874
f 4144//7875 4145//7875 4146//7875
f 4146//7876 4145//7876 4129//7876
f 4130//7877 4147//7877 4148//7877
f 4148//7878 4147//7878 4136//7878
f 3026//7879 4149//7879 3022//7879
f 3030//7880 4149//7880 3026//7880
f 3022//7881 4149//7881 4132//7881
f 4144//7882 4149//7882 4145//7882
f 4132//7883 4149//7883 4135//7883
f 4135//7884 4149//7884 4144//7884
f 4140//7885 4150//7885 4151//7885
f 4151//7886 4150//7886 4152//7886
f 4137//7887 4150//7887 4140//7887
f 4129//7888 4153//7888 4130//7888
f 4145//7889 4153//7889 4129//7889
f 4136//7890 4154//7890 4137//7890
f 4147//7891 4154//7891 4136//7891
f 3035//7892 4155//7892 3030//7892
f 3039//7893 4155//7893 3035//7893
f 4149//7894 4155//7894 4145//7894
f 3030//7895 4155//7895 4149//7895
f 4150//7896 4156//7896 4152//7896
f 4152//7897 4156//7897 4157//7897
f 2979//7898 2983//7898 4158//7898
f 4157//7899 4156//7899 4159//7899
f 4153//7900 4160//7900 4130//7900
f 4130//7901 4160//7901 4147//7901
f 4137//7902 4161//7902 4150//7902
f 4154//7903 4161//7903 4137//7903
f 4145//7904 4162//7904 4153//7904
f 3043//7905 4162//7905 3039//7905
f 3047//7906 4162//7906 3043//7906
f 3039//7907 4162//7907 4155//7907
f 4155//7908 4162//7908 4145//7908
f 4153//7909 4162//7909 4160//7909
f 4159//7910 4163//7910 4164//7910
f 4164//7911 4163//7911 4165//7911
f 4156//7912 4163//7912 4159//7912
f 4147//7913 4166//7913 4154//7913
f 4160//7914 4166//7914 4147//7914
f 4154//7915 4166//7915 4161//7915
f 4161//7916 4167//7916 4150//7916
f 4150//7917 4167//7917 4156//7917
f 3051//7918 4168//7918 3047//7918
f 3055//7919 4168//7919 3051//7919
f 4162//7920 4168//7920 4160//7920
f 3047//7921 4168//7921 4162//7921
f 4165//7922 4169//7922 4170//7922
f 4170//7923 4169//7923 4171//7923
f 4163//7924 4169//7924 4165//7924
f 4166//7925 4172//7925 4161//7925
f 4167//7926 4173//7926 4156//7926
f 4156//7927 4173//7927 4163//7927
f 3055//7928 4174//7928 4168//7928
f 4160//7929 4174//7929 4166//7929
f 3058//7930 4174//7930 3055//7930
f 3063//7931 4174//7931 3058//7931
f 4168//7932 4174//7932 4160//7932
f 4171//7933 4175//7933 4176//7933
f 4176//7934 4175//7934 4177//7934
f 4169//7935 4175//7935 4171//7935
f 4161//7936 4178//7936 4167//7936
f 4172//7937 4178//7937 4161//7937
f 4173//7938 4179//7938 4163//7938
f 4163//7939 4179//7939 4169//7939
f 3063//7940 4180//7940 4174//7940
f 3066//7941 4180//7941 3063//7941
f 3069//7942 4180//7942 3066//7942
f 4166//7943 4180//7943 4172//7943
f 4174//7944 4180//7944 4166//7944
f 4177//7945 4181//7945 4182//7945
f 4182//7946 4181//7946 4183//7946
f 4175//7947 4181//7947 4177//7947
f 4178//7948 4184//7948 4167//7948
f 4167//7949 4184//7949 4173//7949
f 4179//7950 4185//7950 4169//7950
f 4169//7951 4185//7951 4175//7951
f 3072//7952 4186//7952 3069//7952
f 3073//7953 4186//7953 3072//7953
f 4172//7954 4186//7954 4178//7954
f 3069//7955 4186//7955 4180//7955
f 4180//7956 4186//7956 4172//7956
f 4181//7957 4187//7957 4183//7957
f 4183//7958 4187//7958 4188//7958
f 4188//7959 4187//7959 4189//7959
f 4173//7960 4190//7960 4179//7960
f 4184//7961 4190//7961 4173//7961
f 4175//7962 4191//7962 4181//7962
f 4181//7963 4191//7963 4187//7963
f 4185//7964 4191//7964 4175//7964
f 4186//7965 4192//7965 4178//7965
f 3075//7966 4192//7966 3073//7966
f 3102//7967 4192//7967 3075//7967
f 4178//7968 4192//7968 4184//7968
f 4184//7969 4192//7969 4190//7969
f 3073//7970 4192//7970 4186//7970
f 4187//7971 4193//7971 4189//7971
f 4189//7972 4193//7972 4194//7972
f 4194//7973 4193//7973 4195//7973
f 4179//7974 4196//7974 4185//7974
f 4190//7975 4196//7975 4179//7975
f 4185//7976 4196//7976 4191//7976
f 4191//7977 4197//7977 4187//7977
f 3103//7978 4198//7978 3102//7978
f 3104//7979 4198//7979 3103//7979
f 4190//7980 4198//7980 4196//7980
f 3102//7981 4198//7981 4192//7981
f 4192//7982 4198//7982 4190//7982
f 4193//7983 4199//7983 4195//7983
f 4195//7984 4199//7984 4200//7984
f 4200//7985 4199//7985 4201//7985
f 4196//7986 4202//7986 4191//7986
f 4191//7987 4202//7987 4197//7987
f 4187//7988 4203//7988 4193//7988
f 4197//7989 4203//7989 4187//7989
f 3104//7990 4204//7990 4198//7990
f 3105//7991 4204//7991 3104//7991
f 3106//7992 4204//7992 3105//7992
f 4198//7993 4204//7993 4196//7993
f 4199//7994 4205//7994 4201//7994
f 4201//7995 4205//7995 4206//7995
f 4206//7996 4205//7996 4207//7996
f 4202//7997 4208//7997 4197//7997
f 4193//7998 4209//7998 4199//7998
f 4203//7999 4209//7999 4193//7999
f 3106//8000 4210//8000 4204//8000
f 4202//8001 4210//8001 4208//8001
f 4204//8002 4210//8002 4196//8002
f 4196//8003 4210//8003 4202//8003
f 3107//8004 4210//8004 3106//8004
f 3108//8005 4210//8005 3107//8005
f 4205//8006 4211//8006 4207//8006
f 4207//8007 4211//8007 4212//8007
f 4212//8008 4211//8008 4213//8008
f 4197//8009 4214//8009 4203//8009
f 4208//8010 4214//8010 4197//8010
f 4199//8011 4215//8011 4205//8011
f 4209//8012 4215//8012 4199//8012
f 4210//8013 4216//8013 4208//8013
f 4208//8014 4216//8014 4214//8014
f 3109//8015 4216//8015 3108//8015
f 3110//8016 4216//8016 3109//8016
f 3108//8017 4216//8017 4210//8017
f 4211//8018 4217//8018 4213//8018
f 4213//8019 4217//8019 4218//8019
f 4218//8020 4217//8020 4219//8020
f 4214//8021 4220//8021 4203//8021
f 4209//8022 4220//8022 4215//8022
f 4203//8023 4220//8023 4209//8023
f 4205//8024 4221//8024 4211//8024
f 4215//8025 4221//8025 4205//8025
f 3111//8026 4222//8026 3110//8026
f 3112//8027 4222//8027 3111//8027
f 4216//8028 4222//8028 4214//8028
f 3110//8029 4222//8029 4216//8029
f 4217//8030 4223//8030 4219//8030
f 4219//8031 4223//8031 4224//8031
f 4224//8032 4223//8032 4225//8032
f 4220//8033 4226//8033 4215//8033
f 4211//8034 4227//8034 4217//8034
f 4221//8035 4227//8035 4211//8035
f 4214//8036 4228//8036 4220//8036
f 4222//8037 4228//8037 4214//8037
f 3113//8038 4228//8038 3112//8038
f 3114//8039 4228//8039 3113//8039
f 3112//8040 4228//8040 4222//8040
f 4225//8041 4229//8041 4230//8041
f 4230//8042 4229//8042 4231//8042
f 4223//8043 4229//8043 4225//8043
f 4226//8044 4232//8044 4215//8044
f 4215//8045 4232//8045 4221//8045
f 4223//8046 4233//8046 4229//8046
f 4227//8047 4233//8047 4217//8047
f 4217//8048 4233//8048 4223//8048
f 3115//8049 4234//8049 3114//8049
f 3116//8050 4234//8050 3115//8050
f 3114//8051 4234//8051 4228//8051
f 4228//8052 4234//8052 4220//8052
f 4220//8053 4234//8053 4226//8053
f 4231//8054 4235//8054 4236//8054
f 4236//8055 4235//8055 4237//8055
f 4229//8056 4235//8056 4231//8056
f 4221//8057 4238//8057 4227//8057
f 4232//8058 4238//8058 4221//8058
f 4233//8059 4239//8059 4229//8059
f 4226//8060 4240//8060 4232//8060
f 4234//8061 4240//8061 4226//8061
f 3117//8062 4240//8062 3116//8062
f 3118//8063 4240//8063 3117//8063
f 3116//8064 4240//8064 4234//8064
f 4235//8065 4241//8065 4237//8065
f 4237//8066 4241//8066 4242//8066
f 4242//8067 4241//8067 4243//8067
f 4238//8068 4244//8068 4227//8068
f 4227//8069 4244//8069 4233//8069
f 4229//8070 4245//8070 4235//8070
f 4239//8071 4245//8071 4229//8071
f 4240//8072 4246//8072 4232//8072
f 3119//8073 4246//8073 3118//8073
f 3120//8074 4246//8074 3119//8074
f 4232//8075 4246//8075 4238//8075
f 3118//8076 4246//8076 4240//8076
f 4243//8077 4247//8077 4248//8077
f 4248//8078 4247//8078 4249//8078
f 4241//8079 4247//8079 4243//8079
f 4233//8080 4250//8080 4239//8080
f 4244//8081 4250//8081 4233//8081
f 4239//8082 4250//8082 4245//8082
f 4235//8083 4251//8083 4241//8083
f 4245//8084 4251//8084 4235//8084
f 4246//8085 4252//8085 4238//8085
f 3077//8086 4252//8086 3120//8086
f 3076//8087 4252//8087 3077//8087
f 3120//8088 4252//8088 4246//8088
f 4238//8089 4252//8089 4244//8089
f 4247//8090 4253//8090 4249//8090
f 4249//8091 4253//8091 4254//8091
f 4254//8092 4253//8092 4255//8092
f 4250//8093 4256//8093 4245//8093
f 4251//8094 4257//8094 4241//8094
f 4241//8095 4257//8095 4247//8095
f 4252//8096 4258//8096 4244//8096
f 3078//8097 4258//8097 3076//8097
f 3079//8098 4258//8098 3078//8098
f 4244//8099 4258//8099 4250//8099
f 3076//8100 4258//8100 4252//8100
f 4253//8101 4259//8101 4255//8101
f 4255//8102 4259//8102 4260//8102
f 4260//8103 4259//8103 4261//8103
f 4245//8104 4262//8104 4251//8104
f 4256//8105 4262//8105 4245//8105
f 4247//8106 4263//8106 4253//8106
f 4253//8107 4263//8107 4259//8107
f 4257//8108 4263//8108 4247//8108
f 4258//8109 4264//8109 4250//8109
f 3079//8110 4264//8110 4258//8110
f 4250//8111 4264//8111 4256//8111
f 3080//8112 4264//8112 3079//8112
f 3081//8113 4264//8113 3080//8113
f 4259//8114 4265//8114 4261//8114
f 4261//8115 4265//8115 4266//8115
f 4266//8116 4265//8116 4267//8116
f 4251//8117 4268//8117 4257//8117
f 4262//8118 4268//8118 4251//8118
f 4263//8119 4269//8119 4259//8119
f 4264//8120 4270//8120 4256//8120
f 3081//8121 4270//8121 4264//8121
f 3082//8122 4270//8122 3081//8122
f 3083//8123 4270//8123 3082//8123
f 4256//8124 4270//8124 4262//8124
f 4265//8125 4271//8125 4267//8125
f 4267//8126 4271//8126 4272//8126
f 4272//8127 4271//8127 4273//8127
f 4257//8128 4274//8128 4263//8128
f 4268//8129 4274//8129 4257//8129
f 4259//8130 4275//8130 4265//8130
f 4269//8131 4275//8131 4259//8131
f 4265//8132 4275//8132 4271//8132
f 4270//8133 4276//8133 4262//8133
f 4262//8134 4276//8134 4268//8134
f 3083//8135 4276//8135 4270//8135
f 3084//8136 4276//8136 3083//8136
f 3085//8137 4276//8137 3084//8137
f 4271//8138 4277//8138 4273//8138
f 4273//8139 4277//8139 4278//8139
f 4278//8140 4277//8140 4279//8140
f 4274//8141 4280//8141 4263//8141
f 4263//8142 4280//8142 4269//8142
f 4275//8143 4281//8143 4271//8143
f 4271//8144 4281//8144 4277//8144
f 4268//8145 4282//8145 4274//8145
f 4276//8146 4282//8146 4268//8146
f 3086//8147 4282//8147 3085//8147
f 3087//8148 4282//8148 3086//8148
f 3085//8149 4282//8149 4276//8149
f 4277//8150 4283//8150 4279//8150
f 4279//8151 4283//8151 4284//8151
f 4284//8152 4283//8152 4285//8152
f 4269//8153 4286//8153 4275//8153
f 4280//8154 4286//8154 4269//8154
f 4281//8155 4287//8155 4277//8155
f 4282//8156 4288//8156 4274//8156
f 4274//8157 4288//8157 4280//8157
f 3088//8158 4288//8158 3087//8158
f 3089//8159 4288//8159 3088//8159
f 3087//8160 4288//8160 4282//8160
f 4283//8161 4289//8161 4285//8161
f 4285//8162 4289//8162 4290//8162
f 4290//8163 4289//8163 4291//8163
f 4286//8164 4292//8164 4275//8164
f 4275//8165 4292//8165 4281//8165
f 4277//8166 4293//8166 4283//8166
f 4287//8167 4293//8167 4277//8167
f 3090//8168 4294//8168 3089//8168
f 3091//8169 4294//8169 3090//8169
f 4288//8170 4294//8170 4280//8170
f 4280//8171 4294//8171 4286//8171
f 3089//8172 4294//8172 4288//8172
f 4295//8173 4296//8173 4297//8173
f 4289//8174 4296//8174 4291//8174
f 4291//8175 4296//8175 4295//8175
f 4287//8176 4298//8176 4293//8176
f 4281//8177 4298//8177 4287//8177
f 4292//8178 4298//8178 4281//8178
f 4283//8179 4299//8179 4289//8179
f 4293//8180 4299//8180 4283//8180
f 4289//8181 4299//8181 4296//8181
f 4292//8182 4300//8182 4298//8182
f 3091//8183 4300//8183 4294//8183
f 3092//8184 4300//8184 3091//8184
f 3093//8185 4300//8185 3092//8185
f 4286//8186 4300//8186 4292//8186
f 4294//8187 4300//8187 4286//8187
f 4297//8188 4301//8188 4302//8188
f 4302//8189 4301//8189 4303//8189
f 4296//8190 4301//8190 4297//8190
f 4298//8191 4304//8191 4293//8191
f 4296//8192 4305//8192 4301//8192
f 4299//8193 4305//8193 4296//8193
f 3093//8194 4306//8194 4300//8194
f 3094//8195 4306//8195 3093//8195
f 3095//8196 4306//8196 3094//8196
f 4300//8197 4306//8197 4298//8197
f 4303//8198 4307//8198 4308//8198
f 4301//8199 4307//8199 4303//8199
f 4308//8200 4307//8200 4309//8200
f 4293//8201 4310//8201 4299//8201
f 4304//8202 4310//8202 4293//8202
f 4305//8203 4311//8203 4301//8203
f 4306//8204 4312//8204 4298//8204
f 4304//8205 4312//8205 4310//8205
f 4298//8206 4312//8206 4304//8206
f 3095//8207 4312//8207 4306//8207
f 3096//8208 4312//8208 3095//8208
f 3097//8209 4312//8209 3096//8209
f 4309//8210 4313//8210 4314//8210
f 4314//8211 4313//8211 4315//8211
f 4307//8212 4313//8212 4309//8212
f 4299//8213 4316//8213 4305//8213
f 4310//8214 4316//8214 4299//8214
f 4301//8215 4317//8215 4307//8215
f 4311//8216 4317//8216 4301//8216
f 4312//8217 4318//8217 4310//8217
f 3097//8218 4318//8218 4312//8218
f 3098//8219 4318//8219 3097//8219
f 3099//8220 4318//8220 3098//8220
f 4315//8221 4319//8221 4320//8221
f 4320//8222 4319//8222 4321//8222
f 4313//8223 4319//8223 4315//8223
f 4305//8224 4322//8224 4311//8224
f 4316//8225 4322//8225 4305//8225
f 4317//8226 4323//8226 4307//8226
f 4307//8227 4323//8227 4313//8227
f 4310//8228 4324//8228 4316//8228
f 4318//8229 4324//8229 4310//8229
f 3099//8230 4324//8230 4318//8230
f 3100//8231 4324//8231 3099//8231
f 3101//8232 4324//8232 3100//8232
f 4321//8233 4325//8233 4326//8233
f 4326//8234 4325//8234 4327//8234
f 4319//8235 4325//8235 4321//8235
f 4311//8236 4328//8236 4317//8236
f 4317//8237 4328//8237 4323//8237
f 4322//8238 4328//8238 4311//8238
f 4313//8239 4329//8239 4319//8239
f 4323//8240 4329//8240 4313//8240
f 4316//8241 4330//8241 4322//8241
f 4322//8242 4330//8242 4328//8242
f 3101//8243 4330//8243 4324//8243
f 3068//8244 4330//8244 3101//8244
f 3064//8245 4330//8245 3068//8245
f 4324//8246 4330//8246 4316//8246
f 4327//8247 4331//8247 4332//8247
f 4332//8248 4331//8248 4333//8248
f 4325//8249 4331//8249 4327//8249
f 4328//8250 4334//8250 4323//8250
f 4319//8251 4335//8251 4325//8251
f 4329//8252 4335//8252 4319//8252
f 4330//8253 4336//8253 4328//8253
f 3064//8254 4336//8254 4330//8254
f 3061//8255 4336//8255 3064//8255
f 3056//8256 4336//8256 3061//8256
f 4333//8257 4337//8257 4338//8257
f 4338//8258 4337//8258 4339//8258
f 4331//8259 4337//8259 4333//8259
f 4334//8260 4340//8260 4323//8260
f 4323//8261 4340//8261 4329//8261
f 4325//8262 4341//8262 4331//8262
f 4335//8263 4341//8263 4325//8263
f 4328//8264 4342//8264 4334//8264
f 4336//8265 4342//8265 4328//8265
f 3054//8266 4342//8266 3056//8266
f 3049//8267 4342//8267 3054//8267
f 3056//8268 4342//8268 4336//8268
f 4339//8269 4343//8269 4344//8269
f 4344//8270 4343//8270 4345//8270
f 4337//8271 4343//8271 4339//8271
f 4329//8272 4346//8272 4335//8272
f 4340//8273 4346//8273 4329//8273
f 4341//8274 4347//8274 4331//8274
f 4331//8275 4347//8275 4337//8275
f 4342//8276 4348//8276 4334//8276
f 4334//8277 4348//8277 4340//8277
f 3045//8278 4348//8278 3049//8278
f 3040//8279 4348//8279 3045//8279
f 3049//8280 4348//8280 4342//8280
f 4345//8281 4349//8281 4350//8281
f 4350//8282 4349//8282 4351//8282
f 4343//8283 4349//8283 4345//8283
f 4341//8284 4352//8284 4347//8284
f 4346//8285 4352//8285 4335//8285
f 4335//8286 4352//8286 4341//8286
f 4337//8287 4353//8287 4343//8287
f 4343//8288 4353//8288 4349//8288
f 4347//8289 4353//8289 4337//8289
f 3040//8290 4354//8290 4348//8290
f 3037//8291 4354//8291 3040//8291
f 3033//8292 4354//8292 3037//8292
f 4340//8293 4354//8293 4346//8293
f 4348//8294 4354//8294 4340//8294
f 4351//8295 4355//8295 4356//8295
f 4356//8296 4355//8296 4357//8296
f 4349//8297 4355//8297 4351//8297
f 4352//8298 4358//8298 4347//8298
f 4347//8299 4358//8299 4353//8299
f 4353//8300 4359//8300 4349//8300
f 4354//8301 4360//8301 4346//8301
f 3033//8302 4360//8302 4354//8302
f 3028//8303 4360//8303 3033//8303
f 3024//8304 4360//8304 3028//8304
f 4346//8305 4360//8305 4352//8305
f 4357//8306 4361//8306 4362//8306
f 4362//8307 4361//8307 4363//8307
f 4355//8308 4361//8308 4357//8308
f 4358//8309 4364//8309 4353//8309
f 4359//8310 4365//8310 4349//8310
f 4349//8311 4365//8311 4355//8311
f 3024//8312 4366//8312 4360//8312
f 4360//8313 4366//8313 4352//8313
f 3021//8314 4366//8314 3024//8314
f 3017//8315 4366//8315 3021//8315
f 4352//8316 4366//8316 4358//8316
f 4363//8317 4367//8317 4368//8317
f 4368//8318 4367//8318 4369//8318
f 4361//8319 4367//8319 4363//8319
f 4353//8320 4370//8320 4359//8320
f 4359//8321 4370//8321 4365//8321
f 4364//8322 4370//8322 4353//8322
f 4355//8323 4371//8323 4361//8323
f 4365//8324 4371//8324 4355//8324
f 4366//8325 4372//8325 4358//8325
f 4358//8326 4372//8326 4364//8326
f 4364//8327 4372//8327 4370//8327
f 3017//8328 4372//8328 4366//8328
f 3013//8329 4372//8329 3017//8329
f 3008//8330 4372//8330 3013//8330
f 4369//8331 4373//8331 4374//8331
f 4374//8332 4373//8332 4375//8332
f 4367//8333 4373//8333 4369//8333
f 4370//8334 4376//8334 4365//8334
f 4361//8335 4377//8335 4367//8335
f 4371//8336 4377//8336 4361//8336
f 4367//8337 4377//8337 4373//8337
f 4372//8338 4378//8338 4370//8338
f 3008//8339 4378//8339 4372//8339
f 3004//8340 4378//8340 3008//8340
f 3001//8341 4378//8341 3004//8341
f 4375//8342 4379//8342 4380//8342
f 4380//8343 4379//8343 4381//8343
f 4373//8344 4379//8344 4375//8344
f 4376//8345 4382//8345 4365//8345
f 4365//8346 4382//8346 4371//8346
f 4377//8347 4383//8347 4373//8347
f 4370//8348 4384//8348 4376//8348
f 4378//8349 4384//8349 4370//8349
f 3001//8350 4384//8350 4378//8350
f 2997//8351 4384//8351 3001//8351
f 2993//8352 4384//8352 2997//8352
f 4381//8353 4385//8353 4386//8353
f 4386//8354 4385//8354 4387//8354
f 4379//8355 4385//8355 4381//8355
f 4382//8356 4388//8356 4371//8356
f 4371//8357 4388//8357 4377//8357
f 4377//8358 4388//8358 4383//8358
f 4373//8359 4389//8359 4379//8359
f 4383//8360 4389//8360 4373//8360
f 4379//8361 4389//8361 4385//8361
f 4376//8362 4390//8362 4382//8362
f 4384//8363 4390//8363 4376//8363
f 2993//8364 4390//8364 4384//8364
f 2989//8365 4390//8365 2993//8365
f 2984//8366 4390//8366 2989//8366
f 4387//8367 4391//8367 4392//8367
f 4392//8368 4391//8368 4393//8368
f 4385//8369 4391//8369 4387//8369
f 4388//8370 4394//8370 4383//8370
f 4389//8371 4395//8371 4385//8371
f 4390//8372 4396//8372 4382//8372
f 4382//8373 4396//8373 4388//8373
f 4388//8374 4396//8374 4394//8374
f 2984//8375 4396//8375 4390//8375
f 2981//8376 4396//8376 2984//8376
f 2978//8377 4396//8377 2981//8377
f 4393//8378 4397//8378 4398//8378
f 4398//8379 4397//8379 4399//8379
f 4391//8380 4397//8380 4393//8380
f 4394//8381 4400//8381 4383//8381
f 4383//8382 4400//8382 4389//8382
f 4385//8383 4401//8383 4391//8383
f 4395//8384 4401//8384 4385//8384
f 4396//8385 4402//8385 4394//8385
f 2972//8386 4402//8386 2978//8386
f 2969//8387 4402//8387 2972//8387
f 2978//8388 4402//8388 4396//8388
f 4397//8389 4403//8389 4399//8389
f 4399//8390 4403//8390 4404//8390
f 4404//8391 4403//8391 4405//8391
f 4400//8392 4406//8392 4389//8392
f 4395//8393 4406//8393 4401//8393
f 4389//8394 4406//8394 4395//8394
f 4401//8395 4407//8395 4391//8395
f 4391//8396 4407//8396 4397//8396
f 2969//8397 4408//8397 4402//8397
f 4402//8398 4408//8398 4394//8398
f 4400//8399 4408//8399 4406//8399
f 4394//8400 4408//8400 4400//8400
f 2964//8401 4408//8401 2969//8401
f 2962//8402 4408//8402 2964//8402
f 4403//8403 4409//8403 4405//8403
f 4405//8404 4409//8404 4410//8404
f 4410//8405 4409//8405 4411//8405
f 4406//8406 4412//8406 4401//8406
f 4401//8407 4412//8407 4407//8407
f 4407//8408 4413//8408 4397//8408
f 4397//8409 4413//8409 4403//8409
f 2952//8410 4414//8410 2957//8410
f 2962//8411 4414//8411 4408//8411
f 4408//8412 4414//8412 4406//8412
f 2957//8413 4414//8413 2962//8413
f 4409//8414 4415//8414 4411//8414
f 4411//8415 4415//8415 4416//8415
f 4416//8416 4415//8416 4417//8416
f 4412//8417 4418//8417 4407//8417
f 4407//8418 4418//8418 4413//8418
f 4403//8419 4419//8419 4409//8419
f 4409//8420 4419//8420 4415//8420
f 4413//8421 4419//8421 4403//8421
f 2949//8422 4420//8422 2952//8422
f 2946//8423 4420//8423 2949//8423
f 4406//8424 4420//8424 4412//8424
f 2952//8425 4420//8425 4414//8425
f 4414//8426 4420//8426 4406//8426
f 4415//8427 4421//8427 4417//8427
f 4417//8428 4421//8428 4422//8428
f 4422//8429 4421//8429 4423//8429
f 4418//8430 4424//8430 4413//8430
f 4413//8431 4424//8431 4419//8431
f 4419//8432 4425//8432 4415//8432
f 2941//8433 4426//8433 2946//8433
f 2937//8434 4426//8434 2941//8434
f 2946//8435 4426//8435 4420//8435
f 4412//8436 4426//8436 4418//8436
f 4420//8437 4426//8437 4412//8437
f 4421//8438 4427//8438 4423//8438
f 4423//8439 4427//8439 4428//8439
f 4428//8440 4427//8440 4429//8440
f 4424//8441 4430//8441 4419//8441
f 4425//8442 4431//8442 4415//8442
f 4415//8443 4431//8443 4421//8443
f 2934//8444 4432//8444 2937//8444
f 2929//8445 4432//8445 2934//8445
f 2937//8446 4432//8446 4426//8446
f 4418//8447 4432//8447 4424//8447
f 4426//8448 4432//8448 4418//8448
f 4427//8449 4433//8449 4429//8449
f 4429//8450 4433//8450 4434//8450
f 4434//8451 4433//8451 4435//8451
f 4419//8452 4436//8452 4425//8452
f 4430//8453 4436//8453 4419//8453
f 4421//8454 4437//8454 4427//8454
f 4431//8455 4437//8455 4421//8455
f 2925//8456 4438//8456 2929//8456
f 2921//8457 4438//8457 2925//8457
f 4424//8458 4438//8458 4430//8458
f 2929//8459 4438//8459 4432//8459
f 4432//8460 4438//8460 4424//8460
f 4435//8461 4439//8461 4440//8461
f 4433//8462 4439//8462 4435//8462
f 4440//8463 4439//8463 4441//8463
f 4436//8464 4442//8464 4425//8464
f 4425//8465 4442//8465 4431//8465
f 4431//8466 4442//8466 4437//8466
f 4427//8467 4443//8467 4433//8467
f 4433//8468 4443//8468 4439//8468
f 4437//8469 4443//8469 4427//8469
f 2920//8470 4444//8470 2921//8470
f 2917//8471 4444//8471 2920//8471
f 2921//8472 4444//8472 4438//8472
f 4430//8473 4444//8473 4436//8473
f 4438//8474 4444//8474 4430//8474
f 4441//8475 4445//8475 4446//8475
f 4446//8476 4445//8476 4447//8476
f 4439//8477 4445//8477 4441//8477
f 4437//8478 4448//8478 4443//8478
f 4442//8479 4448//8479 4437//8479
f 4443//8480 4449//8480 4439//8480
f 2923//8481 4450//8481 2917//8481
f 2927//8482 4450//8482 2923//8482
f 2917//8483 4450//8483 4444//8483
f 4436//8484 4450//8484 4442//8484
f 4444//8485 4450//8485 4436//8485
f 4447//8486 4451//8486 4452//8486
f 4452//8487 4451//8487 4453//8487
f 4445//8488 4451//8488 4447//8488
f 4448//8489 4454//8489 4443//8489
f 4449//8490 4455//8490 4439//8490
f 4439//8491 4455//8491 4445//8491
f 4445//8492 4455//8492 4451//8492
f 4450//8493 4456//8493 4442//8493
f 2931//8494 4456//8494 2927//8494
f 2936//8495 4456//8495 2931//8495
f 2927//8496 4456//8496 4450//8496
f 4442//8497 4456//8497 4448//8497
f 4451//8498 4457//8498 4453//8498
f 4458//8499 4457//8499 4142//8499
f 4453//8500 4457//8500 4459//8500
f 4459//8501 4457//8501 4458//8501
f 4142//8502 4457//8502 4460//8502
f 4443//8503 4461//8503 4449//8503
f 4454//8504 4461//8504 4443//8504
f 4455//8505 4462//8505 4451//8505
f 2939//8506 4463//8506 2936//8506
f 2944//8507 4463//8507 2939//8507
f 4456//8508 4463//8508 4448//8508
f 4448//8509 4463//8509 4454//8509
f 2936//8510 4463//8510 4456//8510
f 4461//8511 4464//8511 4449//8511
f 4449//8512 4464//8512 4455//8512
f 4462//8513 4465//8513 4451//8513
f 4457//8514 4465//8514 4460//8514
f 4451//8515 4465//8515 4457//8515
f 2947//8516 4466//8516 2944//8516
f 2951//8517 4466//8517 2947//8517
f 4463//8518 4466//8518 4454//8518
f 2944//8519 4466//8519 4463//8519
f 4454//8520 4466//8520 4461//8520
f 4455//8521 4467//8521 4462//8521
f 4464//8522 4467//8522 4455//8522
f 2954//8523 4468//8523 2951//8523
f 2960//8524 4468//8524 2954//8524
f 2951//8525 4468//8525 4466//8525
f 4461//8526 4468//8526 4464//8526
f 4464//8527 4468//8527 4467//8527
f 4466//8528 4468//8528 4461//8528
f 4462//8529 4469//8529 4465//8529
f 4467//8530 4469//8530 4462//8530
f 4465//8531 4469//8531 4460//8531
f 4460//8532 4469//8532 4470//8532
f 4470//8533 4469//8533 4158//8533
f 2963//8534 4471//8534 2960//8534
f 2966//8535 4471//8535 2963//8535
f 4468//8536 4471//8536 4467//8536
f 2960//8537 4471//8537 4468//8537
f 2971//8538 4472//8538 2966//8538
f 2975//8539 4472//8539 2971//8539
f 4467//8540 4472//8540 4469//8540
f 2966//8541 4472//8541 4471//8541
f 4469//8542 4472//8542 4158//8542
f 4471//8543 4472//8543 4467//8543
f 4158//8544 4472//8544 2975//8544
f 4458//8545 4142//8545 4141//8545
f 2975//8546 2979//8546 4158//8546
f 4143//8547 4473//8547 4474//8547
f 4474//8548 4473//8548 4475//8548
f 4142//8549 4473//8549 4143//8549
f 4473//8550 4476//8550 4475//8550
f 4475//8551 4476//8551 4477//8551
f 4477//8552 4476//8552 4478//8552
f 4142//8553 4479//8553 4473//8553
f 4460//8554 4479//8554 4142//8554
f 4478//8555 4480//8555 4481//8555
f 4481//8556 4480//8556 4482//8556
f 4476//8557 4480//8557 4478//8557
f 4479//8558 4483//8558 4473//8558
f 4473//8559 4483//8559 4476//8559
f 4480//8560 4484//8560 4482//8560
f 4482//8561 4484//8561 4485//8561
f 4485//8562 4484//8562 4486//8562
f 4470//8563 4487//8563 4460//8563
f 4460//8564 4487//8564 4479//8564
f 4476//8565 4488//8565 4480//8565
f 4483//8566 4488//8566 4476//8566
f 4486//8567 4489//8567 4490//8567
f 4490//8568 4489//8568 4491//8568
f 4484//8569 4489//8569 4486//8569
f 4479//8570 4492//8570 4483//8570
f 4487//8571 4492//8571 4479//8571
f 4488//8572 4493//8572 4480//8572
f 4480//8573 4493//8573 4484//8573
f 2986//8574 4494//8574 2983//8574
f 2992//8575 4494//8575 2986//8575
f 4158//8576 4494//8576 4470//8576
f 4470//8577 4494//8577 4487//8577
f 2983//8578 4494//8578 4158//8578
f 4491//8579 4495//8579 4496//8579
f 4496//8580 4495//8580 4497//8580
f 4489//8581 4495//8581 4491//8581
f 4483//8582 4498//8582 4488//8582
f 4492//8583 4498//8583 4483//8583
f 4493//8584 4499//8584 4484//8584
f 4484//8585 4499//8585 4489//8585
f 2994//8586 4500//8586 2992//8586
f 2999//8587 4500//8587 2994//8587
f 2992//8588 4500//8588 4494//8588
f 4494//8589 4500//8589 4487//8589
f 4487//8590 4500//8590 4492//8590
f 4497//8591 4131//8591 4501//8591
f 4501//8592 4131//8592 4502//8592
f 4495//8593 4131//8593 4497//8593
f 4488//8594 4134//8594 4493//8594
f 4498//8595 4134//8595 4488//8595
f 4499//8596 4146//8596 4489//8596
f 4489//8597 4146//8597 4495//8597
f 3003//8598 4503//8598 2999//8598
f 3006//8599 4503//8599 3003//8599
f 2999//8600 4503//8600 4500//8600
f 4500//8601 4503//8601 4492//8601
f 4492//8602 4503//8602 4498//8602
f 4131//8603 4148//8603 4502//8603
f 4502//8604 4148//8604 4504//8604
f 4504//8605 4148//8605 4505//8605
f 4493//8606 4135//8606 4499//8606
f 4134//8607 4135//8607 4493//8607
f 4146//8608 4129//8608 4495//8608
f 4495//8609 4129//8609 4131//8609
f 3011//8610 4133//8610 3006//8610
f 3014//8611 4133//8611 3011//8611
f 3006//8612 4133//8612 4503//8612
f 4498//8613 4133//8613 4134//8613
f 4503//8614 4133//8614 4498//8614
f 4505//8615 4136//8615 4506//8615
f 4506//8616 4136//8616 4138//8616
f 4148//8617 4136//8617 4505//8617
f 4499//8618 4144//8618 4146//8618
f 4135//8619 4144//8619 4499//8619
f 4131//8620 4130//8620 4148//8620
f 4507//8621 4508//8621 4509//8621
f 2744//8622 4510//8622 4511//8622
f 4512//8623 4510//8623 4513//8623
f 2747//8624 4510//8624 2744//8624
f 2750//8625 4510//8625 2747//8625
f 4511//8626 4510//8626 4512//8626
f 4514//8627 4515//8627 4516//8627
f 4516//8628 4515//8628 4517//8628
f 4517//8629 4515//8629 4518//8629
f 4519//8630 4520//8630 4521//8630
f 4522//8631 4523//8631 4524//8631
f 4524//8632 4523//8632 4507//8632
f 4508//8633 4525//8633 4526//8633
f 4526//8634 4525//8634 4514//8634
f 2753//8635 4527//8635 2750//8635
f 2756//8636 4527//8636 2753//8636
f 2750//8637 4527//8637 4510//8637
f 4522//8638 4527//8638 4523//8638
f 4510//8639 4527//8639 4513//8639
f 4513//8640 4527//8640 4522//8640
f 4518//8641 4528//8641 4529//8641
f 4529//8642 4528//8642 4530//8642
f 4515//8643 4528//8643 4518//8643
f 4507//8644 4531//8644 4508//8644
f 4523//8645 4531//8645 4507//8645
f 4514//8646 4532//8646 4515//8646
f 4525//8647 4532//8647 4514//8647
f 2759//8648 4533//8648 2756//8648
f 2762//8649 4533//8649 2759//8649
f 4527//8650 4533//8650 4523//8650
f 2756//8651 4533//8651 4527//8651
f 4528//8652 4534//8652 4530//8652
f 4530//8653 4534//8653 4535//8653
f 2717//8654 2720//8654 4536//8654
f 4535//8655 4534//8655 4537//8655
f 4531//8656 4538//8656 4508//8656
f 4508//8657 4538//8657 4525//8657
f 4515//8658 4539//8658 4528//8658
f 4532//8659 4539//8659 4515//8659
f 4523//8660 4540//8660 4531//8660
f 2765//8661 4540//8661 2762//8661
f 2768//8662 4540//8662 2765//8662
f 2762//8663 4540//8663 4533//8663
f 4533//8664 4540//8664 4523//8664
f 4531//8665 4540//8665 4538//8665
f 4537//8666 4541//8666 4542//8666
f 4542//8667 4541//8667 4543//8667
f 4534//8668 4541//8668 4537//8668
f 4525//8669 4544//8669 4532//8669
f 4538//8670 4544//8670 4525//8670
f 4532//8671 4544//8671 4539//8671
f 4539//8672 4545//8672 4528//8672
f 4528//8673 4545//8673 4534//8673
f 2771//8674 4546//8674 2768//8674
f 2774//8675 4546//8675 2771//8675
f 4540//8676 4546//8676 4538//8676
f 2768//8677 4546//8677 4540//8677
f 4543//8678 4547//8678 4548//8678
f 4548//8679 4547//8679 4549//8679
f 4541//8680 4547//8680 4543//8680
f 4544//8681 4550//8681 4539//8681
f 4545//8682 4551//8682 4534//8682
f 4534//8683 4551//8683 4541//8683
f 2774//8684 4552//8684 4546//8684
f 4538//8685 4552//8685 4544//8685
f 2777//8686 4552//8686 2774//8686
f 2780//8687 4552//8687 2777//8687
f 4546//8688 4552//8688 4538//8688
f 4549//8689 4553//8689 4554//8689
f 4554//8690 4553//8690 4555//8690
f 4547//8691 4553//8691 4549//8691
f 4539//8692 4556//8692 4545//8692
f 4550//8693 4556//8693 4539//8693
f 4551//8694 4557//8694 4541//8694
f 4541//8695 4557//8695 4547//8695
f 2780//8696 4558//8696 4552//8696
f 2783//8697 4558//8697 2780//8697
f 2786//8698 4558//8698 2783//8698
f 4544//8699 4558//8699 4550//8699
f 4552//8700 4558//8700 4544//8700
f 4555//8701 4559//8701 4560//8701
f 4560//8702 4559//8702 4561//8702
f 4553//8703 4559//8703 4555//8703
f 4556//8704 4562//8704 4545//8704
f 4545//8705 4562//8705 4551//8705
f 4557//8706 4563//8706 4547//8706
f 4547//8707 4563//8707 4553//8707
f 2787//8708 4564//8708 2786//8708
f 2788//8709 4564//8709 2787//8709
f 4550//8710 4564//8710 4556//8710
f 2786//8711 4564//8711 4558//8711
f 4558//8712 4564//8712 4550//8712
f 4559//8713 4565//8713 4561//8713
f 4561//8714 4565//8714 4566//8714
f 4566//8715 4565//8715 4567//8715
f 4551//8716 4568//8716 4557//8716
f 4562//8717 4568//8717 4551//8717
f 4553//8718 4569//8718 4559//8718
f 4559//8719 4569//8719 4565//8719
f 4563//8720 4569//8720 4553//8720
f 4564//8721 4570//8721 4556//8721
f 2789//8722 4570//8722 2788//8722
f 2790//8723 4570//8723 2789//8723
f 4556//8724 4570//8724 4562//8724
f 4562//8725 4570//8725 4568//8725
f 2788//8726 4570//8726 4564//8726
f 4565//8727 4571//8727 4567//8727
f 4567//8728 4571//8728 4572//8728
f 4572//8729 4571//8729 4573//8729
f 4557//8730 4574//8730 4563//8730
f 4568//8731 4574//8731 4557//8731
f 4563//8732 4574//8732 4569//8732
f 4569//8733 4575//8733 4565//8733
f 2791//8734 4576//8734 2790//8734
f 2792//8735 4576//8735 2791//8735
f 4568//8736 4576//8736 4574//8736
f 2790//8737 4576//8737 4570//8737
f 4570//8738 4576//8738 4568//8738
f 4571//8739 4577//8739 4573//8739
f 4573//8740 4577//8740 4578//8740
f 4578//8741 4577//8741 4579//8741
f 4574//8742 4580//8742 4569//8742
f 4569//8743 4580//8743 4575//8743
f 4565//8744 4581//8744 4571//8744
f 4575//8745 4581//8745 4565//8745
f 2792//8746 4582//8746 4576//8746
f 2793//8747 4582//8747 2792//8747
f 2794//8748 4582//8748 2793//8748
f 4576//8749 4582//8749 4574//8749
f 4577//8750 4583//8750 4579//8750
f 4579//8751 4583//8751 4584//8751
f 4584//8752 4583//8752 4585//8752
f 4580//8753 4586//8753 4575//8753
f 4571//8754 4587//8754 4577//8754
f 4581//8755 4587//8755 4571//8755
f 2794//8756 4588//8756 4582//8756
f 4580//8757 4588//8757 4586//8757
f 4582//8758 4588//8758 4574//8758
f 4574//8759 4588//8759 4580//8759
f 2795//8760 4588//8760 2794//8760
f 2796//8761 4588//8761 2795//8761
f 4583//8762 4589//8762 4585//8762
f 4585//8763 4589//8763 4590//8763
f 4590//8764 4589//8764 4591//8764
f 4575//8765 4592//8765 4581//8765
f 4586//8766 4592//8766 4575//8766
f 4577//8767 4593//8767 4583//8767
f 4587//8768 4593//8768 4577//8768
f 4588//8769 4594//8769 4586//8769
f 4586//8770 4594//8770 4592//8770
f 2797//8771 4594//8771 2796//8771
f 2798//8772 4594//8772 2797//8772
f 2796//8773 4594//8773 4588//8773
f 4589//8774 4595//8774 4591//8774
f 4591//8775 4595//8775 4596//8775
f 4596//8776 4595//8776 4597//8776
f 4592//8777 4598//8777 4581//8777
f 4587//8778 4598//8778 4593//8778
f 4581//8779 4598//8779 4587//8779
f 4583//8780 4599//8780 4589//8780
f 4593//8781 4599//8781 4583//8781
f 2799//8782 4600//8782 2798//8782
f 2800//8783 4600//8783 2799//8783
f 4594//8784 4600//8784 4592//8784
f 2798//8785 4600//8785 4594//8785
f 4595//8786 4601//8786 4597//8786
f 4597//8787 4601//8787 4602//8787
f 4602//8788 4601//8788 4603//8788
f 4598//8789 4604//8789 4593//8789
f 4589//8790 4605//8790 4595//8790
f 4599//8791 4605//8791 4589//8791
f 4592//8792 4606//8792 4598//8792
f 4600//8793 4606//8793 4592//8793
f 3074//8794 4606//8794 2800//8794
f 3071//8795 4606//8795 3074//8795
f 2800//8796 4606//8796 4600//8796
f 4603//8797 4607//8797 4608//8797
f 4608//8798 4607//8798 4609//8798
f 4601//8799 4607//8799 4603//8799
f 4604//8800 4610//8800 4593//8800
f 4593//8801 4610//8801 4599//8801
f 4601//8802 4611//8802 4607//8802
f 4605//8803 4611//8803 4595//8803
f 4595//8804 4611//8804 4601//8804
f 3070//8805 4612//8805 3071//8805
f 3067//8806 4612//8806 3070//8806
f 3071//8807 4612//8807 4606//8807
f 4606//8808 4612//8808 4598//8808
f 4598//8809 4612//8809 4604//8809
f 4609//8810 4613//8810 4614//8810
f 4614//8811 4613//8811 4615//8811
f 4607//8812 4613//8812 4609//8812
f 4599//8813 4616//8813 4605//8813
f 4610//8814 4616//8814 4599//8814
f 4611//8815 4617//8815 4607//8815
f 4604//8816 4618//8816 4610//8816
f 4612//8817 4618//8817 4604//8817
f 3060//8818 4618//8818 3067//8818
f 3059//8819 4618//8819 3060//8819
f 3067//8820 4618//8820 4612//8820
f 4613//8821 4619//8821 4615//8821
f 4615//8822 4619//8822 4620//8822
f 4620//8823 4619//8823 4621//8823
f 4616//8824 4622//8824 4605//8824
f 4605//8825 4622//8825 4611//8825
f 4607//8826 4623//8826 4613//8826
f 4617//8827 4623//8827 4607//8827
f 4618//8828 4624//8828 4610//8828
f 3053//8829 4624//8829 3059//8829
f 3052//8830 4624//8830 3053//8830
f 4610//8831 4624//8831 4616//8831
f 3059//8832 4624//8832 4618//8832
f 4621//8833 4625//8833 4626//8833
f 4626//8834 4625//8834 4627//8834
f 4619//8835 4625//8835 4621//8835
f 4611//8836 4628//8836 4617//8836
f 4622//8837 4628//8837 4611//8837
f 4617//8838 4628//8838 4623//8838
f 4613//8839 4629//8839 4619//8839
f 4623//8840 4629//8840 4613//8840
f 4624//8841 4630//8841 4616//8841
f 3048//8842 4630//8842 3052//8842
f 3044//8843 4630//8843 3048//8843
f 3052//8844 4630//8844 4624//8844
f 4616//8845 4630//8845 4622//8845
f 4625//8846 4631//8846 4627//8846
f 4627//8847 4631//8847 4632//8847
f 4632//8848 4631//8848 4633//8848
f 4628//8849 4634//8849 4623//8849
f 4629//8850 4635//8850 4619//8850
f 4619//8851 4635//8851 4625//8851
f 4630//8852 4636//8852 4622//8852
f 3036//8853 4636//8853 3044//8853
f 3032//8854 4636//8854 3036//8854
f 4622//8855 4636//8855 4628//8855
f 3044//8856 4636//8856 4630//8856
f 4631//8857 4637//8857 4633//8857
f 4633//8858 4637//8858 4638//8858
f 4638//8859 4637//8859 4639//8859
f 4623//8860 4640//8860 4629//8860
f 4634//8861 4640//8861 4623//8861
f 4625//8862 4641//8862 4631//8862
f 4631//8863 4641//8863 4637//8863
f 4635//8864 4641//8864 4625//8864
f 4636//8865 4642//8865 4628//8865
f 3032//8866 4642//8866 4636//8866
f 4628//8867 4642//8867 4634//8867
f 3031//8868 4642//8868 3032//8868
f 3027//8869 4642//8869 3031//8869
f 4637//8870 4643//8870 4639//8870
f 4639//8871 4643//8871 4644//8871
f 4644//8872 4643//8872 4645//8872
f 4629//8873 4646//8873 4635//8873
f 4640//8874 4646//8874 4629//8874
f 4641//8875 4647//8875 4637//8875
f 4642//8876 4648//8876 4634//8876
f 3027//8877 4648//8877 4642//8877
f 3023//8878 4648//8878 3027//8878
f 3016//8879 4648//8879 3023//8879
f 4634//8880 4648//8880 4640//8880
f 4643//8881 4649//8881 4645//8881
f 4645//8882 4649//8882 4650//8882
f 4650//8883 4649//8883 4651//8883
f 4635//8884 4652//8884 4641//8884
f 4646//8885 4652//8885 4635//8885
f 4637//8886 4653//8886 4643//8886
f 4647//8887 4653//8887 4637//8887
f 4643//8888 4653//8888 4649//8888
f 4648//8889 4654//8889 4640//8889
f 4640//8890 4654//8890 4646//8890
f 3016//8891 4654//8891 4648//8891
f 3015//8892 4654//8892 3016//8892
f 3012//8893 4654//8893 3015//8893
f 4649//8894 4655//8894 4651//8894
f 4651//8895 4655//8895 4656//8895
f 4656//8896 4655//8896 4657//8896
f 4652//8897 4658//8897 4641//8897
f 4641//8898 4658//8898 4647//8898
f 4653//8899 4659//8899 4649//8899
f 4649//8900 4659//8900 4655//8900
f 4646//8901 4660//8901 4652//8901
f 4654//8902 4660//8902 4646//8902
f 3007//8903 4660//8903 3012//8903
f 3000//8904 4660//8904 3007//8904
f 3012//8905 4660//8905 4654//8905
f 4655//8906 4661//8906 4657//8906
f 4657//8907 4661//8907 4662//8907
f 4662//8908 4661//8908 4663//8908
f 4647//8909 4664//8909 4653//8909
f 4658//8910 4664//8910 4647//8910
f 4659//8911 4665//8911 4655//8911
f 4660//8912 4666//8912 4652//8912
f 4652//8913 4666//8913 4658//8913
f 2996//8914 4666//8914 3000//8914
f 2995//8915 4666//8915 2996//8915
f 3000//8916 4666//8916 4660//8916
f 4661//8917 4667//8917 4663//8917
f 4663//8918 4667//8918 4668//8918
f 4668//8919 4667//8919 4669//8919
f 4664//8920 4670//8920 4653//8920
f 4653//8921 4670//8921 4659//8921
f 4655//8922 4671//8922 4661//8922
f 4665//8923 4671//8923 4655//8923
f 2988//8924 4672//8924 2995//8924
f 2987//8925 4672//8925 2988//8925
f 4666//8926 4672//8926 4658//8926
f 4658//8927 4672//8927 4664//8927
f 2995//8928 4672//8928 4666//8928
f 4673//8929 4674//8929 4675//8929
f 4667//8930 4674//8930 4669//8930
f 4669//8931 4674//8931 4673//8931
f 4665//8932 4676//8932 4671//8932
f 4659//8933 4676//8933 4665//8933
f 4670//8934 4676//8934 4659//8934
f 4661//8935 4677//8935 4667//8935
f 4671//8936 4677//8936 4661//8936
f 4667//8937 4677//8937 4674//8937
f 4670//8938 4678//8938 4676//8938
f 2987//8939 4678//8939 4672//8939
f 2980//8940 4678//8940 2987//8940
f 2977//8941 4678//8941 2980//8941
f 4664//8942 4678//8942 4670//8942
f 4672//8943 4678//8943 4664//8943
f 4675//8944 4679//8944 4680//8944
f 4680//8945 4679//8945 4681//8945
f 4674//8946 4679//8946 4675//8946
f 4676//8947 4682//8947 4671//8947
f 4674//8948 4683//8948 4679//8948
f 4677//8949 4683//8949 4674//8949
f 2977//8950 4684//8950 4678//8950
f 2976//8951 4684//8951 2977//8951
f 2968//8952 4684//8952 2976//8952
f 4678//8953 4684//8953 4676//8953
f 4681//8954 4685//8954 4686//8954
f 4679//8955 4685//8955 4681//8955
f 4686//8956 4685//8956 4687//8956
f 4671//8957 4688//8957 4677//8957
f 4682//8958 4688//8958 4671//8958
f 4683//8959 4689//8959 4679//8959
f 4684//8960 4690//8960 4676//8960
f 4682//8961 4690//8961 4688//8961
f 4676//8962 4690//8962 4682//8962
f 2968//8963 4690//8963 4684//8963
f 2967//8964 4690//8964 2968//8964
f 2961//8965 4690//8965 2967//8965
f 4687//8966 4691//8966 4692//8966
f 4692//8967 4691//8967 4693//8967
f 4685//8968 4691//8968 4687//8968
f 4677//8969 4694//8969 4683//8969
f 4688//8970 4694//8970 4677//8970
f 4679//8971 4695//8971 4685//8971
f 4689//8972 4695//8972 4679//8972
f 4690//8973 4696//8973 4688//8973
f 2961//8974 4696//8974 4690//8974
f 2956//8975 4696//8975 2961//8975
f 2955//8976 4696//8976 2956//8976
f 4693//8977 4697//8977 4698//8977
f 4698//8978 4697//8978 4699//8978
f 4691//8979 4697//8979 4693//8979
f 4683//8980 4700//8980 4689//8980
f 4694//8981 4700//8981 4683//8981
f 4695//8982 4701//8982 4685//8982
f 4685//8983 4701//8983 4691//8983
f 4688//8984 4702//8984 4694//8984
f 4696//8985 4702//8985 4688//8985
f 2955//8986 4702//8986 4696//8986
f 2948//8987 4702//8987 2955//8987
f 2945//8988 4702//8988 2948//8988
f 4699//8989 4703//8989 4704//8989
f 4704//8990 4703//8990 4705//8990
f 4697//8991 4703//8991 4699//8991
f 4689//8992 4706//8992 4695//8992
f 4695//8993 4706//8993 4701//8993
f 4700//8994 4706//8994 4689//8994
f 4691//8995 4707//8995 4697//8995
f 4701//8996 4707//8996 4691//8996
f 4694//8997 4708//8997 4700//8997
f 4700//8998 4708//8998 4706//8998
f 2945//8999 4708//8999 4702//8999
f 2784//9000 4708//9000 2945//9000
f 2781//9001 4708//9001 2784//9001
f 4702//9002 4708//9002 4694//9002
f 4705//9003 4709//9003 4710//9003
f 4710//9004 4709//9004 4711//9004
f 4703//9005 4709//9005 4705//9005
f 4706//9006 4712//9006 4701//9006
f 4697//9007 4713//9007 4703//9007
f 4707//9008 4713//9008 4697//9008
f 4708//9009 4714//9009 4706//9009
f 2781//9010 4714//9010 4708//9010
f 2778//9011 4714//9011 2781//9011
f 2775//9012 4714//9012 2778//9012
f 4711//9013 4715//9013 4716//9013
f 4716//9014 4715//9014 4717//9014
f 4709//9015 4715//9015 4711//9015
f 4712//9016 4718//9016 4701//9016
f 4701//9017 4718//9017 4707//9017
f 4703//9018 4719//9018 4709//9018
f 4713//9019 4719//9019 4703//9019
f 4706//9020 4720//9020 4712//9020
f 4714//9021 4720//9021 4706//9021
f 2772//9022 4720//9022 2775//9022
f 2769//9023 4720//9023 2772//9023
f 2775//9024 4720//9024 4714//9024
f 4717//9025 4721//9025 4722//9025
f 4722//9026 4721//9026 4723//9026
f 4715//9027 4721//9027 4717//9027
f 4707//9028 4724//9028 4713//9028
f 4718//9029 4724//9029 4707//9029
f 4719//9030 4725//9030 4709//9030
f 4709//9031 4725//9031 4715//9031
f 4720//9032 4726//9032 4712//9032
f 4712//9033 4726//9033 4718//9033
f 2766//9034 4726//9034 2769//9034
f 2763//9035 4726//9035 2766//9035
f 2769//9036 4726//9036 4720//9036
f 4723//9037 4727//9037 4728//9037
f 4728//9038 4727//9038 4729//9038
f 4721//9039 4727//9039 4723//9039
f 4719//9040 4730//9040 4725//9040
f 4724//9041 4730//9041 4713//9041
f 4713//9042 4730//9042 4719//9042
f 4715//9043 4731//9043 4721//9043
f 4721//9044 4731//9044 4727//9044
f 4725//9045 4731//9045 4715//9045
f 2763//9046 4732//9046 4726//9046
f 2760//9047 4732//9047 2763//9047
f 2757//9048 4732//9048 2760//9048
f 4718//9049 4732//9049 4724//9049
f 4726//9050 4732//9050 4718//9050
f 4729//9051 4733//9051 4734//9051
f 4734//9052 4733//9052 4735//9052
f 4727//9053 4733//9053 4729//9053
f 4730//9054 4736//9054 4725//9054
f 4725//9055 4736//9055 4731//9055
f 4731//9056 4737//9056 4727//9056
f 4732//9057 4738//9057 4724//9057
f 2757//9058 4738//9058 4732//9058
f 2754//9059 4738//9059 2757//9059
f 2751//9060 4738//9060 2754//9060
f 4724//9061 4738//9061 4730//9061
f 4735//9062 4739//9062 4740//9062
f 4740//9063 4739//9063 4741//9063
f 4733//9064 4739//9064 4735//9064
f 4736//9065 4742//9065 4731//9065
f 4737//9066 4743//9066 4727//9066
f 4727//9067 4743//9067 4733//9067
f 2751//9068 4744//9068 4738//9068
f 4738//9069 4744//9069 4730//9069
f 2748//9070 4744//9070 2751//9070
f 2745//9071 4744//9071 2748//9071
f 4730//9072 4744//9072 4736//9072
f 4741//9073 4745//9073 4746//9073
f 4746//9074 4745//9074 4747//9074
f 4739//9075 4745//9075 4741//9075
f 4731//9076 4748//9076 4737//9076
f 4737//9077 4748//9077 4743//9077
f 4742//9078 4748//9078 4731//9078
f 4733//9079 4749//9079 4739//9079
f 4743//9080 4749//9080 4733//9080
f 4744//9081 4750//9081 4736//9081
f 4736//9082 4750//9082 4742//9082
f 4742//9083 4750//9083 4748//9083
f 2745//9084 4750//9084 4744//9084
f 2743//9085 4750//9085 2745//9085
f 2739//9086 4750//9086 2743//9086
f 4747//9087 4751//9087 4752//9087
f 4752//9088 4751//9088 4753//9088
f 4745//9089 4751//9089 4747//9089
f 4748//9090 4754//9090 4743//9090
f 4739//9091 4755//9091 4745//9091
f 4749//9092 4755//9092 4739//9092
f 4745//9093 4755//9093 4751//9093
f 4750//9094 4756//9094 4748//9094
f 2739//9095 4756//9095 4750//9095
f 2736//9096 4756//9096 2739//9096
f 2733//9097 4756//9097 2736//9097
f 4753//9098 4757//9098 4758//9098
f 4758//9099 4757//9099 4759//9099
f 4751//9100 4757//9100 4753//9100
f 4754//9101 4760//9101 4743//9101
f 4743//9102 4760//9102 4749//9102
f 4755//9103 4761//9103 4751//9103
f 4748//9104 4762//9104 4754//9104
f 4756//9105 4762//9105 4748//9105
f 2733//9106 4762//9106 4756//9106
f 2730//9107 4762//9107 2733//9107
f 2727//9108 4762//9108 2730//9108
f 4759//9109 4763//9109 4764//9109
f 4764//9110 4763//9110 4765//9110
f 4757//9111 4763//9111 4759//9111
f 4760//9112 4766//9112 4749//9112
f 4749//9113 4766//9113 4755//9113
f 4755//9114 4766//9114 4761//9114
f 4751//9115 4767//9115 4757//9115
f 4761//9116 4767//9116 4751//9116
f 4757//9117 4767//9117 4763//9117
f 4754//9118 4768//9118 4760//9118
f 4762//9119 4768//9119 4754//9119
f 2727//9120 4768//9120 4762//9120
f 2724//9121 4768//9121 2727//9121
f 2721//9122 4768//9122 2724//9122
f 4765//9123 4769//9123 4770//9123
f 4770//9124 4769//9124 4771//9124
f 4763//9125 4769//9125 4765//9125
f 4766//9126 4772//9126 4761//9126
f 4767//9127 4773//9127 4763//9127
f 4768//9128 4774//9128 4760//9128
f 4760//9129 4774//9129 4766//9129
f 4766//9130 4774//9130 4772//9130
f 2721//9131 4774//9131 4768//9131
f 2718//9132 4774//9132 2721//9132
f 2715//9133 4774//9133 2718//9133
f 4771//9134 4775//9134 4776//9134
f 4776//9135 4775//9135 4777//9135
f 4769//9136 4775//9136 4771//9136
f 4772//9137 4778//9137 4761//9137
f 4761//9138 4778//9138 4767//9138
f 4763//9139 4779//9139 4769//9139
f 4773//9140 4779//9140 4763//9140
f 4774//9141 4780//9141 4772//9141
f 2712//9142 4780//9142 2715//9142
f 2709//9143 4780//9143 2712//9143
f 2715//9144 4780//9144 4774//9144
f 4775//9145 4781//9145 4777//9145
f 4777//9146 4781//9146 4782//9146
f 4782//9147 4781//9147 4783//9147
f 4778//9148 4784//9148 4767//9148
f 4773//9149 4784//9149 4779//9149
f 4767//9150 4784//9150 4773//9150
f 4779//9151 4785//9151 4769//9151
f 4769//9152 4785//9152 4775//9152
f 2709//9153 4786//9153 4780//9153
f 4780//9154 4786//9154 4772//9154
f 4778//9155 4786//9155 4784//9155
f 4772//9156 4786//9156 4778//9156
f 2706//9157 4786//9157 2709//9157
f 2703//9158 4786//9158 2706//9158
f 4781//9159 4787//9159 4783//9159
f 4783//9160 4787//9160 4788//9160
f 4788//9161 4787//9161 4789//9161
f 4784//9162 4790//9162 4779//9162
f 4779//9163 4790//9163 4785//9163
f 4785//9164 4791//9164 4775//9164
f 4775//9165 4791//9165 4781//9165
f 2697//9166 4792//9166 2700//9166
f 2703//9167 4792//9167 4786//9167
f 4786//9168 4792//9168 4784//9168
f 2700//9169 4792//9169 2703//9169
f 4787//9170 4793//9170 4789//9170
f 4789//9171 4793//9171 4794//9171
f 4794//9172 4793//9172 4795//9172
f 4790//9173 4796//9173 4785//9173
f 4785//9174 4796//9174 4791//9174
f 4781//9175 4797//9175 4787//9175
f 4787//9176 4797//9176 4793//9176
f 4791//9177 4797//9177 4781//9177
f 2694//9178 4798//9178 2697//9178
f 2691//9179 4798//9179 2694//9179
f 4784//9180 4798//9180 4790//9180
f 2697//9181 4798//9181 4792//9181
f 4792//9182 4798//9182 4784//9182
f 4793//9183 4799//9183 4795//9183
f 4795//9184 4799//9184 4800//9184
f 4800//9185 4799//9185 4801//9185
f 4796//9186 4802//9186 4791//9186
f 4791//9187 4802//9187 4797//9187
f 4797//9188 4803//9188 4793//9188
f 2689//9189 4804//9189 2691//9189
f 2684//9190 4804//9190 2689//9190
f 2691//9191 4804//9191 4798//9191
f 4790//9192 4804//9192 4796//9192
f 4798//9193 4804//9193 4790//9193
f 4799//9194 4805//9194 4801//9194
f 4801//9195 4805//9195 4806//9195
f 4806//9196 4805//9196 4807//9196
f 4802//9197 4808//9197 4797//9197
f 4803//9198 4809//9198 4793//9198
f 4793//9199 4809//9199 4799//9199
f 2681//9200 4810//9200 2684//9200
f 2676//9201 4810//9201 2681//9201
f 2684//9202 4810//9202 4804//9202
f 4796//9203 4810//9203 4802//9203
f 4804//9204 4810//9204 4796//9204
f 4805//9205 4811//9205 4807//9205
f 4807//9206 4811//9206 4812//9206
f 4812//9207 4811//9207 4813//9207
f 4797//9208 4814//9208 4803//9208
f 4808//9209 4814//9209 4797//9209
f 4799//9210 4815//9210 4805//9210
f 4809//9211 4815//9211 4799//9211
f 2672//9212 4816//9212 2676//9212
f 2668//9213 4816//9213 2672//9213
f 4802//9214 4816//9214 4808//9214
f 2676//9215 4816//9215 4810//9215
f 4810//9216 4816//9216 4802//9216
f 4813//9217 4817//9217 4818//9217
f 4811//9218 4817//9218 4813//9218
f 4818//9219 4817//9219 4819//9219
f 4814//9220 4820//9220 4803//9220
f 4803//9221 4820//9221 4809//9221
f 4809//9222 4820//9222 4815//9222
f 4805//9223 4821//9223 4811//9223
f 4811//9224 4821//9224 4817//9224
f 4815//9225 4821//9225 4805//9225
f 2664//9226 4822//9226 2668//9226
f 2667//9227 4822//9227 2664//9227
f 2668//9228 4822//9228 4816//9228
f 4808//9229 4822//9229 4814//9229
f 4816//9230 4822//9230 4808//9230
f 4819//9231 4823//9231 4824//9231
f 4824//9232 4823//9232 4825//9232
f 4817//9233 4823//9233 4819//9233
f 4815//9234 4826//9234 4821//9234
f 4820//9235 4826//9235 4815//9235
f 4821//9236 4827//9236 4817//9236
f 2670//9237 4828//9237 2667//9237
f 2674//9238 4828//9238 2670//9238
f 2667//9239 4828//9239 4822//9239
f 4814//9240 4828//9240 4820//9240
f 4822//9241 4828//9241 4814//9241
f 4825//9242 4829//9242 4830//9242
f 4830//9243 4829//9243 4831//9243
f 4823//9244 4829//9244 4825//9244
f 4826//9245 4832//9245 4821//9245
f 4827//9246 4833//9246 4817//9246
f 4817//9247 4833//9247 4823//9247
f 4823//9248 4833//9248 4829//9248
f 4828//9249 4834//9249 4820//9249
f 2678//9250 4834//9250 2674//9250
f 2683//9251 4834//9251 2678//9251
f 2674//9252 4834//9252 4828//9252
f 4820//9253 4834//9253 4826//9253
f 4829//9254 4835//9254 4831//9254
f 4836//9255 4835//9255 4520//9255
f 4831//9256 4835//9256 4837//9256
f 4837//9257 4835//9257 4836//9257
f 4520//9258 4835//9258 4838//9258
f 4821//9259 4839//9259 4827//9259
f 4832//9260 4839//9260 4821//9260
f 4833//9261 4840//9261 4829//9261
f 2687//9262 4841//9262 2683//9262
f 2690//9263 4841//9263 2687//9263
f 4834//9264 4841//9264 4826//9264
f 4826//9265 4841//9265 4832//9265
f 2683//9266 4841//9266 4834//9266
f 4839//9267 4842//9267 4827//9267
f 4827//9268 4842//9268 4833//9268
f 4840//9269 4843//9269 4829//9269
f 4835//9270 4843//9270 4838//9270
f 4829//9271 4843//9271 4835//9271
f 2693//9272 4844//9272 2690//9272
f 2696//9273 4844//9273 2693//9273
f 4841//9274 4844//9274 4832//9274
f 2690//9275 4844//9275 4841//9275
f 4832//9276 4844//9276 4839//9276
f 4833//9277 4845//9277 4840//9277
f 4842//9278 4845//9278 4833//9278
f 2699//9279 4846//9279 2696//9279
f 2702//9280 4846//9280 2699//9280
f 2696//9281 4846//9281 4844//9281
f 4839//9282 4846//9282 4842//9282
f 4842//9283 4846//9283 4845//9283
f 4844//9284 4846//9284 4839//9284
f 4840//9285 4847//9285 4843//9285
f 4845//9286 4847//9286 4840//9286
f 4843//9287 4847//9287 4838//9287
f 4838//9288 4847//9288 4848//9288
f 4848//9289 4847//9289 4536//9289
f 2705//9290 4849//9290 2702//9290
f 2708//9291 4849//9291 2705//9291
f 4846//9292 4849//9292 4845//9292
f 2702//9293 4849//9293 4846//9293
f 2711//9294 4850//9294 2708//9294
f 2714//9295 4850//9295 2711//9295
f 4845//9296 4850//9296 4847//9296
f 2708//9297 4850//9297 4849//9297
f 4847//9298 4850//9298 4536//9298
f 4849//9299 4850//9299 4845//9299
f 4536//9300 4850//9300 2714//9300
f 4836//9301 4520//9301 4519//9301
f 2714//9302 2717//9302 4536//9302
f 4521//9303 4851//9303 4852//9303
f 4852//9304 4851//9304 4853//9304
f 4520//9305 4851//9305 4521//9305
f 4851//9306 4854//9306 4853//9306
f 4853//9307 4854//9307 4855//9307
f 4855//9308 4854//9308 4856//9308
f 4520//9309 4857//9309 4851//9309
f 4838//9310 4857//9310 4520//9310
f 4856//9311 4858//9311 4859//9311
f 4859//9312 4858//9312 4860//9312
f 4854//9313 4858//9313 4856//9313
f 4857//9314 4861//9314 4851//9314
f 4851//9315 4861//9315 4854//9315
f 4858//9316 4862//9316 4860//9316
f 4860//9317 4862//9317 4863//9317
f 4863//9318 4862//9318 4864//9318
f 4848//9319 4865//9319 4838//9319
f 4838//9320 4865//9320 4857//9320
f 4854//9321 4866//9321 4858//9321
f 4861//9322 4866//9322 4854//9322
f 4864//9323 4867//9323 4868//9323
f 4868//9324 4867//9324 4869//9324
f 4862//9325 4867//9325 4864//9325
f 4857//9326 4870//9326 4861//9326
f 4865//9327 4870//9327 4857//9327
f 4866//9328 4871//9328 4858//9328
f 4858//9329 4871//9329 4862//9329
f 2723//9330 4872//9330 2720//9330
f 2726//9331 4872//9331 2723//9331
f 4536//9332 4872//9332 4848//9332
f 4848//9333 4872//9333 4865//9333
f 2720//9334 4872//9334 4536//9334
f 4869//9335 4873//9335 4874//9335
f 4874//9336 4873//9336 4875//9336
f 4867//9337 4873//9337 4869//9337
f 4861//9338 4876//9338 4866//9338
f 4870//9339 4876//9339 4861//9339
f 4871//9340 4877//9340 4862//9340
f 4862//9341 4877//9341 4867//9341
f 2729//9342 4878//9342 2726//9342
f 2732//9343 4878//9343 2729//9343
f 2726//9344 4878//9344 4872//9344
f 4872//9345 4878//9345 4865//9345
f 4865//9346 4878//9346 4870//9346
f 4875//9347 4509//9347 4879//9347
f 4879//9348 4509//9348 4880//9348
f 4873//9349 4509//9349 4875//9349
f 4866//9350 4512//9350 4871//9350
f 4876//9351 4512//9351 4866//9351
f 4877//9352 4524//9352 4867//9352
f 4867//9353 4524//9353 4873//9353
f 2735//9354 4881//9354 2732//9354
f 2738//9355 4881//9355 2735//9355
f 2732//9356 4881//9356 4878//9356
f 4878//9357 4881//9357 4870//9357
f 4870//9358 4881//9358 4876//9358
f 4509//9359 4526//9359 4880//9359
f 4880//9360 4526//9360 4882//9360
f 4882//9361 4526//9361 4883//9361
f 4871//9362 4513//9362 4877//9362
f 4512//9363 4513//9363 4871//9363
f 4524//9364 4507//9364 4873//9364
f 4873//9365 4507//9365 4509//9365
f 2742//9366 4511//9366 2738//9366
f 2744//9367 4511//9367 2742//9367
f 2738//9368 4511//9368 4881//9368
f 4876//9369 4511//9369 4512//9369
f 4881//9370 4511//9370 4876//9370
f 4883//9371 4514//9371 4884//9371
f 4884//9372 4514//9372 4516//9372
f 4526//9373 4514//9373 4883//9373
f 4877//9374 4522//9374 4524//9374
f 4513//9375 4522//9375 4877//9375
f 4509//9376 4508//9376 4526//9376
f 4885//9377 4886//9377 4887//9377
f 4888//9378 4886//9378 4889//9378
f 4887//9379 4886//9379 4888//9379
f 2663//9380 4890//9380 4891//9380
f 4892//9381 4890//9381 4893//9381
f 2688//9382 4890//9382 2663//9382
f 2680//9383 4890//9383 2688//9383
f 4891//9384 4890//9384 4892//9384
f 4894//9385 4895//9385 4896//9385
f 4896//9386 4895//9386 4897//9386
f 4898//9387 4899//9387 4900//9387
f 4889//9388 4895//9388 4894//9388
f 4901//9389 4902//9389 4903//9389
f 4903//9390 4902//9390 4885//9390
f 4885//9391 4902//9391 4886//9391
f 4886//9392 4904//9392 4889//9392
f 2679//9393 4905//9393 2680//9393
f 2675//9394 4905//9394 2679//9394
f 2680//9395 4905//9395 4890//9395
f 4890//9396 4905//9396 4893//9396
f 4893//9397 4905//9397 4901//9397
f 4895//9398 4906//9398 4897//9398
f 4897//9399 4906//9399 4907//9399
f 4907//9400 4906//9400 4908//9400
f 4902//9401 4909//9401 4886//9401
f 4904//9402 4910//9402 4889//9402
f 4889//9403 4910//9403 4895//9403
f 2671//9404 4911//9404 2675//9404
f 2666//9405 4911//9405 2671//9405
f 4905//9406 4911//9406 4901//9406
f 4901//9407 4911//9407 4902//9407
f 2675//9408 4911//9408 4905//9408
f 4908//9409 4912//9409 4913//9409
f 4913//9410 4912//9410 4914//9410
f 4906//9411 4912//9411 4908//9411
f 2648//9412 2650//9412 4915//9412
f 4909//9413 4916//9413 4886//9413
f 4886//9414 4916//9414 4904//9414
f 4910//9415 4917//9415 4895//9415
f 4895//9416 4917//9416 4906//9416
f 2665//9417 4918//9417 2666//9417
f 2669//9418 4918//9418 2665//9418
f 2666//9419 4918//9419 4911//9419
f 4911//9420 4918//9420 4902//9420
f 4902//9421 4918//9421 4909//9421
f 4912//9422 4919//9422 4914//9422
f 4914//9423 4919//9423 4920//9423
f 4920//9424 4919//9424 4921//9424
f 4916//9425 4922//9425 4904//9425
f 4904//9426 4922//9426 4910//9426
f 4906//9427 4923//9427 4912//9427
f 4917//9428 4923//9428 4906//9428
f 2673//9429 4924//9429 2669//9429
f 2677//9430 4924//9430 2673//9430
f 4918//9431 4924//9431 4909//9431
f 2669//9432 4924//9432 4918//9432
f 4909//9433 4924//9433 4916//9433
f 4919//9434 4925//9434 4921//9434
f 4921//9435 4925//9435 4926//9435
f 4926//9436 4925//9436 4927//9436
f 4922//9437 4928//9437 4910//9437
f 4910//9438 4928//9438 4917//9438
f 4919//9439 4929//9439 4925//9439
f 4912//9440 4929//9440 4919//9440
f 4923//9441 4929//9441 4912//9441
f 4916//9442 4930//9442 4922//9442
f 2677//9443 4930//9443 4924//9443
f 2682//9444 4930//9444 2677//9444
f 2686//9445 4930//9445 2682//9445
f 4924//9446 4930//9446 4916//9446
f 4922//9447 4930//9447 4928//9447
f 4927//9448 4931//9448 4932//9448
f 4932//9449 4931//9449 4933//9449
f 4925//9450 4931//9450 4927//9450
f 4917//9451 4934//9451 4923//9451
f 4928//9452 4934//9452 4917//9452
f 4929//9453 4935//9453 4925//9453
f 4928//9454 4936//9454 4934//9454
f 2685//9455 4936//9455 2686//9455
f 2692//9456 4936//9456 2685//9456
f 2686//9457 4936//9457 4930//9457
f 4930//9458 4936//9458 4928//9458
f 4933//9459 4937//9459 4938//9459
f 4938//9460 4937//9460 4939//9460
f 4931//9461 4937//9461 4933//9461
f 4934//9462 4940//9462 4923//9462
f 4929//9463 4940//9463 4935//9463
f 4923//9464 4940//9464 4929//9464
f 4935//9465 4941//9465 4925//9465
f 4925//9466 4941//9466 4931//9466
f 2695//9467 4942//9467 2692//9467
f 2698//9468 4942//9468 2695//9468
f 4934//9469 4942//9469 4940//9469
f 2692//9470 4942//9470 4936//9470
f 4936//9471 4942//9471 4934//9471
f 4937//9472 4943//9472 4939//9472
f 4939//9473 4943//9473 4944//9473
f 4944//9474 4943//9474 4945//9474
f 4940//9475 4946//9475 4935//9475
f 4931//9476 4947//9476 4937//9476
f 4937//9477 4947//9477 4943//9477
f 4941//9478 4947//9478 4931//9478
f 2701//9479 4948//9479 2698//9479
f 2704//9480 4948//9480 2701//9480
f 4942//9481 4948//9481 4940//9481
f 2698//9482 4948//9482 4942//9482
f 4945//9483 4949//9483 4950//9483
f 4950//9484 4949//9484 4951//9484
f 4943//9485 4949//9485 4945//9485
f 4946//9486 4952//9486 4935//9486
f 4935//9487 4952//9487 4941//9487
f 4943//9488 4953//9488 4949//9488
f 4947//9489 4953//9489 4943//9489
f 4940//9490 4954//9490 4946//9490
f 2707//9491 4954//9491 2704//9491
f 2710//9492 4954//9492 2707//9492
f 4948//9493 4954//9493 4940//9493
f 2704//9494 4954//9494 4948//9494
f 4949//9495 4955//9495 4951//9495
f 4951//9496 4955//9496 4956//9496
f 4956//9497 4955//9497 4957//9497
f 4941//9498 4958//9498 4947//9498
f 4952//9499 4958//9499 4941//9499
f 4947//9500 4958//9500 4953//9500
f 4953//9501 4959//9501 4949//9501
f 4946//9502 4960//9502 4952//9502
f 4954//9503 4960//9503 4946//9503
f 2713//9504 4960//9504 2710//9504
f 2716//9505 4960//9505 2713//9505
f 2710//9506 4960//9506 4954//9506
f 4955//9507 4961//9507 4957//9507
f 4957//9508 4961//9508 4962//9508
f 4962//9509 4961//9509 4963//9509
f 4958//9510 4964//9510 4953//9510
f 4949//9511 4965//9511 4955//9511
f 4959//9512 4965//9512 4949//9512
f 2719//9513 4966//9513 2716//9513
f 2722//9514 4966//9514 2719//9514
f 2716//9515 4966//9515 4960//9515
f 4960//9516 4966//9516 4952//9516
f 4958//9517 4966//9517 4964//9517
f 4952//9518 4966//9518 4958//9518
f 4961//9519 4967//9519 4963//9519
f 4963//9520 4967//9520 4968//9520
f 4968//9521 4967//9521 4969//9521
f 4964//9522 4970//9522 4953//9522
f 4953//9523 4970//9523 4959//9523
f 4961//9524 4971//9524 4967//9524
f 4955//9525 4971//9525 4961//9525
f 4965//9526 4971//9526 4955//9526
f 4966//9527 4972//9527 4964//9527
f 2725//9528 4972//9528 2722//9528
f 2728//9529 4972//9529 2725//9529
f 2722//9530 4972//9530 4966//9530
f 4967//9531 4973//9531 4969//9531
f 4969//9532 4973//9532 4974//9532
f 4974//9533 4973//9533 4975//9533
f 4959//9534 4976//9534 4965//9534
f 4970//9535 4976//9535 4959//9535
f 4971//9536 4977//9536 4967//9536
f 4970//9537 4978//9537 4976//9537
f 2731//9538 4978//9538 2728//9538
f 2734//9539 4978//9539 2731//9539
f 2728//9540 4978//9540 4972//9540
f 4964//9541 4978//9541 4970//9541
f 4972//9542 4978//9542 4964//9542
f 4973//9543 4979//9543 4975//9543
f 4975//9544 4979//9544 4980//9544
f 4980//9545 4979//9545 4981//9545
f 4965//9546 4982//9546 4971//9546
f 4976//9547 4982//9547 4965//9547
f 4977//9548 4983//9548 4967//9548
f 4967//9549 4983//9549 4973//9549
f 2737//9550 4984//9550 2734//9550
f 2740//9551 4984//9551 2737//9551
f 4978//9552 4984//9552 4976//9552
f 2734//9553 4984//9553 4978//9553
f 4976//9554 4984//9554 4982//9554
f 4981//9555 4985//9555 4986//9555
f 4986//9556 4985//9556 4987//9556
f 4979//9557 4985//9557 4981//9557
f 4982//9558 4988//9558 4971//9558
f 4971//9559 4988//9559 4977//9559
f 4973//9560 4989//9560 4979//9560
f 4983//9561 4989//9561 4973//9561
f 2741//9562 4990//9562 2740//9562
f 2746//9563 4990//9563 2741//9563
f 2740//9564 4990//9564 4984//9564
f 4984//9565 4990//9565 4982//9565
f 4985//9566 4991//9566 4987//9566
f 4987//9567 4991//9567 4992//9567
f 4992//9568 4991//9568 4993//9568
f 4977//9569 4994//9569 4983//9569
f 4988//9570 4994//9570 4977//9570
f 4983//9571 4994//9571 4989//9571
f 4989//9572 4995//9572 4979//9572
f 4979//9573 4995//9573 4985//9573
f 2746//9574 4996//9574 4990//9574
f 2749//9575 4996//9575 2746//9575
f 2752//9576 4996//9576 2749//9576
f 4982//9577 4996//9577 4988//9577
f 4990//9578 4996//9578 4982//9578
f 4993//9579 4997//9579 4998//9579
f 4998//9580 4997//9580 4999//9580
f 4991//9581 4997//9581 4993//9581
f 4994//9582 5000//9582 4989//9582
f 4985//9583 5001//9583 4991//9583
f 4995//9584 5001//9584 4985//9584
f 4994//9585 5002//9585 5000//9585
f 2752//9586 5002//9586 4996//9586
f 2755//9587 5002//9587 2752//9587
f 2758//9588 5002//9588 2755//9588
f 4988//9589 5002//9589 4994//9589
f 4996//9590 5002//9590 4988//9590
f 4997//9591 5003//9591 4999//9591
f 4999//9592 5003//9592 5004//9592
f 5004//9593 5003//9593 5005//9593
f 4989//9594 5006//9594 4995//9594
f 5000//9595 5006//9595 4989//9595
f 5001//9596 5007//9596 4991//9596
f 4991//9597 5007//9597 4997//9597
f 2761//9598 5008//9598 2758//9598
f 2764//9599 5008//9599 2761//9599
f 2758//9600 5008//9600 5002//9600
f 5002//9601 5008//9601 5000//9601
f 5005//9602 5009//9602 5010//9602
f 5010//9603 5009//9603 5011//9603
f 5003//9604 5009//9604 5005//9604
f 5001//9605 5012//9605 5007//9605
f 4995//9606 5012//9606 5001//9606
f 5006//9607 5012//9607 4995//9607
f 4997//9608 5013//9608 5003//9608
f 5007//9609 5013//9609 4997//9609
f 5000//9610 5014//9610 5006//9610
f 2764//9611 5014//9611 5008//9611
f 2767//9612 5014//9612 2764//9612
f 2770//9613 5014//9613 2767//9613
f 5008//9614 5014//9614 5000//9614
f 5009//9615 5015//9615 5011//9615
f 5011//9616 5015//9616 5016//9616
f 5016//9617 5015//9617 5017//9617
f 5007//9618 5018//9618 5013//9618
f 5012//9619 5018//9619 5007//9619
f 5013//9620 5019//9620 5003//9620
f 5003//9621 5019//9621 5009//9621
f 5014//9622 5020//9622 5006//9622
f 5006//9623 5020//9623 5012//9623
f 2770//9624 5020//9624 5014//9624
f 2773//9625 5020//9625 2770//9625
f 2776//9626 5020//9626 2773//9626
f 5015//9627 5021//9627 5017//9627
f 5017//9628 5021//9628 5022//9628
f 5022//9629 5021//9629 5023//9629
f 5018//9630 5024//9630 5013//9630
f 5009//9631 5025//9631 5015//9631
f 5019//9632 5025//9632 5009//9632
f 5015//9633 5025//9633 5021//9633
f 5012//9634 5026//9634 5018//9634
f 5020//9635 5026//9635 5012//9635
f 2776//9636 5026//9636 5020//9636
f 5018//9637 5026//9637 5024//9637
f 2779//9638 5026//9638 2776//9638
f 2782//9639 5026//9639 2779//9639
f 5021//9640 5027//9640 5023//9640
f 5023//9641 5027//9641 5028//9641
f 5028//9642 5027//9642 5029//9642
f 5013//9643 5030//9643 5019//9643
f 5024//9644 5030//9644 5013//9644
f 5025//9645 5031//9645 5021//9645
f 5026//9646 5032//9646 5024//9646
f 2782//9647 5032//9647 5026//9647
f 2785//9648 5032//9648 2782//9648
f 2869//9649 5032//9649 2785//9649
f 5027//9650 5033//9650 5029//9650
f 5029//9651 5033//9651 5034//9651
f 5034//9652 5033//9652 5035//9652
f 5030//9653 5036//9653 5019//9653
f 5019//9654 5036//9654 5025//9654
f 5031//9655 5037//9655 5021//9655
f 5021//9656 5037//9656 5027//9656
f 5032//9657 5038//9657 5024//9657
f 5024//9658 5038//9658 5030//9658
f 2867//9659 5038//9659 2869//9659
f 2865//9660 5038//9660 2867//9660
f 2869//9661 5038//9661 5032//9661
f 5033//9662 5039//9662 5035//9662
f 5035//9663 5039//9663 5040//9663
f 5040//9664 5039//9664 5041//9664
f 5036//9665 5042//9665 5025//9665
f 5025//9666 5042//9666 5031//9666
f 5027//9667 5043//9667 5033//9667
f 5037//9668 5043//9668 5027//9668
f 5033//9669 5043//9669 5039//9669
f 5038//9670 5044//9670 5030//9670
f 5030//9671 5044//9671 5036//9671
f 2863//9672 5044//9672 2865//9672
f 2861//9673 5044//9673 2863//9673
f 2865//9674 5044//9674 5038//9674
f 5039//9675 5045//9675 5041//9675
f 5041//9676 5045//9676 5046//9676
f 5046//9677 5045//9677 5047//9677
f 5031//9678 5048//9678 5037//9678
f 5042//9679 5048//9679 5031//9679
f 5037//9680 5048//9680 5043//9680
f 5043//9681 5049//9681 5039//9681
f 5036//9682 5050//9682 5042//9682
f 5044//9683 5050//9683 5036//9683
f 2859//9684 5050//9684 2861//9684
f 2857//9685 5050//9685 2859//9685
f 5042//9686 5050//9686 5048//9686
f 2861//9687 5050//9687 5044//9687
f 5051//9688 5052//9688 5053//9688
f 5045//9689 5052//9689 5047//9689
f 5047//9690 5052//9690 5051//9690
f 5048//9691 5054//9691 5043//9691
f 5039//9692 5055//9692 5045//9692
f 5049//9693 5055//9693 5039//9693
f 2854//9694 5056//9694 2857//9694
f 2853//9695 5056//9695 2854//9695
f 2857//9696 5056//9696 5050//9696
f 5050//9697 5056//9697 5048//9697
f 5053//9698 5057//9698 5058//9698
f 5058//9699 5057//9699 5059//9699
f 5052//9700 5057//9700 5053//9700
f 5043//9701 5060//9701 5049//9701
f 5054//9702 5060//9702 5043//9702
f 5055//9703 5061//9703 5045//9703
f 5052//9704 5061//9704 5057//9704
f 5045//9705 5061//9705 5052//9705
f 5048//9706 5062//9706 5054//9706
f 5056//9707 5062//9707 5048//9707
f 2851//9708 5062//9708 2853//9708
f 2848//9709 5062//9709 2851//9709
f 2853//9710 5062//9710 5056//9710
f 5059//9711 5063//9711 5064//9711
f 5057//9712 5063//9712 5059//9712
f 5064//9713 5063//9713 5065//9713
f 5049//9714 5066//9714 5055//9714
f 5060//9715 5066//9715 5049//9715
f 5061//9716 5067//9716 5057//9716
f 5054//9717 5068//9717 5060//9717
f 2848//9718 5068//9718 5062//9718
f 2846//9719 5068//9719 2848//9719
f 2845//9720 5068//9720 2846//9720
f 5062//9721 5068//9721 5054//9721
f 5065//9722 5069//9722 5070//9722
f 5070//9723 5069//9723 5071//9723
f 5063//9724 5069//9724 5065//9724
f 5055//9725 5072//9725 5061//9725
f 5066//9726 5072//9726 5055//9726
f 5057//9727 5073//9727 5063//9727
f 5067//9728 5073//9728 5057//9728
f 5060//9729 5074//9729 5066//9729
f 2845//9730 5074//9730 5068//9730
f 5066//9731 5074//9731 5072//9731
f 2841//9732 5074//9732 2845//9732
f 2840//9733 5074//9733 2841//9733
f 5068//9734 5074//9734 5060//9734
f 5071//9735 5075//9735 5076//9735
f 5076//9736 5075//9736 5077//9736
f 5069//9737 5075//9737 5071//9737
f 5061//9738 5078//9738 5067//9738
f 5072//9739 5078//9739 5061//9739
f 5073//9740 5079//9740 5063//9740
f 5063//9741 5079//9741 5069//9741
f 5074//9742 5080//9742 5072//9742
f 5072//9743 5080//9743 5078//9743
f 2840//9744 5080//9744 5074//9744
f 2836//9745 5080//9745 2840//9745
f 2829//9746 5080//9746 2836//9746
f 5077//9747 5081//9747 5082//9747
f 5082//9748 5081//9748 5083//9748
f 5075//9749 5081//9749 5077//9749
f 5067//9750 5084//9750 5073//9750
f 5078//9751 5084//9751 5067//9751
f 5079//9752 5085//9752 5069//9752
f 5069//9753 5085//9753 5075//9753
f 5080//9754 5086//9754 5078//9754
f 2829//9755 5086//9755 5080//9755
f 2828//9756 5086//9756 2829//9756
f 2821//9757 5086//9757 2828//9757
f 5083//9758 5087//9758 5088//9758
f 5088//9759 5087//9759 5089//9759
f 5081//9760 5087//9760 5083//9760
f 5073//9761 5090//9761 5079//9761
f 5084//9762 5090//9762 5073//9762
f 5075//9763 5091//9763 5081//9763
f 5081//9764 5091//9764 5087//9764
f 5085//9765 5091//9765 5075//9765
f 5084//9766 5092//9766 5090//9766
f 5078//9767 5092//9767 5084//9767
f 2821//9768 5092//9768 5086//9768
f 2820//9769 5092//9769 2821//9769
f 2817//9770 5092//9770 2820//9770
f 5086//9771 5092//9771 5078//9771
f 5089//9772 5093//9772 5094//9772
f 5094//9773 5093//9773 5095//9773
f 5087//9774 5093//9774 5089//9774
f 5079//9775 5096//9775 5085//9775
f 5090//9776 5096//9776 5079//9776
f 5087//9777 5097//9777 5093//9777
f 5091//9778 5097//9778 5087//9778
f 5092//9779 5098//9779 5090//9779
f 5090//9780 5098//9780 5096//9780
f 2809//9781 5098//9781 2817//9781
f 2808//9782 5098//9782 2809//9782
f 2817//9783 5098//9783 5092//9783
f 5095//9784 5099//9784 5100//9784
f 5100//9785 5099//9785 5101//9785
f 5093//9786 5099//9786 5095//9786
f 5085//9787 5102//9787 5091//9787
f 5096//9788 5102//9788 5085//9788
f 5097//9789 5103//9789 5093//9789
f 5098//9790 5104//9790 5096//9790
f 2803//9791 5104//9791 2808//9791
f 2802//9792 5104//9792 2803//9792
f 5096//9793 5104//9793 5102//9793
f 2808//9794 5104//9794 5098//9794
f 5101//9795 5105//9795 5106//9795
f 5106//9796 5105//9796 5107//9796
f 5099//9797 5105//9797 5101//9797
f 5102//9798 5108//9798 5091//9798
f 5091//9799 5108//9799 5097//9799
f 5093//9800 5109//9800 5099//9800
f 5099//9801 5109//9801 5105//9801
f 5103//9802 5109//9802 5093//9802
f 2802//9803 5110//9803 5104//9803
f 2804//9804 5110//9804 2802//9804
f 2811//9805 5110//9805 2804//9805
f 5104//9806 5110//9806 5102//9806
f 5102//9807 5110//9807 5108//9807
f 5107//9808 5111//9808 5112//9808
f 5112//9809 5111//9809 5113//9809
f 5105//9810 5111//9810 5107//9810
f 5097//9811 5114//9811 5103//9811
f 5103//9812 5114//9812 5109//9812
f 5108//9813 5114//9813 5097//9813
f 5109//9814 5115//9814 5105//9814
f 2811//9815 5116//9815 5110//9815
f 2812//9816 5116//9816 2811//9816
f 2815//9817 5116//9817 2812//9817
f 5110//9818 5116//9818 5108//9818
f 5113//9819 5117//9819 5118//9819
f 5118//9820 5117//9820 5119//9820
f 5111//9821 5117//9821 5113//9821
f 5114//9822 5120//9822 5109//9822
f 5115//9823 5121//9823 5105//9823
f 5105//9824 5121//9824 5111//9824
f 5108//9825 5122//9825 5114//9825
f 2815//9826 5122//9826 5116//9826
f 5116//9827 5122//9827 5108//9827
f 2823//9828 5122//9828 2815//9828
f 2826//9829 5122//9829 2823//9829
f 5119//9830 5123//9830 5124//9830
f 5124//9831 5123//9831 5125//9831
f 5117//9832 5123//9832 5119//9832
f 5109//9833 5126//9833 5115//9833
f 5120//9834 5126//9834 5109//9834
f 5111//9835 5127//9835 5117//9835
f 5121//9836 5127//9836 5111//9836
f 5114//9837 5128//9837 5120//9837
f 5120//9838 5128//9838 5126//9838
f 2826//9839 5128//9839 5122//9839
f 5122//9840 5128//9840 5114//9840
f 2831//9841 5128//9841 2826//9841
f 2834//9842 5128//9842 2831//9842
f 5125//9843 5129//9843 5130//9843
f 5130//9844 5129//9844 5131//9844
f 5123//9845 5129//9845 5125//9845
f 5121//9846 5132//9846 5127//9846
f 5126//9847 5132//9847 5115//9847
f 5115//9848 5132//9848 5121//9848
f 5123//9849 5133//9849 5129//9849
f 5117//9850 5133//9850 5123//9850
f 5127//9851 5133//9851 5117//9851
f 5126//9852 5134//9852 5132//9852
f 5128//9853 5134//9853 5126//9853
f 2834//9854 5134//9854 5128//9854
f 2838//9855 5134//9855 2834//9855
f 2659//9856 5134//9856 2838//9856
f 5131//9857 5135//9857 5136//9857
f 5136//9858 5135//9858 5137//9858
f 5129//9859 5135//9859 5131//9859
f 5132//9860 5138//9860 5127//9860
f 5133//9861 5139//9861 5129//9861
f 5134//9862 5140//9862 5132//9862
f 2659//9863 5140//9863 5134//9863
f 2657//9864 5140//9864 2659//9864
f 2655//9865 5140//9865 2657//9865
f 5137//9866 5141//9866 5142//9866
f 5142//9867 5141//9867 5143//9867
f 5135//9868 5141//9868 5137//9868
f 5138//9869 5144//9869 5127//9869
f 5127//9870 5144//9870 5133//9870
f 5129//9871 5145//9871 5135//9871
f 5139//9872 5145//9872 5129//9872
f 5140//9873 5146//9873 5132//9873
f 5132//9874 5146//9874 5138//9874
f 2655//9875 5146//9875 5140//9875
f 2653//9876 5146//9876 2655//9876
f 2651//9877 5146//9877 2653//9877
f 5141//9878 5147//9878 5143//9878
f 5143//9879 5147//9879 5148//9879
f 5148//9880 5147//9880 5149//9880
f 5144//9881 5150//9881 5133//9881
f 5133//9882 5150//9882 5139//9882
f 5145//9883 5151//9883 5135//9883
f 5135//9884 5151//9884 5141//9884
f 5146//9885 5152//9885 5138//9885
f 5138//9886 5152//9886 5144//9886
f 2651//9887 5152//9887 5146//9887
f 2649//9888 5152//9888 2651//9888
f 2647//9889 5152//9889 2649//9889
f 5147//9890 5153//9890 5149//9890
f 5149//9891 5153//9891 5154//9891
f 5154//9892 5153//9892 5155//9892
f 5150//9893 5156//9893 5139//9893
f 5139//9894 5156//9894 5145//9894
f 5147//9895 5157//9895 5153//9895
f 5141//9896 5157//9896 5147//9896
f 5151//9897 5157//9897 5141//9897
f 5144//9898 5158//9898 5150//9898
f 5152//9899 5158//9899 5144//9899
f 2645//9900 5158//9900 2647//9900
f 2643//9901 5158//9901 2645//9901
f 2647//9902 5158//9902 5152//9902
f 5153//9903 5159//9903 5155//9903
f 5155//9904 5159//9904 5160//9904
f 5160//9905 5159//9905 5161//9905
f 5145//9906 5162//9906 5151//9906
f 5156//9907 5162//9907 5145//9907
f 5157//9908 5163//9908 5153//9908
f 2643//9909 5164//9909 5158//9909
f 5156//9910 5164//9910 5162//9910
f 5158//9911 5164//9911 5150//9911
f 5150//9912 5164//9912 5156//9912
f 2641//9913 5164//9913 2643//9913
f 2639//9914 5164//9914 2641//9914
f 5161//9915 5165//9915 5166//9915
f 5166//9916 5165//9916 5167//9916
f 5159//9917 5165//9917 5161//9917
f 5162//9918 5168//9918 5151//9918
f 5151//9919 5168//9919 5157//9919
f 5163//9920 5169//9920 5153//9920
f 5153//9921 5169//9921 5159//9921
f 2635//9922 5170//9922 2637//9922
f 2639//9923 5170//9923 5164//9923
f 5164//9924 5170//9924 5162//9924
f 2637//9925 5170//9925 2639//9925
f 5167//9926 5171//9926 5172//9926
f 5172//9927 5171//9927 5173//9927
f 5165//9928 5171//9928 5167//9928
f 5157//9929 5174//9929 5163//9929
f 5168//9930 5174//9930 5157//9930
f 5159//9931 5175//9931 5165//9931
f 5169//9932 5175//9932 5159//9932
f 5165//9933 5175//9933 5171//9933
f 2633//9934 5176//9934 2635//9934
f 2631//9935 5176//9935 2633//9935
f 2635//9936 5176//9936 5170//9936
f 5170//9937 5176//9937 5162//9937
f 5162//9938 5176//9938 5168//9938
f 5171//9939 5177//9939 5173//9939
f 5173//9940 5177//9940 5178//9940
f 5178//9941 5177//9941 5179//9941
f 5174//9942 5180//9942 5163//9942
f 5163//9943 5180//9943 5169//9943
f 5175//9944 5181//9944 5171//9944
f 2629//9945 5182//9945 2631//9945
f 2627//9946 5182//9946 2629//9946
f 2631//9947 5182//9947 5176//9947
f 5174//9948 5182//9948 5180//9948
f 5168//9949 5182//9949 5174//9949
f 5176//9950 5182//9950 5168//9950
f 5179//9951 5183//9951 5184//9951
f 5184//9952 5183//9952 5185//9952
f 5177//9953 5183//9953 5179//9953
f 5169//9954 5186//9954 5175//9954
f 5180//9955 5186//9955 5169//9955
f 5171//9956 5187//9956 5177//9956
f 5181//9957 5187//9957 5171//9957
f 2625//9958 5188//9958 2627//9958
f 2623//9959 5188//9959 2625//9959
f 2627//9960 5188//9960 5182//9960
f 5182//9961 5188//9961 5180//9961
f 5185//9962 5189//9962 5190//9962
f 5190//9963 5189//9963 5191//9963
f 5183//9964 5189//9964 5185//9964
f 5181//9965 5192//9965 5187//9965
f 5175//9966 5192//9966 5181//9966
f 5186//9967 5192//9967 5175//9967
f 5177//9968 5193//9968 5183//9968
f 5187//9969 5193//9969 5177//9969
f 2621//9970 5194//9970 2623//9970
f 2619//9971 5194//9971 2621//9971
f 2623//9972 5194//9972 5188//9972
f 5180//9973 5194//9973 5186//9973
f 5188//9974 5194//9974 5180//9974
f 5191//9975 5195//9975 5196//9975
f 5196//9976 5195//9976 5197//9976
f 5189//9977 5195//9977 5191//9977
f 5192//9978 5198//9978 5187//9978
f 5183//9979 5199//9979 5189//9979
f 5193//9980 5199//9980 5183//9980
f 2618//9981 5200//9981 2619//9981
f 2617//9982 5200//9982 2618//9982
f 2619//9983 5200//9983 5194//9983
f 5186//9984 5200//9984 5192//9984
f 5194//9985 5200//9985 5186//9985
f 5195//9986 5201//9986 5197//9986
f 5197//9987 5201//9987 5202//9987
f 5202//9988 5201//9988 5203//9988
f 5187//9989 5204//9989 5193//9989
f 5198//9990 5204//9990 5187//9990
f 5189//9991 5205//9991 5195//9991
f 5199//9992 5205//9992 5189//9992
f 2620//9993 5206//9993 2617//9993
f 2622//9994 5206//9994 2620//9994
f 2617//9995 5206//9995 5200//9995
f 5192//9996 5206//9996 5198//9996
f 5200//9997 5206//9997 5192//9997
f 5198//9998 5206//9998 5204//9998
f 5201//9999 5207//9999 5203//9999
f 5203//10000 5207//10000 5208//10000
f 5208//10001 5207//10001 5209//10001
f 5204//10002 5210//10002 5193//10002
f 5193//10003 5210//10003 5199//10003
f 5201//10004 5211//10004 5207//10004
f 5205//10005 5211//10005 5195//10005
f 5195//10006 5211//10006 5201//10006
f 5206//10007 5212//10007 5204//10007
f 2624//10008 5212//10008 2622//10008
f 2626//10009 5212//10009 2624//10009
f 2622//10010 5212//10010 5206//10010
f 5207//10011 5213//10011 5209//10011
f 5214//10012 5213//10012 4899//10012
f 5209//10013 5213//10013 5215//10013
f 5215//10014 5213//10014 5214//10014
f 5199//10015 5216//10015 5205//10015
f 5210//10016 5216//10016 5199//10016
f 5211//10017 5217//10017 5207//10017
f 5212//10018 5218//10018 5204//10018
f 2628//10019 5218//10019 2626//10019
f 2630//10020 5218//10020 2628//10020
f 2626//10021 5218//10021 5212//10021
f 5204//10022 5218//10022 5210//10022
f 5211//10023 5219//10023 5217//10023
f 5205//10024 5219//10024 5211//10024
f 5216//10025 5219//10025 5205//10025
f 5213//10026 5220//10026 4899//10026
f 5217//10027 5220//10027 5207//10027
f 5207//10028 5220//10028 5213//10028
f 4899//10029 5220//10029 5221//10029
f 2630//10030 5222//10030 5218//10030
f 2632//10031 5222//10031 2630//10031
f 2634//10032 5222//10032 2632//10032
f 5218//10033 5222//10033 5210//10033
f 5210//10034 5222//10034 5216//10034
f 5219//10035 5223//10035 5217//10035
f 2636//10036 5224//10036 2634//10036
f 2638//10037 5224//10037 2636//10037
f 2634//10038 5224//10038 5222//10038
f 5216//10039 5224//10039 5219//10039
f 5222//10040 5224//10040 5216//10040
f 5220//10041 5225//10041 5221//10041
f 5217//10042 5225//10042 5220//10042
f 5221//10043 5225//10043 5226//10043
f 5226//10044 5225//10044 4915//10044
f 5223//10045 5225//10045 5217//10045
f 2640//10046 5227//10046 2638//10046
f 2642//10047 5227//10047 2640//10047
f 2638//10048 5227//10048 5224//10048
f 5224//10049 5227//10049 5219//10049
f 5219//10050 5227//10050 5223//10050
f 2644//10051 5228//10051 2642//10051
f 2646//10052 5228//10052 2644//10052
f 5225//10053 5228//10053 4915//10053
f 2642//10054 5228//10054 5227//10054
f 5223//10055 5228//10055 5225//10055
f 5227//10056 5228//10056 5223//10056
f 4915//10057 5228//10057 2646//10057
f 5214//10058 4899//10058 4898//10058
f 2646//10059 2648//10059 4915//10059
f 4900//10060 5229//10060 5230//10060
f 5230//10061 5229//10061 5231//10061
f 4899//10062 5229//10062 4900//10062
f 5229//10063 5232//10063 5231//10063
f 5231//10064 5232//10064 5233//10064
f 5233//10065 5232//10065 5234//10065
f 4899//10066 5235//10066 5229//10066
f 5221//10067 5235//10067 4899//10067
f 5234//10068 5236//10068 5237//10068
f 5237//10069 5236//10069 5238//10069
f 5232//10070 5236//10070 5234//10070
f 5235//10071 5239//10071 5229//10071
f 5229//10072 5239//10072 5232//10072
f 5236//10073 5240//10073 5238//10073
f 5238//10074 5240//10074 5241//10074
f 5241//10075 5240//10075 5242//10075
f 5226//10076 5243//10076 5221//10076
f 5221//10077 5243//10077 5235//10077
f 5232//10078 5244//10078 5236//10078
f 5239//10079 5244//10079 5232//10079
f 5240//10080 5245//10080 5242//10080
f 5242//10081 5245//10081 5246//10081
f 5246//10082 5245//10082 5247//10082
f 5235//10083 5248//10083 5239//10083
f 5243//10084 5248//10084 5235//10084
f 5244//10085 5249//10085 5236//10085
f 5236//10086 5249//10086 5240//10086
f 2652//10087 5250//10087 2650//10087
f 2654//10088 5250//10088 2652//10088
f 4915//10089 5250//10089 5226//10089
f 5226//10090 5250//10090 5243//10090
f 2650//10091 5250//10091 4915//10091
f 5247//10092 5251//10092 5252//10092
f 5252//10093 5251//10093 5253//10093
f 5245//10094 5251//10094 5247//10094
f 5239//10095 5254//10095 5244//10095
f 5248//10096 5254//10096 5239//10096
f 5249//10097 5255//10097 5240//10097
f 5240//10098 5255//10098 5245//10098
f 5245//10099 5255//10099 5251//10099
f 2656//10100 5256//10100 2654//10100
f 2658//10101 5256//10101 2656//10101
f 2654//10102 5256//10102 5250//10102
f 5250//10103 5256//10103 5243//10103
f 5243//10104 5256//10104 5248//10104
f 5253//10105 4887//10105 5257//10105
f 5257//10106 4887//10106 5258//10106
f 5251//10107 4887//10107 5253//10107
f 5244//10108 4892//10108 5249//10108
f 5254//10109 4892//10109 5244//10109
f 5255//10110 4903//10110 5251//10110
f 2660//10111 5259//10111 2658//10111
f 2661//10112 5259//10112 2660//10112
f 2658//10113 5259//10113 5256//10113
f 5256//10114 5259//10114 5248//10114
f 5248//10115 5259//10115 5254//10115
f 4887//10116 4888//10116 5258//10116
f 5258//10117 4888//10117 5260//10117
f 5260//10118 4888//10118 5261//10118
f 5249//10119 4893//10119 5255//10119
f 4892//10120 4893//10120 5249//10120
f 4903//10121 4885//10121 5251//10121
f 5251//10122 4885//10122 4887//10122
f 2662//10123 4891//10123 2661//10123
f 2663//10124 4891//10124 2662//10124
f 2661//10125 4891//10125 5259//10125
f 5259//10126 4891//10126 5254//10126
f 5254//10127 4891//10127 4892//10127
f 5261//10128 4889//10128 5262//10128
f 5262//10129 4889//10129 4894//10129
f 4888//10130 4889//10130 5261//10130
f 5255//10131 4901//10131 4903//10131
f 4893//10132 4901//10132 5255//10132
f 5263//10133 5264//10133 5265//10133
f 5266//10134 5267//10134 5268//10134
f 5266//10135 5268//10135 5264//10135
f 5269//10136 5263//10136 5270//10136
f 5269//10137 5270//10137 5271//10137
f 5272//10138 5273//10138 5266//10138
f 5274//10139 5275//10139 5272//10139
f 5276//10140 5277//10140 5278//10140
f 5276//10141 5278//10141 5279//10141
f 5280//10142 5281//10142 5282//10142
f 5280//10143 5282//10143 5274//10143
f 5280//10144 5274//10144 5272//10144
f 5283//10145 5284//10145 5280//10145
f 5285//10146 5286//10146 5287//10146
f 5288//10147 5266//10147 5264//10147
f 5288//10148 5272//10148 5266//10148
f 5288//10149 5280//10149 5272//10149
f 5288//10150 5283//10150 5280//10150
f 5288//10151 5289//10151 5290//10151
f 5288//10152 5290//10152 5283//10152
f 5291//10153 5285//10153 5292//10153
f 5293//10154 5294//10154 5288//10154
f 5295//10155 5293//10155 5288//10155
f 5296//10156 5291//10156 5297//10156
f 5296//10157 5297//10157 5298//10157
f 5296//10158 5269//10158 5299//10158
f 5296//10159 5299//10159 5277//10159
f 5296//10160 5276//10160 5300//10160
f 5296//10161 5300//10161 5286//10161
f 5296//10162 5277//10162 5276//10162
f 5296//10163 5285//10163 5291//10163
f 5296//10164 5286//10164 5285//10164
f 5301//10165 5296//10165 5302//10165
f 5303//10166 5304//10166 5305//10166
f 5303//10167 5305//10167 5295//10167
f 5306//10168 5301//10168 5307//10168
f 5308//10169 5309//10169 5303//10169
f 5310//10170 5306//10170 5311//10170
f 5312//10171 5313//10171 5314//10171
f 5312//10172 5314//10172 5308//10172
f 5315//10173 5310//10173 5316//10173
f 5315//10174 5306//10174 5310//10174
f 5317//10175 5295//10175 5288//10175
f 5317//10176 5303//10176 5295//10176
f 5317//10177 5312//10177 5308//10177
f 5317//10178 5308//10178 5303//10178
f 5318//10179 5306//10179 5315//10179
f 5318//10180 5315//10180 5319//10180
f 5318//10181 5301//10181 5306//10181
f 5320//10182 5321//10182 5317//10182
f 5322//10183 5320//10183 5317//10183
f 5323//10184 5317//10184 5288//10184
f 5323//10185 5322//10185 5317//10185
f 5324//10186 5318//10186 5325//10186
f 5324//10187 5325//10187 5326//10187
f 5324//10188 5301//10188 5318//10188
f 5327//10189 5328//10189 5323//10189
f 5329//10190 5324//10190 5330//10190
f 5329//10191 5330//10191 5331//10191
f 5329//10192 5331//10192 5332//10192
f 5333//10193 5264//10193 5263//10193
f 5333//10194 5263//10194 5269//10194
f 5333//10195 5323//10195 5288//10195
f 5333//10196 5327//10196 5323//10196
f 5333//10197 5288//10197 5264//10197
f 5333//10198 5334//10198 5335//10198
f 5333//10199 5335//10199 5327//10199
f 5336//10200 5337//10200 5333//10200
f 5338//10201 5339//10201 5340//10201
f 5341//10202 5342//10202 5343//10202
f 5341//10203 5343//10203 5336//10203
f 5341//10204 5336//10204 5333//10204
f 5344//10205 5329//10205 5345//10205
f 5344//10206 5345//10206 5346//10206
f 5344//10207 5346//10207 5339//10207
f 5344//10208 5339//10208 5338//10208
f 5347//10209 5348//10209 5341//10209
f 5349//10210 5344//10210 5350//10210
f 5349//10211 5350//10211 5351//10211
f 5352//10212 5353//10212 5347//10212
f 5354//10213 5349//10213 5355//10213
f 5356//10214 5357//10214 5352//10214
f 5358//10215 5349//10215 5354//10215
f 5358//10216 5329//10216 5344//10216
f 5358//10217 5344//10217 5349//10217
f 5359//10218 5356//10218 5352//10218
f 5360//10219 5358//10219 5361//10219
f 5362//10220 5358//10220 5360//10220
f 5363//10221 5364//10221 5365//10221
f 5363//10222 5365//10222 5359//10222
f 5366//10223 5358//10223 5362//10223
f 5366//10224 5329//10224 5358//10224
f 5366//10225 5362//10225 5367//10225
f 5366//10226 5324//10226 5329//10226
f 5368//10227 5369//10227 5363//10227
f 5370//10228 5366//10228 5371//10228
f 5372//10229 5347//10229 5341//10229
f 5372//10230 5352//10230 5347//10230
f 5372//10231 5359//10231 5352//10231
f 5372//10232 5363//10232 5359//10232
f 5372//10233 5368//10233 5363//10233
f 5372//10234 5373//10234 5368//10234
f 5372//10235 5333//10235 5269//10235
f 5372//10236 5341//10236 5333//10236
f 5372//10237 5269//10237 5296//10237
f 5374//10238 5375//10238 5372//10238
f 5376//10239 5377//10239 5378//10239
f 5379//10240 5374//10240 5372//10240
f 5380//10241 5370//10241 5377//10241
f 5380//10242 5366//10242 5370//10242
f 5380//10243 5377//10243 5376//10243
f 5381//10244 5382//10244 5383//10244
f 5384//10245 5296//10245 5301//10245
f 5384//10246 5372//10246 5296//10246
f 5384//10247 5324//10247 5366//10247
f 5384//10248 5383//10248 5379//10248
f 5384//10249 5301//10249 5324//10249
f 5384//10250 5379//10250 5372//10250
f 5384//10251 5381//10251 5383//10251
f 5385//10252 5380//10252 5386//10252
f 5385//10253 5386//10253 5387//10253
f 5385//10254 5387//10254 5388//10254
f 5385//10255 5384//10255 5366//10255
f 5385//10256 5366//10256 5380//10256
f 3764//10257 3766//10257 5291//10257
f 5291//10258 3766//10258 5297//10258
f 5297//10259 4096//10259 5298//10259
f 3766//10260 4096//10260 5297//10260
f 5298//10261 4097//10261 5296//10261
f 5296//10262 4097//10262 5302//10262
f 4096//10263 4097//10263 5298//10263
f 5302//10264 4099//10264 5301//10264
f 4097//10265 4099//10265 5302//10265
f 4099//10266 4100//10266 5301//10266
f 5301//10267 4103//10267 5307//10267
f 4100//10268 4103//10268 5301//10268
f 5307//10269 4104//10269 5306//10269
f 4103//10270 4104//10270 5307//10270
f 5306//10271 4107//10271 5311//10271
f 5311//10272 4107//10272 5310//10272
f 4104//10273 4107//10273 5306//10273
f 5310//10274 4108//10274 5316//10274
f 4107//10275 4108//10275 5310//10275
f 4108//10276 4112//10276 5316//10276
f 4112//10277 4113//10277 5316//10277
f 5316//10278 4113//10278 5315//10278
f 4113//10279 4118//10279 5315//10279
f 5315//10280 4118//10280 5319//10280
f 4118//10281 4119//10281 5319//10281
f 5319//10282 4119//10282 5318//10282
f 4119//10283 4123//10283 5318//10283
f 5318//10284 4123//10284 5325//10284
f 5325//10285 4123//10285 5326//10285
f 4123//10286 4124//10286 5326//10286
f 4124//10287 4126//10287 5326//10287
f 5326//10288 4126//10288 5324//10288
f 5324//10289 4126//10289 5330//10289
f 4126//10290 4127//10290 5330//10290
f 4127//10291 4128//10291 5330//10291
f 5330//10292 4128//10292 5331//10292
f 4128//10293 3760//10293 5331//10293
f 5331//10294 3760//10294 5332//10294
f 5332//10295 3760//10295 5329//10295
f 3760//10296 3762//10296 5329//10296
f 3762//10297 3763//10297 5329//10297
f 5329//10298 3763//10298 5345//10298
f 3763//10299 3773//10299 5345//10299
f 5345//10300 3773//10300 5346//10300
f 5346//10301 3773//10301 5339//10301
f 3773//10302 3774//10302 5339//10302
f 5339//10303 3779//10303 5340//10303
f 5340//10304 3779//10304 5338//10304
f 3774//10305 3779//10305 5339//10305
f 3779//10306 3780//10306 5338//10306
f 5338//10307 3786//10307 5344//10307
f 3780//10308 3786//10308 5338//10308
f 5344//10309 3787//10309 5350//10309
f 3786//10310 3787//10310 5344//10310
f 5350//10311 3792//10311 5351//10311
f 5351//10312 3792//10312 5349//10312
f 3787//10313 3792//10313 5350//10313
f 3792//10314 3793//10314 5349//10314
f 5349//10315 3798//10315 5355//10315
f 3793//10316 3798//10316 5349//10316
f 5355//10317 3799//10317 5354//10317
f 3798//10318 3799//10318 5355//10318
f 5354//10319 3804//10319 5358//10319
f 5358//10320 3804//10320 5361//10320
f 3799//10321 3804//10321 5354//10321
f 3804//10322 3805//10322 5361//10322
f 5361//10323 3810//10323 5360//10323
f 5360//10324 3810//10324 5362//10324
f 3805//10325 3810//10325 5361//10325
f 3810//10326 3811//10326 5362//10326
f 3811//10327 3816//10327 5362//10327
f 5362//10328 3816//10328 5367//10328
f 5367//10329 3816//10329 5366//10329
f 3816//10330 3817//10330 5366//10330
f 5366//10331 3822//10331 5371//10331
f 5371//10332 3822//10332 5370//10332
f 3817//10333 3822//10333 5366//10333
f 3822//10334 3823//10334 5370//10334
f 3823//10335 3828//10335 5370//10335
f 5370//10336 3828//10336 5377//10336
f 3828//10337 3829//10337 5377//10337
f 5377//10338 3829//10338 5378//10338
f 3829//10339 3834//10339 5378//10339
f 5378//10340 3834//10340 5376//10340
f 3834//10341 3835//10341 5376//10341
f 5376//10342 3835//10342 5380//10342
f 5380//10343 3835//10343 5386//10343
f 3835//10344 3840//10344 5386//10344
f 3840//10345 3841//10345 5386//10345
f 5386//10346 3841//10346 5387//10346
f 3841//10347 3846//10347 5387//10347
f 5387//10348 3846//10348 5388//10348
f 3846//10349 3847//10349 5388//10349
f 5388//10350 3847//10350 5385//10350
f 3847//10351 3852//10351 5385//10351
f 5385//10352 3852//10352 5384//10352
f 5384//10353 3852//10353 5381//10353
f 3852//10354 3853//10354 5381//10354
f 5381//10355 3853//10355 5382//10355
f 3853//10356 3858//10356 5382//10356
f 3858//10357 3859//10357 5382//10357
f 5382//10358 3859//10358 5383//10358
f 5383//10359 3859//10359 5379//10359
f 3859//10360 3864//10360 5379//10360
f 3864//10361 3865//10361 5379//10361
f 5379//10362 3865//10362 5374//10362
f 3865//10363 3870//10363 5374//10363
f 5374//10364 3870//10364 5375//10364
f 3870//10365 3871//10365 5375//10365
f 5375//10366 3871//10366 5372//10366
f 3871//10367 3876//10367 5372//10367
f 5372//10368 3876//10368 5373//10368
f 5373//10369 3876//10369 5368//10369
f 3876//10370 3877//10370 5368//10370
f 5368//10371 3882//10371 5369//10371
f 5369//10372 3882//10372 5363//10372
f 3877//10373 3882//10373 5368//10373
f 3882//10374 3883//10374 5363//10374
f 5363//10375 3888//10375 5364//10375
f 3883//10376 3888//10376 5363//10376
f 5364//10377 3889//10377 5365//10377
f 5365//10378 3889//10378 5359//10378
f 3888//10379 3889//10379 5364//10379
f 3889//10380 3894//10380 5359//10380
f 3894//10381 3895//10381 5359//10381
f 5359//10382 3895//10382 5356//10382
f 3895//10383 3900//10383 5356//10383
f 5356//10384 3900//10384 5357//10384
f 3900//10385 3901//10385 5357//10385
f 5357//10386 3901//10386 5352//10386
f 3901//10387 3906//10387 5352//10387
f 5352//10388 3906//10388 5353//10388
f 5353//10389 3906//10389 5347//10389
f 3906//10390 3907//10390 5347//10390
f 5347//10391 3907//10391 5348//10391
f 3907//10392 3912//10392 5348//10392
f 3912//10393 3913//10393 5348//10393
f 5348//10394 3913//10394 5341//10394
f 5341//10395 3913//10395 5342//10395
f 3913//10396 3917//10396 5342//10396
f 3917//10397 3919//10397 5342//10397
f 5342//10398 3919//10398 5343//10398
f 3919//10399 3924//10399 5343//10399
f 5343//10400 3924//10400 5336//10400
f 3924//10401 3925//10401 5336//10401
f 5336//10402 3925//10402 5337//10402
f 3925//10403 3930//10403 5337//10403
f 5337//10404 3930//10404 5333//10404
f 5333//10405 3931//10405 5334//10405
f 5334//10406 3931//10406 5335//10406
f 3930//10407 3931//10407 5333//10407
f 3931//10408 3936//10408 5335//10408
f 5335//10409 3937//10409 5327//10409
f 5327//10410 3937//10410 5328//10410
f 3936//10411 3937//10411 5335//10411
f 3937//10412 3942//10412 5328//10412
f 5328//10413 3943//10413 5323//10413
f 3942//10414 3943//10414 5328//10414
f 5323//10415 3948//10415 5322//10415
f 3943//10416 3948//10416 5323//10416
f 5322//10417 3949//10417 5320//10417
f 3948//10418 3949//10418 5322//10418
f 5320//10419 3954//10419 5321//10419
f 3949//10420 3954//10420 5320//10420
f 5321//10421 3955//10421 5317//10421
f 5317//10422 3955//10422 5312//10422
f 3954//10423 3955//10423 5321//10423
f 3955//10424 3960//10424 5312//10424
f 5312//10425 3961//10425 5313//10425
f 3960//10426 3961//10426 5312//10426
f 5313//10427 3966//10427 5314//10427
f 5314//10428 3966//10428 5308//10428
f 3961//10429 3966//10429 5313//10429
f 3966//10430 3967//10430 5308//10430
f 3967//10431 3972//10431 5308//10431
f 5308//10432 3972//10432 5309//10432
f 3972//10433 3973//10433 5309//10433
f 5309//10434 3973//10434 5303//10434
f 3973//10435 3978//10435 5303//10435
f 5303//10436 3978//10436 5304//10436
f 3978//10437 3979//10437 5304//10437
f 5304//10438 3979//10438 5305//10438
f 5305//10439 3979//10439 5295//10439
f 3979//10440 3984//10440 5295//10440
f 5295//10441 3985//10441 5293//10441
f 3984//10442 3985//10442 5295//10442
f 5293//10443 3990//10443 5294//10443
f 3985//10444 3990//10444 5293//10444
f 5294//10445 3991//10445 5288//10445
f 5288//10446 3991//10446 5289//10446
f 3990//10447 3991//10447 5294//10447
f 3991//10448 3996//10448 5289//10448
f 5289//10449 3997//10449 5290//10449
f 3996//10450 3997//10450 5289//10450
f 5290//10451 4002//10451 5283//10451
f 3997//10452 4002//10452 5290//10452
f 5283//10453 4003//10453 5284//10453
f 5284//10454 4003//10454 5280//10454
f 4002//10455 4003//10455 5283//10455
f 4003//10456 4008//10456 5280//10456
f 5280//10457 4008//10457 5281//10457
f 4008//10458 4009//10458 5281//10458
f 5281//10459 4014//10459 5282//10459
f 4009//10460 4014//10460 5281//10460
f 5282//10461 4015//10461 5274//10461
f 5274//10462 4015//10462 5275//10462
f 4014//10463 4015//10463 5282//10463
f 4015//10464 4020//10464 5275//10464
f 5275//10465 4021//10465 5272//10465
f 5272//10466 4021//10466 5273//10466
f 4020//10467 4021//10467 5275//10467
f 4021//10468 4026//10468 5273//10468
f 5273//10469 4027//10469 5266//10469
f 4026//10470 4027//10470 5273//10470
f 5266//10471 4032//10471 5267//10471
f 4027//10472 4032//10472 5266//10472
f 5267//10473 4033//10473 5268//10473
f 5268//10474 4033//10474 5264//10474
f 4032//10475 4033//10475 5267//10475
f 4033//10476 4038//10476 5264//10476
f 5264//10477 4039//10477 5265//10477
f 4038//10478 4039//10478 5264//10478
f 4039//10479 4044//10479 5265//10479
f 5265//10480 4044//10480 5263//10480
f 4044//10481 4045//10481 5263//10481
f 5263//10482 4045//10482 5270//10482
f 5270//10483 4045//10483 5271//10483
f 4045//10484 4050//10484 5271//10484
f 5271//10485 4050//10485 5269//10485
f 4050//10486 4051//10486 5269//10486
f 4051//10487 4056//10487 5269//10487
f 5269//10488 4056//10488 5299//10488
f 5299//10489 4056//10489 5277//10489
f 4056//10490 4057//10490 5277//10490
f 5277//10491 4057//10491 5278//10491
f 4057//10492 4062//10492 5278//10492
f 4062//10493 4063//10493 5278//10493
f 5278//10494 4063//10494 5279//10494
f 4063//10495 4068//10495 5279//10495
f 5279//10496 4068//10496 5276//10496
f 4068//10497 4069//10497 5276//10497
f 5276//10498 4069//10498 5300//10498
f 4069//10499 4074//10499 5300//10499
f 5300//10500 4074//10500 5286//10500
f 5286//10501 4074//10501 5287//10501
f 4074//10502 4075//10502 5287//10502
f 5287//10503 4075//10503 5285//10503
f 5285//10504 4081//10504 5292//10504
f 4075//10505 4081//10505 5285//10505
f 4081//10506 4080//10506 5292//10506
f 5292//10507 3764//10507 5291//10507
f 4080//10508 3764//10508 5292//10508
f 5389//10509 5390//10509 5391//10509
f 5392//10510 5393//10510 5394//10510
f 5395//10511 5389//10511 5396//10511
f 5395//10512 5396//10512 5397//10512
f 5398//10513 5399//10513 5392//10513
f 5400//10514 5398//10514 5392//10514
f 5401//10515 5400//10515 5392//10515
f 5402//10516 5395//10516 5403//10516
f 5402//10517 5403//10517 5404//10517
f 5405//10518 5406//10518 5407//10518
f 5405//10519 5407//10519 5401//10519
f 5405//10520 5392//10520 5394//10520
f 5405//10521 5401//10521 5392//10521
f 5408//10522 5402//10522 5409//10522
f 5408//10523 5409//10523 5410//10523
f 5411//10524 5412//10524 5405//10524
f 5413//10525 5408//10525 5414//10525
f 5413//10526 5414//10526 5415//10526
f 5416//10527 5411//10527 5405//10527
f 5416//10528 5417//10528 5411//10528
f 5418//10529 5413//10529 5419//10529
f 5420//10530 5416//10530 5405//10530
f 5420//10531 5421//10531 5416//10531
f 5422//10532 5423//10532 5420//10532
f 5424//10533 5418//10533 5425//10533
f 5424//10534 5425//10534 5426//10534
f 5424//10535 5402//10535 5408//10535
f 5424//10536 5408//10536 5413//10536
f 5424//10537 5413//10537 5418//10537
f 5427//10538 5422//10538 5420//10538
f 5427//10539 5428//10539 5422//10539
f 5429//10540 5424//10540 5430//10540
f 5431//10541 5432//10541 5427//10541
f 5433//10542 5434//10542 5435//10542
f 5433//10543 5435//10543 5436//10543
f 5437//10544 5438//10544 5439//10544
f 5437//10545 5439//10545 5431//10545
f 5440//10546 5434//10546 5433//10546
f 5440//10547 5429//10547 5434//10547
f 5441//10548 5442//10548 5437//10548
f 5443//10549 5431//10549 5427//10549
f 5443//10550 5437//10550 5431//10550
f 5443//10551 5441//10551 5437//10551
f 5443//10552 5444//10552 5441//10552
f 5445//10553 5446//10553 5447//10553
f 5448//10554 5427//10554 5420//10554
f 5448//10555 5449//10555 5443//10555
f 5448//10556 5443//10556 5427//10556
f 5450//10557 5440//10557 5451//10557
f 5450//10558 5451//10558 5446//10558
f 5450//10559 5445//10559 5452//10559
f 5450//10560 5446//10560 5445//10560
f 5453//10561 5454//10561 5448//10561
f 5455//10562 5453//10562 5448//10562
f 5456//10563 5450//10563 5457//10563
f 5456//10564 5457//10564 5458//10564
f 5456//10565 5458//10565 5459//10565
f 5460//10566 5394//10566 5390//10566
f 5460//10567 5455//10567 5448//10567
f 5460//10568 5390//10568 5389//10568
f 5460//10569 5448//10569 5420//10569
f 5460//10570 5405//10570 5394//10570
f 5460//10571 5461//10571 5455//10571
f 5460//10572 5420//10572 5405//10572
f 5462//10573 5450//10573 5456//10573
f 5463//10574 5464//10574 5460//10574
f 5465//10575 5462//10575 5466//10575
f 5465//10576 5450//10576 5462//10576
f 5467//10577 5468//10577 5463//10577
f 5467//10578 5463//10578 5460//10578
f 5469//10579 5465//10579 5470//10579
f 5471//10580 5472//10580 5467//10580
f 5471//10581 5467//10581 5460//10581
f 5473//10582 5469//10582 5474//10582
f 5475//10583 5389//10583 5395//10583
f 5475//10584 5460//10584 5389//10584
f 5475//10585 5476//10585 5477//10585
f 5475//10586 5477//10586 5471//10586
f 5475//10587 5471//10587 5460//10587
f 5478//10588 5473//10588 5479//10588
f 5478//10589 5479//10589 5480//10589
f 5478//10590 5480//10590 5481//10590
f 5482//10591 5483//10591 5475//10591
f 5484//10592 5482//10592 5475//10592
f 5485//10593 5478//10593 5486//10593
f 5485//10594 5486//10594 5487//10594
f 5488//10595 5489//10595 5490//10595
f 5488//10596 5490//10596 5484//10596
f 5491//10597 5478//10597 5485//10597
f 5491//10598 5485//10598 5492//10598
f 5493//10599 5494//10599 5488//10599
f 5495//10600 5493//10600 5488//10600
f 5496//10601 5484//10601 5475//10601
f 5496//10602 5488//10602 5484//10602
f 5496//10603 5495//10603 5488//10603
f 5496//10604 5395//10604 5402//10604
f 5496//10605 5475//10605 5395//10605
f 5496//10606 5402//10606 5424//10606
f 5497//10607 5473//10607 5478//10607
f 5497//10608 5478//10608 5491//10608
f 5497//10609 5491//10609 5498//10609
f 5497//10610 5498//10610 5499//10610
f 5497//10611 5499//10611 5500//10611
f 5497//10612 5469//10612 5473//10612
f 5501//10613 5502//10613 5496//10613
f 5503//10614 5497//10614 5504//10614
f 5503//10615 5504//10615 5505//10615
f 5506//10616 5507//10616 5501//10616
f 5508//10617 5497//10617 5503//10617
f 5509//10618 5510//10618 5506//10618
f 5511//10619 5424//10619 5429//10619
f 5511//10620 5429//10620 5440//10620
f 5511//10621 5496//10621 5424//10621
f 5511//10622 5440//10622 5450//10622
f 5511//10623 5506//10623 5501//10623
f 5511//10624 5469//10624 5497//10624
f 5511//10625 5497//10625 5508//10625
f 5511//10626 5501//10626 5496//10626
f 5511//10627 5509//10627 5506//10627
f 5511//10628 5450//10628 5465//10628
f 5511//10629 5465//10629 5469//10629
f 5512//10630 5508//10630 5513//10630
f 5512//10631 5513//10631 5514//10631
f 5512//10632 5511//10632 5508//10632
f 4141//10633 4143//10633 5418//10633
f 5418//10634 4143//10634 5425//10634
f 5425//10635 4474//10635 5426//10635
f 4143//10636 4474//10636 5425//10636
f 5426//10637 4475//10637 5424//10637
f 5424//10638 4475//10638 5430//10638
f 4474//10639 4475//10639 5426//10639
f 5430//10640 4477//10640 5429//10640
f 4475//10641 4477//10641 5430//10641
f 4477//10642 4478//10642 5429//10642
f 5429//10643 4481//10643 5434//10643
f 4478//10644 4481//10644 5429//10644
f 5434//10645 4482//10645 5435//10645
f 4481//10646 4482//10646 5434//10646
f 5435//10647 4485//10647 5436//10647
f 5436//10648 4485//10648 5433//10648
f 4482//10649 4485//10649 5435//10649
f 5433//10650 4486//10650 5440//10650
f 4485//10651 4486//10651 5433//10651
f 4486//10652 4490//10652 5440//10652
f 4490//10653 4491//10653 5440//10653
f 5440//10654 4491//10654 5451//10654
f 4491//10655 4496//10655 5451//10655
f 5451//10656 4496//10656 5446//10656
f 4496//10657 4497//10657 5446//10657
f 5446//10658 4497//10658 5447//10658
f 4497//10659 4501//10659 5447//10659
f 5447//10660 4501//10660 5445//10660
f 5445//10661 4501//10661 5452//10661
f 4501//10662 4502//10662 5452//10662
f 4502//10663 4504//10663 5452//10663
f 5452//10664 4504//10664 5450//10664
f 5450//10665 4504//10665 5457//10665
f 4504//10666 4505//10666 5457//10666
f 4505//10667 4506//10667 5457//10667
f 5457//10668 4506//10668 5458//10668
f 4506//10669 4138//10669 5458//10669
f 5458//10670 4138//10670 5459//10670
f 5459//10671 4138//10671 5456//10671
f 4138//10672 4139//10672 5456//10672
f 4139//10673 4140//10673 5456//10673
f 5456//10674 4140//10674 5462//10674
f 4140//10675 4151//10675 5462//10675
f 5462//10676 4151//10676 5466//10676
f 5466//10677 4151//10677 5465//10677
f 4151//10678 4152//10678 5465//10678
f 5465//10679 4157//10679 5470//10679
f 5470//10680 4157//10680 5469//10680
f 4152//10681 4157//10681 5465//10681
f 4157//10682 4159//10682 5469//10682
f 5469//10683 4164//10683 5474//10683
f 4159//10684 4164//10684 5469//10684
f 5474//10685 4165//10685 5473//10685
f 4164//10686 4165//10686 5474//10686
f 5473//10687 4170//10687 5479//10687
f 5479//10688 4170//10688 5480//10688
f 4165//10689 4170//10689 5473//10689
f 4170//10690 4171//10690 5480//10690
f 5480//10691 4176//10691 5481//10691
f 4171//10692 4176//10692 5480//10692
f 5481//10693 4177//10693 5478//10693
f 4176//10694 4177//10694 5481//10694
f 5478//10695 4182//10695 5486//10695
f 5486//10696 4182//10696 5487//10696
f 4177//10697 4182//10697 5478//10697
f 4182//10698 4183//10698 5487//10698
f 5487//10699 4188//10699 5485//10699
f 5485//10700 4188//10700 5492//10700
f 4183//10701 4188//10701 5487//10701
f 4188//10702 4189//10702 5492//10702
f 4189//10703 4194//10703 5492//10703
f 5492//10704 4194//10704 5491//10704
f 5491//10705 4194//10705 5498//10705
f 4194//10706 4195//10706 5498//10706
f 5498//10707 4200//10707 5499//10707
f 5499//10708 4200//10708 5500//10708
f 4195//10709 4200//10709 5498//10709
f 4200//10710 4201//10710 5500//10710
f 4201//10711 4206//10711 5500//10711
f 5500//10712 4206//10712 5497//10712
f 4206//10713 4207//10713 5497//10713
f 5497//10714 4207//10714 5504//10714
f 4207//10715 4212//10715 5504//10715
f 5504//10716 4212//10716 5505//10716
f 4212//10717 4213//10717 5505//10717
f 5505//10718 4213//10718 5503//10718
f 5503//10719 4213//10719 5508//10719
f 4213//10720 4218//10720 5508//10720
f 4218//10721 4219//10721 5508//10721
f 5508//10722 4219//10722 5513//10722
f 4219//10723 4224//10723 5513//10723
f 5513//10724 4224//10724 5514//10724
f 4224//10725 4225//10725 5514//10725
f 5514//10726 4225//10726 5512//10726
f 4225//10727 4230//10727 5512//10727
f 5512//10728 4230//10728 5511//10728
f 5511//10729 4230//10729 5509//10729
f 4230//10730 4231//10730 5509//10730
f 5509//10731 4231//10731 5510//10731
f 4231//10732 4236//10732 5510//10732
f 4236//10733 4237//10733 5510//10733
f 5510//10734 4237//10734 5506//10734
f 5506//10735 4237//10735 5507//10735
f 4237//10736 4242//10736 5507//10736
f 4242//10737 4243//10737 5507//10737
f 5507//10738 4243//10738 5501//10738
f 4243//10739 4248//10739 5501//10739
f 5501//10740 4248//10740 5502//10740
f 4248//10741 4249//10741 5502//10741
f 5502//10742 4249//10742 5496//10742
f 4249//10743 4254//10743 5496//10743
f 5496//10744 4254//10744 5495//10744
f 5495//10745 4254//10745 5493//10745
f 4254//10746 4255//10746 5493//10746
f 5493//10747 4260//10747 5494//10747
f 5494//10748 4260//10748 5488//10748
f 4255//10749 4260//10749 5493//10749
f 4260//10750 4261//10750 5488//10750
f 5488//10751 4266//10751 5489//10751
f 4261//10752 4266//10752 5488//10752
f 5489//10753 4267//10753 5490//10753
f 5490//10754 4267//10754 5484//10754
f 4266//10755 4267//10755 5489//10755
f 4267//10756 4272//10756 5484//10756
f 4272//10757 4273//10757 5484//10757
f 5484//10758 4273//10758 5482//10758
f 4273//10759 4278//10759 5482//10759
f 5482//10760 4278//10760 5483//10760
f 4278//10761 4279//10761 5483//10761
f 5483//10762 4279//10762 5475//10762
f 4279//10763 4284//10763 5475//10763
f 5475//10764 4284//10764 5476//10764
f 5476//10765 4284//10765 5477//10765
f 4284//10766 4285//10766 5477//10766
f 5477//10767 4285//10767 5471//10767
f 4285//10768 4290//10768 5471//10768
f 4290//10769 4291//10769 5471//10769
f 5471//10770 4291//10770 5472//10770
f 5472//10771 4291//10771 5467//10771
f 4291//10772 4295//10772 5467//10772
f 4295//10773 4297//10773 5467//10773
f 5467//10774 4297//10774 5468//10774
f 4297//10775 4302//10775 5468//10775
f 5468//10776 4302//10776 5463//10776
f 4302//10777 4303//10777 5463//10777
f 5463//10778 4303//10778 5464//10778
f 4303//10779 4308//10779 5464//10779
f 5464//10780 4308//10780 5460//10780
f 5460//10781 4309//10781 5461//10781
f 5461//10782 4309//10782 5455//10782
f 4308//10783 4309//10783 5460//10783
f 4309//10784 4314//10784 5455//10784
f 5455//10785 4315//10785 5453//10785
f 5453//10786 4315//10786 5454//10786
f 4314//10787 4315//10787 5455//10787
f 4315//10788 4320//10788 5454//10788
f 5454//10789 4321//10789 5448//10789
f 4320//10790 4321//10790 5454//10790
f 5448//10791 4326//10791 5449//10791
f 4321//10792 4326//10792 5448//10792
f 5449//10793 4327//10793 5443//10793
f 4326//10794 4327//10794 5449//10794
f 5443//10795 4332//10795 5444//10795
f 4327//10796 4332//10796 5443//10796
f 5444//10797 4333//10797 5441//10797
f 5441//10798 4333//10798 5442//10798
f 4332//10799 4333//10799 5444//10799
f 4333//10800 4338//10800 5442//10800
f 5442//10801 4339//10801 5437//10801
f 4338//10802 4339//10802 5442//10802
f 5437//10803 4344//10803 5438//10803
f 5438//10804 4344//10804 5439//10804
f 4339//10805 4344//10805 5437//10805
f 4344//10806 4345//10806 5439//10806
f 4345//10807 4350//10807 5439//10807
f 5439//10808 4350//10808 5431//10808
f 4350//10809 4351//10809 5431//10809
f 5431//10810 4351//10810 5432//10810
f 4351//10811 4356//10811 5432//10811
f 5432//10812 4356//10812 5427//10812
f 4356//10813 4357//10813 5427//10813
f 5427//10814 4357//10814 5428//10814
f 5428//10815 4357//10815 5422//10815
f 4357//10816 4362//10816 5422//10816
f 5422//10817 4363//10817 5423//10817
f 4362//10818 4363//10818 5422//10818
f 5423//10819 4368//10819 5420//10819
f 4363//10820 4368//10820 5423//10820
f 5420//10821 4369//10821 5421//10821
f 5421//10822 4369//10822 5416//10822
f 4368//10823 4369//10823 5420//10823
f 4369//10824 4374//10824 5416//10824
f 5416//10825 4375//10825 5417//10825
f 4374//10826 4375//10826 5416//10826
f 5417//10827 4380//10827 5411//10827
f 4375//10828 4380//10828 5417//10828
f 5411//10829 4381//10829 5412//10829
f 5412//10830 4381//10830 5405//10830
f 4380//10831 4381//10831 5411//10831
f 4381//10832 4386//10832 5405//10832
f 5405//10833 4386//10833 5406//10833
f 4386//10834 4387//10834 5406//10834
f 5406//10835 4392//10835 5407//10835
f 4387//10836 4392//10836 5406//10836
f 5407//10837 4393//10837 5401//10837
f 5401//10838 4393//10838 5400//10838
f 4392//10839 4393//10839 5407//10839
f 4393//10840 4398//10840 5400//10840
f 5400//10841 4399//10841 5398//10841
f 5398//10842 4399//10842 5399//10842
f 4398//10843 4399//10843 5400//10843
f 4399//10844 4404//10844 5399//10844
f 5399//10845 4405//10845 5392//10845
f 4404//10846 4405//10846 5399//10846
f 5392//10847 4410//10847 5393//10847
f 4405//10848 4410//10848 5392//10848
f 5393//10849 4411//10849 5394//10849
f 5394//10850 4411//10850 5390//10850
f 4410//10851 4411//10851 5393//10851
f 4411//10852 4416//10852 5390//10852
f 5390//10853 4417//10853 5391//10853
f 4416//10854 4417//10854 5390//10854
f 4417//10855 4422//10855 5391//10855
f 5391//10856 4422//10856 5389//10856
f 4422//10857 4423//10857 5389//10857
f 5389//10858 4423//10858 5396//10858
f 5396//10859 4423//10859 5397//10859
f 4423//10860 4428//10860 5397//10860
f 5397//10861 4428//10861 5395//10861
f 4428//10862 4429//10862 5395//10862
f 4429//10863 4434//10863 5395//10863
f 5395//10864 4434//10864 5403//10864
f 5403//10865 4434//10865 5404//10865
f 4434//10866 4435//10866 5404//10866
f 5404//10867 4435//10867 5402//10867
f 4435//10868 4440//10868 5402//10868
f 4440//10869 4441//10869 5402//10869
f 5402//10870 4441//10870 5409//10870
f 4441//10871 4446//10871 5409//10871
f 5409//10872 4446//10872 5410//10872
f 4446//10873 4447//10873 5410//10873
f 5410//10874 4447//10874 5408//10874
f 4447//10875 4452//10875 5408//10875
f 5408//10876 4452//10876 5414//10876
f 5414//10877 4452//10877 5415//10877
f 4452//10878 4453//10878 5415//10878
f 5415//10879 4453//10879 5413//10879
f 5413//10880 4459//10880 5419//10880
f 4453//10881 4459//10881 5413//10881
f 4459//10882 4458//10882 5419//10882
f 5419//10883 4141//10883 5418//10883
f 4458//10884 4141//10884 5419//10884
f 5515//10885 5516//10885 5517//10885
f 5518//10886 5519//10886 5520//10886
f 5521//10887 5515//10887 5522//10887
f 5521//10888 5522//10888 5523//10888
f 5524//10889 5525//10889 5518//10889
f 5526//10890 5524//10890 5518//10890
f 5527//10891 5526//10891 5518//10891
f 5528//10892 5521//10892 5529//10892
f 5528//10893 5529//10893 5530//10893
f 5531//10894 5532//10894 5533//10894
f 5531//10895 5533//10895 5527//10895
f 5531//10896 5518//10896 5520//10896
f 5531//10897 5527//10897 5518//10897
f 5534//10898 5528//10898 5535//10898
f 5534//10899 5535//10899 5536//10899
f 5537//10900 5538//10900 5531//10900
f 5539//10901 5534//10901 5540//10901
f 5539//10902 5540//10902 5541//10902
f 5542//10903 5537//10903 5531//10903
f 5542//10904 5543//10904 5537//10904
f 5544//10905 5539//10905 5545//10905
f 5546//10906 5542//10906 5531//10906
f 5546//10907 5547//10907 5542//10907
f 5548//10908 5549//10908 5546//10908
f 5550//10909 5544//10909 5551//10909
f 5550//10910 5551//10910 5552//10910
f 5550//10911 5528//10911 5534//10911
f 5550//10912 5534//10912 5539//10912
f 5550//10913 5539//10913 5544//10913
f 5553//10914 5548//10914 5546//10914
f 5553//10915 5554//10915 5548//10915
f 5555//10916 5550//10916 5556//10916
f 5557//10917 5558//10917 5553//10917
f 5559//10918 5560//10918 5561//10918
f 5559//10919 5561//10919 5562//10919
f 5563//10920 5564//10920 5565//10920
f 5563//10921 5565//10921 5557//10921
f 5566//10922 5560//10922 5559//10922
f 5566//10923 5555//10923 5560//10923
f 5567//10924 5568//10924 5563//10924
f 5569//10925 5557//10925 5553//10925
f 5569//10926 5563//10926 5557//10926
f 5569//10927 5567//10927 5563//10927
f 5569//10928 5570//10928 5567//10928
f 5571//10929 5572//10929 5573//10929
f 5574//10930 5553//10930 5546//10930
f 5574//10931 5575//10931 5569//10931
f 5574//10932 5569//10932 5553//10932
f 5576//10933 5566//10933 5577//10933
f 5576//10934 5577//10934 5572//10934
f 5576//10935 5571//10935 5578//10935
f 5576//10936 5572//10936 5571//10936
f 5579//10937 5580//10937 5574//10937
f 5581//10938 5579//10938 5574//10938
f 5582//10939 5576//10939 5583//10939
f 5582//10940 5583//10940 5584//10940
f 5582//10941 5584//10941 5585//10941
f 5586//10942 5520//10942 5516//10942
f 5586//10943 5581//10943 5574//10943
f 5586//10944 5516//10944 5515//10944
f 5586//10945 5574//10945 5546//10945
f 5586//10946 5531//10946 5520//10946
f 5586//10947 5587//10947 5581//10947
f 5586//10948 5546//10948 5531//10948
f 5588//10949 5576//10949 5582//10949
f 5589//10950 5590//10950 5586//10950
f 5591//10951 5588//10951 5592//10951
f 5591//10952 5576//10952 5588//10952
f 5593//10953 5594//10953 5589//10953
f 5593//10954 5589//10954 5586//10954
f 5595//10955 5591//10955 5596//10955
f 5597//10956 5598//10956 5593//10956
f 5597//10957 5593//10957 5586//10957
f 5599//10958 5595//10958 5600//10958
f 5601//10959 5515//10959 5521//10959
f 5601//10960 5586//10960 5515//10960
f 5601//10961 5602//10961 5603//10961
f 5601//10962 5603//10962 5597//10962
f 5601//10963 5597//10963 5586//10963
f 5604//10964 5599//10964 5605//10964
f 5604//10965 5605//10965 5606//10965
f 5604//10966 5606//10966 5607//10966
f 5608//10967 5609//10967 5601//10967
f 5610//10968 5608//10968 5601//10968
f 5611//10969 5604//10969 5612//10969
f 5611//10970 5612//10970 5613//10970
f 5614//10971 5615//10971 5616//10971
f 5614//10972 5616//10972 5610//10972
f 5617//10973 5604//10973 5611//10973
f 5617//10974 5611//10974 5618//10974
f 5619//10975 5620//10975 5614//10975
f 5621//10976 5619//10976 5614//10976
f 5622//10977 5610//10977 5601//10977
f 5622//10978 5614//10978 5610//10978
f 5622//10979 5621//10979 5614//10979
f 5622//10980 5521//10980 5528//10980
f 5622//10981 5601//10981 5521//10981
f 5622//10982 5528//10982 5550//10982
f 5623//10983 5599//10983 5604//10983
f 5623//10984 5604//10984 5617//10984
f 5623//10985 5617//10985 5624//10985
f 5623//10986 5624//10986 5625//10986
f 5623//10987 5625//10987 5626//10987
f 5623//10988 5595//10988 5599//10988
f 5627//10989 5628//10989 5622//10989
f 5629//10990 5623//10990 5630//10990
f 5629//10991 5630//10991 5631//10991
f 5632//10992 5633//10992 5627//10992
f 5634//10993 5623//10993 5629//10993
f 5635//10994 5636//10994 5632//10994
f 5637//10995 5550//10995 5555//10995
f 5637//10996 5555//10996 5566//10996
f 5637//10997 5622//10997 5550//10997
f 5637//10998 5566//10998 5576//10998
f 5637//10999 5632//10999 5627//10999
f 5637//11000 5595//11000 5623//11000
f 5637//11001 5623//11001 5634//11001
f 5637//11002 5627//11002 5622//11002
f 5637//11003 5635//11003 5632//11003
f 5637//11004 5576//11004 5591//11004
f 5637//11005 5591//11005 5595//11005
f 5638//11006 5634//11006 5639//11006
f 5638//11007 5639//11007 5640//11007
f 5638//11008 5637//11008 5634//11008
f 4519//11009 4521//11009 5544//11009
f 5544//11010 4521//11010 5551//11010
f 5551//11011 4852//11011 5552//11011
f 4521//11012 4852//11012 5551//11012
f 5552//11013 4853//11013 5550//11013
f 5550//11014 4853//11014 5556//11014
f 4852//11015 4853//11015 5552//11015
f 5556//11016 4855//11016 5555//11016
f 4853//11017 4855//11017 5556//11017
f 4855//11018 4856//11018 5555//11018
f 5555//11019 4859//11019 5560//11019
f 4856//11020 4859//11020 5555//11020
f 5560//11021 4860//11021 5561//11021
f 4859//11022 4860//11022 5560//11022
f 5561//11023 4863//11023 5562//11023
f 5562//11024 4863//11024 5559//11024
f 4860//11025 4863//11025 5561//11025
f 5559//11026 4864//11026 5566//11026
f 4863//11027 4864//11027 5559//11027
f 4864//11028 4868//11028 5566//11028
f 4868//11029 4869//11029 5566//11029
f 5566//11030 4869//11030 5577//11030
f 4869//11031 4874//11031 5577//11031
f 5577//11032 4874//11032 5572//11032
f 4874//11033 4875//11033 5572//11033
f 5572//11034 4875//11034 5573//11034
f 4875//11035 4879//11035 5573//11035
f 5573//11036 4879//11036 5571//11036
f 5571//11037 4879//11037 5578//11037
f 4879//11038 4880//11038 5578//11038
f 4880//11039 4882//11039 5578//11039
f 5578//11040 4882//11040 5576//11040
f 5576//11041 4882//11041 5583//11041
f 4882//11042 4883//11042 5583//11042
f 4883//11043 4884//11043 5583//11043
f 5583//11044 4884//11044 5584//11044
f 4884//11045 4516//11045 5584//11045
f 5584//11046 4516//11046 5585//11046
f 5585//11047 4516//11047 5582//11047
f 4516//11048 4517//11048 5582//11048
f 4517//11049 4518//11049 5582//11049
f 5582//11050 4518//11050 5588//11050
f 4518//11051 4529//11051 5588//11051
f 5588//11052 4529//11052 5592//11052
f 5592//11053 4529//11053 5591//11053
f 4529//11054 4530//11054 5591//11054
f 5591//11055 4535//11055 5596//11055
f 5596//11056 4535//11056 5595//11056
f 4530//11057 4535//11057 5591//11057
f 4535//11058 4537//11058 5595//11058
f 5595//11059 4542//11059 5600//11059
f 4537//11060 4542//11060 5595//11060
f 5600//11061 4543//11061 5599//11061
f 4542//11062 4543//11062 5600//11062
f 5599//11063 4548//11063 5605//11063
f 5605//11064 4548//11064 5606//11064
f 4543//11065 4548//11065 5599//11065
f 4548//11066 4549//11066 5606//11066
f 5606//11067 4554//11067 5607//11067
f 4549//11068 4554//11068 5606//11068
f 5607//11069 4555//11069 5604//11069
f 4554//11070 4555//11070 5607//11070
f 5604//11071 4560//11071 5612//11071
f 5612//11072 4560//11072 5613//11072
f 4555//11073 4560//11073 5604//11073
f 4560//11074 4561//11074 5613//11074
f 5613//11075 4566//11075 5611//11075
f 5611//11076 4566//11076 5618//11076
f 4561//11077 4566//11077 5613//11077
f 4566//11078 4567//11078 5618//11078
f 4567//11079 4572//11079 5618//11079
f 5618//11080 4572//11080 5617//11080
f 5617//11081 4572//11081 5624//11081
f 4572//11082 4573//11082 5624//11082
f 5624//11083 4578//11083 5625//11083
f 5625//11084 4578//11084 5626//11084
f 4573//11085 4578//11085 5624//11085
f 4578//11086 4579//11086 5626//11086
f 4579//11087 4584//11087 5626//11087
f 5626//11088 4584//11088 5623//11088
f 4584//11089 4585//11089 5623//11089
f 5623//11090 4585//11090 5630//11090
f 4585//11091 4590//11091 5630//11091
f 5630//11092 4590//11092 5631//11092
f 4590//11093 4591//11093 5631//11093
f 5631//11094 4591//11094 5629//11094
f 5629//11095 4591//11095 5634//11095
f 4591//11096 4596//11096 5634//11096
f 4596//11097 4597//11097 5634//11097
f 5634//11098 4597//11098 5639//11098
f 4597//11099 4602//11099 5639//11099
f 5639//11100 4602//11100 5640//11100
f 4602//11101 4603//11101 5640//11101
f 5640//11102 4603//11102 5638//11102
f 4603//11103 4608//11103 5638//11103
f 5638//11104 4608//11104 5637//11104
f 5637//11105 4608//11105 5635//11105
f 4608//11106 4609//11106 5635//11106
f 5635//11107 4609//11107 5636//11107
f 4609//11108 4614//11108 5636//11108
f 4614//11109 4615//11109 5636//11109
f 5636//11110 4615//11110 5632//11110
f 5632//11111 4615//11111 5633//11111
f 4615//11112 4620//11112 5633//11112
f 4620//11113 4621//11113 5633//11113
f 5633//11114 4621//11114 5627//11114
f 4621//11115 4626//11115 5627//11115
f 5627//11116 4626//11116 5628//11116
f 4626//11117 4627//11117 5628//11117
f 5628//11118 4627//11118 5622//11118
f 4627//11119 4632//11119 5622//11119
f 5622//11120 4632//11120 5621//11120
f 5621//11121 4632//11121 5619//11121
f 4632//11122 4633//11122 5619//11122
f 5619//11123 4638//11123 5620//11123
f 5620//11124 4638//11124 5614//11124
f 4633//11125 4638//11125 5619//11125
f 4638//11126 4639//11126 5614//11126
f 5614//11127 4644//11127 5615//11127
f 4639//11128 4644//11128 5614//11128
f 5615//11129 4645//11129 5616//11129
f 5616//11130 4645//11130 5610//11130
f 4644//11131 4645//11131 5615//11131
f 4645//11132 4650//11132 5610//11132
f 4650//11133 4651//11133 5610//11133
f 5610//11134 4651//11134 5608//11134
f 4651//11135 4656//11135 5608//11135
f 5608//11136 4656//11136 5609//11136
f 4656//11137 4657//11137 5609//11137
f 5609//11138 4657//11138 5601//11138
f 4657//11139 4662//11139 5601//11139
f 5601//11140 4662//11140 5602//11140
f 5602//11141 4662//11141 5603//11141
f 4662//11142 4663//11142 5603//11142
f 5603//11143 4663//11143 5597//11143
f 4663//11144 4668//11144 5597//11144
f 4668//11145 4669//11145 5597//11145
f 5597//11146 4669//11146 5598//11146
f 5598//11147 4669//11147 5593//11147
f 4669//11148 4673//11148 5593//11148
f 4673//11149 4675//11149 5593//11149
f 5593//11150 4675//11150 5594//11150
f 4675//11151 4680//11151 5594//11151
f 5594//11152 4680//11152 5589//11152
f 4680//11153 4681//11153 5589//11153
f 5589//11154 4681//11154 5590//11154
f 4681//11155 4686//11155 5590//11155
f 5590//11156 4686//11156 5586//11156
f 5586//11157 4687//11157 5587//11157
f 5587//11158 4687//11158 5581//11158
f 4686//11159 4687//11159 5586//11159
f 4687//11160 4692//11160 5581//11160
f 5581//11161 4693//11161 5579//11161
f 5579//11162 4693//11162 5580//11162
f 4692//11163 4693//11163 5581//11163
f 4693//11164 4698//11164 5580//11164
f 5580//11165 4699//11165 5574//11165
f 4698//11166 4699//11166 5580//11166
f 5574//11167 4704//11167 5575//11167
f 4699//11168 4704//11168 5574//11168
f 5575//11169 4705//11169 5569//11169
f 4704//11170 4705//11170 5575//11170
f 5569//11171 4710//11171 5570//11171
f 4705//11172 4710//11172 5569//11172
f 5570//11173 4711//11173 5567//11173
f 5567//11174 4711//11174 5568//11174
f 4710//11175 4711//11175 5570//11175
f 4711//11176 4716//11176 5568//11176
f 5568//11177 4717//11177 5563//11177
f 4716//11178 4717//11178 5568//11178
f 5563//11179 4722//11179 5564//11179
f 5564//11180 4722//11180 5565//11180
f 4717//11181 4722//11181 5563//11181
f 4722//11182 4723//11182 5565//11182
f 4723//11183 4728//11183 5565//11183
f 5565//11184 4728//11184 5557//11184
f 4728//11185 4729//11185 5557//11185
f 5557//11186 4729//11186 5558//11186
f 4729//11187 4734//11187 5558//11187
f 5558//11188 4734//11188 5553//11188
f 4734//11189 4735//11189 5553//11189
f 5553//11190 4735//11190 5554//11190
f 5554//11191 4735//11191 5548//11191
f 4735//11192 4740//11192 5548//11192
f 5548//11193 4741//11193 5549//11193
f 4740//11194 4741//11194 5548//11194
f 5549//11195 4746//11195 5546//11195
f 4741//11196 4746//11196 5549//11196
f 5546//11197 4747//11197 5547//11197
f 5547//11198 4747//11198 5542//11198
f 4746//11199 4747//11199 5546//11199
f 4747//11200 4752//11200 5542//11200
f 5542//11201 4753//11201 5543//11201
f 4752//11202 4753//11202 5542//11202
f 5543//11203 4758//11203 5537//11203
f 4753//11204 4758//11204 5543//11204
f 5537//11205 4759//11205 5538//11205
f 5538//11206 4759//11206 5531//11206
f 4758//11207 4759//11207 5537//11207
f 4759//11208 4764//11208 5531//11208
f 5531//11209 4764//11209 5532//11209
f 4764//11210 4765//11210 5532//11210
f 5532//11211 4770//11211 5533//11211
f 4765//11212 4770//11212 5532//11212
f 5533//11213 4771//11213 5527//11213
f 5527//11214 4771//11214 5526//11214
f 4770//11215 4771//11215 5533//11215
f 4771//11216 4776//11216 5526//11216
f 5526//11217 4777//11217 5524//11217
f 5524//11218 4777//11218 5525//11218
f 4776//11219 4777//11219 5526//11219
f 4777//11220 4782//11220 5525//11220
f 5525//11221 4783//11221 5518//11221
f 4782//11222 4783//11222 5525//11222
f 5518//11223 4788//11223 5519//11223
f 4783//11224 4788//11224 5518//11224
f 5519//11225 4789//11225 5520//11225
f 5520//11226 4789//11226 5516//11226
f 4788//11227 4789//11227 5519//11227
f 4789//11228 4794//11228 5516//11228
f 5516//11229 4795//11229 5517//11229
f 4794//11230 4795//11230 5516//11230
f 4795//11231 4800//11231 5517//11231
f 5517//11232 4800//11232 5515//11232
f 4800//11233 4801//11233 5515//11233
f 5515//11234 4801//11234 5522//11234
f 5522//11235 4801//11235 5523//11235
f 4801//11236 4806//11236 5523//11236
f 5523//11237 4806//11237 5521//11237
f 4806//11238 4807//11238 5521//11238
f 4807//11239 4812//11239 5521//11239
f 5521//11240 4812//11240 5529//11240
f 5529//11241 4812//11241 5530//11241
f 4812//11242 4813//11242 5530//11242
f 5530//11243 4813//11243 5528//11243
f 4813//11244 4818//11244 5528//11244
f 4818//11245 4819//11245 5528//11245
f 5528//11246 4819//11246 5535//11246
f 4819//11247 4824//11247 5535//11247
f 5535//11248 4824//11248 5536//11248
f 4824//11249 4825//11249 5536//11249
f 5536//11250 4825//11250 5534//11250
f 4825//11251 4830//11251 5534//11251
f 5534//11252 4830//11252 5540//11252
f 5540//11253 4830//11253 5541//11253
f 4830//11254 4831//11254 5541//11254
f 5541//11255 4831//11255 5539//11255
f 5539//11256 4837//11256 5545//11256
f 4831//11257 4837//11257 5539//11257
f 4837//11258 4836//11258 5545//11258
f 5545//11259 4519//11259 5544//11259
f 4836//11260 4519//11260 5545//11260
f 5641//11261 5642//11261 5643//11261
f 5644//11262 5645//11262 5646//11262
f 5647//11263 5641//11263 5648//11263
f 5647//11264 5648//11264 5649//11264
f 5650//11265 5651//11265 5644//11265
f 5652//11266 5650//11266 5644//11266
f 5653//11267 5652//11267 5644//11267
f 5654//11268 5647//11268 5655//11268
f 5654//11269 5655//11269 5656//11269
f 5657//11270 5658//11270 5659//11270
f 5657//11271 5659//11271 5653//11271
f 5657//11272 5644//11272 5646//11272
f 5657//11273 5653//11273 5644//11273
f 5660//11274 5654//11274 5661//11274
f 5660//11275 5661//11275 5662//11275
f 5663//11276 5664//11276 5657//11276
f 5665//11277 5660//11277 5666//11277
f 5665//11278 5666//11278 5667//11278
f 5668//11279 5663//11279 5657//11279
f 5668//11280 5669//11280 5663//11280
f 5670//11281 5665//11281 5671//11281
f 5672//11282 5668//11282 5657//11282
f 5672//11283 5673//11283 5668//11283
f 5674//11284 5675//11284 5672//11284
f 5676//11285 5670//11285 5677//11285
f 5676//11286 5677//11286 5678//11286
f 5676//11287 5654//11287 5660//11287
f 5676//11288 5660//11288 5665//11288
f 5676//11289 5665//11289 5670//11289
f 5679//11290 5674//11290 5672//11290
f 5679//11291 5680//11291 5674//11291
f 5681//11292 5676//11292 5682//11292
f 5683//11293 5684//11293 5679//11293
f 5685//11294 5686//11294 5687//11294
f 5685//11295 5687//11295 5688//11295
f 5689//11296 5690//11296 5691//11296
f 5689//11297 5691//11297 5683//11297
f 5692//11298 5686//11298 5685//11298
f 5692//11299 5681//11299 5686//11299
f 5693//11300 5694//11300 5689//11300
f 5695//11301 5683//11301 5679//11301
f 5695//11302 5689//11302 5683//11302
f 5695//11303 5693//11303 5689//11303
f 5695//11304 5696//11304 5693//11304
f 5697//11305 5698//11305 5699//11305
f 5700//11306 5679//11306 5672//11306
f 5700//11307 5701//11307 5695//11307
f 5700//11308 5695//11308 5679//11308
f 5702//11309 5692//11309 5703//11309
f 5702//11310 5703//11310 5698//11310
f 5702//11311 5697//11311 5704//11311
f 5702//11312 5698//11312 5697//11312
f 5705//11313 5706//11313 5700//11313
f 5707//11314 5705//11314 5700//11314
f 5708//11315 5702//11315 5709//11315
f 5708//11316 5709//11316 5710//11316
f 5708//11317 5710//11317 5711//11317
f 5712//11318 5646//11318 5642//11318
f 5712//11319 5707//11319 5700//11319
f 5712//11320 5642//11320 5641//11320
f 5712//11321 5700//11321 5672//11321
f 5712//11322 5657//11322 5646//11322
f 5712//11323 5713//11323 5707//11323
f 5712//11324 5672//11324 5657//11324
f 5714//11325 5702//11325 5708//11325
f 5715//11326 5716//11326 5712//11326
f 5717//11327 5714//11327 5718//11327
f 5717//11328 5702//11328 5714//11328
f 5719//11329 5720//11329 5715//11329
f 5719//11330 5715//11330 5712//11330
f 5721//11331 5717//11331 5722//11331
f 5723//11332 5724//11332 5719//11332
f 5723//11333 5719//11333 5712//11333
f 5725//11334 5721//11334 5726//11334
f 5727//11335 5641//11335 5647//11335
f 5727//11336 5712//11336 5641//11336
f 5727//11337 5728//11337 5729//11337
f 5727//11338 5729//11338 5723//11338
f 5727//11339 5723//11339 5712//11339
f 5730//11340 5725//11340 5731//11340
f 5730//11341 5731//11341 5732//11341
f 5730//11342 5732//11342 5733//11342
f 5734//11343 5735//11343 5727//11343
f 5736//11344 5734//11344 5727//11344
f 5737//11345 5730//11345 5738//11345
f 5737//11346 5738//11346 5739//11346
f 5740//11347 5741//11347 5742//11347
f 5740//11348 5742//11348 5736//11348
f 5743//11349 5730//11349 5737//11349
f 5743//11350 5737//11350 5744//11350
f 5745//11351 5746//11351 5740//11351
f 5747//11352 5745//11352 5740//11352
f 5748//11353 5736//11353 5727//11353
f 5748//11354 5740//11354 5736//11354
f 5748//11355 5747//11355 5740//11355
f 5748//11356 5647//11356 5654//11356
f 5748//11357 5727//11357 5647//11357
f 5748//11358 5654//11358 5676//11358
f 5749//11359 5725//11359 5730//11359
f 5749//11360 5730//11360 5743//11360
f 5749//11361 5743//11361 5750//11361
f 5749//11362 5750//11362 5751//11362
f 5749//11363 5751//11363 5752//11363
f 5749//11364 5721//11364 5725//11364
f 5753//11365 5754//11365 5748//11365
f 5755//11366 5749//11366 5756//11366
f 5755//11367 5756//11367 5757//11367
f 5758//11368 5759//11368 5753//11368
f 5760//11369 5749//11369 5755//11369
f 5761//11370 5762//11370 5758//11370
f 5763//11371 5676//11371 5681//11371
f 5763//11372 5681//11372 5692//11372
f 5763//11373 5748//11373 5676//11373
f 5763//11374 5692//11374 5702//11374
f 5763//11375 5758//11375 5753//11375
f 5763//11376 5721//11376 5749//11376
f 5763//11377 5749//11377 5760//11377
f 5763//11378 5753//11378 5748//11378
f 5763//11379 5761//11379 5758//11379
f 5763//11380 5702//11380 5717//11380
f 5763//11381 5717//11381 5721//11381
f 5764//11382 5760//11382 5765//11382
f 5764//11383 5765//11383 5766//11383
f 5764//11384 5763//11384 5760//11384
f 4898//11385 4900//11385 5670//11385
f 5670//11386 4900//11386 5677//11386
f 5677//11387 5230//11387 5678//11387
f 4900//11388 5230//11388 5677//11388
f 5678//11389 5231//11389 5676//11389
f 5676//11390 5231//11390 5682//11390
f 5230//11391 5231//11391 5678//11391
f 5682//11392 5233//11392 5681//11392
f 5231//11393 5233//11393 5682//11393
f 5233//11394 5234//11394 5681//11394
f 5681//11395 5237//11395 5686//11395
f 5234//11396 5237//11396 5681//11396
f 5686//11397 5238//11397 5687//11397
f 5237//11398 5238//11398 5686//11398
f 5687//11399 5241//11399 5688//11399
f 5688//11400 5241//11400 5685//11400
f 5238//11401 5241//11401 5687//11401
f 5685//11402 5242//11402 5692//11402
f 5241//11403 5242//11403 5685//11403
f 5242//11404 5246//11404 5692//11404
f 5246//11405 5247//11405 5692//11405
f 5692//11406 5247//11406 5703//11406
f 5247//11407 5252//11407 5703//11407
f 5703//11408 5252//11408 5698//11408
f 5252//11409 5253//11409 5698//11409
f 5698//11410 5253//11410 5699//11410
f 5253//11411 5257//11411 5699//11411
f 5699//11412 5257//11412 5697//11412
f 5697//11413 5257//11413 5704//11413
f 5257//11414 5258//11414 5704//11414
f 5258//11415 5260//11415 5704//11415
f 5704//11416 5260//11416 5702//11416
f 5702//11417 5260//11417 5709//11417
f 5260//11418 5261//11418 5709//11418
f 5261//11419 5262//11419 5709//11419
f 5709//11420 5262//11420 5710//11420
f 5262//11421 4894//11421 5710//11421
f 5710//11422 4894//11422 5711//11422
f 5711//11423 4894//11423 5708//11423
f 4894//11424 4896//11424 5708//11424
f 4896//11425 4897//11425 5708//11425
f 5708//11426 4897//11426 5714//11426
f 4897//11427 4907//11427 5714//11427
f 5714//11428 4907//11428 5718//11428
f 5718//11429 4907//11429 5717//11429
f 4907//11430 4908//11430 5717//11430
f 5717//11431 4913//11431 5722//11431
f 5722//11432 4913//11432 5721//11432
f 4908//11433 4913//11433 5717//11433
f 4913//11434 4914//11434 5721//11434
f 5721//11435 4920//11435 5726//11435
f 4914//11436 4920//11436 5721//11436
f 5726//11437 4921//11437 5725//11437
f 4920//11438 4921//11438 5726//11438
f 5725//11439 4926//11439 5731//11439
f 5731//11440 4926//11440 5732//11440
f 4921//11441 4926//11441 5725//11441
f 4926//11442 4927//11442 5732//11442
f 5732//11443 4932//11443 5733//11443
f 4927//11444 4932//11444 5732//11444
f 5733//11445 4933//11445 5730//11445
f 4932//11446 4933//11446 5733//11446
f 5730//11447 4938//11447 5738//11447
f 5738//11448 4938//11448 5739//11448
f 4933//11449 4938//11449 5730//11449
f 4938//11450 4939//11450 5739//11450
f 5739//11451 4944//11451 5737//11451
f 5737//11452 4944//11452 5744//11452
f 4939//11453 4944//11453 5739//11453
f 4944//11454 4945//11454 5744//11454
f 4945//11455 4950//11455 5744//11455
f 5744//11456 4950//11456 5743//11456
f 5743//11457 4950//11457 5750//11457
f 4950//11458 4951//11458 5750//11458
f 5750//11459 4956//11459 5751//11459
f 5751//11460 4956//11460 5752//11460
f 4951//11461 4956//11461 5750//11461
f 4956//11462 4957//11462 5752//11462
f 4957//11463 4962//11463 5752//11463
f 5752//11464 4962//11464 5749//11464
f 4962//11465 4963//11465 5749//11465
f 5749//11466 4963//11466 5756//11466
f 4963//11467 4968//11467 5756//11467
f 5756//11468 4968//11468 5757//11468
f 4968//11469 4969//11469 5757//11469
f 5757//11470 4969//11470 5755//11470
f 5755//11471 4969//11471 5760//11471
f 4969//11472 4974//11472 5760//11472
f 4974//11473 4975//11473 5760//11473
f 5760//11474 4975//11474 5765//11474
f 4975//11475 4980//11475 5765//11475
f 5765//11476 4980//11476 5766//11476
f 4980//11477 4981//11477 5766//11477
f 5766//11478 4981//11478 5764//11478
f 4981//11479 4986//11479 5764//11479
f 5764//11480 4986//11480 5763//11480
f 5763//11481 4986//11481 5761//11481
f 4986//11482 4987//11482 5761//11482
f 5761//11483 4987//11483 5762//11483
f 4987//11484 4992//11484 5762//11484
f 4992//11485 4993//11485 5762//11485
f 5762//11486 4993//11486 5758//11486
f 5758//11487 4993//11487 5759//11487
f 4993//11488 4998//11488 5759//11488
f 4998//11489 4999//11489 5759//11489
f 5759//11490 4999//11490 5753//11490
f 4999//11491 5004//11491 5753//11491
f 5753//11492 5004//11492 5754//11492
f 5004//11493 5005//11493 5754//11493
f 5754//11494 5005//11494 5748//11494
f 5005//11495 5010//11495 5748//11495
f 5748//11496 5010//11496 5747//11496
f 5747//11497 5010//11497 5745//11497
f 5010//11498 5011//11498 5745//11498
f 5745//11499 5016//11499 5746//11499
f 5746//11500 5016//11500 5740//11500
f 5011//11501 5016//11501 5745//11501
f 5016//11502 5017//11502 5740//11502
f 5740//11503 5022//11503 5741//11503
f 5017//11504 5022//11504 5740//11504
f 5741//11505 5023//11505 5742//11505
f 5742//11506 5023//11506 5736//11506
f 5022//11507 5023//11507 5741//11507
f 5023//11508 5028//11508 5736//11508
f 5028//11509 5029//11509 5736//11509
f 5736//11510 5029//11510 5734//11510
f 5029//11511 5034//11511 5734//11511
f 5734//11512 5034//11512 5735//11512
f 5034//11513 5035//11513 5735//11513
f 5735//11514 5035//11514 5727//11514
f 5035//11515 5040//11515 5727//11515
f 5727//11516 5040//11516 5728//11516
f 5728//11517 5040//11517 5729//11517
f 5040//11518 5041//11518 5729//11518
f 5729//11519 5041//11519 5723//11519
f 5041//11520 5046//11520 5723//11520
f 5046//11521 5047//11521 5723//11521
f 5723//11522 5047//11522 5724//11522
f 5724//11523 5047//11523 5719//11523
f 5047//11524 5051//11524 5719//11524
f 5051//11525 5053//11525 5719//11525
f 5719//11526 5053//11526 5720//11526
f 5053//11527 5058//11527 5720//11527
f 5720//11528 5058//11528 5715//11528
f 5058//11529 5059//11529 5715//11529
f 5715//11530 5059//11530 5716//11530
f 5059//11531 5064//11531 5716//11531
f 5716//11532 5064//11532 5712//11532
f 5712//11533 5065//11533 5713//11533
f 5713//11534 5065//11534 5707//11534
f 5064//11535 5065//11535 5712//11535
f 5065//11536 5070//11536 5707//11536
f 5707//11537 5071//11537 5705//11537
f 5705//11538 5071//11538 5706//11538
f 5070//11539 5071//11539 5707//11539
f 5071//11540 5076//11540 5706//11540
f 5706//11541 5077//11541 5700//11541
f 5076//11542 5077//11542 5706//11542
f 5700//11543 5082//11543 5701//11543
f 5077//11544 5082//11544 5700//11544
f 5701//11545 5083//11545 5695//11545
f 5082//11546 5083//11546 5701//11546
f 5695//11547 5088//11547 5696//11547
f 5083//11548 5088//11548 5695//11548
f 5696//11549 5089//11549 5693//11549
f 5693//11550 5089//11550 5694//11550
f 5088//11551 5089//11551 5696//11551
f 5089//11552 5094//11552 5694//11552
f 5694//11553 5095//11553 5689//11553
f 5094//11554 5095//11554 5694//11554
f 5689//11555 5100//11555 5690//11555
f 5690//11556 5100//11556 5691//11556
f 5095//11557 5100//11557 5689//11557
f 5100//11558 5101//11558 5691//11558
f 5101//11559 5106//11559 5691//11559
f 5691//11560 5106//11560 5683//11560
f 5106//11561 5107//11561 5683//11561
f 5683//11562 5107//11562 5684//11562
f 5107//11563 5112//11563 5684//11563
f 5684//11564 5112//11564 5679//11564
f 5112//11565 5113//11565 5679//11565
f 5679//11566 5113//11566 5680//11566
f 5680//11567 5113//11567 5674//11567
f 5113//11568 5118//11568 5674//11568
f 5674//11569 5119//11569 5675//11569
f 5118//11570 5119//11570 5674//11570
f 5675//11571 5124//11571 5672//11571
f 5119//11572 5124//11572 5675//11572
f 5672//11573 5125//11573 5673//11573
f 5673//11574 5125//11574 5668//11574
f 5124//11575 5125//11575 5672//11575
f 5125//11576 5130//11576 5668//11576
f 5668//11577 5131//11577 5669//11577
f 5130//11578 5131//11578 5668//11578
f 5669//11579 5136//11579 5663//11579
f 5131//11580 5136//11580 5669//11580
f 5663//11581 5137//11581 5664//11581
f 5664//11582 5137//11582 5657//11582
f 5136//11583 5137//11583 5663//11583
f 5137//11584 5142//11584 5657//11584
f 5657//11585 5142//11585 5658//11585
f 5142//11586 5143//11586 5658//11586
f 5658//11587 5148//11587 5659//11587
f 5143//11588 5148//11588 5658//11588
f 5659//11589 5149//11589 5653//11589
f 5653//11590 5149//11590 5652//11590
f 5148//11591 5149//11591 5659//11591
f 5149//11592 5154//11592 5652//11592
f 5652//11593 5155//11593 5650//11593
f 5650//11594 5155//11594 5651//11594
f 5154//11595 5155//11595 5652//11595
f 5155//11596 5160//11596 5651//11596
f 5651//11597 5161//11597 5644//11597
f 5160//11598 5161//11598 5651//11598
f 5644//11599 5166//11599 5645//11599
f 5161//11600 5166//11600 5644//11600
f 5645//11601 5167//11601 5646//11601
f 5646//11602 5167//11602 5642//11602
f 5166//11603 5167//11603 5645//11603
f 5167//11604 5172//11604 5642//11604
f 5642//11605 5173//11605 5643//11605
f 5172//11606 5173//11606 5642//11606
f 5173//11607 5178//11607 5643//11607
f 5643//11608 5178//11608 5641//11608
f 5178//11609 5179//11609 5641//11609
f 5641//11610 5179//11610 5648//11610
f 5648//11611 5179//11611 5649//11611
f 5179//11612 5184//11612 5649//11612
f 5649//11613 5184//11613 5647//11613
f 5184//11614 5185//11614 5647//11614
f 5185//11615 5190//11615 5647//11615
f 5647//11616 5190//11616 5655//11616
f 5655//11617 5190//11617 5656//11617
f 5190//11618 5191//11618 5656//11618
f 5656//11619 5191//11619 5654//11619
f 5191//11620 5196//11620 5654//11620
f 5196//11621 5197//11621 5654//11621
f 5654//11622 5197//11622 5661//11622
f 5197//11623 5202//11623 5661//11623
f 5661//11624 5202//11624 5662//11624
f 5202//11625 5203//11625 5662//11625
f 5662//11626 5203//11626 5660//11626
f 5203//11627 5208//11627 5660//11627
f 5660//11628 5208//11628 5666//11628
f 5666//11629 5208//11629 5667//11629
f 5208//11630 5209//11630 5667//11630
f 5667//11631 5209//11631 5665//11631
f 5665//11632 5215//11632 5671//11632
f 5209//11633 5215//11633 5665//11633
f 5215//11634 5214//11634 5671//11634
f 5671//11635 4898//11635 5670//11635
f 5214//11636 4898//11636 5671//11636
